Название кампании,№ Кампании,День,Название группы,№ Группы,Тип условия показа,Ключевая фраза,Условие подбора аудитории,Условие подбора аудитории,Название корректировки,Корректировки,Поисковый запрос,Категория запроса,Упоминания брендов в запросах,Тип соответствия,Подобранная фраза,Название товара или каталога,Производитель товара,Категория товара,Тип площадки,Вид размещения,Тематика телеграм-канала,Тип устройства,Тип операционной системы,Тип связи,Пол,Возраст,Уровень платежеспособности,Уровень трат в категории,№ Объявления,Статус объявления,Тип объявления,Заголовок,Текст,Ссылка,Путь до изображения,Название файла изображения,Идентификатор видео,Путь до превью видео,Формат,Источник текста,"Расход, ₽",Клики,Конверсии,"CR, %","CPA, ₽",Показы,"CPC, ₽","CTR, %",Взвешенные показы,"Взвешенный CTR, %",Ср. объём трафика,Ср. позиция показа,Ср. позиция клика,"Отказы, %",Глубина просмотра
Итого,,,,,,,,,,,,,,,,,,,,,,,,,,,,,,,,,,,,,,,,,0.00,35,1,2.86,0.00,905,0.00,3.87,574.87,6.09,63.52,6.13,3.43,14.29,1.91
Термопанели в Выборге,712773255,24.08.2026,Термопанели (Лен. область),5773097196,Автотаргетинг,,-,0,-,0,кирпичики для наружной отделки,Целевые запросы,Запросы без упоминания брендов,-,,,,,Поиск,Прочее,Не определено,Смартфоны,Android,Wi-Fi,Мужской,45-54 года,Остальные,Не определено,1915608023072927866,Активные,Комбинаторное,Термопанели с клинкерной плиткой. Производство в Выборге,"Термопанели с клинкером. Собственное производство, своя цена, нет посредников.",https://marmara-pro.ru?utm_content=geo&utm_term={PHRASE},-,-,-,-,Текстово-графический,Автоматический,0.00,1,1,100.00,0.00,1,0.00,100.00,0.55,183.23,54.58,7.00,7.00,0.00,5.50
"Приозерский район, Поиск   от 25-07-2026",713047408,23.08.2026,Приозерский район,5776633358,Автотаргетинг,,-,0,-,0,база строительных материалов раздолье приозерский район ленинградской области каталог,Широкие запросы,Запросы с упоминанием брендов конкурентов,-,,,,,Поиск,Спецразмещение,Не определено,Смартфоны,iOS,Wi-Fi,Мужской,35-44 года,2–5%,Не определено,1916597733861553174,Архивные,Комбинаторное,Производство в Выборге — доставка в район,Утепление и фасад за один этап. Производство в Выборге. Доставка по Ленобласти.,https://marmara-pro.ru?utm_source=yandex&utm_medium=cpc&utm_campaign=termopaneli_priozersk_cpa_search&utm_content=search&utm_term={PHRASE},-,-,-,-,Текстово-графический,Автоматический,0.00,0,0,-,-,1,-,0.00,0.68,0.00,67.76,1.00,-,-,-
"Приозерский район, Поиск   от 25-07-2026",713047408,23.08.2026,Приозерский район,5776633358,Автотаргетинг,,-,0,-,0,база строительных материалов раздолье приозерский район ленинградской области каталог,Широкие запросы,Запросы с упоминанием брендов конкурентов,-,,,,,Поиск,Прочее,Не определено,Смартфоны,iOS,Wi-Fi,Мужской,35-44 года,2–5%,Не определено,1916597733861553174,Архивные,Комбинаторное,Производство в Выборге — доставка в район,Утепление и фасад за один этап. Производство в Выборге. Доставка по Ленобласти.,https://marmara-pro.ru?utm_source=yandex&utm_medium=cpc&utm_campaign=termopaneli_priozersk_cpa_search&utm_content=search&utm_term={PHRASE},-,-,-,-,Текстово-графический,Автоматический,0.00,0,0,-,-,1,-,0.00,1.00,0.00,100.00,5.00,-,-,-
"Приозерский район, Поиск   от 25-07-2026",713047408,23.08.2026,Приозерский район,5776633358,Автотаргетинг,,-,0,-,0,ввз утепление,Альтернативные запросы,Запросы без упоминания брендов,-,,,,,Поиск,Спецразмещение,Не определено,Десктопы,Не определён,Wi-Fi,Мужской,45-54 года,2–5%,Не определено,1916597733861553174,Архивные,Комбинаторное,Утепление фасада термопанелями,Срок службы 25–50 лет. Не требуют покраски. Подберём толщину под ваш дом.,https://marmara-pro.ru?utm_source=yandex&utm_medium=cpc&utm_campaign=termopaneli_priozersk_cpa_search&utm_content=search&utm_term={PHRASE},-,-,-,-,Текстово-графический,Автоматический,0.00,0,0,-,-,1,-,0.00,0.92,0.00,92.02,1.00,-,-,-
"Приозерский район, Поиск   от 25-07-2026",713047408,23.08.2026,Приозерский район,5776633358,Автотаргетинг,,-,0,-,0,вентилируемый фасад с фиброцементными панелями для наружной отделки дома,Альтернативные запросы,Запросы без упоминания брендов,-,,,,,Поиск,Спецразмещение,Не определено,Планшеты,Android,Wi-Fi,Мужской,45-54 года,2–5%,Не определено,1916597733861553174,Активные,Комбинаторное,Фасадные термопанели с клинкером,Клинкерные термопанели с утеплителем. Свой завод в Выборге. Расчёт фасада за 1 день.,https://marmara-pro.ru?utm_source=yandex&utm_medium=cpc&utm_campaign=termopaneli_priozersk_cpa_search&utm_content=search&utm_term={PHRASE},-,-,-,-,Текстово-графический,Оригинальный,0.00,0,0,-,-,1,-,0.00,0.16,0.00,15.94,2.00,-,-,-
"Приозерский район, Поиск   от 25-07-2026",713047408,23.08.2026,Приозерский район,5776633358,Автотаргетинг,,-,0,-,0,гибкий камень в тц на ланском,Альтернативные запросы,Запросы без упоминания брендов,-,,Клинкерная плитка фасадная STONE (графитовый),,,Поиск,Прочее,Не определено,Смартфоны,Android,Wi-Fi,Женский,45-54 года,6–10%,Не определено,1918168175770350076,Активные,Страницы каталога,Клинкерная плитка фасадная STONE (графитовый),Размер: 245×65 мм Толщина: 7 мм Cтоимость 1 м2 - 1300 ₽,https://marmara-pro.ru/termo/tproduct/2229245581-730709481672-klinkernaya-plitka-fasadnaya-stone-grafi?utm_source=yandex&utm_medium=cpc&utm_campaign=termopaneli_priozersk_cpa_search&utm_content=search&utm_term={PHRASE},-,-,-,-,Текстово-графический,Оригинальный,0.00,0,0,-,-,1,-,0.00,0.09,0.00,8.50,5.00,-,-,-
"Приозерский район, Поиск   от 25-07-2026",713047408,23.08.2026,Приозерский район,5776633358,Автотаргетинг,,-,0,-,0,гидроизоляционные панели для дома,Широкие запросы,Запросы без упоминания брендов,-,,,,,Поиск,Прочее,Не определено,Смартфоны,iOS,Wi-Fi,Женский,25-34 года,2–5%,Не определено,1916597733861553174,Архивные,Комбинаторное,Клинкерные термопанели — КлинкерПрофи,Утепление и фасад за один этап. Производство в Выборге. Доставка по Ленобласти.,https://marmara-pro.ru?utm_source=yandex&utm_medium=cpc&utm_campaign=termopaneli_priozersk_cpa_search&utm_content=search&utm_term={PHRASE},-,-,-,-,Текстово-графический,Оригинальный,0.00,0,0,-,-,1,-,0.00,0.09,0.00,8.50,5.00,-,-,-
"Приозерский район, Поиск   от 25-07-2026",713047408,23.08.2026,Приозерский район,5776633358,Автотаргетинг,,-,0,-,0,декоративный кирпич балтфасад толос 1001 02 03,Альтернативные запросы,Запросы без упоминания брендов,-,,,,,Поиск,Прочее,Не определено,Смартфоны,Android,Wi-Fi,Не определен,Не определен,Остальные,Не определено,1916597733861553174,Активные,Комбинаторное,"Клинкерные термопанели, Приозерский р-н",Клинкерный фасад без мокрых работ. Монтаж зимой до −15 °C. ППС и ППУ. Звоните!,https://marmara-pro.ru?utm_source=yandex&utm_medium=cpc&utm_campaign=termopaneli_priozersk_cpa_search&utm_content=search&utm_term={PHRASE},-,-,-,-,Текстово-графический,Автоматический,0.00,0,0,-,-,1,-,0.00,1.00,0.00,100.00,5.00,-,-,-
"Приозерский район, Поиск   от 25-07-2026",713047408,23.08.2026,Приозерский район,5776633358,Автотаргетинг,,-,0,-,0,декоративный кирпич балтфасад толос 1001 02 03,Альтернативные запросы,Запросы без упоминания брендов,-,,Клинкерная плитка фасадная ALARCON,,,Поиск,Спецразмещение,Не определено,Смартфоны,Android,Wi-Fi,Не определен,Не определен,Остальные,Не определено,1918168175770350076,Активные,Страницы каталога,Клинкерная плитка фасадная ALARCON,Размер: 245×65 мм Толщина: 7 мм Cтоимость 1 м2 - 1300 ₽,https://marmara-pro.ru/termo/tproduct/2229245581-968229798762-klinkernaya-plitka-fasadnaya-alarcon?utm_source=yandex&utm_medium=cpc&utm_campaign=termopaneli_priozersk_cpa_search&utm_content=search&utm_term={PHRASE},-,-,-,-,Текстово-графический,Автоматический,0.00,0,0,-,-,1,-,0.00,0.99,0.00,98.63,1.00,-,-,-
"Приозерский район, Поиск   от 25-07-2026",713047408,23.08.2026,Приозерский район,5776633358,Автотаргетинг,,-,0,-,0,декоративный кирпич балтфасад толос 1001 02 03,Альтернативные запросы,Запросы без упоминания брендов,-,,Клинкерная плитка фасадная ALARCON,,,Поиск,Прочее,Не определено,Смартфоны,Android,Wi-Fi,Не определен,Не определен,Остальные,Не определено,1918168175770350076,Активные,Страницы каталога,Клинкерная плитка фасадная ALARCON,Размер: 245×65 мм Толщина: 7 мм Cтоимость 1 м2 - 1300 ₽,https://marmara-pro.ru/termo/tproduct/2229245581-968229798762-klinkernaya-plitka-fasadnaya-alarcon?utm_source=yandex&utm_medium=cpc&utm_campaign=termopaneli_priozersk_cpa_search&utm_content=search&utm_term={PHRASE},-,-,-,-,Текстово-графический,Автоматический,0.00,0,0,-,-,1,-,0.00,1.00,0.00,100.00,5.00,-,-,-
"Приозерский район, Поиск   от 25-07-2026",713047408,23.08.2026,Приозерский район,5776633358,Автотаргетинг,,-,0,-,0,должно ли выгнать доски на фасаде если они окрашены на заводе,Сопутствующие запросы,Запросы без упоминания брендов,-,,,,,Поиск,Прочее,Не определено,Смартфоны,iOS,Wi-Fi,Мужской,35-44 года,Топ 1%,Не определено,1916597733861553174,Архивные,Комбинаторное,Производство в Выборге — доставка в район,Утепление и фасад за один этап. Производство в Выборге. Доставка по Ленобласти.,https://marmara-pro.ru?utm_source=yandex&utm_medium=cpc&utm_campaign=termopaneli_priozersk_cpa_search&utm_content=search&utm_term={PHRASE},-,-,-,-,Текстово-графический,Оригинальный,0.00,0,0,-,-,1,-,0.00,0.42,0.00,41.63,6.00,-,-,-
"Приозерский район, Поиск   от 25-07-2026",713047408,23.08.2026,Приозерский район,5776633358,Автотаргетинг,,-,0,-,0,европлит егорбевск,Альтернативные запросы,Запросы с упоминанием брендов конкурентов,-,,,,,Поиск,Прочее,Не определено,Смартфоны,Android,Wi-Fi,Женский,45-54 года,6–10%,Не определено,1916597733861553174,Архивные,Комбинаторное,Производство в Выборге — доставка в район,Срок службы 25–50 лет. Не требуют покраски. Подберём толщину под ваш дом.,https://marmara-pro.ru?utm_source=yandex&utm_medium=cpc&utm_campaign=termopaneli_priozersk_cpa_search&utm_content=search&utm_term={PHRASE},-,-,-,-,Текстово-графический,Автоматический,0.00,0,0,-,-,1,-,0.00,1.00,0.00,100.00,5.00,-,-,-
"Приозерский район, Поиск   от 25-07-2026",713047408,23.08.2026,Приозерский район,5776633358,Автотаргетинг,,-,0,-,0,жидкий травертин купить,Альтернативные запросы,Запросы без упоминания брендов,-,,,,,Поиск,Спецразмещение,Не определено,Смартфоны,Android,Wi-Fi,Мужской,45-54 года,2–5%,Не определено,1916597733861553174,Архивные,Комбинаторное,Термопанели с клинкерной плиткой - КлинкерПрофи,Срок службы 25–50 лет. Не требуют покраски. Подберём толщину под ваш дом.,https://marmara-pro.ru?utm_source=yandex&utm_medium=cpc&utm_campaign=termopaneli_priozersk_cpa_search&utm_content=search&utm_term={PHRASE},-,-,-,-,Текстово-графический,Автоматический,0.00,0,0,-,-,1,-,0.00,0.98,0.00,98.38,1.00,-,-,-
"Приозерский район, Поиск   от 25-07-2026",713047408,23.08.2026,Приозерский район,5776633358,Автотаргетинг,,-,0,-,0,жидкий травертин купить,Альтернативные запросы,Запросы без упоминания брендов,-,,,,,Поиск,Прочее,Не определено,Смартфоны,Android,Wi-Fi,Мужской,45-54 года,2–5%,Не определено,1916597733861553174,Архивные,Комбинаторное,Термопанели с клинкерной плиткой - КлинкерПрофи,Срок службы 25–50 лет. Не требуют покраски. Подберём толщину под ваш дом.,https://marmara-pro.ru?utm_source=yandex&utm_medium=cpc&utm_campaign=termopaneli_priozersk_cpa_search&utm_content=search&utm_term={PHRASE},-,-,-,-,Текстово-графический,Автоматический,0.00,0,0,-,-,1,-,0.00,1.37,0.00,136.89,5.00,-,-,-
"Приозерский район, Поиск   от 25-07-2026",713047408,23.08.2026,Приозерский район,5776633358,Автотаргетинг,,-,0,-,0,как обшить окна снаружи в контенере,Сопутствующие запросы,Запросы без упоминания брендов,-,,,,,Поиск,Спецразмещение,Не определено,Смартфоны,iOS,Wi-Fi,Женский,35-44 года,6–10%,Не определено,1916597733861553174,Архивные,Комбинаторное,Клинкерные термопанели — КлинкерПрофи,Срок службы 25–50 лет. Не требуют покраски. Подберём толщину под ваш дом.,https://marmara-pro.ru?utm_source=yandex&utm_medium=cpc&utm_campaign=termopaneli_priozersk_cpa_search&utm_content=search&utm_term={PHRASE},-,-,-,-,Текстово-графический,Оригинальный,0.00,0,0,-,-,1,-,0.00,1.00,0.00,100.00,-,-,-,-
"Приозерский район, Поиск   от 25-07-2026",713047408,23.08.2026,Приозерский район,5776633358,Автотаргетинг,,-,0,-,0,как правильно ставить откосы под панели под кирпич,Сопутствующие запросы,Запросы без упоминания брендов,-,,Термопанель Колорадо 2 (32 шт),,,Поиск,Прочее,Не определено,Смартфоны,Android,Wi-Fi,Мужской,35-44 года,Остальные,Не определено,1918168175770350076,Активные,Страницы каталога,Термопанель Колорадо 2 (32 шт),Термопанели с клинкерной плиткой. Производство в Выборге. Доставка.,https://marmara-pro.ru/termo/tproduct/2229245581-979993457482-termopanel-kolorado-2-32-sht?utm_source=yandex&utm_medium=cpc&utm_campaign=termopaneli_priozersk_cpa_search&utm_content=search&utm_term={PHRASE},-,-,-,-,Текстово-графический,Оригинальный,0.00,0,0,-,-,1,-,0.00,0.09,0.00,8.50,5.00,-,-,-
"Приозерский район, Поиск   от 25-07-2026",713047408,23.08.2026,Приозерский район,5776633358,Автотаргетинг,,-,0,-,0,как правильно ставить откосы под панели под кирпич,Сопутствующие запросы,Запросы без упоминания брендов,-,,Термопанель Колорадо 3 (32 шт),,,Поиск,Прочее,Не определено,Смартфоны,Android,Wi-Fi,Мужской,35-44 года,Остальные,Не определено,1918168175770350076,Активные,Страницы каталога,Термопанель Колорадо 3 (32 шт),Термопанели с клинкерной плиткой. Производство в Выборге. Доставка.,https://marmara-pro.ru/termo/tproduct/2229245581-479543594102-termopanel-kolorado-3-32-sht?utm_source=yandex&utm_medium=cpc&utm_campaign=termopaneli_priozersk_cpa_search&utm_content=search&utm_term={PHRASE},-,-,-,-,Текстово-графический,Автоматический,0.00,0,0,-,-,2,-,0.00,0.83,0.00,41.63,6.00,-,-,-
"Приозерский район, Поиск   от 25-07-2026",713047408,23.08.2026,Приозерский район,5776633358,Автотаргетинг,,-,0,-,0,как утеплить садовый домик снаружи,Сопутствующие запросы,Запросы без упоминания брендов,-,,,,,Поиск,Спецразмещение,Не определено,Смартфоны,Android,Wi-Fi,Мужской,25-34 года,6–10%,Не определено,1916597733861553174,Активные,Комбинаторное,Термопанели для дома в Приозерске,Клинкерные термопанели с утеплителем. Свой завод в Выборге. Расчёт фасада за 1 день.,https://marmara-pro.ru?utm_source=yandex&utm_medium=cpc&utm_campaign=termopaneli_priozersk_cpa_search&utm_content=search&utm_term={PHRASE},-,-,-,-,Текстово-графический,Автоматический,0.00,0,0,-,-,1,-,0.00,0.71,0.00,71.45,1.00,-,-,-
"Приозерский район, Поиск   от 25-07-2026",713047408,23.08.2026,Приозерский район,5776633358,Автотаргетинг,,-,0,-,0,как утеплить садовый домик снаружи,Сопутствующие запросы,Запросы без упоминания брендов,-,,,,,Поиск,Спецразмещение,Не определено,Смартфоны,Android,Wi-Fi,Мужской,25-34 года,6–10%,Не определено,1916597733861553174,Активные,Комбинаторное,Термопанели для дома в Приозерске,Клинкерные термопанели с утеплителем. Свой завод в Выборге. Расчёт фасада за 1 день.,https://marmara-pro.ru?utm_source=yandex&utm_medium=cpc&utm_campaign=termopaneli_priozersk_cpa_search&utm_content=search&utm_term={PHRASE},-,-,-,-,Текстово-графический,Оригинальный,0.00,0,0,-,-,1,-,0.00,1.00,0.00,100.00,-,-,-,-
"Приозерский район, Поиск   от 25-07-2026",713047408,23.08.2026,Приозерский район,5776633358,Автотаргетинг,,-,0,-,0,клинкерный кирпич колорадо,Альтернативные запросы,Запросы без упоминания брендов,-,,,,,Поиск,Прочее,Не определено,Смартфоны,Android,Wi-Fi,Не определен,Не определен,Остальные,Не определено,1916597733861553174,Архивные,Комбинаторное,Термопанели с клинкерной плиткой - КлинкерПрофи,Утепление и фасад за один этап. Производство в Выборге. Доставка по Ленобласти.,https://marmara-pro.ru?utm_source=yandex&utm_medium=cpc&utm_campaign=termopaneli_priozersk_cpa_search&utm_content=search&utm_term={PHRASE},-,-,-,-,Текстово-графический,Автоматический,0.00,0,0,-,-,1,-,0.00,1.00,0.00,100.00,5.00,-,-,-
"Приозерский район, Поиск   от 25-07-2026",713047408,23.08.2026,Приозерский район,5776633358,Автотаргетинг,,-,0,-,0,клинкерный кирпич колорадо,Альтернативные запросы,Запросы без упоминания брендов,-,,Термопанели с клинкерной плиткой — КлинкерПрофи,,,Поиск,Спецразмещение,Не определено,Смартфоны,Android,Wi-Fi,Не определен,Не определен,Остальные,Не определено,1918168175770350076,Активные,Страницы каталога,Термопанели с клинкерной плиткой. Производство в Выборге,"Фасадные термопанели с клинкером. Производство в Выборге, доставка по СПб...",https://marmara-pro.ru/termo?utm_source=yandex&utm_medium=cpc&utm_campaign=termopaneli_priozersk_cpa_search&utm_content=search&utm_term={PHRASE},-,-,-,-,Текстово-графический,Автоматический,0.00,0,0,-,-,1,-,0.00,0.92,0.00,91.55,1.00,-,-,-
"Приозерский район, Поиск   от 25-07-2026",713047408,23.08.2026,Приозерский район,5776633358,Автотаргетинг,,-,0,-,0,короед,Альтернативные запросы,Запросы без упоминания брендов,-,,,,,Поиск,Спецразмещение,Не определено,Смартфоны,Android,Wi-Fi,Мужской,Старше 55,Остальные,Не определено,1916597733861553174,Активные,Комбинаторное,Фасадные термопанели с клинкером,Клинкерный фасад без мокрых работ. Монтаж зимой до −15 °C. ППС и ППУ. Звоните!,https://marmara-pro.ru?utm_source=yandex&utm_medium=cpc&utm_campaign=termopaneli_priozersk_cpa_search&utm_content=search&utm_term={PHRASE},-,-,-,-,Текстово-графический,Автоматический,0.00,0,0,-,-,1,-,0.00,1.01,0.00,101.37,1.00,-,-,-
"Приозерский район, Поиск   от 25-07-2026",713047408,23.08.2026,Приозерский район,5776633358,Автотаргетинг,,-,0,-,0,кровля фасадная,Альтернативные запросы,Запросы без упоминания брендов,-,,,,,Поиск,Спецразмещение,Не определено,Смартфоны,Android,Wi-Fi,Мужской,45-54 года,Остальные,Не определено,1916597733861553174,Активные,Комбинаторное,Доставка в Приозерск с завода в Выборге,Клинкерный фасад без мокрых работ. Монтаж зимой до −15 °C. ППС и ППУ. Звоните!,https://marmara-pro.ru?utm_source=yandex&utm_medium=cpc&utm_campaign=termopaneli_priozersk_cpa_search&utm_content=search&utm_term={PHRASE},-,-,-,-,Текстово-графический,Автоматический,0.00,0,0,-,-,1,-,0.00,0.73,0.00,73.11,3.00,-,-,-
"Приозерский район, Поиск   от 25-07-2026",713047408,23.08.2026,Приозерский район,5776633358,Автотаргетинг,,-,0,-,0,облицовочные панели для фасада дома,Широкие запросы,Запросы без упоминания брендов,-,,,,,Поиск,Спецразмещение,Не определено,Смартфоны,Android,Wi-Fi,Мужской,Старше 55,Остальные,Не определено,1916597733861553174,Активные,Комбинаторное,Фасадные термопанели с клинкером,"Утепление и фасад. Завод в Выборге. Доставка в Приозерск, Сосново, Лосево. От 1 550 ₽",https://marmara-pro.ru?utm_source=yandex&utm_medium=cpc&utm_campaign=termopaneli_priozersk_cpa_search&utm_content=search&utm_term={PHRASE},-,-,-,-,Текстово-графический,Автоматический,0.00,1,0,0.00,-,1,0.00,100.00,0.78,128.99,77.53,2.00,2.00,0.00,2.00
"Приозерский район, Поиск   от 25-07-2026",713047408,23.08.2026,Приозерский район,5776633358,Автотаргетинг,,-,0,-,0,отделка деревянных домов,Сопутствующие запросы,Запросы без упоминания брендов,-,,,,,Поиск,Спецразмещение,Не определено,Смартфоны,Android,Wi-Fi,Мужской,45-54 года,6–10%,Не определено,1916597733861553174,Активные,Комбинаторное,Термопанели для дома в Приозерске,Клинкерные термопанели с утеплителем. Свой завод в Выборге. Расчёт фасада за 1 день.,https://marmara-pro.ru?utm_source=yandex&utm_medium=cpc&utm_campaign=termopaneli_priozersk_cpa_search&utm_content=search&utm_term={PHRASE},-,-,-,-,Текстово-графический,Оригинальный,0.00,0,0,-,-,1,-,0.00,0.21,0.00,21.28,-,-,-,-
"Приозерский район, Поиск   от 25-07-2026",713047408,23.08.2026,Приозерский район,5776633358,Автотаргетинг,,-,0,-,0,отделка стен в комнате в загородном доме,Сопутствующие запросы,Запросы без упоминания брендов,-,,,,,Поиск,Спецразмещение,Не определено,Смартфоны,Android,Wi-Fi,Мужской,45-54 года,6–10%,Не определено,1916597733861553174,Архивные,Комбинаторное,Клинкерные термопанели — КлинкерПрофи,Срок службы 25–50 лет. Не требуют покраски. Подберём толщину под ваш дом.,https://marmara-pro.ru?utm_source=yandex&utm_medium=cpc&utm_campaign=termopaneli_priozersk_cpa_search&utm_content=search&utm_term={PHRASE},-,-,-,-,Текстово-графический,Автоматический,0.00,0,0,-,-,1,-,0.00,0.77,0.00,76.65,4.00,-,-,-
"Приозерский район, Поиск   от 25-07-2026",713047408,23.08.2026,Приозерский район,5776633358,Автотаргетинг,,-,0,-,0,отделка стен в комнате загородного дома,Сопутствующие запросы,Запросы без упоминания брендов,-,,,,,Поиск,Прочее,Не определено,Смартфоны,Android,Wi-Fi,Мужской,45-54 года,6–10%,Не определено,1916597733861553174,Архивные,Комбинаторное,Производство в Выборге — доставка в район,Срок службы 25–50 лет. Не требуют покраски. Подберём толщину под ваш дом.,https://marmara-pro.ru?utm_source=yandex&utm_medium=cpc&utm_campaign=termopaneli_priozersk_cpa_search&utm_content=search&utm_term={PHRASE},-,-,-,-,Текстово-графический,Оригинальный,0.00,0,0,-,-,1,-,0.00,0.09,0.00,8.50,5.00,-,-,-
"Приозерский район, Поиск   от 25-07-2026",713047408,23.08.2026,Приозерский район,5776633358,Автотаргетинг,,-,0,-,0,отделка фасада в стиле минимализм с использованием темной клинкерной плитки,Сопутствующие запросы,Запросы без упоминания брендов,-,,,,,Поиск,Спецразмещение,Не определено,Планшеты,Android,Wi-Fi,Мужской,45-54 года,2–5%,Не определено,1916597733861553174,Активные,Комбинаторное,"Клинкерные термопанели, Приозерский р-н",Клинкерный фасад без мокрых работ. Монтаж зимой до −15 °C. ППС и ППУ. Звоните!,https://marmara-pro.ru?utm_source=yandex&utm_medium=cpc&utm_campaign=termopaneli_priozersk_cpa_search&utm_content=search&utm_term={PHRASE},-,-,-,-,Текстово-графический,Оригинальный,0.00,0,0,-,-,1,-,0.00,0.15,0.00,14.73,2.00,-,-,-
"Приозерский район, Поиск   от 25-07-2026",713047408,23.08.2026,Приозерский район,5776633358,Автотаргетинг,,-,0,-,0,отделка фасада дома клинкерной серо плиткой вентфасад,Альтернативные запросы,Запросы без упоминания брендов,-,,,,,Поиск,Спецразмещение,Не определено,Планшеты,Android,Wi-Fi,Мужской,45-54 года,2–5%,Не определено,1916597733861553174,Активные,Комбинаторное,"Клинкерные термопанели, Приозерский р-н",Клинкерный фасад без мокрых работ. Монтаж зимой до −15 °C. ППС и ППУ. Звоните!,https://marmara-pro.ru?utm_source=yandex&utm_medium=cpc&utm_campaign=termopaneli_priozersk_cpa_search&utm_content=search&utm_term={PHRASE},-,-,-,-,Текстово-графический,Оригинальный,0.00,0,0,-,-,1,-,0.00,0.16,0.00,15.94,2.00,-,-,-
"Приозерский район, Поиск   от 25-07-2026",713047408,23.08.2026,Приозерский район,5776633358,Автотаргетинг,,-,0,-,0,отлив цокольный,Сопутствующие запросы,Запросы без упоминания брендов,-,,,,,Поиск,Спецразмещение,Не определено,Смартфоны,iOS,Wi-Fi,Мужской,35-44 года,6–10%,Не определено,1916597733861553174,Активные,Комбинаторное,Фасадные термопанели с клинкером,Клинкерные термопанели с утеплителем. Свой завод в Выборге. Расчёт фасада за 1 день.,https://marmara-pro.ru?utm_source=yandex&utm_medium=cpc&utm_campaign=termopaneli_priozersk_cpa_search&utm_content=search&utm_term={PHRASE},-,-,-,-,Текстово-графический,Автоматический,0.00,0,0,-,-,1,-,0.00,0.87,0.00,87.11,1.00,-,-,-
"Приозерский район, Поиск   от 25-07-2026",713047408,23.08.2026,Приозерский район,5776633358,Автотаргетинг,,-,0,-,0,панели гибкий мрамор для стен купить,Альтернативные запросы,Запросы без упоминания брендов,-,,Термопанель Колорадо 5 (32 шт),,,Поиск,Спецразмещение,Не определено,Смартфоны,iOS,Wi-Fi,Женский,45-54 года,Остальные,Не определено,1918168175770350076,Активные,Страницы каталога,Термопанель Колорадо 5 (32 шт),Термопанели с клинкерной плиткой. Производство в Выборге. Доставка.,https://marmara-pro.ru/termo/tproduct/2229245581-936117304142-termopanel-kolorado-5-32-sht?utm_source=yandex&utm_medium=cpc&utm_campaign=termopaneli_priozersk_cpa_search&utm_content=search&utm_term={PHRASE},-,-,-,-,Текстово-графический,Автоматический,0.00,0,0,-,-,1,-,0.00,0.37,0.00,37.48,4.00,-,-,-
"Приозерский район, Поиск   от 25-07-2026",713047408,23.08.2026,Приозерский район,5776633358,Автотаргетинг,,-,0,-,0,панели под кирпич для наружной отделки фасадные цена за м2,Широкие запросы,Запросы без упоминания брендов,-,,,,,Поиск,Спецразмещение,Не определено,Смартфоны,Android,Wi-Fi,Мужской,Старше 55,Остальные,Не определено,1916597733861553174,Активные,Комбинаторное,Фасадные термопанели с клинкером,"Утепление и фасад. Завод в Выборге. Доставка в Приозерск, Сосново, Лосево. От 1 550 ₽",https://marmara-pro.ru?utm_source=yandex&utm_medium=cpc&utm_campaign=termopaneli_priozersk_cpa_search&utm_content=search&utm_term={PHRASE},-,-,-,-,Текстово-графический,Автоматический,0.00,0,0,-,-,1,-,0.00,0.95,0.00,94.66,1.00,-,-,-
"Приозерский район, Поиск   от 25-07-2026",713047408,23.08.2026,Приозерский район,5776633358,Автотаргетинг,,-,0,-,0,приозерский район поселок ромашки строительный магазин,Широкие запросы,Запросы без упоминания брендов,-,,,,,Поиск,Спецразмещение,Не определено,Смартфоны,Android,Wi-Fi,Мужской,45-54 года,Остальные,Не определено,1916597733861553174,Архивные,Комбинаторное,Производство в Выборге — доставка в район,Срок службы 25–50 лет. Не требуют покраски. Подберём толщину под ваш дом.,https://marmara-pro.ru?utm_source=yandex&utm_medium=cpc&utm_campaign=termopaneli_priozersk_cpa_search&utm_content=search&utm_term={PHRASE},-,-,-,-,Текстово-графический,Автоматический,0.00,0,0,-,-,1,-,0.00,0.91,0.00,91.07,1.00,-,-,-
"Приозерский район, Поиск   от 25-07-2026",713047408,23.08.2026,Приозерский район,5776633358,Автотаргетинг,,-,0,-,0,роквул официальный сайт,Альтернативные запросы,Запросы с упоминанием брендов конкурентов,-,,,,,Поиск,Спецразмещение,Не определено,Планшеты,Android,Wi-Fi,Мужской,45-54 года,2–5%,Не определено,1916597733861553174,Архивные,Комбинаторное,Производство в Выборге — доставка в район,Утепление и фасад за один этап. Производство в Выборге. Доставка по Ленобласти.,https://marmara-pro.ru?utm_source=yandex&utm_medium=cpc&utm_campaign=termopaneli_priozersk_cpa_search&utm_content=search&utm_term={PHRASE},-,-,-,-,Текстово-графический,Оригинальный,0.00,1,0,0.00,-,1,0.00,100.00,0.43,231.16,43.26,2.00,2.00,0.00,1.00
"Приозерский район, Поиск   от 25-07-2026",713047408,23.08.2026,Приозерский район,5776633358,Автотаргетинг,,-,0,-,0,сколько стоит утеплить дом,Широкие запросы,Запросы без упоминания брендов,-,,,,,Поиск,Спецразмещение,Не определено,Смартфоны,Android,Wi-Fi,Мужской,35-44 года,Остальные,Не определено,1916597733861553174,Архивные,Комбинаторное,Утепление фасада термопанелями,Утепление и фасад за один этап. Производство в Выборге. Доставка по Ленобласти.,https://marmara-pro.ru?utm_source=yandex&utm_medium=cpc&utm_campaign=termopaneli_priozersk_cpa_search&utm_content=search&utm_term={PHRASE},-,-,-,-,Текстово-графический,Автоматический,0.00,1,0,0.00,-,1,0.00,100.00,0.87,115.45,86.62,2.00,2.00,100.00,1.00
"Приозерский район, Поиск   от 25-07-2026",713047408,23.08.2026,Приозерский район,5776633358,Автотаргетинг,,-,0,-,0,строительная база в поселке громово,Альтернативные запросы,Запросы без упоминания брендов,-,,,,,Поиск,Спецразмещение,Не определено,Планшеты,Android,Wi-Fi,Женский,25-34 года,Остальные,Не определено,1916597733861553174,Архивные,Комбинаторное,Производство в Выборге — доставка в район,Срок службы 25–50 лет. Не требуют покраски. Подберём толщину под ваш дом.,https://marmara-pro.ru?utm_source=yandex&utm_medium=cpc&utm_campaign=termopaneli_priozersk_cpa_search&utm_content=search&utm_term={PHRASE},-,-,-,-,Текстово-графический,Оригинальный,0.00,0,0,-,-,1,-,0.00,1.00,0.00,100.00,1.00,-,-,-
"Приозерский район, Поиск   от 25-07-2026",713047408,23.08.2026,Приозерский район,5776633358,Автотаргетинг,,-,0,-,0,строительная база в сосново,Широкие запросы,Запросы без упоминания брендов,-,,,,,Поиск,Прочее,Не определено,Смартфоны,Android,Wi-Fi,Мужской,25-34 года,2–5%,Не определено,1916597733861553174,Архивные,Комбинаторное,Производство в Выборге — доставка в район,Утепление и фасад за один этап. Производство в Выборге. Доставка по Ленобласти.,https://marmara-pro.ru?utm_source=yandex&utm_medium=cpc&utm_campaign=termopaneli_priozersk_cpa_search&utm_content=search&utm_term={PHRASE},-,-,-,-,Текстово-графический,Оригинальный,0.00,0,0,-,-,1,-,0.00,0.09,0.00,8.50,5.00,-,-,-
"Приозерский район, Поиск   от 25-07-2026",713047408,23.08.2026,Приозерский район,5776633358,Автотаргетинг,,-,0,-,0,строй база аврора,Альтернативные запросы,Запросы с упоминанием брендов конкурентов,-,,,,,Поиск,Прочее,Не определено,Смартфоны,Android,Wi-Fi,Мужской,35-44 года,Остальные,Не определено,1916597733861553174,Архивные,Комбинаторное,Производство в Выборге — доставка в район,Утепление и фасад за один этап. Производство в Выборге. Доставка по Ленобласти.,https://marmara-pro.ru?utm_source=yandex&utm_medium=cpc&utm_campaign=termopaneli_priozersk_cpa_search&utm_content=search&utm_term={PHRASE},-,-,-,-,Текстово-графический,Оригинальный,0.00,0,0,-,-,1,-,0.00,0.42,0.00,41.63,6.00,-,-,-
"Приозерский район, Поиск   от 25-07-2026",713047408,23.08.2026,Приозерский район,5776633358,Автотаргетинг,,-,0,-,0,темная клинкерная плитка для фасада варианты отделки,Сопутствующие запросы,Запросы без упоминания брендов,-,,Термопанели с клинкерной плиткой — КлинкерПрофи,,,Поиск,Спецразмещение,Не определено,Планшеты,Android,Wi-Fi,Мужской,45-54 года,2–5%,Не определено,1918168175770350076,Активные,Страницы каталога,Термопанели с клинкерной плиткой. Производство в Выборге,"Фасадные термопанели с клинкером. Производство в Выборге, доставка по СПб...",https://marmara-pro.ru/termo?utm_source=yandex&utm_medium=cpc&utm_campaign=termopaneli_priozersk_cpa_search&utm_content=search&utm_term={PHRASE},-,-,-,-,Текстово-графический,Автоматический,0.00,0,0,-,-,1,-,0.00,1.00,0.00,100.00,1.00,-,-,-
"Приозерский район, Поиск   от 25-07-2026",713047408,23.08.2026,Приозерский район,5776633358,Автотаргетинг,,-,0,-,0,термоизоляционная панель цементно,Альтернативные запросы,Запросы без упоминания брендов,-,,,,,Поиск,Прочее,Не определено,Смартфоны,Android,Wi-Fi,Мужской,35-44 года,Остальные,Не определено,1916597733861553174,Архивные,Комбинаторное,Утепление фасада термопанелями,Утепление и фасад за один этап. Производство в Выборге. Доставка по Ленобласти.,https://marmara-pro.ru?utm_source=yandex&utm_medium=cpc&utm_campaign=termopaneli_priozersk_cpa_search&utm_content=search&utm_term={PHRASE},-,-,-,-,Текстово-графический,Оригинальный,0.00,0,0,-,-,1,-,0.00,0.87,0.00,87.00,6.00,-,-,-
"Приозерский район, Поиск   от 25-07-2026",713047408,23.08.2026,Приозерский район,5776633358,Автотаргетинг,,-,0,-,0,термопанель фасадный кирпич венецианский,Альтернативные запросы,Запросы без упоминания брендов,-,,,,,Поиск,Спецразмещение,Не определено,Смартфоны,Android,Wi-Fi,Мужской,35-44 года,Остальные,Не определено,1916597733861553174,Активные,Комбинаторное,Фасадные термопанели с клинкером,Клинкерные термопанели с утеплителем. Свой завод в Выборге. Расчёт фасада за 1 день.,https://marmara-pro.ru?utm_source=yandex&utm_medium=cpc&utm_campaign=termopaneli_priozersk_cpa_search&utm_content=search&utm_term={PHRASE},-,-,-,-,Текстово-графический,Автоматический,0.00,0,0,-,-,2,-,0.00,1.23,0.00,61.39,2.00,-,-,-
"Приозерский район, Поиск   от 25-07-2026",713047408,23.08.2026,Приозерский район,5776633358,Автотаргетинг,,-,0,-,0,услуги мастера по отделке дома в коробицыно,Сопутствующие запросы,Запросы без упоминания брендов,-,,,,,Поиск,Прочее,Не определено,Смартфоны,Android,Wi-Fi,Мужской,45-54 года,Остальные,Не определено,1916597733861553174,Архивные,Комбинаторное,Производство в Выборге — доставка в район,Срок службы 25–50 лет. Не требуют покраски. Подберём толщину под ваш дом.,https://marmara-pro.ru?utm_source=yandex&utm_medium=cpc&utm_campaign=termopaneli_priozersk_cpa_search&utm_content=search&utm_term={PHRASE},-,-,-,-,Текстово-графический,Автоматический,0.00,0,0,-,-,1,-,0.00,0.42,0.00,41.63,6.00,-,-,-
"Приозерский район, Поиск   от 25-07-2026",713047408,23.08.2026,Приозерский район,5776633358,Автотаргетинг,,-,0,-,0,услуги по отделке домов в краснозерном,Сопутствующие запросы,Запросы без упоминания брендов,-,,,,,Поиск,Прочее,Не определено,Смартфоны,Android,Wi-Fi,Мужской,45-54 года,Остальные,Не определено,1916597733861553174,Архивные,Комбинаторное,Производство в Выборге — доставка в район,Срок службы 25–50 лет. Не требуют покраски. Подберём толщину под ваш дом.,https://marmara-pro.ru?utm_source=yandex&utm_medium=cpc&utm_campaign=termopaneli_priozersk_cpa_search&utm_content=search&utm_term={PHRASE},-,-,-,-,Текстово-графический,Оригинальный,0.00,0,0,-,-,1,-,0.00,0.77,0.00,76.79,5.00,-,-,-
"Приозерский район, Поиск   от 25-07-2026",713047408,23.08.2026,Приозерский район,5776633358,Автотаргетинг,,-,0,-,0,утепление каркасных домов пеной,Альтернативные запросы,Запросы без упоминания брендов,-,,,,,Поиск,Спецразмещение,Не определено,Смартфоны,Android,Wi-Fi,Мужской,45-54 года,Остальные,Не определено,1916597733861553174,Архивные,Комбинаторное,Утепление фасада термопанелями,Утепление и фасад за один этап. Производство в Выборге. Доставка по Ленобласти.,https://marmara-pro.ru?utm_source=yandex&utm_medium=cpc&utm_campaign=termopaneli_priozersk_cpa_search&utm_content=search&utm_term={PHRASE},-,-,-,-,Текстово-графический,Автоматический,0.00,0,0,-,-,1,-,0.00,0.64,0.00,63.89,3.00,-,-,-
"Приозерский район, Поиск   от 25-07-2026",713047408,23.08.2026,Приозерский район,5776633358,Автотаргетинг,,-,0,-,0,фасад под дерево,Широкие запросы,Запросы без упоминания брендов,-,,Термопанели с клинкерной плиткой — КлинкерПрофи,,,Поиск,Спецразмещение,Не определено,Смартфоны,Android,Wi-Fi,Не определен,Не определен,Остальные,Не определено,1918168175770350076,Активные,Страницы каталога,Термопанели с клинкерной плиткой. Производство в Выборге,"Фасадные термопанели с клинкером. Производство в Выборге, доставка по СПб...",https://marmara-pro.ru/termo?utm_source=yandex&utm_medium=cpc&utm_campaign=termopaneli_priozersk_cpa_search&utm_content=search&utm_term={PHRASE},-,-,-,-,Текстово-графический,Автоматический,0.00,0,0,-,-,1,-,0.00,0.77,0.00,77.32,2.00,-,-,-
"Приозерский район, Поиск   от 25-07-2026",713047408,23.08.2026,Приозерский район,5776633358,Автотаргетинг,,-,0,-,0,фасад фальцевый,Альтернативные запросы,Запросы без упоминания брендов,-,,,,,Поиск,Прочее,Не определено,Смартфоны,Android,Wi-Fi,Мужской,35-44 года,Остальные,Не определено,1916597733861553174,Активные,Комбинаторное,Фасадные термопанели с клинкером,Клинкерный фасад без мокрых работ. Монтаж зимой до −15 °C. ППС и ППУ. Звоните!,https://marmara-pro.ru?utm_source=yandex&utm_medium=cpc&utm_campaign=termopaneli_priozersk_cpa_search&utm_content=search&utm_term={PHRASE},-,-,-,-,Текстово-графический,Автоматический,0.00,0,0,-,-,1,-,0.00,0.77,0.00,76.79,5.00,-,-,-
"Приозерский район, Поиск   от 25-07-2026",713047408,23.08.2026,Приозерский район,5776633358,Автотаргетинг,,-,0,-,0,фасадные панели,Широкие запросы,Запросы без упоминания брендов,-,,,,,Поиск,Спецразмещение,Не определено,Смартфоны,Android,Wi-Fi,Мужской,45-54 года,Остальные,Не определено,1916597733861553174,Активные,Комбинаторное,Фасадные термопанели с клинкером,"Утепление и фасад. Завод в Выборге. Доставка в Приозерск, Сосново, Лосево. От 1 550 ₽",https://marmara-pro.ru?utm_source=yandex&utm_medium=cpc&utm_campaign=termopaneli_priozersk_cpa_search&utm_content=search&utm_term={PHRASE},-,-,-,-,Текстово-графический,Автоматический,0.00,0,0,-,-,1,-,0.00,0.95,0.00,95.16,1.00,-,-,-
"Приозерский район, Поиск   от 25-07-2026",713047408,23.08.2026,Приозерский район,5776633358,Автотаргетинг,,-,0,-,0,фибробетонная панель,Альтернативные запросы,Запросы без упоминания брендов,-,,,,,Поиск,Спецразмещение,Не определено,Смартфоны,Android,Wi-Fi,Мужской,35-44 года,Остальные,Не определено,1916597733861553174,Активные,Комбинаторное,Доставка в Приозерск с завода в Выборге,Клинкерный фасад без мокрых работ. Монтаж зимой до −15 °C. ППС и ППУ. Звоните!,https://marmara-pro.ru?utm_source=yandex&utm_medium=cpc&utm_campaign=termopaneli_priozersk_cpa_search&utm_content=search&utm_term={PHRASE},-,-,-,-,Текстово-графический,Автоматический,0.00,0,0,-,-,1,-,0.00,0.53,0.00,53.38,4.00,-,-,-
"Приозерский район, Поиск   от 25-07-2026",713047408,23.08.2026,Приозерский район,5776633358,Автотаргетинг,,-,0,-,0,фибросайдинг для фасада купить,Альтернативные запросы,Запросы без упоминания брендов,-,,,,,Поиск,Спецразмещение,Не определено,Смартфоны,Android,Wi-Fi,Мужской,25-34 года,Остальные,Не определено,1916597733861553174,Активные,Комбинаторное,Доставка в Приозерск с завода в Выборге,Клинкерный фасад без мокрых работ. Монтаж зимой до −15 °C. ППС и ППУ. Звоните!,https://marmara-pro.ru?utm_source=yandex&utm_medium=cpc&utm_campaign=termopaneli_priozersk_cpa_search&utm_content=search&utm_term={PHRASE},-,-,-,-,Текстово-графический,Автоматический,0.00,0,0,-,-,1,-,0.00,0.82,0.00,82.44,1.00,-,-,-
"Приозерский район, Поиск   от 25-07-2026",713047408,23.08.2026,Приозерский район,5776633358,Автотаргетинг,,-,0,-,0,чем обложить террасу и крыльцо,Сопутствующие запросы,Запросы без упоминания брендов,-,,,,,Поиск,Спецразмещение,Не определено,Смартфоны,iOS,Wi-Fi,Женский,35-44 года,6–10%,Не определено,1916597733861553174,Архивные,Комбинаторное,Клинкерные термопанели — КлинкерПрофи,Срок службы 25–50 лет. Не требуют покраски. Подберём толщину под ваш дом.,https://marmara-pro.ru?utm_source=yandex&utm_medium=cpc&utm_campaign=termopaneli_priozersk_cpa_search&utm_content=search&utm_term={PHRASE},-,-,-,-,Текстово-графический,Автоматический,0.00,1,0,0.00,-,1,0.00,100.00,1.12,89.65,111.55,1.00,1.00,0.00,4.00
"Приозерский район, Поиск   от 25-07-2026",713047408,23.08.2026,Приозерский район,5776633358,Автотаргетинг,,-,0,-,0,чем обложить террасу и крыльцо,Сопутствующие запросы,Запросы без упоминания брендов,-,,,,,Поиск,Прочее,Не определено,Смартфоны,iOS,Wi-Fi,Женский,35-44 года,6–10%,Не определено,1916597733861553174,Архивные,Комбинаторное,Клинкерные термопанели — КлинкерПрофи,Срок службы 25–50 лет. Не требуют покраски. Подберём толщину под ваш дом.,https://marmara-pro.ru?utm_source=yandex&utm_medium=cpc&utm_campaign=termopaneli_priozersk_cpa_search&utm_content=search&utm_term={PHRASE},-,-,-,-,Текстово-графический,Автоматический,0.00,0,0,-,-,1,-,0.00,0.42,0.00,41.63,6.00,-,-,-
"Приозерский район, Поиск   от 25-07-2026",713047408,23.08.2026,Приозерский район,5776633358,Автотаргетинг,,-,0,-,0,чем отделать цоколь дома снаружи,Сопутствующие запросы,Запросы без упоминания брендов,-,,,,,Поиск,Спецразмещение,Не определено,Смартфоны,iOS,Wi-Fi,Женский,Старше 55,Топ 1%,Не определено,1916597733861553174,Архивные,Комбинаторное,Клинкерные термопанели — КлинкерПрофи,Срок службы 25–50 лет. Не требуют покраски. Подберём толщину под ваш дом.,https://marmara-pro.ru?utm_source=yandex&utm_medium=cpc&utm_campaign=termopaneli_priozersk_cpa_search&utm_content=search&utm_term={PHRASE},-,-,-,-,Текстово-графический,Автоматический,0.00,0,0,-,-,1,-,0.00,0.97,0.00,96.68,1.00,-,-,-
"Приозерский район, Поиск   от 25-07-2026",713047408,23.08.2026,Приозерский район,5776633358,Автотаргетинг,,-,0,-,0,что будет если утеплить только первый этаж,Сопутствующие запросы,Запросы без упоминания брендов,-,,,,,Поиск,Прочее,Не определено,Смартфоны,iOS,Wi-Fi,Мужской,25-34 года,Остальные,Не определено,1916597733861553174,Архивные,Комбинаторное,Утепление фасада термопанелями,Срок службы 25–50 лет. Не требуют покраски. Подберём толщину под ваш дом.,https://marmara-pro.ru?utm_source=yandex&utm_medium=cpc&utm_campaign=termopaneli_priozersk_cpa_search&utm_content=search&utm_term={PHRASE},-,-,-,-,Текстово-графический,Автоматический,0.00,0,0,-,-,1,-,0.00,0.42,0.00,41.63,6.00,-,-,-
"Приозерский район, Поиск   от 25-07-2026",713047408,23.08.2026,Приозерский район,5776633358,Автотаргетинг,,-,0,-,0,что будет если утеплить только первый этаж,Сопутствующие запросы,Запросы без упоминания брендов,-,,,,,Поиск,Прочее,Не определено,Смартфоны,iOS,Wi-Fi,Мужской,25-34 года,Остальные,Не определено,1916597733861553174,Архивные,Комбинаторное,Утепление фасада термопанелями,Срок службы 25–50 лет. Не требуют покраски. Подберём толщину под ваш дом.,https://marmara-pro.ru?utm_source=yandex&utm_medium=cpc&utm_campaign=termopaneli_priozersk_cpa_search&utm_content=search&utm_term={PHRASE},-,-,-,-,Текстово-графический,Оригинальный,0.00,0,0,-,-,1,-,0.00,0.09,0.00,8.50,5.00,-,-,-
Термопанели в Выборге,712773255,23.08.2026,Группа 1 - коммерческая,5773901452,Фраза,фасадные панели с утеплением,-,0,-,0,фтп термопанели отзывы,Сопутствующие запросы,Запросы без упоминания брендов,Семантическое,,,,,Поиск,Спецразмещение,Не определено,Смартфоны,Android,Wi-Fi,Мужской,Старше 55,Остальные,Не определено,1915802398259215246,Активные,Комбинаторное,"Термопанели в Выборге - завод на Ленина, 11",Свое производство в Выборге. Приезжайте на образцы. Бесплатная доставка по району.,https://marmara-pro.ru?utm_content=commerce&utm_term={PHRASE},-,-,-,-,Текстово-графический,Автоматический,0.00,0,0,-,-,1,-,0.00,0.92,0.00,92.05,2.00,-,-,-
Термопанели в Выборге,712773255,23.08.2026,Группа 1 - коммерческая,5773901452,Автотаргетинг,,-,0,-,0,,Не определено,-,-,,,,,Сети,Прочее,Не определено,Десктопы,Не определён,Wi-Fi,Мужской,Старше 55,Остальные,Не определено,1915802398259215246,Активные,Комбинаторное,Купить термопанели в Выборге напрямую,Без посредников - завод. 60+ видов декора. Доставка по Ленобласти.,https://marmara-pro.ru?utm_content=commerce&utm_term={PHRASE},http://direct.yandex.ru/images/direct/5245050/6C6d0cQ-RdpqlPYUtMZQkw,пример 2.jpg,1163321614,https://avatars.mds.yandex.net/get-media-adv-screenshooter/20873747/75477b03-780e-4e10-adff-81a72fc688af/orig,Текстово-графический,Автоматический,0.00,0,0,-,-,1,-,0.00,1.00,0.00,100.00,-,-,-,-
Термопанели в Выборге,712773255,23.08.2026,Группа 1 - коммерческая,5773901452,Автотаргетинг,,-,0,-,0,,Не определено,-,-,,,,,Сети,Прочее,Не определено,Смартфоны,Android,Wi-Fi,Мужской,Старше 55,Остальные,Не определено,1915802398259215246,Активные,Комбинаторное,Термопанели с клинкером - собственный завод в Выборге,Без посредников - завод. 60+ видов декора. Доставка по Ленобласти.,https://marmara-pro.ru?utm_content=commerce&utm_term={PHRASE},http://direct.yandex.ru/images/direct/5442016/qtxMfdimB3EKymbW9TWLzQ,термопанель.png,1163322157,https://avatars.mds.yandex.net/get-media-adv-screenshooter/20941197/1d06a155-09ca-4034-b8a4-ad411694a4d7/orig,Текстово-графический,Оригинальный,0.00,0,0,-,-,1,-,0.00,1.00,0.00,100.00,-,-,-,-
Термопанели в Выборге,712773255,23.08.2026,Группа 1 - коммерческая,5773901452,Автотаргетинг,,-,0,-,0,,Не определено,-,-,,,,,Сети,Прочее,Не определено,Смартфоны,Android,Wi-Fi,Женский,35-44 года,Остальные,Не определено,1915802398259215246,Активные,Комбинаторное,Гарантия до 5 лет на термопанели,Свое производство в Выборге. Приезжайте на образцы. Бесплатная доставка по району.,https://marmara-pro.ru?utm_content=commerce&utm_term={PHRASE},http://direct.yandex.ru/images/direct/5442016/qtxMfdimB3EKymbW9TWLzQ,термопанель.png,1163321614,https://avatars.mds.yandex.net/get-media-adv-screenshooter/20873747/75477b03-780e-4e10-adff-81a72fc688af/orig,Карусель,Оригинальный,0.00,0,0,-,-,1,-,0.00,1.00,0.00,100.00,-,-,-,-
Термопанели в Выборге,712773255,23.08.2026,Группа 1 - коммерческая,5773901452,Автотаргетинг,,-,0,-,0,,Не определено,-,-,,,,,Сети,Прочее,Не определено,Смартфоны,Android,Wi-Fi,Женский,Старше 55,Остальные,Не определено,1915802398259215246,Активные,Комбинаторное,Купить термопанели в Выборге напрямую,Свое производство в Выборге. Приезжайте на образцы. Бесплатная доставка по району.,https://marmara-pro.ru?utm_content=commerce&utm_term={PHRASE},http://direct.yandex.ru/images/direct/5250956/5XPY7aqvM1xRQF8e4uTrqg,карусель 4-3_06.jpg,1163321614,https://avatars.mds.yandex.net/get-media-adv-screenshooter/20873747/75477b03-780e-4e10-adff-81a72fc688af/orig,Текстово-графический,Оригинальный,0.00,0,0,-,-,1,-,0.00,1.00,0.00,100.00,-,-,-,-
Термопанели в Выборге,712773255,23.08.2026,Группа 1 - коммерческая,5773901452,Автотаргетинг,,-,0,-,0,как отличить настоящую термопанель от подделки,Сопутствующие запросы,Запросы без упоминания брендов,-,,,,,Поиск,Спецразмещение,Не определено,Смартфоны,Android,Wi-Fi,Мужской,Старше 55,Остальные,Не определено,1915802398259215246,Активные,Комбинаторное,Гарантия до 5 лет на термопанели,Свое производство в Выборге. Приезжайте на образцы. Бесплатная доставка по району.,https://marmara-pro.ru?utm_content=commerce&utm_term={PHRASE},-,-,-,-,Текстово-графический,Автоматический,0.00,1,0,0.00,-,1,0.00,100.00,1.25,79.76,125.37,1.00,1.00,0.00,1.00
Термопанели в Выборге,712773255,23.08.2026,Группа 1 - коммерческая,5773901452,Автотаргетинг,,-,0,-,0,как утеплить производственное помещение,Сопутствующие запросы,Запросы без упоминания брендов,-,,,,,Поиск,Спецразмещение,Не определено,Планшеты,Android,Wi-Fi,Мужской,45-54 года,Остальные,Не определено,1915802398259215246,Активные,Комбинаторное,Гарантия до 5 лет на термопанели,Свое производство в Выборге. Приезжайте на образцы. Бесплатная доставка по району.,https://marmara-pro.ru?utm_content=commerce&utm_term={PHRASE},-,-,-,-,Текстово-графический,Оригинальный,0.00,0,0,-,-,1,-,0.00,0.07,0.00,7.31,3.00,-,-,-
Термопанели в Выборге,712773255,23.08.2026,Группа 1 - коммерческая,5773901452,Автотаргетинг,,-,0,-,0,как утеплить старый дачный дом,Сопутствующие запросы,Запросы без упоминания брендов,-,,,,,Поиск,Спецразмещение,Не определено,Смартфоны,iOS,Wi-Fi,Женский,18-24 года,Остальные,Не определено,1915802398259215246,Активные,Комбинаторное,Гарантия до 5 лет на термопанели,Свое производство в Выборге. Приезжайте на образцы. Бесплатная доставка по району.,https://marmara-pro.ru?utm_content=commerce&utm_term={PHRASE},-,-,-,-,Текстово-графический,Автоматический,0.00,0,0,-,-,1,-,0.00,0.90,0.00,89.51,3.00,-,-,-
Термопанели в Выборге,712773255,23.08.2026,Группа 1 - коммерческая,5773901452,Автотаргетинг,,-,0,-,0,клинкерная плитка это какая для чего,Целевые запросы,Запросы без упоминания брендов,-,,,,,Поиск,Прочее,Не определено,Смартфоны,Android,Wi-Fi,Женский,Старше 55,Остальные,Не определено,1915802398259215246,Активные,Комбинаторное,Термопанели с клинкером - собственный завод в Выборге,Клинкерная плитка+утеплитель в одной панели. Оплата в два этапа. Звоните!,https://marmara-pro.ru?utm_content=commerce&utm_term={PHRASE},-,-,-,-,Текстово-графический,Оригинальный,0.00,0,0,-,-,1,-,0.00,0.45,0.00,44.58,8.00,-,-,-
Термопанели в Выборге,712773255,23.08.2026,Группа 1 - коммерческая,5773901452,Автотаргетинг,,-,0,-,0,купить фасадные панели для наружной отделки дома дешево,Целевые запросы,Запросы без упоминания брендов,-,,,,,Поиск,Товарная галерея,Не определено,Смартфоны,Android,Wi-Fi,Женский,Старше 55,Остальные,Не определено,1915802398259215246,Активные,Комбинаторное,"Термопанели в Выборге - завод на Ленина, 11",Без посредников - завод. 60+ видов декора. Доставка по Ленобласти.,https://marmara-pro.ru?utm_content=commerce&utm_term={PHRASE},http://direct.yandex.ru/images/direct/4298071/skS6Zjow652PazB91P1Ung,плитка 01.jpg,-,-,Текстово-графический,Автоматический,0.00,0,0,-,-,1,-,0.00,0.09,0.00,9.32,14.00,-,-,-
Термопанели в Выборге,712773255,23.08.2026,Группа 1 - коммерческая,5773901452,Автотаргетинг,,-,0,-,0,маттоне панель облицовочная белый кирпич с серыми швами 600х600,Альтернативные запросы,Запросы без упоминания брендов,-,,,,,Поиск,Спецразмещение,Не определено,Десктопы,Не определён,Wi-Fi,Мужской,Старше 55,Остальные,Не определено,1915802398259215246,Активные,Комбинаторное,"Термопанели в Выборге - завод на Ленина, 11",Свое производство в Выборге. Приезжайте на образцы. Бесплатная доставка по району.,https://marmara-pro.ru?utm_content=commerce&utm_term={PHRASE},-,-,-,-,Текстово-графический,Автоматический,0.00,0,0,-,-,1,-,0.00,0.58,0.00,57.69,4.00,-,-,-
Термопанели в Выборге,712773255,23.08.2026,Группа 1 - коммерческая,5773901452,Автотаргетинг,,-,0,-,0,облицовочные панели для фасада дома,Целевые запросы,Запросы без упоминания брендов,-,,,,,Поиск,Прочее,Не определено,Смартфоны,Android,Wi-Fi,Мужской,Старше 55,Остальные,Не определено,1915802398259215246,Активные,Комбинаторное,Гарантия до 5 лет на термопанели,Свое производство в Выборге. Приезжайте на образцы. Бесплатная доставка по району.,https://marmara-pro.ru?utm_content=commerce&utm_term={PHRASE},-,-,-,-,Текстово-графический,Автоматический,0.00,0,0,-,-,1,-,0.00,0.65,0.00,64.58,6.00,-,-,-
Термопанели в Выборге,712773255,23.08.2026,Группа 1 - коммерческая,5773901452,Автотаргетинг,,-,0,-,0,плитка фасадная технониколь hauberk 3х250х1000мм каталонский кирпич в колпино,Альтернативные запросы,Запросы с упоминанием брендов конкурентов,-,,,,,Поиск,Прочее,Не определено,Смартфоны,Android,Wi-Fi,Мужской,45-54 года,Остальные,Не определено,1915802398259215246,Активные,Комбинаторное,"Термопанели в Выборге - завод на Ленина, 11",Клинкерная плитка+утеплитель в одной панели. Оплата в два этапа. Звоните!,https://marmara-pro.ru?utm_content=commerce&utm_term={PHRASE},-,-,-,-,Текстово-графический,Оригинальный,0.00,0,0,-,-,1,-,0.00,0.09,0.00,8.50,5.00,-,-,-
Термопанели в Выборге,712773255,23.08.2026,Группа 1 - коммерческая,5773901452,Автотаргетинг,,-,0,-,0,самый дешевый фасад,Сопутствующие запросы,Запросы без упоминания брендов,-,,,,,Поиск,Прочее,Не определено,Смартфоны,Android,Wi-Fi,Женский,25-34 года,Остальные,Не определено,1915802398259215246,Активные,Комбинаторное,Купить термопанели в Выборге напрямую,Свое производство в Выборге. Приезжайте на образцы. Бесплатная доставка по району.,https://marmara-pro.ru?utm_content=commerce&utm_term={PHRASE},-,-,-,-,Текстово-графический,Автоматический,0.00,0,0,-,-,1,-,0.00,0.42,0.00,41.63,6.00,-,-,-
Термопанели в Выборге,712773255,23.08.2026,Группа 1 - коммерческая,5773901452,Автотаргетинг,,-,0,-,0,строим наш дом выборг каталог,Широкие запросы,Запросы с упоминанием брендов конкурентов,-,,,,,Поиск,Прочее,Не определено,Смартфоны,Android,Wi-Fi,Мужской,45-54 года,Остальные,Не определено,1915802398259215246,Активные,Комбинаторное,Бесплатная доставка по Выборгскому району,Свое производство в Выборге. Приезжайте на образцы. Бесплатная доставка по району.,https://marmara-pro.ru?utm_content=commerce&utm_term={PHRASE},-,-,-,-,Текстово-графический,Оригинальный,0.00,0,0,-,-,1,-,0.00,0.09,0.00,8.50,5.00,-,-,-
Термопанели в Выборге,712773255,23.08.2026,Группа 1 - коммерческая,5773901452,Автотаргетинг,,-,0,-,0,стройтовары в гатчине,Целевые запросы,Запросы без упоминания брендов,-,,,,,Поиск,Прочее,Не определено,Смартфоны,iOS,Wi-Fi,Мужской,Старше 55,Остальные,Не определено,1915802398259215246,Активные,Комбинаторное,"Термопанели в Выборге - завод на Ленина, 11",Свое производство в Выборге. Приезжайте на образцы. Бесплатная доставка по району.,https://marmara-pro.ru?utm_content=commerce&utm_term={PHRASE},-,-,-,-,Текстово-графический,Оригинальный,0.00,0,0,-,-,1,-,0.00,0.45,0.00,44.58,8.00,-,-,-
Термопанели в Выборге,712773255,23.08.2026,Группа 1 - коммерческая,5773901452,Автотаргетинг,,-,0,-,0,технониколь выборг,Альтернативные запросы,Запросы с упоминанием брендов конкурентов,-,,,,,Поиск,Прочее,Не определено,Смартфоны,Android,Wi-Fi,Женский,35-44 года,Остальные,Не определено,1915802398259215246,Активные,Комбинаторное,"Термопанели в Выборге - завод на Ленина, 11",Свое производство в Выборге. Приезжайте на образцы. Бесплатная доставка по району.,https://marmara-pro.ru?utm_content=commerce&utm_term={PHRASE},-,-,-,-,Текстово-графический,Оригинальный,0.00,0,0,-,-,1,-,0.00,0.09,0.00,8.50,5.00,-,-,-
Термопанели в Выборге,712773255,23.08.2026,Группа 1 - коммерческая,5773901452,Автотаргетинг,,-,0,-,0,чем и как обшить морской контейнер,Сопутствующие запросы,Запросы без упоминания брендов,-,,,,,Поиск,Прочее,Не определено,Смартфоны,Android,Wi-Fi,Женский,Старше 55,Остальные,Не определено,1915802398259215246,Активные,Комбинаторное,Гарантия до 5 лет на термопанели,Свое производство в Выборге. Приезжайте на образцы. Бесплатная доставка по району.,https://marmara-pro.ru?utm_content=commerce&utm_term={PHRASE},-,-,-,-,Текстово-графический,Автоматический,0.00,0,0,-,-,1,-,0.00,0.42,0.00,41.63,6.00,-,-,-
Термопанели в Выборге,712773255,23.08.2026,Группа 2 - Гео (ключевая),5773898865,Автотаргетинг,,-,0,-,0,,Не определено,-,-,,,,,Сети,Прочее,Не определено,Десктопы,Не определён,Wi-Fi,Женский,Старше 55,Остальные,Не определено,1915800871397818629,Остановленные,Комбинаторное,Купить термопанели в Выборге напрямую,Без посредников - завод. 60+ видов декора. Доставка по Ленобласти.,https://marmara-pro.ru?utm_content=zavod&utm_term={PHRASE},http://direct.yandex.ru/images/direct/5245050/6C6d0cQ-RdpqlPYUtMZQkw,пример 2.jpg,1163321614,https://avatars.mds.yandex.net/get-media-adv-screenshooter/20873747/75477b03-780e-4e10-adff-81a72fc688af/orig,Текстово-графический,Оригинальный,0.00,0,0,-,-,1,-,0.00,1.00,0.00,100.00,-,-,-,-
Термопанели в Выборге,712773255,23.08.2026,Группа 2 - Гео (ключевая),5773898865,Автотаргетинг,,-,0,-,0,,Не определено,-,-,,,,,Сети,Прочее,Не определено,Смартфоны,Android,Wi-Fi,Мужской,45-54 года,Остальные,Не определено,1915800871397818629,Остановленные,Комбинаторное,Купить термопанели в Выборге напрямую,Без посредников - завод. 60+ видов декора. Доставка по Ленобласти.,https://marmara-pro.ru?utm_content=zavod&utm_term={PHRASE},http://direct.yandex.ru/images/direct/5250956/5XPY7aqvM1xRQF8e4uTrqg,карусель 4-3_06.jpg,1163321614,https://avatars.mds.yandex.net/get-media-adv-screenshooter/20873747/75477b03-780e-4e10-adff-81a72fc688af/orig,Текстово-графический,Оригинальный,0.00,0,0,-,-,2,-,0.00,2.00,0.00,100.00,-,-,-,-
Термопанели в Выборге,712773255,23.08.2026,Группа 2 - Гео (ключевая),5773898865,Автотаргетинг,,-,0,-,0,,Не определено,-,-,,,,,Сети,Прочее,Не определено,Смартфоны,Android,Wi-Fi,Мужской,Старше 55,Остальные,Не определено,1915800871397818629,Остановленные,Комбинаторное,Купить термопанели в Выборге напрямую,Без посредников - завод. 60+ видов декора. Доставка по Ленобласти.,https://marmara-pro.ru?utm_content=zavod&utm_term={PHRASE},http://direct.yandex.ru/images/direct/5250956/5XPY7aqvM1xRQF8e4uTrqg,карусель 4-3_06.jpg,1163321614,https://avatars.mds.yandex.net/get-media-adv-screenshooter/20873747/75477b03-780e-4e10-adff-81a72fc688af/orig,Текстово-графический,Автоматический,0.00,0,0,-,-,2,-,0.00,2.00,0.00,100.00,-,-,-,-
Термопанели в Выборге,712773255,23.08.2026,Группа 2 - Гео (ключевая),5773898865,Автотаргетинг,,-,0,-,0,,Не определено,-,-,,,,,Сети,Прочее,Не определено,Смартфоны,Android,Wi-Fi,Мужской,Старше 55,Остальные,Не определено,1915800871397818629,Остановленные,Комбинаторное,Купить термопанели в Выборге напрямую,Без посредников - завод. 60+ видов декора. Доставка по Ленобласти.,https://marmara-pro.ru?utm_content=zavod&utm_term={PHRASE},http://direct.yandex.ru/images/direct/5250956/5XPY7aqvM1xRQF8e4uTrqg,карусель 4-3_06.jpg,1163321614,https://avatars.mds.yandex.net/get-media-adv-screenshooter/20873747/75477b03-780e-4e10-adff-81a72fc688af/orig,Текстово-графический,Оригинальный,0.00,1,0,0.00,-,2,0.00,50.00,2.00,50.00,100.00,-,-,0.00,1.00
Термопанели в Выборге,712773255,23.08.2026,Группа 2 - Гео (ключевая),5773898865,Автотаргетинг,,-,0,-,0,,Не определено,-,-,,,,,Сети,Прочее,Не определено,Смартфоны,Android,Wi-Fi,Мужской,Старше 55,Остальные,Не определено,1915800871397818629,Остановленные,Комбинаторное,Купить термопанели в Выборге напрямую,Без посредников - завод. 60+ видов декора. Доставка по Ленобласти.,https://marmara-pro.ru?utm_content=zavod&utm_term={PHRASE},http://direct.yandex.ru/images/direct/5250956/5XPY7aqvM1xRQF8e4uTrqg,карусель 4-3_06.jpg,1163321614,https://avatars.mds.yandex.net/get-media-adv-screenshooter/20873747/75477b03-780e-4e10-adff-81a72fc688af/orig,Видео,Оригинальный,0.00,1,0,0.00,-,1,0.00,100.00,1.00,100.00,100.00,-,-,0.00,3.00
Термопанели в Выборге,712773255,23.08.2026,Группа 2 - Гео (ключевая),5773898865,Автотаргетинг,,-,0,-,0,,Не определено,-,-,,,,,Сети,Прочее,Не определено,Смартфоны,Android,Wi-Fi,Мужской,Старше 55,Остальные,Не определено,1915800871397818629,Остановленные,Комбинаторное,Купить термопанели в Выборге напрямую,Без посредников - завод. 60+ видов декора. Доставка по Ленобласти.,https://marmara-pro.ru?utm_content=zavod&utm_term={PHRASE},http://direct.yandex.ru/images/direct/5250956/5XPY7aqvM1xRQF8e4uTrqg,карусель 4-3_06.jpg,1163321614,https://avatars.mds.yandex.net/get-media-adv-screenshooter/20873747/75477b03-780e-4e10-adff-81a72fc688af/orig,Карусель,Оригинальный,0.00,0,0,-,-,1,-,0.00,1.00,0.00,100.00,-,-,-,-
Термопанели в Выборге,712773255,23.08.2026,Группа 2 - Гео (ключевая),5773898865,Автотаргетинг,,-,0,-,0,,Не определено,-,-,,,,,Сети,Прочее,Не определено,Смартфоны,Android,Wi-Fi,Мужской,Старше 55,Остальные,Не определено,1915800871397818629,Остановленные,Комбинаторное,Купить термопанели в Выборге напрямую,Клинкерная плитка+утеплитель в одной панели. Оплата в два этапа. Звоните!,https://marmara-pro.ru?utm_content=zavod&utm_term={PHRASE},http://direct.yandex.ru/images/direct/4298071/skS6Zjow652PazB91P1Ung,плитка 01.jpg,1163322157,https://avatars.mds.yandex.net/get-media-adv-screenshooter/20941197/1d06a155-09ca-4034-b8a4-ad411694a4d7/orig,Текстово-графический,Оригинальный,0.00,0,0,-,-,12,-,0.00,12.00,0.00,100.00,-,-,-,-
Термопанели в Выборге,712773255,23.08.2026,Группа 2 - Гео (ключевая),5773898865,Автотаргетинг,,-,0,-,0,,Не определено,-,-,,,,,Сети,Прочее,Не определено,Смартфоны,Android,Wi-Fi,Мужской,Старше 55,Остальные,Не определено,1915800871397818629,Остановленные,Комбинаторное,"Термопанели в Выборге - завод на Ленина, 11",Клинкерная плитка+утеплитель в одной панели. Оплата в два этапа. Звоните!,https://marmara-pro.ru?utm_content=zavod&utm_term={PHRASE},http://direct.yandex.ru/images/direct/5245050/6C6d0cQ-RdpqlPYUtMZQkw,пример 2.jpg,1163321614,https://avatars.mds.yandex.net/get-media-adv-screenshooter/20873747/75477b03-780e-4e10-adff-81a72fc688af/orig,Текстово-графический,Оригинальный,0.00,0,0,-,-,1,-,0.00,1.00,0.00,100.00,-,-,-,-
Термопанели в Выборге,712773255,23.08.2026,Группа 2 - Гео (ключевая),5773898865,Автотаргетинг,,-,0,-,0,,Не определено,-,-,,,,,Сети,Прочее,Не определено,Смартфоны,Android,Wi-Fi,Женский,35-44 года,Остальные,Не определено,1915800871397818629,Остановленные,Комбинаторное,Купить термопанели в Выборге напрямую,Без посредников - завод. 60+ видов декора. Доставка по Ленобласти.,https://marmara-pro.ru?utm_content=zavod&utm_term={PHRASE},http://direct.yandex.ru/images/direct/5250956/5XPY7aqvM1xRQF8e4uTrqg,карусель 4-3_06.jpg,1163321614,https://avatars.mds.yandex.net/get-media-adv-screenshooter/20873747/75477b03-780e-4e10-adff-81a72fc688af/orig,Карусель,Автоматический,0.00,1,0,0.00,-,1,0.00,100.00,1.00,100.00,100.00,-,-,0.00,4.00
Термопанели в Выборге,712773255,23.08.2026,Группа 2 - Гео (ключевая),5773898865,Автотаргетинг,,-,0,-,0,,Не определено,-,-,,,,,Сети,Прочее,Не определено,Смартфоны,Android,Wi-Fi,Женский,45-54 года,6–10%,Не определено,1915800871397818629,Остановленные,Комбинаторное,Купить термопанели в Выборге напрямую,Без посредников - завод. 60+ видов декора. Доставка по Ленобласти.,https://marmara-pro.ru?utm_content=zavod&utm_term={PHRASE},http://direct.yandex.ru/images/direct/5250956/5XPY7aqvM1xRQF8e4uTrqg,карусель 4-3_06.jpg,1163321614,https://avatars.mds.yandex.net/get-media-adv-screenshooter/20873747/75477b03-780e-4e10-adff-81a72fc688af/orig,Видео,Оригинальный,0.00,0,0,-,-,1,-,0.00,1.00,0.00,100.00,-,-,-,-
Термопанели в Выборге,712773255,23.08.2026,Группа 2 - Гео (ключевая),5773898865,Автотаргетинг,,-,0,-,0,,Не определено,-,-,,,,,Сети,Прочее,Не определено,Смартфоны,Android,Wi-Fi,Женский,Старше 55,Остальные,Не определено,1915800871397818629,Остановленные,Комбинаторное,Купить термопанели в Выборге напрямую,Без посредников - завод. 60+ видов декора. Доставка по Ленобласти.,https://marmara-pro.ru?utm_content=zavod&utm_term={PHRASE},http://direct.yandex.ru/images/direct/5250956/5XPY7aqvM1xRQF8e4uTrqg,карусель 4-3_06.jpg,1163321614,https://avatars.mds.yandex.net/get-media-adv-screenshooter/20873747/75477b03-780e-4e10-adff-81a72fc688af/orig,Текстово-графический,Автоматический,0.00,0,0,-,-,2,-,0.00,2.00,0.00,100.00,-,-,-,-
Термопанели в Выборге,712773255,23.08.2026,Группа 2 - Гео (ключевая),5773898865,Автотаргетинг,,-,0,-,0,,Не определено,-,-,,,,,Сети,Прочее,Не определено,Смартфоны,Android,Wi-Fi,Женский,Старше 55,Остальные,Не определено,1915800871397818629,Остановленные,Комбинаторное,Купить термопанели в Выборге напрямую,Без посредников - завод. 60+ видов декора. Доставка по Ленобласти.,https://marmara-pro.ru?utm_content=zavod&utm_term={PHRASE},http://direct.yandex.ru/images/direct/5250956/5XPY7aqvM1xRQF8e4uTrqg,карусель 4-3_06.jpg,1163321614,https://avatars.mds.yandex.net/get-media-adv-screenshooter/20873747/75477b03-780e-4e10-adff-81a72fc688af/orig,Видео,Автоматический,0.00,0,0,-,-,1,-,0.00,1.00,0.00,100.00,-,-,-,-
Термопанели в Выборге,712773255,23.08.2026,Группа 2 - Гео (ключевая),5773898865,Автотаргетинг,,-,0,-,0,,Не определено,-,-,,,,,Сети,Прочее,Не определено,Смартфоны,Android,Мобильная связь,Женский,Старше 55,Остальные,Не определено,1915800871397818629,Остановленные,Комбинаторное,Клинкерные термопанели - производство Выборг,Свое производство в Выборге. Приезжайте на образцы. Бесплатная доставка по району.,https://marmara-pro.ru?utm_content=zavod&utm_term={PHRASE},http://direct.yandex.ru/images/direct/5250956/5XPY7aqvM1xRQF8e4uTrqg,карусель 4-3_06.jpg,1163322157,https://avatars.mds.yandex.net/get-media-adv-screenshooter/20941197/1d06a155-09ca-4034-b8a4-ad411694a4d7/orig,Видео,Автоматический,0.00,0,0,-,-,1,-,0.00,1.00,0.00,100.00,-,-,-,-
Термопанели в Выборге,712773255,23.08.2026,Группа 2 - Гео (ключевая),5773898865,Автотаргетинг,,-,0,-,0,,Не определено,-,-,,,,,Сети,Прочее,Не определено,Смартфоны,iOS,Мобильная связь,Женский,25-34 года,6–10%,Не определено,1915800871397818629,Остановленные,Комбинаторное,Купить термопанели в Выборге напрямую,Без посредников - завод. 60+ видов декора. Доставка по Ленобласти.,https://marmara-pro.ru?utm_content=zavod&utm_term={PHRASE},http://direct.yandex.ru/images/direct/5250956/5XPY7aqvM1xRQF8e4uTrqg,карусель 4-3_06.jpg,1163321614,https://avatars.mds.yandex.net/get-media-adv-screenshooter/20873747/75477b03-780e-4e10-adff-81a72fc688af/orig,Текстово-графический,Оригинальный,0.00,0,0,-,-,1,-,0.00,1.00,0.00,100.00,-,-,-,-
Термопанели в Выборге,712773255,23.08.2026,Группа 2 - Гео (ключевая),5773898865,Автотаргетинг,,-,0,-,0,,Не определено,-,-,,,,,Сети,Прочее,Не определено,Смартфоны,iOS,Мобильная связь,Женский,25-34 года,6–10%,Не определено,1915800871397818629,Остановленные,Комбинаторное,Купить термопанели в Выборге напрямую,Клинкерная плитка+утеплитель в одной панели. Оплата в два этапа. Звоните!,https://marmara-pro.ru?utm_content=zavod&utm_term={PHRASE},http://direct.yandex.ru/images/direct/4298071/skS6Zjow652PazB91P1Ung,плитка 01.jpg,1163322157,https://avatars.mds.yandex.net/get-media-adv-screenshooter/20941197/1d06a155-09ca-4034-b8a4-ad411694a4d7/orig,Текстово-графический,Оригинальный,0.00,0,0,-,-,1,-,0.00,1.00,0.00,100.00,-,-,-,-
Термопанели в Выборге,712773255,23.08.2026,Группа 2 - Гео (ключевая),5773898865,Автотаргетинг,,-,0,-,0,,Не определено,-,-,,,,,Сети,Прочее,Не определено,Смартфоны,iOS,Мобильная связь,Женский,25-34 года,6–10%,Не определено,1915800871397818629,Остановленные,Комбинаторное,"Термопанели в Выборге - завод на Ленина, 11",Клинкерная плитка+утеплитель в одной панели. Оплата в два этапа. Звоните!,https://marmara-pro.ru?utm_content=zavod&utm_term={PHRASE},http://direct.yandex.ru/images/direct/5245050/6C6d0cQ-RdpqlPYUtMZQkw,пример 2.jpg,1163321614,https://avatars.mds.yandex.net/get-media-adv-screenshooter/20873747/75477b03-780e-4e10-adff-81a72fc688af/orig,Текстово-графический,Оригинальный,0.00,0,0,-,-,1,-,0.00,1.00,0.00,100.00,-,-,-,-
Термопанели в Выборге,712773255,23.08.2026,Группа 2 - Гео (ключевая),5773898865,Автотаргетинг,,-,0,-,0,hec gfytkm,Альтернативные запросы,Запросы с упоминанием брендов конкурентов,-,,,,,Поиск,Спецразмещение,Не определено,Десктопы,Не определён,Wi-Fi,Мужской,35-44 года,2–5%,Не определено,1915800871397818629,Остановленные,Комбинаторное,Производитель термопанелей в Ленобласти,Свое производство в Выборге. Приезжайте на образцы. Бесплатная доставка по району.,https://marmara-pro.ru?utm_content=zavod&utm_term={PHRASE},-,-,-,-,Текстово-графический,Автоматический,0.00,0,0,-,-,1,-,0.00,0.11,0.00,10.80,4.00,-,-,-
Термопанели в Выборге,712773255,23.08.2026,Группа 2 - Гео (ключевая),5773898865,Автотаргетинг,,-,0,-,0,как отличить настоящую термопанель от подделки,Сопутствующие запросы,Запросы без упоминания брендов,-,,,,,Поиск,Прочее,Не определено,Смартфоны,Android,Wi-Fi,Мужской,Старше 55,Остальные,Не определено,1915800871397818629,Остановленные,Комбинаторное,Гарантия до 5 лет на термопанели,Без посредников - завод. 60+ видов декора. Доставка по Ленобласти.,https://marmara-pro.ru?utm_content=zavod&utm_term={PHRASE},-,-,-,-,Текстово-графический,Оригинальный,0.00,0,0,-,-,1,-,0.00,0.09,0.00,8.50,5.00,-,-,-
Термопанели в Выборге,712773255,23.08.2026,Группа 2 - Гео (ключевая),5773898865,Автотаргетинг,,-,0,-,0,какие есть обшивки для дома материалы,Целевые запросы,Запросы без упоминания брендов,-,,,,,Поиск,Товарная галерея,Не определено,Смартфоны,Android,Wi-Fi,Женский,Старше 55,Остальные,Не определено,1915800871397818629,Остановленные,Комбинаторное,Производитель термопанелей в Ленобласти,Свое производство в Выборге. Приезжайте на образцы. Бесплатная доставка по району.,https://marmara-pro.ru?utm_content=zavod&utm_term={PHRASE},http://direct.yandex.ru/images/direct/5250956/5XPY7aqvM1xRQF8e4uTrqg,карусель 4-3_06.jpg,-,-,Текстово-графический,Оригинальный,0.00,0,0,-,-,1,-,0.00,0.14,0.00,13.50,14.00,-,-,-
Термопанели в Выборге,712773255,23.08.2026,Группа 2 - Гео (ключевая),5773898865,Автотаргетинг,,-,0,-,0,камень для фасада дома,Целевые запросы,Запросы без упоминания брендов,-,,,,,Поиск,Прочее,Не определено,Смартфоны,Android,Wi-Fi,Мужской,45-54 года,6–10%,Не определено,1915800871397818629,Остановленные,Комбинаторное,Гарантия до 5 лет на термопанели,Свое производство в Выборге. Приезжайте на образцы. Бесплатная доставка по району.,https://marmara-pro.ru?utm_content=zavod&utm_term={PHRASE},-,-,-,-,Текстово-графический,Оригинальный,0.00,0,0,-,-,1,-,0.00,0.45,0.00,44.58,8.00,-,-,-
Термопанели в Выборге,712773255,23.08.2026,Группа 2 - Гео (ключевая),5773898865,Автотаргетинг,,-,0,-,0,кирпич клинкерный облицовочный faber производитель,Альтернативные запросы,Запросы без упоминания брендов,-,,,,,Поиск,Спецразмещение,Не определено,Смартфоны,Android,Wi-Fi,Мужской,35-44 года,Топ 1%,Не определено,1915800871397818629,Остановленные,Комбинаторное,Клинкерные термопанели - производство Выборг,Свое производство в Выборге. Приезжайте на образцы. Бесплатная доставка по району.,https://marmara-pro.ru?utm_content=zavod&utm_term={PHRASE},-,-,-,-,Текстово-графический,Автоматический,0.00,0,0,-,-,1,-,0.00,0.84,0.00,83.66,2.00,-,-,-
Термопанели в Выборге,712773255,23.08.2026,Группа 2 - Гео (ключевая),5773898865,Автотаргетинг,,-,0,-,0,маттоне панель облицовочная белый кирпич с серыми швами 600х600,Альтернативные запросы,Запросы без упоминания брендов,-,,,,,Поиск,Спецразмещение,Не определено,Десктопы,Не определён,Wi-Fi,Мужской,Старше 55,Остальные,Не определено,1915800871397818629,Активные,Комбинаторное,Клинкерные термопанели - производство Выборг,Свое производство в Выборге. Приезжайте на образцы. Бесплатная доставка по району.,https://marmara-pro.ru?utm_content=zavod&utm_term={PHRASE},-,-,-,-,Текстово-графический,Автоматический,0.00,1,0,0.00,-,1,0.00,100.00,0.58,172.06,58.12,-,-,0.00,2.00
Термопанели в Выборге,712773255,23.08.2026,Группа 2 - Гео (ключевая),5773898865,Автотаргетинг,,-,0,-,0,маттоне панель облицовочная белый кирпич с серыми швами 600х600,Альтернативные запросы,Запросы без упоминания брендов,-,,,,,Поиск,Спецразмещение,Не определено,Десктопы,Не определён,Wi-Fi,Мужской,Старше 55,Остальные,Не определено,1915800871397818629,Остановленные,Комбинаторное,Купить термопанели в Выборге напрямую,Клинкерная плитка+утеплитель в одной панели. Оплата в два этапа. Звоните!,https://marmara-pro.ru?utm_content=zavod&utm_term={PHRASE},-,-,-,-,Текстово-графический,Автоматический,0.00,0,0,-,-,1,-,0.00,0.74,0.00,74.32,4.00,-,-,-
Термопанели в Выборге,712773255,23.08.2026,Группа 2 - Гео (ключевая),5773898865,Автотаргетинг,,-,0,-,0,самый дешевый фасад,Сопутствующие запросы,Запросы без упоминания брендов,-,,,,,Поиск,Спецразмещение,Не определено,Смартфоны,Android,Wi-Fi,Женский,25-34 года,Остальные,Не определено,1915800871397818629,Остановленные,Комбинаторное,Купить термопанели в Выборге напрямую,Без посредников - завод. 60+ видов декора. Доставка по Ленобласти.,https://marmara-pro.ru?utm_content=zavod&utm_term={PHRASE},-,-,-,-,Текстово-графический,Автоматический,0.00,1,0,0.00,-,1,0.00,100.00,0.84,118.34,84.50,2.00,2.00,0.00,1.00
Термопанели в Выборге,712773255,23.08.2026,Группа 2 - Гео (ключевая),5773898865,Автотаргетинг,,-,0,-,0,теплеко в выборге,Альтернативные запросы,Запросы с упоминанием брендов конкурентов,-,,,,,Поиск,Динамические места на поиске,Не определено,Смартфоны,Android,Wi-Fi,Женский,Старше 55,Остальные,Не определено,1915800871397818629,Остановленные,Комбинаторное,Заголовок из контента поискового сниппета или настроек объявления,Текст из контента поискового сниппета или настроек объявления,https://marmara-pro.ru?utm_content=zavod&utm_term={PHRASE},-,-,-,-,Текстово-графический,Оригинальный,0.00,0,0,-,-,1,-,0.00,0.25,0.00,25.13,4.00,-,-,-
Термопанели в Выборге,712773255,23.08.2026,Группа 2 - Гео (ключевая),5773898865,Автотаргетинг,,-,0,-,0,термопанели для наружной отделки деревянного дома,Узкие запросы,Запросы без упоминания брендов,-,,,,,Поиск,Прочее,Не определено,Смартфоны,Android,Wi-Fi,Женский,45-54 года,Остальные,Не определено,1915800871397818629,Остановленные,Комбинаторное,Производитель термопанелей в Ленобласти,Свое производство в Выборге. Приезжайте на образцы. Бесплатная доставка по району.,https://marmara-pro.ru?utm_content=zavod&utm_term={PHRASE},-,-,-,-,Текстово-графический,Оригинальный,0.00,0,0,-,-,1,-,0.00,0.09,0.00,8.50,5.00,-,-,-
Термопанели в Выборге,712773255,23.08.2026,Группа 2 - Гео (ключевая),5773898865,Автотаргетинг,,-,0,-,0,термопанель,Целевые запросы,Запросы без упоминания брендов,-,,,,,Поиск,Спецразмещение,Не определено,Планшеты,Android,Wi-Fi,Мужской,35-44 года,Остальные,Не определено,1915800871397818629,Остановленные,Комбинаторное,Производитель термопанелей в Ленобласти,Свое производство в Выборге. Приезжайте на образцы. Бесплатная доставка по району.,https://marmara-pro.ru?utm_content=zavod&utm_term={PHRASE},-,-,-,-,Текстово-графический,Оригинальный,0.00,0,0,-,-,1,-,0.00,0.07,0.00,7.31,3.00,-,-,-
Термопанели в Выборге,712773255,23.08.2026,Группа 2 - Гео (ключевая),5773898865,Автотаргетинг,,-,0,-,0,термопанель европа орегон 3,Альтернативные запросы,Запросы с упоминанием брендов конкурентов,-,,,,,Поиск,Спецразмещение,Не определено,Десктопы,Не определён,Wi-Fi,Женский,Старше 55,Остальные,Не определено,1915800871397818629,Остановленные,Комбинаторное,Производитель термопанелей в Ленобласти,Свое производство в Выборге. Приезжайте на образцы. Бесплатная доставка по району.,https://marmara-pro.ru?utm_content=zavod&utm_term={PHRASE},-,-,-,-,Текстово-графический,Автоматический,0.00,0,0,-,-,1,-,0.00,0.46,0.00,46.48,4.00,-,-,-
Термопанели в Выборге,712773255,23.08.2026,Группа 2 - Гео (ключевая),5773898865,Автотаргетинг,,-,0,-,0,фабрика термопанелей адрес,Альтернативные запросы,Запросы с упоминанием брендов конкурентов,-,,,,,Поиск,Прочее,Не определено,Смартфоны,iOS,Wi-Fi,Женский,35-44 года,6–10%,Не определено,1915800871397818629,Остановленные,Комбинаторное,Производитель термопанелей в Ленобласти,Свое производство в Выборге. Приезжайте на образцы. Бесплатная доставка по району.,https://marmara-pro.ru?utm_content=zavod&utm_term={PHRASE},-,-,-,-,Текстово-графический,Оригинальный,0.00,0,0,-,-,1,-,0.00,0.09,0.00,8.50,5.00,-,-,-
Термопанели в Выборге,712773255,23.08.2026,Группа 3 - клинкер (продуктовая),5773902142,Автотаргетинг,,-,0,-,0,,Не определено,-,-,,,,,Сети,Прочее,Не определено,Десктопы,Не определён,Wi-Fi,Мужской,Старше 55,Остальные,Не определено,1915802914729060647,Активные,Комбинаторное,"Термопанели в Выборге - завод на Ленина, 11",Без посредников - завод. 60+ видов декора. Доставка по Ленобласти.,https://marmara-pro.ru?utm_content=product&utm_term={PHRASE},http://direct.yandex.ru/images/direct/5245050/6C6d0cQ-RdpqlPYUtMZQkw,пример 2.jpg,1163321614,https://avatars.mds.yandex.net/get-media-adv-screenshooter/20873747/75477b03-780e-4e10-adff-81a72fc688af/orig,Текстово-графический,Оригинальный,0.00,0,0,-,-,1,-,0.00,1.00,0.00,100.00,-,-,-,-
Термопанели в Выборге,712773255,23.08.2026,Группа 3 - клинкер (продуктовая),5773902142,Автотаргетинг,,-,0,-,0,,Не определено,-,-,,,,,Сети,Прочее,Не определено,Десктопы,Не определён,Wi-Fi,Мужской,Старше 55,Остальные,Не определено,1915802914729060647,Активные,Комбинаторное,"Термопанели в Выборге - завод на Ленина, 11",Без посредников - завод. 60+ видов декора. Доставка по Ленобласти.,https://marmara-pro.ru?utm_content=product&utm_term={PHRASE},http://direct.yandex.ru/images/direct/5250956/5XPY7aqvM1xRQF8e4uTrqg,карусель 4-3_06.jpg,1163321614,https://avatars.mds.yandex.net/get-media-adv-screenshooter/20873747/75477b03-780e-4e10-adff-81a72fc688af/orig,Текстово-графический,Оригинальный,0.00,0,0,-,-,1,-,0.00,1.00,0.00,100.00,-,-,-,-
Термопанели в Выборге,712773255,23.08.2026,Группа 3 - клинкер (продуктовая),5773902142,Автотаргетинг,,-,0,-,0,,Не определено,-,-,,,,,Сети,Прочее,Не определено,Десктопы,Не определён,Wi-Fi,Мужской,Старше 55,Остальные,Не определено,1915802914729060647,Активные,Комбинаторное,"Термопанели в Выборге - завод на Ленина, 11",Без посредников - завод. 60+ видов декора. Доставка по Ленобласти.,https://marmara-pro.ru?utm_content=product&utm_term={PHRASE},http://direct.yandex.ru/images/direct/5250956/5XPY7aqvM1xRQF8e4uTrqg,карусель 4-3_06.jpg,1163322157,https://avatars.mds.yandex.net/get-media-adv-screenshooter/20941197/1d06a155-09ca-4034-b8a4-ad411694a4d7/orig,Текстово-графический,Оригинальный,0.00,0,0,-,-,1,-,0.00,1.00,0.00,100.00,-,-,-,-
Термопанели в Выборге,712773255,23.08.2026,Группа 3 - клинкер (продуктовая),5773902142,Автотаргетинг,,-,0,-,0,,Не определено,-,-,,,,,Сети,Прочее,Не определено,Смартфоны,Другие,Wi-Fi,Мужской,45-54 года,Остальные,Не определено,1915802914729060647,Активные,Комбинаторное,Термопанели с клинкером - собственный завод в Выборге,Без посредников - завод. 60+ видов декора. Доставка по Ленобласти.,https://marmara-pro.ru?utm_content=product&utm_term={PHRASE},http://direct.yandex.ru/images/direct/5442016/qtxMfdimB3EKymbW9TWLzQ,термопанель.png,1163321614,https://avatars.mds.yandex.net/get-media-adv-screenshooter/20873747/75477b03-780e-4e10-adff-81a72fc688af/orig,Текстово-графический,Оригинальный,0.00,0,0,-,-,1,-,0.00,1.00,0.00,100.00,-,-,-,-
Термопанели в Выборге,712773255,23.08.2026,Группа 3 - клинкер (продуктовая),5773902142,Автотаргетинг,,-,0,-,0,,Не определено,-,-,,,,,Сети,Прочее,Не определено,Смартфоны,Android,Wi-Fi,Мужской,25-34 года,Остальные,Не определено,1915802914729060647,Активные,Комбинаторное,"Термопанели в Выборге - завод на Ленина, 11",Без посредников - завод. 60+ видов декора. Доставка по Ленобласти.,https://marmara-pro.ru?utm_content=product&utm_term={PHRASE},http://direct.yandex.ru/images/direct/5250956/5XPY7aqvM1xRQF8e4uTrqg,карусель 4-3_06.jpg,1163322157,https://avatars.mds.yandex.net/get-media-adv-screenshooter/20941197/1d06a155-09ca-4034-b8a4-ad411694a4d7/orig,Текстово-графический,Оригинальный,0.00,0,0,-,-,1,-,0.00,1.00,0.00,100.00,-,-,-,-
Термопанели в Выборге,712773255,23.08.2026,Группа 3 - клинкер (продуктовая),5773902142,Автотаргетинг,,-,0,-,0,,Не определено,-,-,,,,,Сети,Прочее,Не определено,Смартфоны,Android,Wi-Fi,Мужской,35-44 года,Остальные,Не определено,1915802914729060647,Активные,Комбинаторное,Термопанели с клинкером - собственный завод в Выборге,Без посредников - завод. 60+ видов декора. Доставка по Ленобласти.,https://marmara-pro.ru?utm_content=product&utm_term={PHRASE},http://direct.yandex.ru/images/direct/5442016/qtxMfdimB3EKymbW9TWLzQ,термопанель.png,1163321614,https://avatars.mds.yandex.net/get-media-adv-screenshooter/20873747/75477b03-780e-4e10-adff-81a72fc688af/orig,Текстово-графический,Оригинальный,0.00,0,0,-,-,1,-,0.00,1.00,0.00,100.00,-,-,-,-
Термопанели в Выборге,712773255,23.08.2026,Группа 3 - клинкер (продуктовая),5773902142,Автотаргетинг,,-,0,-,0,,Не определено,-,-,,,,,Сети,Прочее,Не определено,Смартфоны,Android,Wi-Fi,Мужской,35-44 года,Остальные,Не определено,1915802914729060647,Активные,Комбинаторное,Термопанели с клинкером - собственный завод в Выборге,Без посредников - завод. 60+ видов декора. Доставка по Ленобласти.,https://marmara-pro.ru?utm_content=product&utm_term={PHRASE},http://direct.yandex.ru/images/direct/5442016/qtxMfdimB3EKymbW9TWLzQ,термопанель.png,1163321614,https://avatars.mds.yandex.net/get-media-adv-screenshooter/20873747/75477b03-780e-4e10-adff-81a72fc688af/orig,Видео,Оригинальный,0.00,0,0,-,-,1,-,0.00,1.00,0.00,100.00,-,-,-,-
Термопанели в Выборге,712773255,23.08.2026,Группа 3 - клинкер (продуктовая),5773902142,Автотаргетинг,,-,0,-,0,,Не определено,-,-,,,,,Сети,Прочее,Не определено,Смартфоны,Android,Wi-Fi,Мужской,45-54 года,Остальные,Не определено,1915802914729060647,Активные,Комбинаторное,Термопанели с клинкером - собственный завод в Выборге,Без посредников - завод. 60+ видов декора. Доставка по Ленобласти.,https://marmara-pro.ru?utm_content=product&utm_term={PHRASE},http://direct.yandex.ru/images/direct/5442016/qtxMfdimB3EKymbW9TWLzQ,термопанель.png,1163321614,https://avatars.mds.yandex.net/get-media-adv-screenshooter/20873747/75477b03-780e-4e10-adff-81a72fc688af/orig,Текстово-графический,Автоматический,0.00,1,0,0.00,-,2,0.00,50.00,2.00,50.00,100.00,-,-,-,-
Термопанели в Выборге,712773255,23.08.2026,Группа 3 - клинкер (продуктовая),5773902142,Автотаргетинг,,-,0,-,0,,Не определено,-,-,,,,,Сети,Прочее,Не определено,Смартфоны,Android,Wi-Fi,Мужской,45-54 года,Остальные,Не определено,1915802914729060647,Активные,Комбинаторное,Термопанели с клинкером - собственный завод в Выборге,Без посредников - завод. 60+ видов декора. Доставка по Ленобласти.,https://marmara-pro.ru?utm_content=product&utm_term={PHRASE},http://direct.yandex.ru/images/direct/5442016/qtxMfdimB3EKymbW9TWLzQ,термопанель.png,1163321614,https://avatars.mds.yandex.net/get-media-adv-screenshooter/20873747/75477b03-780e-4e10-adff-81a72fc688af/orig,Текстово-графический,Оригинальный,0.00,0,0,-,-,3,-,0.00,3.00,0.00,100.00,-,-,-,-
Термопанели в Выборге,712773255,23.08.2026,Группа 3 - клинкер (продуктовая),5773902142,Автотаргетинг,,-,0,-,0,,Не определено,-,-,,,,,Сети,Прочее,Не определено,Смартфоны,Android,Wi-Fi,Мужской,45-54 года,Остальные,Не определено,1915802914729060647,Активные,Комбинаторное,Термопанели с клинкером - собственный завод в Выборге,Без посредников - завод. 60+ видов декора. Доставка по Ленобласти.,https://marmara-pro.ru?utm_content=product&utm_term={PHRASE},http://direct.yandex.ru/images/direct/5442016/qtxMfdimB3EKymbW9TWLzQ,термопанель.png,1163321614,https://avatars.mds.yandex.net/get-media-adv-screenshooter/20873747/75477b03-780e-4e10-adff-81a72fc688af/orig,Карусель,Автоматический,0.00,0,0,-,-,1,-,0.00,1.00,0.00,100.00,-,-,-,-
Термопанели в Выборге,712773255,23.08.2026,Группа 3 - клинкер (продуктовая),5773902142,Автотаргетинг,,-,0,-,0,,Не определено,-,-,,,,,Сети,Прочее,Не определено,Смартфоны,Android,Wi-Fi,Мужской,45-54 года,6–10%,Не определено,1915802914729060647,Активные,Комбинаторное,"Термопанели в Выборге - завод на Ленина, 11",Без посредников - завод. 60+ видов декора. Доставка по Ленобласти.,https://marmara-pro.ru?utm_content=product&utm_term={PHRASE},http://direct.yandex.ru/images/direct/5250956/5XPY7aqvM1xRQF8e4uTrqg,карусель 4-3_06.jpg,1163322157,https://avatars.mds.yandex.net/get-media-adv-screenshooter/20941197/1d06a155-09ca-4034-b8a4-ad411694a4d7/orig,Текстово-графический,Автоматический,0.00,0,0,-,-,1,-,0.00,1.00,0.00,100.00,-,-,-,-
Термопанели в Выборге,712773255,23.08.2026,Группа 3 - клинкер (продуктовая),5773902142,Автотаргетинг,,-,0,-,0,,Не определено,-,-,,,,,Сети,Прочее,Не определено,Смартфоны,Android,Wi-Fi,Мужской,45-54 года,Топ 1%,Не определено,1915802914729060647,Активные,Комбинаторное,"Термопанели в Выборге - завод на Ленина, 11",Без посредников - завод. 60+ видов декора. Доставка по Ленобласти.,https://marmara-pro.ru?utm_content=product&utm_term={PHRASE},http://direct.yandex.ru/images/direct/5250956/5XPY7aqvM1xRQF8e4uTrqg,карусель 4-3_06.jpg,1163322157,https://avatars.mds.yandex.net/get-media-adv-screenshooter/20941197/1d06a155-09ca-4034-b8a4-ad411694a4d7/orig,Текстово-графический,Автоматический,0.00,0,0,-,-,1,-,0.00,1.00,0.00,100.00,-,-,-,-
Термопанели в Выборге,712773255,23.08.2026,Группа 3 - клинкер (продуктовая),5773902142,Автотаргетинг,,-,0,-,0,,Не определено,-,-,,,,,Сети,Прочее,Не определено,Смартфоны,Android,Wi-Fi,Мужской,Старше 55,Остальные,Не определено,1915802914729060647,Активные,Комбинаторное,"Термопанели в Выборге - завод на Ленина, 11",Без посредников - завод. 60+ видов декора. Доставка по Ленобласти.,https://marmara-pro.ru?utm_content=product&utm_term={PHRASE},http://direct.yandex.ru/images/direct/5250956/5XPY7aqvM1xRQF8e4uTrqg,карусель 4-3_06.jpg,1163322157,https://avatars.mds.yandex.net/get-media-adv-screenshooter/20941197/1d06a155-09ca-4034-b8a4-ad411694a4d7/orig,Текстово-графический,Оригинальный,0.00,0,0,-,-,5,-,0.00,5.00,0.00,100.00,-,-,-,-
Термопанели в Выборге,712773255,23.08.2026,Группа 3 - клинкер (продуктовая),5773902142,Автотаргетинг,,-,0,-,0,,Не определено,-,-,,,,,Сети,Прочее,Не определено,Смартфоны,Android,Wi-Fi,Мужской,Старше 55,Остальные,Не определено,1915802914729060647,Активные,Комбинаторное,"Термопанели в Выборге - завод на Ленина, 11",Без посредников - завод. 60+ видов декора. Доставка по Ленобласти.,https://marmara-pro.ru?utm_content=product&utm_term={PHRASE},http://direct.yandex.ru/images/direct/5250956/5XPY7aqvM1xRQF8e4uTrqg,карусель 4-3_06.jpg,1163322157,https://avatars.mds.yandex.net/get-media-adv-screenshooter/20941197/1d06a155-09ca-4034-b8a4-ad411694a4d7/orig,Видео,Оригинальный,0.00,0,0,-,-,1,-,0.00,1.00,0.00,100.00,-,-,-,-
Термопанели в Выборге,712773255,23.08.2026,Группа 3 - клинкер (продуктовая),5773902142,Автотаргетинг,,-,0,-,0,,Не определено,-,-,,,,,Сети,Прочее,Не определено,Смартфоны,Android,Wi-Fi,Мужской,Старше 55,Остальные,Не определено,1915802914729060647,Активные,Комбинаторное,Термопанели с клинкером - собственный завод в Выборге,Без посредников - завод. 60+ видов декора. Доставка по Ленобласти.,https://marmara-pro.ru?utm_content=product&utm_term={PHRASE},http://direct.yandex.ru/images/direct/5442016/qtxMfdimB3EKymbW9TWLzQ,термопанель.png,1163321614,https://avatars.mds.yandex.net/get-media-adv-screenshooter/20873747/75477b03-780e-4e10-adff-81a72fc688af/orig,Текстово-графический,Автоматический,0.00,0,0,-,-,1,-,0.00,1.00,0.00,100.00,-,-,-,-
Термопанели в Выборге,712773255,23.08.2026,Группа 3 - клинкер (продуктовая),5773902142,Автотаргетинг,,-,0,-,0,,Не определено,-,-,,,,,Сети,Прочее,Не определено,Смартфоны,Android,Wi-Fi,Мужской,Старше 55,Остальные,Не определено,1915802914729060647,Активные,Комбинаторное,Термопанели с клинкером - собственный завод в Выборге,Без посредников - завод. 60+ видов декора. Доставка по Ленобласти.,https://marmara-pro.ru?utm_content=product&utm_term={PHRASE},http://direct.yandex.ru/images/direct/5442016/qtxMfdimB3EKymbW9TWLzQ,термопанель.png,1163321614,https://avatars.mds.yandex.net/get-media-adv-screenshooter/20873747/75477b03-780e-4e10-adff-81a72fc688af/orig,Текстово-графический,Оригинальный,0.00,0,0,-,-,2,-,0.00,2.00,0.00,100.00,-,-,-,-
Термопанели в Выборге,712773255,23.08.2026,Группа 3 - клинкер (продуктовая),5773902142,Автотаргетинг,,-,0,-,0,,Не определено,-,-,,,,,Сети,Прочее,Не определено,Смартфоны,Android,Wi-Fi,Мужской,Старше 55,Остальные,Не определено,1915802914729060647,Активные,Комбинаторное,Термопанели с клинкером - собственный завод в Выборге,Без посредников - завод. 60+ видов декора. Доставка по Ленобласти.,https://marmara-pro.ru?utm_content=product&utm_term={PHRASE},http://direct.yandex.ru/images/direct/5442016/qtxMfdimB3EKymbW9TWLzQ,термопанель.png,1163321614,https://avatars.mds.yandex.net/get-media-adv-screenshooter/20873747/75477b03-780e-4e10-adff-81a72fc688af/orig,Видео,Оригинальный,0.00,0,0,-,-,1,-,0.00,1.00,0.00,100.00,-,-,-,-
Термопанели в Выборге,712773255,23.08.2026,Группа 3 - клинкер (продуктовая),5773902142,Автотаргетинг,,-,0,-,0,,Не определено,-,-,,,,,Сети,Прочее,Не определено,Смартфоны,Android,Wi-Fi,Мужской,Старше 55,6–10%,Не определено,1915802914729060647,Активные,Комбинаторное,"Термопанели в Выборге - завод на Ленина, 11",Свое производство в Выборге. Приезжайте на образцы. Бесплатная доставка по району.,https://marmara-pro.ru?utm_content=product&utm_term={PHRASE},http://direct.yandex.ru/images/direct/5245050/6C6d0cQ-RdpqlPYUtMZQkw,пример 2.jpg,1163321614,https://avatars.mds.yandex.net/get-media-adv-screenshooter/20873747/75477b03-780e-4e10-adff-81a72fc688af/orig,Текстово-графический,Оригинальный,0.00,0,0,-,-,1,-,0.00,1.00,0.00,100.00,-,-,-,-
Термопанели в Выборге,712773255,23.08.2026,Группа 3 - клинкер (продуктовая),5773902142,Автотаргетинг,,-,0,-,0,,Не определено,-,-,,,,,Сети,Прочее,Не определено,Смартфоны,Android,Wi-Fi,Женский,25-34 года,2–5%,Не определено,1915802914729060647,Активные,Комбинаторное,Термопанели с клинкером - собственный завод в Выборге,Клинкерная плитка+утеплитель в одной панели. Оплата в два этапа. Звоните!,https://marmara-pro.ru?utm_content=product&utm_term={PHRASE},http://direct.yandex.ru/images/direct/5245050/6C6d0cQ-RdpqlPYUtMZQkw,пример 2.jpg,1163322157,https://avatars.mds.yandex.net/get-media-adv-screenshooter/20941197/1d06a155-09ca-4034-b8a4-ad411694a4d7/orig,Текстово-графический,Оригинальный,0.00,0,0,-,-,1,-,0.00,1.00,0.00,100.00,-,-,-,-
Термопанели в Выборге,712773255,23.08.2026,Группа 3 - клинкер (продуктовая),5773902142,Автотаргетинг,,-,0,-,0,,Не определено,-,-,,,,,Сети,Прочее,Не определено,Смартфоны,Android,Wi-Fi,Женский,35-44 года,Остальные,Не определено,1915802914729060647,Активные,Комбинаторное,"Термопанели в Выборге - завод на Ленина, 11",Без посредников - завод. 60+ видов декора. Доставка по Ленобласти.,https://marmara-pro.ru?utm_content=product&utm_term={PHRASE},http://direct.yandex.ru/images/direct/5250956/5XPY7aqvM1xRQF8e4uTrqg,карусель 4-3_06.jpg,1163322157,https://avatars.mds.yandex.net/get-media-adv-screenshooter/20941197/1d06a155-09ca-4034-b8a4-ad411694a4d7/orig,Текстово-графический,Оригинальный,0.00,0,0,-,-,1,-,0.00,1.00,0.00,100.00,-,-,-,-
Термопанели в Выборге,712773255,23.08.2026,Группа 3 - клинкер (продуктовая),5773902142,Автотаргетинг,,-,0,-,0,,Не определено,-,-,,,,,Сети,Прочее,Не определено,Смартфоны,Android,Wi-Fi,Женский,35-44 года,Остальные,Не определено,1915802914729060647,Активные,Комбинаторное,"Термопанели в Выборге - завод на Ленина, 11",Без посредников - завод. 60+ видов декора. Доставка по Ленобласти.,https://marmara-pro.ru?utm_content=product&utm_term={PHRASE},http://direct.yandex.ru/images/direct/5250956/5XPY7aqvM1xRQF8e4uTrqg,карусель 4-3_06.jpg,1163322157,https://avatars.mds.yandex.net/get-media-adv-screenshooter/20941197/1d06a155-09ca-4034-b8a4-ad411694a4d7/orig,Видео,Оригинальный,0.00,0,0,-,-,1,-,0.00,1.00,0.00,100.00,-,-,-,-
Термопанели в Выборге,712773255,23.08.2026,Группа 3 - клинкер (продуктовая),5773902142,Автотаргетинг,,-,0,-,0,,Не определено,-,-,,,,,Сети,Прочее,Не определено,Смартфоны,Android,Wi-Fi,Женский,35-44 года,Остальные,Не определено,1915802914729060647,Активные,Комбинаторное,"Термопанели в Выборге - завод на Ленина, 11",Свое производство в Выборге. Приезжайте на образцы. Бесплатная доставка по району.,https://marmara-pro.ru?utm_content=product&utm_term={PHRASE},http://direct.yandex.ru/images/direct/6195656/qVbV_RGwHrqBiQiD1NgoCw,бейджик (1).jpg,1163321614,https://avatars.mds.yandex.net/get-media-adv-screenshooter/20873747/75477b03-780e-4e10-adff-81a72fc688af/orig,Текстово-графический,Оригинальный,0.00,0,0,-,-,1,-,0.00,1.00,0.00,100.00,-,-,-,-
Термопанели в Выборге,712773255,23.08.2026,Группа 3 - клинкер (продуктовая),5773902142,Автотаргетинг,,-,0,-,0,,Не определено,-,-,,,,,Сети,Прочее,Не определено,Смартфоны,Android,Wi-Fi,Женский,45-54 года,Остальные,Не определено,1915802914729060647,Активные,Комбинаторное,Термопанели с клинкером - собственный завод в Выборге,Без посредников - завод. 60+ видов декора. Доставка по Ленобласти.,https://marmara-pro.ru?utm_content=product&utm_term={PHRASE},http://direct.yandex.ru/images/direct/5442016/qtxMfdimB3EKymbW9TWLzQ,термопанель.png,1163321614,https://avatars.mds.yandex.net/get-media-adv-screenshooter/20873747/75477b03-780e-4e10-adff-81a72fc688af/orig,Текстово-графический,Автоматический,0.00,0,0,-,-,1,-,0.00,1.00,0.00,100.00,-,-,-,-
Термопанели в Выборге,712773255,23.08.2026,Группа 3 - клинкер (продуктовая),5773902142,Автотаргетинг,,-,0,-,0,,Не определено,-,-,,,,,Сети,Прочее,Не определено,Смартфоны,Android,Wi-Fi,Женский,Старше 55,Остальные,Не определено,1915802914729060647,Активные,Комбинаторное,Купить термопанели в Выборге напрямую,Без посредников - завод. 60+ видов декора. Доставка по Ленобласти.,https://marmara-pro.ru?utm_content=product&utm_term={PHRASE},http://direct.yandex.ru/images/direct/5442016/qtxMfdimB3EKymbW9TWLzQ,термопанель.png,1163321614,https://avatars.mds.yandex.net/get-media-adv-screenshooter/20873747/75477b03-780e-4e10-adff-81a72fc688af/orig,Видео,Оригинальный,0.00,0,0,-,-,1,-,0.00,1.00,0.00,100.00,-,-,-,-
Термопанели в Выборге,712773255,23.08.2026,Группа 3 - клинкер (продуктовая),5773902142,Автотаргетинг,,-,0,-,0,,Не определено,-,-,,,,,Сети,Прочее,Не определено,Смартфоны,Android,Wi-Fi,Женский,Старше 55,Остальные,Не определено,1915802914729060647,Активные,Комбинаторное,"Термопанели в Выборге - завод на Ленина, 11",Без посредников - завод. 60+ видов декора. Доставка по Ленобласти.,https://marmara-pro.ru?utm_content=product&utm_term={PHRASE},http://direct.yandex.ru/images/direct/5250956/5XPY7aqvM1xRQF8e4uTrqg,карусель 4-3_06.jpg,1163322157,https://avatars.mds.yandex.net/get-media-adv-screenshooter/20941197/1d06a155-09ca-4034-b8a4-ad411694a4d7/orig,Текстово-графический,Оригинальный,0.00,0,0,-,-,1,-,0.00,1.00,0.00,100.00,-,-,-,-
Термопанели в Выборге,712773255,23.08.2026,Группа 3 - клинкер (продуктовая),5773902142,Автотаргетинг,,-,0,-,0,,Не определено,-,-,,,,,Сети,Прочее,Не определено,Смартфоны,Android,Wi-Fi,Женский,Старше 55,Остальные,Не определено,1915802914729060647,Активные,Комбинаторное,Термопанели с клинкером - собственный завод в Выборге,Без посредников - завод. 60+ видов декора. Доставка по Ленобласти.,https://marmara-pro.ru?utm_content=product&utm_term={PHRASE},http://direct.yandex.ru/images/direct/5442016/qtxMfdimB3EKymbW9TWLzQ,термопанель.png,1163321614,https://avatars.mds.yandex.net/get-media-adv-screenshooter/20873747/75477b03-780e-4e10-adff-81a72fc688af/orig,Текстово-графический,Автоматический,0.00,1,0,0.00,-,2,0.00,50.00,2.00,50.00,100.00,-,-,0.00,1.00
Термопанели в Выборге,712773255,23.08.2026,Группа 3 - клинкер (продуктовая),5773902142,Автотаргетинг,,-,0,-,0,,Не определено,-,-,,,,,Сети,Прочее,Не определено,Смартфоны,Android,Мобильная связь,Мужской,35-44 года,Остальные,Не определено,1915802914729060647,Активные,Комбинаторное,Термопанели с клинкером - собственный завод в Выборге,Без посредников - завод. 60+ видов декора. Доставка по Ленобласти.,https://marmara-pro.ru?utm_content=product&utm_term={PHRASE},http://direct.yandex.ru/images/direct/5442016/qtxMfdimB3EKymbW9TWLzQ,термопанель.png,1163321614,https://avatars.mds.yandex.net/get-media-adv-screenshooter/20873747/75477b03-780e-4e10-adff-81a72fc688af/orig,Текстово-графический,Оригинальный,0.00,0,0,-,-,1,-,0.00,1.00,0.00,100.00,-,-,-,-
Термопанели в Выборге,712773255,23.08.2026,Группа 3 - клинкер (продуктовая),5773902142,Автотаргетинг,,-,0,-,0,,Не определено,-,-,,,,,Сети,Прочее,Не определено,Смартфоны,iOS,Wi-Fi,Мужской,35-44 года,2–5%,Не определено,1915802914729060647,Активные,Комбинаторное,Термопанели с клинкером - собственный завод в Выборге,Без посредников - завод. 60+ видов декора. Доставка по Ленобласти.,https://marmara-pro.ru?utm_content=product&utm_term={PHRASE},http://direct.yandex.ru/images/direct/5442016/qtxMfdimB3EKymbW9TWLzQ,термопанель.png,1163321614,https://avatars.mds.yandex.net/get-media-adv-screenshooter/20873747/75477b03-780e-4e10-adff-81a72fc688af/orig,Текстово-графический,Автоматический,0.00,0,0,-,-,1,-,0.00,1.00,0.00,100.00,-,-,-,-
Термопанели в Выборге,712773255,23.08.2026,Группа 3 - клинкер (продуктовая),5773902142,Автотаргетинг,,-,0,-,0,,Не определено,-,-,,,,,Сети,Прочее,Не определено,Смартфоны,iOS,Wi-Fi,Мужской,Старше 55,2–5%,Не определено,1915802914729060647,Активные,Комбинаторное,"Термопанели в Выборге - завод на Ленина, 11",Без посредников - завод. 60+ видов декора. Доставка по Ленобласти.,https://marmara-pro.ru?utm_content=product&utm_term={PHRASE},http://direct.yandex.ru/images/direct/5250956/5XPY7aqvM1xRQF8e4uTrqg,карусель 4-3_06.jpg,1163322157,https://avatars.mds.yandex.net/get-media-adv-screenshooter/20941197/1d06a155-09ca-4034-b8a4-ad411694a4d7/orig,Видео,Оригинальный,0.00,0,0,-,-,1,-,0.00,1.00,0.00,100.00,-,-,-,-
Термопанели в Выборге,712773255,23.08.2026,Группа 3 - клинкер (продуктовая),5773902142,Автотаргетинг,,-,0,-,0,,Не определено,-,-,,,,,Сети,Прочее,Не определено,Смартфоны,iOS,Wi-Fi,Женский,25-34 года,6–10%,Не определено,1915802914729060647,Активные,Комбинаторное,Термопанели с клинкером - собственный завод в Выборге,Без посредников - завод. 60+ видов декора. Доставка по Ленобласти.,https://marmara-pro.ru?utm_content=product&utm_term={PHRASE},http://direct.yandex.ru/images/direct/5442016/qtxMfdimB3EKymbW9TWLzQ,термопанель.png,1163321614,https://avatars.mds.yandex.net/get-media-adv-screenshooter/20873747/75477b03-780e-4e10-adff-81a72fc688af/orig,Текстово-графический,Оригинальный,0.00,0,0,-,-,1,-,0.00,1.00,0.00,100.00,-,-,-,-
Термопанели в Выборге,712773255,23.08.2026,Группа 3 - клинкер (продуктовая),5773902142,Автотаргетинг,,-,0,-,0,,Не определено,-,-,,,,,Сети,Прочее,Не определено,Смартфоны,iOS,Wi-Fi,Женский,35-44 года,Остальные,Не определено,1915802914729060647,Активные,Комбинаторное,Термопанели с клинкером - собственный завод в Выборге,Без посредников - завод. 60+ видов декора. Доставка по Ленобласти.,https://marmara-pro.ru?utm_content=product&utm_term={PHRASE},http://direct.yandex.ru/images/direct/5442016/qtxMfdimB3EKymbW9TWLzQ,термопанель.png,1163321614,https://avatars.mds.yandex.net/get-media-adv-screenshooter/20873747/75477b03-780e-4e10-adff-81a72fc688af/orig,Текстово-графический,Автоматический,0.00,0,0,-,-,1,-,0.00,1.00,0.00,100.00,-,-,-,-
Термопанели в Выборге,712773255,23.08.2026,Группа 3 - клинкер (продуктовая),5773902142,Автотаргетинг,,-,0,-,0,,Не определено,-,-,,,,,Сети,Прочее,Не определено,Смартфоны,iOS,Wi-Fi,Женский,Старше 55,Остальные,Не определено,1915802914729060647,Активные,Комбинаторное,Термопанели с клинкером - собственный завод в Выборге,Без посредников - завод. 60+ видов декора. Доставка по Ленобласти.,https://marmara-pro.ru?utm_content=product&utm_term={PHRASE},http://direct.yandex.ru/images/direct/5442016/qtxMfdimB3EKymbW9TWLzQ,термопанель.png,1163321614,https://avatars.mds.yandex.net/get-media-adv-screenshooter/20873747/75477b03-780e-4e10-adff-81a72fc688af/orig,Видео,Оригинальный,0.00,0,0,-,-,1,-,0.00,1.00,0.00,100.00,-,-,-,-
Термопанели в Выборге,712773255,23.08.2026,Группа 3 - клинкер (продуктовая),5773902142,Автотаргетинг,,-,0,-,0,вмс стройматериалы,Широкие запросы,Запросы с упоминанием брендов конкурентов,-,,,,,Поиск,Прочее,Не определено,Смартфоны,Android,Wi-Fi,Мужской,35-44 года,Остальные,Не определено,1915802914729060647,Активные,Комбинаторное,Бесплатная доставка по Выборгскому району,Свое производство в Выборге. Приезжайте на образцы. Бесплатная доставка по району.,https://marmara-pro.ru?utm_content=product&utm_term={PHRASE},-,-,-,-,Текстово-графический,Оригинальный,0.00,0,0,-,-,1,-,0.00,0.09,0.00,8.50,5.00,-,-,-
Термопанели в Выборге,712773255,23.08.2026,Группа 3 - клинкер (продуктовая),5773902142,Автотаргетинг,,-,0,-,0,кирпич декоративный для наружной отделки,Целевые запросы,Запросы без упоминания брендов,-,,,,,Поиск,Прочее,Не определено,Смартфоны,iOS,Wi-Fi,Мужской,35-44 года,2–5%,Не определено,1915802914729060647,Активные,Комбинаторное,"Термопанели в Выборге - завод на Ленина, 11",Без посредников - завод. 60+ видов декора. Доставка по Ленобласти.,https://marmara-pro.ru?utm_content=product&utm_term={PHRASE},-,-,-,-,Текстово-графический,Автоматический,0.00,0,0,-,-,1,-,0.00,0.65,0.00,64.58,6.00,-,-,-
Термопанели в Выборге,712773255,23.08.2026,Группа 3 - клинкер (продуктовая),5773902142,Автотаргетинг,,-,0,-,0,кирпич клинкерный облицовочный faber,Альтернативные запросы,Запросы без упоминания брендов,-,,,,,Поиск,Спецразмещение,Не определено,Смартфоны,Android,Wi-Fi,Мужской,35-44 года,Топ 1%,Не определено,1915802914729060647,Активные,Комбинаторное,Клинкерные термопанели - производство Выборг,Клинкерная плитка+утеплитель в одной панели. Оплата в два этапа. Звоните!,https://marmara-pro.ru?utm_content=product&utm_term={PHRASE},-,-,-,-,Текстово-графический,Автоматический,0.00,0,0,-,-,2,-,0.00,1.80,0.00,89.91,1.50,-,-,-
Термопанели в Выборге,712773255,23.08.2026,Группа 3 - клинкер (продуктовая),5773902142,Автотаргетинг,,-,0,-,0,клинкерная термостойкая плитка,Целевые запросы,Запросы без упоминания брендов,-,,,,,Поиск,Прочее,Не определено,Смартфоны,Android,Wi-Fi,Мужской,45-54 года,6–10%,Не определено,1915802914729060647,Активные,Комбинаторное,Термопанели с клинкером - собственный завод в Выборге,Клинкерная плитка+утеплитель в одной панели. Оплата в два этапа. Звоните!,https://marmara-pro.ru?utm_content=product&utm_term={PHRASE},-,-,-,-,Текстово-графический,Оригинальный,0.00,0,0,-,-,2,-,0.00,1.09,0.00,54.58,7.00,-,-,-
Термопанели в Выборге,712773255,23.08.2026,Группа 3 - клинкер (продуктовая),5773902142,Автотаргетинг,,-,0,-,0,маттоне панель облицовочная белый кирпич с серыми швами 600х600,Альтернативные запросы,Запросы без упоминания брендов,-,,,,,Поиск,Спецразмещение,Не определено,Десктопы,Не определён,Wi-Fi,Мужской,Старше 55,Остальные,Не определено,1915802914729060647,Активные,Комбинаторное,"Термопанели в Выборге - завод на Ленина, 11",Клинкерная плитка+утеплитель в одной панели. Оплата в два этапа. Звоните!,https://marmara-pro.ru?utm_content=product&utm_term={PHRASE},-,-,-,-,Текстово-графический,Автоматический,0.00,0,0,-,-,1,-,0.00,0.74,0.00,74.06,4.00,-,-,-
Термопанели в Выборге,712773255,23.08.2026,Группа 3 - клинкер (продуктовая),5773902142,Автотаргетинг,,-,0,-,0,панели для цоколя под кирпич,Целевые запросы,Запросы без упоминания брендов,-,,,,,Поиск,Прочее,Не определено,Смартфоны,Android,Wi-Fi,Мужской,45-54 года,Остальные,Не определено,1915802914729060647,Активные,Комбинаторное,"Термопанели в Выборге - завод на Ленина, 11",Без посредников - завод. 60+ видов декора. Доставка по Ленобласти.,https://marmara-pro.ru?utm_content=product&utm_term={PHRASE},-,-,-,-,Текстово-графический,Автоматический,0.00,0,0,-,-,1,-,0.00,0.65,0.00,64.58,6.00,-,-,-
Термопанели в Выборге,712773255,23.08.2026,Группа 3 - клинкер (продуктовая),5773902142,Автотаргетинг,,-,0,-,0,панели фасадные,Целевые запросы,Запросы без упоминания брендов,-,,,,,Поиск,Прочее,Не определено,Смартфоны,Android,Wi-Fi,Мужской,45-54 года,Остальные,Не определено,1915802914729060647,Активные,Комбинаторное,"Термопанели в Выборге - завод на Ленина, 11",Без посредников - завод. 60+ видов декора. Доставка по Ленобласти.,https://marmara-pro.ru?utm_content=product&utm_term={PHRASE},-,-,-,-,Текстово-графический,Автоматический,0.00,0,0,-,-,1,-,0.00,0.65,0.00,64.58,6.00,-,-,-
Термопанели в Выборге,712773255,23.08.2026,Группа 3 - клинкер (продуктовая),5773902142,Автотаргетинг,,-,0,-,0,покрытие для дома снаружи,Целевые запросы,Запросы без упоминания брендов,-,,,,,Поиск,Прочее,Не определено,Смартфоны,Android,Wi-Fi,Женский,25-34 года,2–5%,Не определено,1915802914729060647,Активные,Комбинаторное,"Термопанели в Выборге - завод на Ленина, 11",Без посредников - завод. 60+ видов декора. Доставка по Ленобласти.,https://marmara-pro.ru?utm_content=product&utm_term={PHRASE},-,-,-,-,Текстово-графический,Автоматический,0.00,0,0,-,-,1,-,0.00,0.45,0.00,44.58,8.00,-,-,-
Термопанели в Выборге,712773255,23.08.2026,Группа 3 - клинкер (продуктовая),5773902142,Автотаргетинг,,-,0,-,0,самый дешевый фасад,Целевые запросы,Запросы без упоминания брендов,-,,,,,Поиск,Прочее,Не определено,Смартфоны,Android,Wi-Fi,Женский,25-34 года,Остальные,Не определено,1915802914729060647,Активные,Комбинаторное,"Термопанели в Выборге - завод на Ленина, 11",Без посредников - завод. 60+ видов декора. Доставка по Ленобласти.,https://marmara-pro.ru?utm_content=product&utm_term={PHRASE},-,-,-,-,Текстово-графический,Автоматический,0.00,0,0,-,-,1,-,0.00,0.85,0.00,84.88,5.00,-,-,-
Термопанели в Выборге,712773255,23.08.2026,Группа 3 - клинкер (продуктовая),5773902142,Автотаргетинг,,-,0,-,0,самый дешевый фасад,Целевые запросы,Запросы без упоминания брендов,-,,,,,Поиск,Товарная галерея,Не определено,Смартфоны,Android,Wi-Fi,Женский,25-34 года,Остальные,Не определено,1915802914729060647,Активные,Комбинаторное,"Термопанели в Выборге - завод на Ленина, 11",Без посредников - завод. 60+ видов декора. Доставка по Ленобласти.,https://marmara-pro.ru?utm_content=product&utm_term={PHRASE},http://direct.yandex.ru/images/direct/5250956/5XPY7aqvM1xRQF8e4uTrqg,карусель 4-3_06.jpg,-,-,Текстово-графический,Автоматический,0.00,0,0,-,-,1,-,0.00,0.88,0.00,88.34,2.00,-,-,-
Термопанели в Выборге,712773255,23.08.2026,Группа 3 - клинкер (продуктовая),5773902142,Автотаргетинг,,-,0,-,0,термопанели,Целевые запросы,Запросы без упоминания брендов,-,,,,,Поиск,Прочее,Не определено,Смартфоны,Android,Wi-Fi,Мужской,35-44 года,Остальные,Не определено,1915802914729060647,Активные,Комбинаторное,"Термопанели в Выборге - завод на Ленина, 11",Без посредников - завод. 60+ видов декора. Доставка по Ленобласти.,https://marmara-pro.ru?utm_content=product&utm_term={PHRASE},-,-,-,-,Текстово-графический,Автоматический,0.00,0,0,-,-,1,-,0.00,0.45,0.00,44.58,8.00,-,-,-
Термопанели в Выборге,712773255,23.08.2026,Группа 3 - клинкер (продуктовая),5773902142,Автотаргетинг,,-,0,-,0,термопанели для фундамента,Целевые запросы,Запросы без упоминания брендов,-,,,,,Поиск,Прочее,Не определено,Десктопы,Не определён,Wi-Fi,Женский,Старше 55,Остальные,Не определено,1915802914729060647,Активные,Комбинаторное,Производитель термопанелей в Ленобласти,Свое производство в Выборге. Приезжайте на образцы. Бесплатная доставка по району.,https://marmara-pro.ru?utm_content=product&utm_term={PHRASE},-,-,-,-,Текстово-графический,Оригинальный,0.00,0,0,-,-,1,-,0.00,0.55,0.00,54.58,7.00,-,-,-
Термопанели в Выборге,712773255,23.08.2026,Группа 3 - клинкер (продуктовая),5773902142,Автотаргетинг,,-,0,-,0,термопанели от завода изготовителя в выборге на ленина 11,Целевые запросы,Запросы с упоминанием брендов конкурентов,-,,,,,Поиск,Прочее,Не определено,Смартфоны,Android,Wi-Fi,Женский,35-44 года,Остальные,Не определено,1915802914729060647,Активные,Комбинаторное,"Термопанели в Выборге - завод на Ленина, 11",Свое производство в Выборге. Приезжайте на образцы. Бесплатная доставка по району.,https://marmara-pro.ru?utm_content=product&utm_term={PHRASE},-,-,-,-,Текстово-графический,Оригинальный,0.00,0,0,-,-,1,-,0.00,0.85,0.00,84.88,5.00,-,-,-
Термопанели в Выборге,712773255,23.08.2026,Группа 3 - клинкер (продуктовая),5773902142,Автотаргетинг,,-,0,-,0,термопанель фасадная купить в сосновом бору ленинградской,Целевые запросы,Запросы без упоминания брендов,-,,,,,Поиск,Прочее,Не определено,Смартфоны,Android,Wi-Fi,Мужской,45-54 года,Остальные,Не определено,1915802914729060647,Активные,Комбинаторное,"Термопанели в Выборге - завод на Ленина, 11",Без посредников - завод. 60+ видов декора. Доставка по Ленобласти.,https://marmara-pro.ru?utm_content=product&utm_term={PHRASE},-,-,-,-,Текстово-графический,Оригинальный,0.00,0,0,-,-,1,-,0.00,0.85,0.00,84.88,5.00,-,-,-
Термопанели в Выборге,712773255,23.08.2026,Группа 3 - клинкер (продуктовая),5773902142,Автотаргетинг,,-,0,-,0,толщина декоративного камня,Целевые запросы,Запросы без упоминания брендов,-,,,,,Поиск,Прочее,Не определено,Смартфоны,Android,Wi-Fi,Мужской,Старше 55,6–10%,Не определено,1915802914729060647,Активные,Комбинаторное,"Термопанели в Выборге - завод на Ленина, 11",Без посредников - завод. 60+ видов декора. Доставка по Ленобласти.,https://marmara-pro.ru?utm_content=product&utm_term={PHRASE},-,-,-,-,Текстово-графический,Автоматический,0.00,0,0,-,-,1,-,0.00,0.45,0.00,44.58,8.00,-,-,-
Термопанели в Выборге,712773255,23.08.2026,Группа 3 - клинкер (продуктовая),5773902142,Автотаргетинг,,-,0,-,0,фасадные панели для наружной отделки дома,Целевые запросы,Запросы без упоминания брендов,-,,,,,Поиск,Прочее,Не определено,Десктопы,Не определён,Wi-Fi,Мужской,18-24 года,Остальные,Не определено,1915802914729060647,Активные,Комбинаторное,Производитель термопанелей в Ленобласти,Свое производство в Выборге. Приезжайте на образцы. Бесплатная доставка по району.,https://marmara-pro.ru?utm_content=product&utm_term={PHRASE},-,-,-,-,Текстово-графический,Оригинальный,0.00,0,0,-,-,1,-,0.00,0.45,0.00,44.58,8.00,-,-,-
Термопанели в Выборге,712773255,23.08.2026,Группа 3 - клинкер (продуктовая),5773902142,Автотаргетинг,,-,0,-,0,фасадные панели для отмостки,Целевые запросы,Запросы без упоминания брендов,-,,,,,Поиск,Прочее,Не определено,Смартфоны,Android,Wi-Fi,Женский,Старше 55,Остальные,Не определено,1915802914729060647,Активные,Комбинаторное,"Термопанели в Выборге - завод на Ленина, 11",Без посредников - завод. 60+ видов декора. Доставка по Ленобласти.,https://marmara-pro.ru?utm_content=product&utm_term={PHRASE},-,-,-,-,Текстово-графический,Автоматический,0.00,0,0,-,-,1,-,0.00,0.55,0.00,54.58,7.00,-,-,-
Термопанели в Выборге,712773255,23.08.2026,Группа 3 - клинкер (продуктовая),5773902142,Автотаргетинг,,-,0,-,0,флексистон отделка,Альтернативные запросы,Запросы без упоминания брендов,-,,,,,Поиск,Прочее,Не определено,Смартфоны,Android,Wi-Fi,Мужской,45-54 года,6–10%,Не определено,1915802914729060647,Активные,Комбинаторное,"Термопанели в Выборге - завод на Ленина, 11",Без посредников - завод. 60+ видов декора. Доставка по Ленобласти.,https://marmara-pro.ru?utm_content=product&utm_term={PHRASE},-,-,-,-,Текстово-графический,Автоматический,0.00,0,0,-,-,1,-,0.00,0.42,0.00,41.63,6.00,-,-,-
Термопанели в Выборге,712773255,23.08.2026,Группа 3 - клинкер (продуктовая),5773902142,Автотаргетинг,,-,0,-,0,фтп термопанели отзывы,Целевые запросы,Запросы с упоминанием брендов конкурентов,-,,,,,Поиск,Прочее,Не определено,Смартфоны,Android,Wi-Fi,Мужской,Старше 55,Остальные,Не определено,1915802914729060647,Активные,Комбинаторное,"Термопанели в Выборге - завод на Ленина, 11",Без посредников - завод. 60+ видов декора. Доставка по Ленобласти.,https://marmara-pro.ru?utm_content=product&utm_term={PHRASE},-,-,-,-,Текстово-графический,Автоматический,0.00,0,0,-,-,1,-,0.00,0.85,0.00,84.88,5.00,-,-,-
Термопанели в Выборге,712773255,23.08.2026,Группа 3 - клинкер (продуктовая),5773902142,Автотаргетинг,,-,0,-,0,фтп термопанели отзывы,Целевые запросы,Запросы с упоминанием брендов конкурентов,-,,,,,Поиск,Товарная галерея,Не определено,Смартфоны,Android,Wi-Fi,Мужской,Старше 55,Остальные,Не определено,1915802914729060647,Активные,Комбинаторное,"Термопанели в Выборге - завод на Ленина, 11",Без посредников - завод. 60+ видов декора. Доставка по Ленобласти.,https://marmara-pro.ru?utm_content=product&utm_term={PHRASE},http://direct.yandex.ru/images/direct/5250956/5XPY7aqvM1xRQF8e4uTrqg,карусель 4-3_06.jpg,-,-,Текстово-графический,Автоматический,0.00,0,0,-,-,2,-,0.00,3.82,0.00,190.80,1.00,-,-,-
Термопанели в Выборге,712773255,23.08.2026,Термопанели (Лен. область),5773097196,Автотаргетинг,,-,0,-,0,,Не определено,-,-,,,,,Сети,Прочее,Не определено,Десктопы,Не определён,Wi-Fi,Женский,Старше 55,Остальные,Не определено,1915608023072927866,Активные,Комбинаторное,Термопанели с клинкерной плиткой в Выборге!,"Термопанели с клинкером. Собственное производство, своя цена, нет посредников.",https://marmara-pro.ru?utm_content=geo&utm_term={PHRASE},http://direct.yandex.ru/images/direct/6195656/qVbV_RGwHrqBiQiD1NgoCw,бейджик (1).jpg,1163321614,https://avatars.mds.yandex.net/get-media-adv-screenshooter/20873747/75477b03-780e-4e10-adff-81a72fc688af/orig,Текстово-графический,Оригинальный,0.00,0,0,-,-,1,-,0.00,1.00,0.00,100.00,-,-,-,-
Термопанели в Выборге,712773255,23.08.2026,Термопанели (Лен. область),5773097196,Автотаргетинг,,-,0,-,0,,Не определено,-,-,,,,,Сети,Прочее,Не определено,Десктопы,Не определён,Wi-Fi,Женский,Старше 55,Остальные,Не определено,1915608023072927866,Активные,Комбинаторное,Термопанели с клинкерной плиткой. Производство в Выборге,"Термопанели с клинкером. Собственное производство, своя цена, нет посредников.",https://marmara-pro.ru?utm_content=geo&utm_term={PHRASE},http://direct.yandex.ru/images/direct/5250956/5XPY7aqvM1xRQF8e4uTrqg,карусель 4-3_06.jpg,1163322157,https://avatars.mds.yandex.net/get-media-adv-screenshooter/20941197/1d06a155-09ca-4034-b8a4-ad411694a4d7/orig,Текстово-графический,Оригинальный,0.00,0,0,-,-,1,-,0.00,1.00,0.00,100.00,-,-,-,-
Термопанели в Выборге,712773255,23.08.2026,Термопанели (Лен. область),5773097196,Автотаргетинг,,-,0,-,0,,Не определено,-,-,,,,,Сети,Прочее,Не определено,Смартфоны,iOS,Wi-Fi,Женский,45-54 года,6–10%,Не определено,1915608023072927866,Активные,Комбинаторное,Термопанели с клинкерной плиткой. Производство в Выборге,"Термопанели с клинкером. Собственное производство, своя цена, нет посредников.",https://marmara-pro.ru?utm_content=geo&utm_term={PHRASE},http://direct.yandex.ru/images/direct/5250956/5XPY7aqvM1xRQF8e4uTrqg,карусель 4-3_06.jpg,1163322157,https://avatars.mds.yandex.net/get-media-adv-screenshooter/20941197/1d06a155-09ca-4034-b8a4-ad411694a4d7/orig,Видео,Автоматический,0.00,0,0,-,-,1,-,0.00,1.00,0.00,100.00,-,-,-,-
Термопанели в Выборге,712773255,23.08.2026,Термопанели (Лен. область),5773097196,Автотаргетинг,,-,0,-,0,3 слойные панели стеновые цена в спб и ленобласти,Целевые запросы,Запросы без упоминания брендов,-,,,,,Поиск,Товарная галерея,Не определено,Десктопы,Не определён,Wi-Fi,Мужской,45-54 года,Остальные,Не определено,1915608023072927866,Активные,Комбинаторное,Термопанели с клинкерной плиткой в Выборге!,"Термопанели с клинкером. Собственное производство, своя цена, нет посредников.",https://marmara-pro.ru?utm_content=geo&utm_term={PHRASE},http://direct.yandex.ru/images/direct/5245050/6C6d0cQ-RdpqlPYUtMZQkw,пример 2.jpg,-,-,Текстово-графический,Оригинальный,0.00,0,0,-,-,1,-,0.00,0.04,0.00,3.83,32.00,-,-,-
Термопанели в Выборге,712773255,23.08.2026,Термопанели (Лен. область),5773097196,Автотаргетинг,,-,0,-,0,искусственный камень для отделки цоколя частного дома,Целевые запросы,Запросы без упоминания брендов,-,,,,,Поиск,Прочее,Не определено,Смартфоны,iOS,Wi-Fi,Женский,Старше 55,Остальные,Не определено,1915608023072927866,Активные,Комбинаторное,Термопанели с клинкерной плиткой. Производство в Выборге,"Термопанели с клинкером. Собственное производство, своя цена, нет посредников.",https://marmara-pro.ru?utm_content=geo&utm_term={PHRASE},-,-,-,-,Текстово-графический,Автоматический,0.00,0,0,-,-,1,-,0.00,0.65,0.00,64.58,6.00,-,-,-
Термопанели в Выборге,712773255,23.08.2026,Термопанели (Лен. область),5773097196,Автотаргетинг,,-,0,-,0,искусственный камень для отделки цоколя частного дома,Целевые запросы,Запросы без упоминания брендов,-,,,,,Поиск,Товарная галерея,Не определено,Смартфоны,iOS,Wi-Fi,Женский,Старше 55,Остальные,Не определено,1915608023072927866,Активные,Комбинаторное,Термопанели с клинкерной плиткой. Производство в Выборге,"Термопанели с клинкером. Собственное производство, своя цена, нет посредников.",https://marmara-pro.ru?utm_content=geo&utm_term={PHRASE},http://direct.yandex.ru/images/direct/5250956/5XPY7aqvM1xRQF8e4uTrqg,карусель 4-3_06.jpg,-,-,Текстово-графический,Автоматический,0.00,0,0,-,-,2,-,0.00,0.27,0.00,13.57,12.00,-,-,-
Термопанели в Выборге,712773255,23.08.2026,Термопанели (Лен. область),5773097196,Автотаргетинг,,-,0,-,0,клинкер,Целевые запросы,Запросы без упоминания брендов,-,,,,,Поиск,Прочее,Не определено,Смартфоны,Android,Wi-Fi,Мужской,35-44 года,Остальные,Не определено,1915608023072927866,Активные,Комбинаторное,Термопанели с клинкерной плиткой. Производство в Выборге,"Термопанели с клинкером. Собственное производство, своя цена, нет посредников.",https://marmara-pro.ru?utm_content=geo&utm_term={PHRASE},-,-,-,-,Текстово-графический,Автоматический,0.00,0,0,-,-,1,-,0.00,0.55,0.00,54.58,7.00,-,-,-
Термопанели в Выборге,712773255,23.08.2026,Термопанели (Лен. область),5773097196,Автотаргетинг,,-,0,-,0,клинкер,Целевые запросы,Запросы без упоминания брендов,-,,,,,Поиск,Прочее,Не определено,Смартфоны,iOS,Wi-Fi,Мужской,18-24 года,Остальные,Не определено,1915608023072927866,Активные,Комбинаторное,Термопанели с клинкерной плиткой. Производство в Выборге,"Термопанели с клинкером. Собственное производство, своя цена, нет посредников.",https://marmara-pro.ru?utm_content=geo&utm_term={PHRASE},-,-,-,-,Текстово-графический,Автоматический,0.00,0,0,-,-,1,-,0.00,0.45,0.00,44.58,8.00,-,-,-
Термопанели в Выборге,712773255,23.08.2026,Термопанели (Лен. область),5773097196,Автотаргетинг,,-,0,-,0,клинкерная плитка для термопанелей,Целевые запросы,Запросы без упоминания брендов,-,,,,,Поиск,Прочее,Не определено,Смартфоны,Android,Wi-Fi,Мужской,35-44 года,6–10%,Не определено,1915608023072927866,Активные,Комбинаторное,Термопанели с клинкерной плиткой. Производство в Выборге,"Термопанели с клинкером. Собственное производство, своя цена, нет посредников.",https://marmara-pro.ru?utm_content=geo&utm_term={PHRASE},-,-,-,-,Текстово-графический,Автоматический,0.00,0,0,-,-,1,-,0.00,0.55,0.00,54.58,7.00,-,-,-
Термопанели в Выборге,712773255,23.08.2026,Термопанели (Лен. область),5773097196,Автотаргетинг,,-,0,-,0,клинкерная плитка для термопанелей,Целевые запросы,Запросы без упоминания брендов,-,,,,,Поиск,Товарная галерея,Не определено,Смартфоны,Android,Wi-Fi,Мужской,35-44 года,6–10%,Не определено,1915608023072927866,Активные,Комбинаторное,Термопанели с клинкерной плиткой. Производство в Выборге,"Термопанели с клинкером. Собственное производство, своя цена, нет посредников.",https://marmara-pro.ru?utm_content=geo&utm_term={PHRASE},http://direct.yandex.ru/images/direct/5250956/5XPY7aqvM1xRQF8e4uTrqg,карусель 4-3_06.jpg,-,-,Текстово-графический,Автоматический,0.00,0,0,-,-,1,-,0.00,0.31,0.00,30.50,5.00,-,-,-
Термопанели в Выборге,712773255,23.08.2026,Термопанели (Лен. область),5773097196,Автотаргетинг,,-,0,-,0,клинкерная плитка для фасада чтотща материал,Целевые запросы,Запросы без упоминания брендов,-,,,,,Поиск,Прочее,Не определено,Смартфоны,Android,Wi-Fi,Мужской,35-44 года,6–10%,Не определено,1915608023072927866,Активные,Комбинаторное,Термопанели с клинкерной плиткой. Производство в Выборге,"Термопанели с клинкером. Собственное производство, своя цена, нет посредников.",https://marmara-pro.ru?utm_content=geo&utm_term={PHRASE},-,-,-,-,Текстово-графический,Автоматический,0.00,0,0,-,-,1,-,0.00,0.85,0.00,84.88,5.00,-,-,-
Термопанели в Выборге,712773255,23.08.2026,Термопанели (Лен. область),5773097196,Автотаргетинг,,-,0,-,0,клинкерная плитка для фасада чтотща материал,Целевые запросы,Запросы без упоминания брендов,-,,,,,Поиск,Товарная галерея,Не определено,Смартфоны,Android,Wi-Fi,Мужской,35-44 года,6–10%,Не определено,1915608023072927866,Активные,Комбинаторное,Термопанели с клинкерной плиткой. Производство в Выборге,"Термопанели с клинкером. Собственное производство, своя цена, нет посредников.",https://marmara-pro.ru?utm_content=geo&utm_term={PHRASE},http://direct.yandex.ru/images/direct/5250956/5XPY7aqvM1xRQF8e4uTrqg,карусель 4-3_06.jpg,-,-,Текстово-графический,Автоматический,0.00,0,0,-,-,2,-,0.00,0.53,0.00,26.50,6.00,-,-,-
Термопанели в Выборге,712773255,23.08.2026,Термопанели (Лен. область),5773097196,Автотаргетинг,,-,0,-,0,клинкерная плитка идеи раскладки,Целевые запросы,Запросы без упоминания брендов,-,,,,,Поиск,Товарная галерея,Не определено,Смартфоны,Android,Wi-Fi,Мужской,45-54 года,Остальные,Не определено,1915608023072927866,Активные,Комбинаторное,Термопанели с клинкерной плиткой. Производство в Выборге,"Термопанели с клинкером. Собственное производство, своя цена, нет посредников.",https://marmara-pro.ru?utm_content=geo&utm_term={PHRASE},http://direct.yandex.ru/images/direct/5442016/qtxMfdimB3EKymbW9TWLzQ,термопанель.png,-,-,Текстово-графический,Оригинальный,0.00,0,0,-,-,1,-,0.00,0.66,0.00,66.10,2.00,-,-,-
Термопанели в Выборге,712773255,23.08.2026,Термопанели (Лен. область),5773097196,Автотаргетинг,,-,0,-,0,клинкерная плитка на пенопласте для фасада,Целевые запросы,Запросы без упоминания брендов,-,,,,,Поиск,Прочее,Не определено,Смартфоны,iOS,Wi-Fi,Мужской,35-44 года,Остальные,Не определено,1915608023072927866,Активные,Комбинаторное,Термопанели с клинкерной плиткой. Производство в Выборге,"Термопанели с клинкером. Собственное производство, своя цена, нет посредников.",https://marmara-pro.ru?utm_content=geo&utm_term={PHRASE},-,-,-,-,Текстово-графический,Автоматический,0.00,0,0,-,-,1,-,0.00,0.55,0.00,54.58,7.00,-,-,-
Термопанели в Выборге,712773255,23.08.2026,Термопанели (Лен. область),5773097196,Автотаргетинг,,-,0,-,0,клинкерная плитка на пенопласте для фасада,Целевые запросы,Запросы без упоминания брендов,-,,,,,Поиск,Товарная галерея,Не определено,Смартфоны,iOS,Wi-Fi,Мужской,35-44 года,Остальные,Не определено,1915608023072927866,Активные,Комбинаторное,Термопанели с клинкерной плиткой. Производство в Выборге,"Термопанели с клинкером. Собственное производство, своя цена, нет посредников.",https://marmara-pro.ru?utm_content=geo&utm_term={PHRASE},http://direct.yandex.ru/images/direct/5250956/5XPY7aqvM1xRQF8e4uTrqg,карусель 4-3_06.jpg,-,-,Текстово-графический,Автоматический,0.00,0,0,-,-,1,-,0.00,1.24,0.00,124.49,1.00,-,-,-
Термопанели в Выборге,712773255,23.08.2026,Термопанели (Лен. область),5773097196,Автотаргетинг,,-,0,-,0,клинкерная плитка под кирпич панель,Целевые запросы,Запросы без упоминания брендов,-,,,,,Поиск,Прочее,Не определено,Смартфоны,iOS,Wi-Fi,Мужской,25-34 года,2–5%,Не определено,1915608023072927866,Активные,Комбинаторное,Термопанели с клинкерной плиткой. Производство в Выборге,"Термопанели с клинкером. Собственное производство, своя цена, нет посредников.",https://marmara-pro.ru?utm_content=geo&utm_term={PHRASE},-,-,-,-,Текстово-графический,Автоматический,0.00,0,0,-,-,1,-,0.00,0.65,0.00,64.58,6.00,-,-,-
Термопанели в Выборге,712773255,23.08.2026,Термопанели (Лен. область),5773097196,Автотаргетинг,,-,0,-,0,клинкерная плитка под кирпич панель,Целевые запросы,Запросы без упоминания брендов,-,,,,,Поиск,Товарная галерея,Не определено,Смартфоны,iOS,Wi-Fi,Мужской,25-34 года,2–5%,Не определено,1915608023072927866,Активные,Комбинаторное,Термопанели с клинкерной плиткой. Производство в Выборге,"Термопанели с клинкером. Собственное производство, своя цена, нет посредников.",https://marmara-pro.ru?utm_content=geo&utm_term={PHRASE},http://direct.yandex.ru/images/direct/5250956/5XPY7aqvM1xRQF8e4uTrqg,карусель 4-3_06.jpg,-,-,Текстово-графический,Автоматический,0.00,0,0,-,-,1,-,0.00,0.17,0.00,16.68,10.00,-,-,-
Термопанели в Выборге,712773255,23.08.2026,Термопанели (Лен. область),5773097196,Автотаргетинг,,-,0,-,0,клинкерные панели для фасада дома,Целевые запросы,Запросы без упоминания брендов,-,,,,,Поиск,Прочее,Не определено,Смартфоны,Android,Wi-Fi,Женский,45-54 года,Остальные,Не определено,1915608023072927866,Активные,Комбинаторное,Термопанели с клинкерной плиткой. Производство в Выборге,"Термопанели с клинкером. Собственное производство, своя цена, нет посредников.",https://marmara-pro.ru?utm_content=geo&utm_term={PHRASE},-,-,-,-,Текстово-графический,Автоматический,0.00,0,0,-,-,2,-,0.00,0.73,0.00,36.54,5.50,-,-,-
Термопанели в Выборге,712773255,23.08.2026,Термопанели (Лен. область),5773097196,Автотаргетинг,,-,0,-,0,клинкерные панели для фасада дома,Целевые запросы,Запросы без упоминания брендов,-,,,,,Поиск,Товарная галерея,Не определено,Смартфоны,Android,Wi-Fi,Женский,45-54 года,Остальные,Не определено,1915608023072927866,Активные,Комбинаторное,Термопанели с клинкерной плиткой. Производство в Выборге,"Термопанели с клинкером. Собственное производство, своя цена, нет посредников.",https://marmara-pro.ru?utm_content=geo&utm_term={PHRASE},http://direct.yandex.ru/images/direct/5250956/5XPY7aqvM1xRQF8e4uTrqg,карусель 4-3_06.jpg,-,-,Текстово-графический,Автоматический,0.00,0,0,-,-,2,-,0.00,1.41,0.00,70.58,5.50,-,-,-
Термопанели в Выборге,712773255,23.08.2026,Термопанели (Лен. область),5773097196,Автотаргетинг,,-,0,-,0,клинкерные термопанели,Целевые запросы,Запросы без упоминания брендов,-,,,,,Поиск,Прочее,Не определено,Смартфоны,Android,Wi-Fi,Женский,45-54 года,Остальные,Не определено,1915608023072927866,Активные,Комбинаторное,Термопанели с клинкерной плиткой. Производство в Выборге,"Термопанели с клинкером. Собственное производство, своя цена, нет посредников.",https://marmara-pro.ru?utm_content=geo&utm_term={PHRASE},-,-,-,-,Текстово-графический,Автоматический,0.00,0,0,-,-,1,-,0.00,0.55,0.00,54.58,7.00,-,-,-
Термопанели в Выборге,712773255,23.08.2026,Термопанели (Лен. область),5773097196,Автотаргетинг,,-,0,-,0,клинкерные термопанели,Целевые запросы,Запросы без упоминания брендов,-,,,,,Поиск,Товарная галерея,Не определено,Смартфоны,Android,Wi-Fi,Женский,45-54 года,Остальные,Не определено,1915608023072927866,Активные,Комбинаторное,Термопанели с клинкерной плиткой. Производство в Выборге,"Термопанели с клинкером. Собственное производство, своя цена, нет посредников.",https://marmara-pro.ru?utm_content=geo&utm_term={PHRASE},http://direct.yandex.ru/images/direct/5250956/5XPY7aqvM1xRQF8e4uTrqg,карусель 4-3_06.jpg,-,-,Текстово-графический,Автоматический,0.00,0,0,-,-,1,-,0.00,0.99,0.00,98.59,2.00,-,-,-
Термопанели в Выборге,712773255,23.08.2026,Термопанели (Лен. область),5773097196,Автотаргетинг,,-,0,-,0,негорючая термопанель,Целевые запросы,Запросы без упоминания брендов,-,,,,,Поиск,Прочее,Не определено,Смартфоны,Android,Wi-Fi,Мужской,45-54 года,6–10%,Не определено,1915608023072927866,Активные,Комбинаторное,Термопанели с клинкерной плиткой. Производство в Выборге,"Термопанели с клинкером. Собственное производство, своя цена, нет посредников.",https://marmara-pro.ru?utm_content=geo&utm_term={PHRASE},-,-,-,-,Текстово-графический,Автоматический,0.00,0,0,-,-,1,-,0.00,0.65,0.00,64.58,6.00,-,-,-
Термопанели в Выборге,712773255,23.08.2026,Термопанели (Лен. область),5773097196,Автотаргетинг,,-,0,-,0,негорючая термопанель,Целевые запросы,Запросы без упоминания брендов,-,,,,,Поиск,Товарная галерея,Не определено,Смартфоны,Android,Wi-Fi,Мужской,45-54 года,6–10%,Не определено,1915608023072927866,Активные,Комбинаторное,Термопанели с клинкерной плиткой. Производство в Выборге,"Термопанели с клинкером. Собственное производство, своя цена, нет посредников.",https://marmara-pro.ru?utm_content=geo&utm_term={PHRASE},http://direct.yandex.ru/images/direct/5250956/5XPY7aqvM1xRQF8e4uTrqg,карусель 4-3_06.jpg,-,-,Текстово-графический,Автоматический,0.00,0,0,-,-,1,-,0.00,0.99,0.00,98.59,2.00,-,-,-
Термопанели в Выборге,712773255,23.08.2026,Термопанели (Лен. область),5773097196,Автотаргетинг,,-,0,-,0,облицовочные панели для фасада дома,Целевые запросы,Запросы без упоминания брендов,-,,,,,Поиск,Товарная галерея,Не определено,Смартфоны,Android,Wi-Fi,Мужской,45-54 года,Остальные,Не определено,1915608023072927866,Активные,Комбинаторное,Термопанели с клинкерной плиткой. Производство в Выборге,"Термопанели с клинкером. Собственное производство, своя цена, нет посредников.",https://marmara-pro.ru?utm_content=geo&utm_term={PHRASE},http://direct.yandex.ru/images/direct/5250956/5XPY7aqvM1xRQF8e4uTrqg,карусель 4-3_06.jpg,-,-,Текстово-графический,Автоматический,0.00,0,0,-,-,1,-,0.00,0.04,0.00,3.88,31.00,-,-,-
Термопанели в Выборге,712773255,23.08.2026,Термопанели (Лен. область),5773097196,Автотаргетинг,,-,0,-,0,отмостка из защитно декоративных панелей отзывы,Сопутствующие запросы,Запросы без упоминания брендов,-,,,,,Поиск,Прочее,Не определено,Смартфоны,Android,Wi-Fi,Мужской,35-44 года,Остальные,Не определено,1915608023072927866,Активные,Комбинаторное,Термопанели с клинкерной плиткой. Производство в Выборге,"Термопанели с клинкером. Собственное производство, своя цена, нет посредников.",https://marmara-pro.ru?utm_content=geo&utm_term={PHRASE},-,-,-,-,Текстово-графический,Автоматический,0.00,0,0,-,-,1,-,0.00,0.77,0.00,76.79,5.00,-,-,-
Термопанели в Выборге,712773255,23.08.2026,Термопанели (Лен. область),5773097196,Автотаргетинг,,-,0,-,0,панели для утепления дома,Целевые запросы,Запросы без упоминания брендов,-,,,,,Поиск,Прочее,Не определено,Смартфоны,iOS,Мобильная связь,Женский,45-54 года,6–10%,Не определено,1915608023072927866,Активные,Комбинаторное,Термопанели с клинкерной плиткой. Производство в Выборге,"Термопанели с клинкером. Собственное производство, своя цена, нет посредников.",https://marmara-pro.ru?utm_content=geo&utm_term={PHRASE},-,-,-,-,Текстово-графический,Автоматический,0.00,0,0,-,-,2,-,0.00,0.99,0.00,49.58,7.50,-,-,-
Термопанели в Выборге,712773255,23.08.2026,Термопанели (Лен. область),5773097196,Автотаргетинг,,-,0,-,0,панели для цоколя под кирпич,Целевые запросы,Запросы без упоминания брендов,-,,,,,Поиск,Прочее,Не определено,Смартфоны,Android,Wi-Fi,Мужской,45-54 года,Остальные,Не определено,1915608023072927866,Активные,Комбинаторное,Термопанели с клинкерной плиткой. Производство в Выборге,"Термопанели с клинкером. Собственное производство, своя цена, нет посредников.",https://marmara-pro.ru?utm_content=geo&utm_term={PHRASE},-,-,-,-,Текстово-графический,Автоматический,0.00,0,0,-,-,1,-,0.00,0.45,0.00,44.58,8.00,-,-,-
Термопанели в Выборге,712773255,23.08.2026,Термопанели (Лен. область),5773097196,Автотаргетинг,,-,0,-,0,панели из пенополистирола для стен фасада,Целевые запросы,Запросы без упоминания брендов,-,,,,,Поиск,Прочее,Не определено,Смартфоны,Android,Wi-Fi,Мужской,35-44 года,Остальные,Не определено,1915608023072927866,Активные,Комбинаторное,Термопанели с клинкерной плиткой. Производство в Выборге,"Термопанели с клинкером. Собственное производство, своя цена, нет посредников.",https://marmara-pro.ru?utm_content=geo&utm_term={PHRASE},-,-,-,-,Текстово-графический,Автоматический,0.00,0,0,-,-,1,-,0.00,0.45,0.00,44.58,8.00,-,-,-
Термопанели в Выборге,712773255,23.08.2026,Термопанели (Лен. область),5773097196,Автотаргетинг,,-,0,-,0,панели под кирпич с клинкерной плиткой,Целевые запросы,Запросы без упоминания брендов,-,,,,,Поиск,Прочее,Не определено,Смартфоны,iOS,Wi-Fi,Мужской,25-34 года,2–5%,Не определено,1915608023072927866,Активные,Комбинаторное,Термопанели с клинкерной плиткой. Производство в Выборге,"Термопанели с клинкером. Собственное производство, своя цена, нет посредников.",https://marmara-pro.ru?utm_content=geo&utm_term={PHRASE},-,-,-,-,Текстово-графический,Автоматический,0.00,0,0,-,-,1,-,0.00,0.55,0.00,54.58,7.00,-,-,-
Термопанели в Выборге,712773255,23.08.2026,Термопанели (Лен. область),5773097196,Автотаргетинг,,-,0,-,0,панели под кирпич с клинкерной плиткой,Целевые запросы,Запросы без упоминания брендов,-,,,,,Поиск,Товарная галерея,Не определено,Смартфоны,iOS,Wi-Fi,Мужской,25-34 года,2–5%,Не определено,1915608023072927866,Активные,Комбинаторное,Термопанели с клинкерной плиткой. Производство в Выборге,"Термопанели с клинкером. Собственное производство, своя цена, нет посредников.",https://marmara-pro.ru?utm_content=geo&utm_term={PHRASE},http://direct.yandex.ru/images/direct/5250956/5XPY7aqvM1xRQF8e4uTrqg,карусель 4-3_06.jpg,-,-,Текстово-графический,Автоматический,0.00,0,0,-,-,1,-,0.00,0.13,0.00,13.46,15.00,-,-,-
Термопанели в Выборге,712773255,23.08.2026,Термопанели (Лен. область),5773097196,Автотаргетинг,,-,0,-,0,панели стеновые под кирпич с утеплением 40 мм,Целевые запросы,Запросы без упоминания брендов,-,,,,,Поиск,Прочее,Не определено,Смартфоны,Android,Wi-Fi,Не определен,Не определен,Остальные,Не определено,1915608023072927866,Активные,Комбинаторное,Термопанели с клинкерной плиткой. Производство в Выборге,"Термопанели с клинкером. Собственное производство, своя цена, нет посредников.",https://marmara-pro.ru?utm_content=geo&utm_term={PHRASE},-,-,-,-,Текстово-графический,Автоматический,0.00,0,0,-,-,1,-,0.00,0.85,0.00,84.88,5.00,-,-,-
Термопанели в Выборге,712773255,23.08.2026,Термопанели (Лен. область),5773097196,Автотаргетинг,,-,0,-,0,панели стеновые под кирпич с утеплением 40 мм,Целевые запросы,Запросы без упоминания брендов,-,,,,,Поиск,Товарная галерея,Не определено,Смартфоны,Android,Wi-Fi,Не определен,Не определен,Остальные,Не определено,1915608023072927866,Активные,Комбинаторное,Термопанели с клинкерной плиткой. Производство в Выборге,"Термопанели с клинкером. Собственное производство, своя цена, нет посредников.",https://marmara-pro.ru?utm_content=geo&utm_term={PHRASE},http://direct.yandex.ru/images/direct/5250956/5XPY7aqvM1xRQF8e4uTrqg,карусель 4-3_06.jpg,-,-,Текстово-графический,Автоматический,0.00,1,0,0.00,-,1,0.00,100.00,2.57,38.89,257.11,1.00,1.00,0.00,1.00
Термопанели в Выборге,712773255,23.08.2026,Термопанели (Лен. область),5773097196,Автотаргетинг,,-,0,-,0,панель фасадная для наружной отделки дома,Целевые запросы,Запросы без упоминания брендов,-,,,,,Поиск,Прочее,Не определено,Смартфоны,Android,Wi-Fi,Женский,Старше 55,Остальные,Не определено,1915608023072927866,Активные,Комбинаторное,Термопанели с клинкерной плиткой. Производство в Выборге,"Термопанели с клинкером. Собственное производство, своя цена, нет посредников.",https://marmara-pro.ru?utm_content=geo&utm_term={PHRASE},-,-,-,-,Текстово-графический,Оригинальный,0.00,0,0,-,-,1,-,0.00,0.55,0.00,54.58,7.00,-,-,-
Термопанели в Выборге,712773255,23.08.2026,Термопанели (Лен. область),5773097196,Автотаргетинг,,-,0,-,0,пир панели,Альтернативные запросы,Запросы без упоминания брендов,-,,,,,Поиск,Прочее,Не определено,Смартфоны,Android,Wi-Fi,Мужской,45-54 года,6–10%,Не определено,1915608023072927866,Активные,Комбинаторное,Термопанели с клинкером. Свое производство в Выборге,Собственное производство в Выборге. Экономия на отоплении до 30%. Гарантия 5 лет.,https://marmara-pro.ru?utm_content=geo&utm_term={PHRASE},-,-,-,-,Текстово-графический,Оригинальный,0.00,0,0,-,-,1,-,0.00,0.09,0.00,8.50,5.00,-,-,-
Термопанели в Выборге,712773255,23.08.2026,Термопанели (Лен. область),5773097196,Автотаргетинг,,-,0,-,0,свесы клинкер,Сопутствующие запросы,Запросы без упоминания брендов,-,,,,,Поиск,Прочее,Не определено,Смартфоны,iOS,Wi-Fi,Мужской,45-54 года,6–10%,Не определено,1915608023072927866,Активные,Комбинаторное,Термопанели с клинкерной плиткой в Выборге!,"Термопанели с клинкером. Собственное производство, своя цена, нет посредников.",https://marmara-pro.ru?utm_content=geo&utm_term={PHRASE},-,-,-,-,Текстово-графический,Оригинальный,0.00,0,0,-,-,1,-,0.00,0.09,0.00,8.50,5.00,-,-,-
Термопанели в Выборге,712773255,23.08.2026,Термопанели (Лен. область),5773097196,Автотаргетинг,,-,0,-,0,стеновая панель,Целевые запросы,Запросы без упоминания брендов,-,,,,,Поиск,Прочее,Не определено,Смартфоны,Android,Wi-Fi,Мужской,45-54 года,Остальные,Не определено,1915608023072927866,Активные,Комбинаторное,Термопанели с клинкерной плиткой. Производство в Выборге,"Термопанели с клинкером. Собственное производство, своя цена, нет посредников.",https://marmara-pro.ru?utm_content=geo&utm_term={PHRASE},-,-,-,-,Текстово-графический,Оригинальный,0.00,0,0,-,-,1,-,0.00,0.55,0.00,54.58,7.00,-,-,-
Термопанели в Выборге,712773255,23.08.2026,Термопанели (Лен. область),5773097196,Автотаргетинг,,-,0,-,0,стеновые панели,Целевые запросы,Запросы без упоминания брендов,-,,,,,Поиск,Прочее,Не определено,Смартфоны,iOS,Wi-Fi,Мужской,35-44 года,2–5%,Не определено,1915608023072927866,Активные,Комбинаторное,Термопанели с клинкерной плиткой. Производство в Выборге,"Термопанели с клинкером. Собственное производство, своя цена, нет посредников.",https://marmara-pro.ru?utm_content=geo&utm_term={PHRASE},-,-,-,-,Текстово-графический,Автоматический,0.00,0,0,-,-,1,-,0.00,0.85,0.00,84.88,5.00,-,-,-
Термопанели в Выборге,712773255,23.08.2026,Термопанели (Лен. область),5773097196,Автотаргетинг,,-,0,-,0,стеновые панели,Целевые запросы,Запросы без упоминания брендов,-,,,,,Поиск,Прочее,Не определено,Смартфоны,iOS,Wi-Fi,Женский,45-54 года,Топ 1%,Не определено,1915608023072927866,Активные,Комбинаторное,Термопанели с клинкерной плиткой. Производство в Выборге,"Термопанели с клинкером. Собственное производство, своя цена, нет посредников.",https://marmara-pro.ru?utm_content=geo&utm_term={PHRASE},-,-,-,-,Текстово-графический,Автоматический,0.00,0,0,-,-,1,-,0.00,0.55,0.00,54.58,7.00,-,-,-
Термопанели в Выборге,712773255,23.08.2026,Термопанели (Лен. область),5773097196,Автотаргетинг,,-,0,-,0,стеновые панели,Целевые запросы,Запросы без упоминания брендов,-,,,,,Поиск,Товарная галерея,Не определено,Смартфоны,iOS,Wi-Fi,Женский,45-54 года,Топ 1%,Не определено,1915608023072927866,Активные,Комбинаторное,Термопанели с клинкерной плиткой. Производство в Выборге,"Термопанели с клинкером. Собственное производство, своя цена, нет посредников.",https://marmara-pro.ru?utm_content=geo&utm_term={PHRASE},http://direct.yandex.ru/images/direct/5250956/5XPY7aqvM1xRQF8e4uTrqg,карусель 4-3_06.jpg,-,-,Текстово-графический,Автоматический,0.00,0,0,-,-,1,-,0.00,0.21,0.00,21.07,8.00,-,-,-
Термопанели в Выборге,712773255,23.08.2026,Термопанели (Лен. область),5773097196,Автотаргетинг,,-,0,-,0,теплый фасад термопанели цена,Целевые запросы,Запросы с упоминанием брендов конкурентов,-,,,,,Поиск,Прочее,Не определено,Смартфоны,Android,Wi-Fi,Мужской,45-54 года,6–10%,Не определено,1915608023072927866,Активные,Комбинаторное,Термопанели с клинкерной плиткой. Производство в Выборге,"Термопанели с клинкером. Собственное производство, своя цена, нет посредников.",https://marmara-pro.ru?utm_content=geo&utm_term={PHRASE},-,-,-,-,Текстово-графический,Автоматический,0.00,0,0,-,-,2,-,0.00,1.09,0.00,54.58,7.00,-,-,-
Термопанели в Выборге,712773255,23.08.2026,Термопанели (Лен. область),5773097196,Автотаргетинг,,-,0,-,0,термо панели для стен фасада огнеопасны,Целевые запросы,Запросы без упоминания брендов,-,,,,,Поиск,Прочее,Не определено,Смартфоны,Android,Wi-Fi,Мужской,Старше 55,Остальные,Не определено,1915608023072927866,Активные,Комбинаторное,Термопанели с клинкерной плиткой. Производство в Выборге,"Термопанели с клинкером. Собственное производство, своя цена, нет посредников.",https://marmara-pro.ru?utm_content=geo&utm_term={PHRASE},-,-,-,-,Текстово-графический,Автоматический,0.00,0,0,-,-,1,-,0.00,0.55,0.00,54.58,7.00,-,-,-
Термопанели в Выборге,712773255,23.08.2026,Термопанели (Лен. область),5773097196,Автотаргетинг,,-,0,-,0,термопанели,Целевые запросы,Запросы без упоминания брендов,-,,,,,Поиск,Прочее,Не определено,Смартфоны,Android,Wi-Fi,Мужской,35-44 года,Остальные,Не определено,1915608023072927866,Активные,Комбинаторное,Термопанели с клинкерной плиткой. Производство в Выборге,"Термопанели с клинкером. Собственное производство, своя цена, нет посредников.",https://marmara-pro.ru?utm_content=geo&utm_term={PHRASE},-,-,-,-,Текстово-графический,Оригинальный,0.00,0,0,-,-,1,-,0.00,0.45,0.00,44.58,8.00,-,-,-
Термопанели в Выборге,712773255,23.08.2026,Термопанели (Лен. область),5773097196,Автотаргетинг,,-,0,-,0,термопанели,Целевые запросы,Запросы без упоминания брендов,-,,,,,Поиск,Прочее,Не определено,Смартфоны,Android,Wi-Fi,Женский,35-44 года,Остальные,Не определено,1915608023072927866,Активные,Комбинаторное,Термопанели с клинкерной плиткой. Производство в Выборге,"Термопанели с клинкером. Собственное производство, своя цена, нет посредников.",https://marmara-pro.ru?utm_content=geo&utm_term={PHRASE},-,-,-,-,Текстово-графический,Автоматический,0.00,0,0,-,-,1,-,0.00,0.65,0.00,64.58,6.00,-,-,-
Термопанели в Выборге,712773255,23.08.2026,Термопанели (Лен. область),5773097196,Автотаргетинг,,-,0,-,0,термопанели,Целевые запросы,Запросы без упоминания брендов,-,,,,,Поиск,Прочее,Не определено,Смартфоны,iOS,Wi-Fi,Мужской,45-54 года,Остальные,Не определено,1915608023072927866,Активные,Комбинаторное,Термопанели с клинкерной плиткой. Производство в Выборге,"Термопанели с клинкером. Собственное производство, своя цена, нет посредников.",https://marmara-pro.ru?utm_content=geo&utm_term={PHRASE},-,-,-,-,Текстово-графический,Автоматический,0.00,0,0,-,-,1,-,0.00,0.55,0.00,54.58,7.00,-,-,-
Термопанели в Выборге,712773255,23.08.2026,Термопанели (Лен. область),5773097196,Автотаргетинг,,-,0,-,0,термопанели 100мм,Целевые запросы,Запросы без упоминания брендов,-,,,,,Поиск,Прочее,Не определено,Смартфоны,iOS,Wi-Fi,Мужской,25-34 года,2–5%,Не определено,1915608023072927866,Активные,Комбинаторное,Термопанели с клинкерной плиткой. Производство в Выборге,"Термопанели с клинкером. Собственное производство, своя цена, нет посредников.",https://marmara-pro.ru?utm_content=geo&utm_term={PHRASE},-,-,-,-,Текстово-графический,Автоматический,0.00,0,0,-,-,1,-,0.00,0.55,0.00,54.58,7.00,-,-,-
Термопанели в Выборге,712773255,23.08.2026,Термопанели (Лен. область),5773097196,Автотаргетинг,,-,0,-,0,термопанели бакс,Альтернативные запросы,Запросы с упоминанием брендов конкурентов,-,,Термопанели с клинкерной плиткой — КлинкерПрофи,,,Поиск,Спецразмещение,Не определено,Смартфоны,iOS,Wi-Fi,Женский,45-54 года,Остальные,Не определено,1918167638897563177,Активные,Страницы каталога,Термопанели с клинкерной плиткой. Производство в Выборге,"Фасадные термопанели с клинкером. Производство в Выборге, доставка по СПб...",https://marmara-pro.ru/termo?utm_content=catalog&utm_term={PHRASE},-,-,-,-,Текстово-графический,Автоматический,0.00,0,0,-,-,1,-,0.00,0.50,0.00,49.91,2.00,-,-,-
Термопанели в Выборге,712773255,23.08.2026,Термопанели (Лен. область),5773097196,Автотаргетинг,,-,0,-,0,термопанели для каркасного дома наружной отделки,Целевые запросы,Запросы без упоминания брендов,-,,,,,Поиск,Прочее,Не определено,Смартфоны,Android,Wi-Fi,Мужской,35-44 года,Остальные,Не определено,1915608023072927866,Активные,Комбинаторное,Термопанели с клинкерной плиткой. Производство в Выборге,"Термопанели с клинкером. Собственное производство, своя цена, нет посредников.",https://marmara-pro.ru?utm_content=geo&utm_term={PHRASE},-,-,-,-,Текстово-графический,Оригинальный,0.00,0,0,-,-,1,-,0.00,0.45,0.00,44.58,8.00,-,-,-
Термопанели в Выборге,712773255,23.08.2026,Термопанели (Лен. область),5773097196,Автотаргетинг,,-,0,-,0,термопанели для наружной отделки,Целевые запросы,Запросы без упоминания брендов,-,,,,,Поиск,Прочее,Не определено,Смартфоны,Android,Wi-Fi,Мужской,45-54 года,Остальные,Не определено,1915608023072927866,Активные,Комбинаторное,Термопанели с клинкерной плиткой. Производство в Выборге,"Термопанели с клинкером. Собственное производство, своя цена, нет посредников.",https://marmara-pro.ru?utm_content=geo&utm_term={PHRASE},-,-,-,-,Текстово-графический,Автоматический,0.00,0,0,-,-,1,-,0.00,0.65,0.00,64.58,6.00,-,-,-
Термопанели в Выборге,712773255,23.08.2026,Термопанели (Лен. область),5773097196,Автотаргетинг,,-,0,-,0,термопанели для наружной отделки,Целевые запросы,Запросы без упоминания брендов,-,,,,,Поиск,Товарная галерея,Не определено,Смартфоны,Android,Wi-Fi,Мужской,45-54 года,Остальные,Не определено,1915608023072927866,Активные,Комбинаторное,Термопанели с клинкерной плиткой. Производство в Выборге,"Термопанели с клинкером. Собственное производство, своя цена, нет посредников.",https://marmara-pro.ru?utm_content=geo&utm_term={PHRASE},http://direct.yandex.ru/images/direct/5250956/5XPY7aqvM1xRQF8e4uTrqg,карусель 4-3_06.jpg,-,-,Текстово-графический,Автоматический,0.00,0,0,-,-,1,-,0.00,0.53,0.00,52.59,3.00,-,-,-
Термопанели в Выборге,712773255,23.08.2026,Термопанели (Лен. область),5773097196,Автотаргетинг,,-,0,-,0,термопанели для наружной отделки,Целевые запросы,Запросы без упоминания брендов,-,,,,,Поиск,Товарная галерея,Не определено,Смартфоны,Android,Wi-Fi,Мужской,Старше 55,Остальные,Не определено,1915608023072927866,Активные,Комбинаторное,Термопанели с клинкерной плиткой. Производство в Выборге,"Термопанели с клинкером. Собственное производство, своя цена, нет посредников.",https://marmara-pro.ru?utm_content=geo&utm_term={PHRASE},http://direct.yandex.ru/images/direct/5250956/5XPY7aqvM1xRQF8e4uTrqg,карусель 4-3_06.jpg,-,-,Текстово-графический,Автоматический,0.00,0,0,-,-,2,-,0.00,0.27,0.00,13.52,13.50,-,-,-
Термопанели в Выборге,712773255,23.08.2026,Термопанели (Лен. область),5773097196,Автотаргетинг,,-,0,-,0,термопанели для наружной отделки деревянного дома,Целевые запросы,Запросы без упоминания брендов,-,,,,,Поиск,Прочее,Не определено,Смартфоны,iOS,Wi-Fi,Мужской,45-54 года,6–10%,Не определено,1915608023072927866,Активные,Комбинаторное,Термопанели с клинкерной плиткой в Выборге!,"Термопанели с клинкером. Собственное производство, своя цена, нет посредников.",https://marmara-pro.ru?utm_content=geo&utm_term={PHRASE},-,-,-,-,Текстово-графический,Оригинальный,0.00,0,0,-,-,1,-,0.00,0.45,0.00,44.58,8.00,-,-,-
Термопанели в Выборге,712773255,23.08.2026,Термопанели (Лен. область),5773097196,Автотаргетинг,,-,0,-,0,термопанели для наружной отделки дома,Целевые запросы,Запросы без упоминания брендов,-,,,,,Поиск,Прочее,Не определено,Смартфоны,Android,Wi-Fi,Женский,45-54 года,Остальные,Не определено,1915608023072927866,Активные,Комбинаторное,Термопанели с клинкерной плиткой. Производство в Выборге,"Термопанели с клинкером. Собственное производство, своя цена, нет посредников.",https://marmara-pro.ru?utm_content=geo&utm_term={PHRASE},-,-,-,-,Текстово-графический,Автоматический,0.00,0,0,-,-,1,-,0.00,0.85,0.00,84.88,5.00,-,-,-
Термопанели в Выборге,712773255,23.08.2026,Термопанели (Лен. область),5773097196,Автотаргетинг,,-,0,-,0,термопанели для наружной отделки дома,Целевые запросы,Запросы без упоминания брендов,-,,,,,Поиск,Прочее,Не определено,Смартфоны,iOS,Wi-Fi,Женский,45-54 года,6–10%,Не определено,1915608023072927866,Активные,Комбинаторное,Термопанели с клинкерной плиткой. Производство в Выборге,"Термопанели с клинкером. Собственное производство, своя цена, нет посредников.",https://marmara-pro.ru?utm_content=geo&utm_term={PHRASE},-,-,-,-,Текстово-графический,Автоматический,0.00,0,0,-,-,1,-,0.00,0.65,0.00,64.58,6.00,-,-,-
Термопанели в Выборге,712773255,23.08.2026,Термопанели (Лен. область),5773097196,Автотаргетинг,,-,0,-,0,термопанели для наружной отделки дома,Целевые запросы,Запросы без упоминания брендов,-,,,,,Поиск,Товарная галерея,Не определено,Смартфоны,Android,Wi-Fi,Женский,45-54 года,Остальные,Не определено,1915608023072927866,Активные,Комбинаторное,Термопанели с клинкерной плиткой. Производство в Выборге,"Термопанели с клинкером. Собственное производство, своя цена, нет посредников.",https://marmara-pro.ru?utm_content=geo&utm_term={PHRASE},http://direct.yandex.ru/images/direct/5250956/5XPY7aqvM1xRQF8e4uTrqg,карусель 4-3_06.jpg,-,-,Текстово-графический,Автоматический,0.00,0,0,-,-,2,-,0.00,1.77,0.00,88.54,2.00,-,-,-
Термопанели в Выборге,712773255,23.08.2026,Термопанели (Лен. область),5773097196,Автотаргетинг,,-,0,-,0,термопанели для наружной отделки дома под кирпич фасадные,Целевые запросы,Запросы без упоминания брендов,-,,,,,Поиск,Прочее,Не определено,Смартфоны,Android,Wi-Fi,Мужской,Старше 55,Остальные,Не определено,1915608023072927866,Активные,Комбинаторное,Термопанели с клинкерной плиткой. Производство в Выборге,"Термопанели с клинкером. Собственное производство, своя цена, нет посредников.",https://marmara-pro.ru?utm_content=geo&utm_term={PHRASE},-,-,-,-,Текстово-графический,Автоматический,0.00,0,0,-,-,1,-,0.00,0.85,0.00,84.88,5.00,-,-,-
Термопанели в Выборге,712773255,23.08.2026,Термопанели (Лен. область),5773097196,Автотаргетинг,,-,0,-,0,термопанели для наружной отделки дома под кирпич фасадные,Целевые запросы,Запросы без упоминания брендов,-,,,,,Поиск,Товарная галерея,Не определено,Смартфоны,Android,Wi-Fi,Мужской,Старше 55,Остальные,Не определено,1915608023072927866,Активные,Комбинаторное,Термопанели с клинкерной плиткой. Производство в Выборге,"Термопанели с клинкером. Собственное производство, своя цена, нет посредников.",https://marmara-pro.ru?utm_content=geo&utm_term={PHRASE},http://direct.yandex.ru/images/direct/5250956/5XPY7aqvM1xRQF8e4uTrqg,карусель 4-3_06.jpg,-,-,Текстово-графический,Автоматический,0.00,0,0,-,-,2,-,0.00,1.51,0.00,75.59,2.50,-,-,-
Термопанели в Выборге,712773255,23.08.2026,Термопанели (Лен. область),5773097196,Автотаргетинг,,-,0,-,0,термопанели для наружной отделки дома цена,Целевые запросы,Запросы без упоминания брендов,-,,,,,Поиск,Прочее,Не определено,Смартфоны,Android,Wi-Fi,Женский,45-54 года,Остальные,Не определено,1915608023072927866,Активные,Комбинаторное,Термопанели с клинкерной плиткой. Производство в Выборге,"Термопанели с клинкером. Собственное производство, своя цена, нет посредников.",https://marmara-pro.ru?utm_content=geo&utm_term={PHRASE},-,-,-,-,Текстово-графический,Автоматический,0.00,0,0,-,-,1,-,0.00,0.85,0.00,84.88,5.00,-,-,-
Термопанели в Выборге,712773255,23.08.2026,Термопанели (Лен. область),5773097196,Автотаргетинг,,-,0,-,0,термопанели для наружной отделки дома цена,Целевые запросы,Запросы без упоминания брендов,-,,,,,Поиск,Товарная галерея,Не определено,Смартфоны,Android,Wi-Fi,Женский,45-54 года,Остальные,Не определено,1915608023072927866,Активные,Комбинаторное,Термопанели с клинкерной плиткой. Производство в Выборге,"Термопанели с клинкером. Собственное производство, своя цена, нет посредников.",https://marmara-pro.ru?utm_content=geo&utm_term={PHRASE},http://direct.yandex.ru/images/direct/5250956/5XPY7aqvM1xRQF8e4uTrqg,карусель 4-3_06.jpg,-,-,Текстово-графический,Автоматический,0.00,0,0,-,-,1,-,0.00,0.99,0.00,98.59,2.00,-,-,-
Термопанели в Выборге,712773255,23.08.2026,Термопанели (Лен. область),5773097196,Автотаргетинг,,-,0,-,0,термопанели для наружной отделки с клинкерной плиткой,Целевые запросы,Запросы без упоминания брендов,-,,,,,Поиск,Прочее,Не определено,Смартфоны,Android,Wi-Fi,Женский,45-54 года,Остальные,Не определено,1915608023072927866,Активные,Комбинаторное,Термопанели с клинкерной плиткой в Выборге!,"Термопанели с клинкером. Собственное производство, своя цена, нет посредников.",https://marmara-pro.ru?utm_content=geo&utm_term={PHRASE},-,-,-,-,Текстово-графический,Оригинальный,0.00,0,0,-,-,1,-,0.00,0.65,0.00,64.58,6.00,-,-,-
Термопанели в Выборге,712773255,23.08.2026,Термопанели (Лен. область),5773097196,Автотаргетинг,,-,0,-,0,термопанели для наружной отделки с клинкерной плиткой,Целевые запросы,Запросы без упоминания брендов,-,,Термопанели с клинкерной плиткой — КлинкерПрофи,,,Поиск,Прочее,Не определено,Смартфоны,Android,Wi-Fi,Женский,45-54 года,Остальные,Не определено,1918167638897563177,Активные,Страницы каталога,Термопанели с клинкерной плиткой. Производство в Выборге,"Фасадные термопанели с клинкером. Производство в Выборге, доставка по СПб...",https://marmara-pro.ru/termo?utm_content=catalog&utm_term={PHRASE},-,-,-,-,Текстово-графический,Оригинальный,0.00,0,0,-,-,1,-,0.00,0.09,0.00,8.50,5.00,-,-,-
Термопанели в Выборге,712773255,23.08.2026,Термопанели (Лен. область),5773097196,Автотаргетинг,,-,0,-,0,термопанели для обшивки дома,Целевые запросы,Запросы без упоминания брендов,-,,,,,Поиск,Прочее,Не определено,Смартфоны,Android,Wi-Fi,Мужской,Старше 55,Остальные,Не определено,1915608023072927866,Активные,Комбинаторное,Термопанели с клинкерной плиткой в Выборге!,"Термопанели с клинкером. Собственное производство, своя цена, нет посредников.",https://marmara-pro.ru?utm_content=geo&utm_term={PHRASE},-,-,-,-,Текстово-графический,Оригинальный,0.00,0,0,-,-,1,-,0.00,0.85,0.00,84.88,5.00,-,-,-
Термопанели в Выборге,712773255,23.08.2026,Термопанели (Лен. область),5773097196,Автотаргетинг,,-,0,-,0,термопанели для обшивки дома,Целевые запросы,Запросы без упоминания брендов,-,,,,,Поиск,Товарная галерея,Не определено,Смартфоны,Android,Wi-Fi,Мужской,Старше 55,Остальные,Не определено,1915608023072927866,Активные,Комбинаторное,Термопанели с клинкерной плиткой. Производство в Выборге,"Термопанели с клинкером. Собственное производство, своя цена, нет посредников.",https://marmara-pro.ru?utm_content=geo&utm_term={PHRASE},http://direct.yandex.ru/images/direct/5250956/5XPY7aqvM1xRQF8e4uTrqg,карусель 4-3_06.jpg,-,-,Текстово-графический,Оригинальный,0.00,0,0,-,-,2,-,0.00,0.91,0.00,45.64,3.50,-,-,-
Термопанели в Выборге,712773255,23.08.2026,Термопанели (Лен. область),5773097196,Автотаргетинг,,-,0,-,0,термопанели для обшивки домов,Целевые запросы,Запросы без упоминания брендов,-,,,,,Поиск,Товарная галерея,Не определено,Смартфоны,iOS,Wi-Fi,Мужской,45-54 года,2–5%,Не определено,1915608023072927866,Активные,Комбинаторное,Термопанели с клинкерной плиткой. Производство в Выборге,"Термопанели с клинкером. Собственное производство, своя цена, нет посредников.",https://marmara-pro.ru?utm_content=geo&utm_term={PHRASE},http://direct.yandex.ru/images/direct/5250956/5XPY7aqvM1xRQF8e4uTrqg,карусель 4-3_06.jpg,-,-,Текстово-графический,Автоматический,0.00,0,0,-,-,2,-,0.00,0.27,0.00,13.46,15.00,-,-,-
Термопанели в Выборге,712773255,23.08.2026,Термопанели (Лен. область),5773097196,Автотаргетинг,,-,0,-,0,термопанели для фасада дома под кирпич цена,Целевые запросы,Запросы без упоминания брендов,-,,,,,Поиск,Прочее,Не определено,Смартфоны,Android,Wi-Fi,Мужской,Старше 55,Остальные,Не определено,1915608023072927866,Активные,Комбинаторное,Термопанели с клинкерной плиткой. Производство в Выборге,"Термопанели с клинкером. Собственное производство, своя цена, нет посредников.",https://marmara-pro.ru?utm_content=geo&utm_term={PHRASE},-,-,-,-,Текстово-графический,Автоматический,0.00,0,0,-,-,1,-,0.00,0.65,0.00,64.58,6.00,-,-,-
Термопанели в Выборге,712773255,23.08.2026,Термопанели (Лен. область),5773097196,Автотаргетинг,,-,0,-,0,термопанели для цоколя дома,Целевые запросы,Запросы без упоминания брендов,-,,,,,Поиск,Прочее,Не определено,Смартфоны,Android,Wi-Fi,Мужской,45-54 года,Остальные,Не определено,1915608023072927866,Активные,Комбинаторное,Термопанели с клинкерной плиткой. Производство в Выборге,"Термопанели с клинкером. Собственное производство, своя цена, нет посредников.",https://marmara-pro.ru?utm_content=geo&utm_term={PHRASE},-,-,-,-,Текстово-графический,Автоматический,0.00,0,0,-,-,1,-,0.00,0.65,0.00,64.58,6.00,-,-,-
Термопанели в Выборге,712773255,23.08.2026,Термопанели (Лен. область),5773097196,Автотаргетинг,,-,0,-,0,термопанели для цоколя дома,Целевые запросы,Запросы без упоминания брендов,-,,,,,Поиск,Товарная галерея,Не определено,Смартфоны,Android,Wi-Fi,Мужской,45-54 года,Остальные,Не определено,1915608023072927866,Активные,Комбинаторное,Термопанели с клинкерной плиткой. Производство в Выборге,"Термопанели с клинкером. Собственное производство, своя цена, нет посредников.",https://marmara-pro.ru?utm_content=geo&utm_term={PHRASE},http://direct.yandex.ru/images/direct/5250956/5XPY7aqvM1xRQF8e4uTrqg,карусель 4-3_06.jpg,-,-,Текстово-графический,Автоматический,0.00,0,0,-,-,2,-,0.00,0.42,0.00,20.86,10.00,-,-,-
Термопанели в Выборге,712773255,23.08.2026,Термопанели (Лен. область),5773097196,Автотаргетинг,,-,0,-,0,термопанель,Целевые запросы,Запросы без упоминания брендов,-,,,,,Поиск,Прочее,Не определено,Смартфоны,Android,Wi-Fi,Мужской,35-44 года,Остальные,Не определено,1915608023072927866,Активные,Комбинаторное,Термопанели с клинкерной плиткой. Производство в Выборге,"Термопанели с клинкером. Собственное производство, своя цена, нет посредников.",https://marmara-pro.ru?utm_content=geo&utm_term={PHRASE},-,-,-,-,Текстово-графический,Автоматический,0.00,0,0,-,-,1,-,0.00,0.85,0.00,84.88,5.00,-,-,-
Термопанели в Выборге,712773255,23.08.2026,Термопанели (Лен. область),5773097196,Автотаргетинг,,-,0,-,0,термопанель с клинкерной плиткой колорадо 4 40 мм,Альтернативные запросы,Запросы без упоминания брендов,-,,Термопанели с клинкерной плиткой — КлинкерПрофи,,,Поиск,Спецразмещение,Не определено,Десктопы,Не определён,Wi-Fi,Женский,Старше 55,Остальные,Не определено,1918167638897563177,Активные,Страницы каталога,Термопанели с клинкерной плиткой. Производство в Выборге,"Фасадные термопанели с клинкером. Производство в Выборге, доставка по СПб...",https://marmara-pro.ru/termo?utm_content=catalog&utm_term={PHRASE},-,-,-,-,Текстово-графический,Автоматический,0.00,0,0,-,-,1,-,0.00,0.73,0.00,73.45,4.00,-,-,-
Термопанели в Выборге,712773255,23.08.2026,Термопанели (Лен. область),5773097196,Автотаргетинг,,-,0,-,0,термопанель фасадная,Целевые запросы,Запросы без упоминания брендов,-,,,,,Поиск,Прочее,Не определено,Смартфоны,Android,Wi-Fi,Женский,45-54 года,Остальные,Не определено,1915608023072927866,Активные,Комбинаторное,Термопанели с клинкерной плиткой. Производство в Выборге,"Термопанели с клинкером. Собственное производство, своя цена, нет посредников.",https://marmara-pro.ru?utm_content=geo&utm_term={PHRASE},-,-,-,-,Текстово-графический,Автоматический,0.00,0,0,-,-,1,-,0.00,0.45,0.00,44.58,8.00,-,-,-
Термопанели в Выборге,712773255,23.08.2026,Термопанели (Лен. область),5773097196,Автотаргетинг,,-,0,-,0,термопанель фасадная,Целевые запросы,Запросы без упоминания брендов,-,,,,,Поиск,Товарная галерея,Не определено,Смартфоны,Android,Wi-Fi,Женский,45-54 года,Остальные,Не определено,1915608023072927866,Активные,Комбинаторное,Термопанели с клинкерной плиткой. Производство в Выборге,"Термопанели с клинкером. Собственное производство, своя цена, нет посредников.",https://marmara-pro.ru?utm_content=geo&utm_term={PHRASE},http://direct.yandex.ru/images/direct/5250956/5XPY7aqvM1xRQF8e4uTrqg,карусель 4-3_06.jpg,-,-,Текстово-графический,Автоматический,0.00,0,0,-,-,1,-,0.00,0.14,0.00,13.50,14.00,-,-,-
Термопанели в Выборге,712773255,23.08.2026,Термопанели (Лен. область),5773097196,Автотаргетинг,,-,0,-,0,термопанель фасадная,Целевые запросы,Запросы без упоминания брендов,-,,Термопанели с клинкерной плиткой — КлинкерПрофи,,,Поиск,Товарная галерея,Не определено,Смартфоны,Android,Wi-Fi,Женский,45-54 года,Остальные,Не определено,1918167638897563177,Активные,Страницы каталога,Термопанели с клинкерной плиткой. Производство в Выборге,"Фасадные термопанели с клинкером. Производство в Выборге, доставка по СПб...",https://marmara-pro.ru/termo?utm_content=catalog&utm_term={PHRASE},-,-,-,-,Текстово-графический,Оригинальный,0.00,0,0,-,-,1,-,0.00,0.88,0.00,88.34,2.00,-,-,-
Термопанели в Выборге,712773255,23.08.2026,Термопанели (Лен. область),5773097196,Автотаргетинг,,-,0,-,0,утеплитель для стен снаружи фасада деревянного дома,Целевые запросы,Запросы без упоминания брендов,-,,,,,Поиск,Прочее,Не определено,Смартфоны,Android,Wi-Fi,Мужской,45-54 года,6–10%,Не определено,1915608023072927866,Активные,Комбинаторное,Термопанели с клинкерной плиткой. Производство в Выборге,"Термопанели с клинкером. Собственное производство, своя цена, нет посредников.",https://marmara-pro.ru?utm_content=geo&utm_term={PHRASE},-,-,-,-,Текстово-графический,Автоматический,0.00,0,0,-,-,1,-,0.00,0.55,0.00,54.58,7.00,-,-,-
Термопанели в Выборге,712773255,23.08.2026,Термопанели (Лен. область),5773097196,Автотаргетинг,,-,0,-,0,фабрика термопанелей,Целевые запросы,Запросы с упоминанием брендов конкурентов,-,,,,,Поиск,Прочее,Не определено,Смартфоны,Android,Wi-Fi,Мужской,Старше 55,2–5%,Не определено,1915608023072927866,Активные,Комбинаторное,Термопанели с клинкерной плиткой. Производство в Выборге,"Термопанели с клинкером. Собственное производство, своя цена, нет посредников.",https://marmara-pro.ru?utm_content=geo&utm_term={PHRASE},-,-,-,-,Текстово-графический,Автоматический,0.00,0,0,-,-,1,-,0.00,0.45,0.00,44.58,8.00,-,-,-
Термопанели в Выборге,712773255,23.08.2026,Термопанели (Лен. область),5773097196,Автотаргетинг,,-,0,-,0,фабрика термопанелей,Целевые запросы,Запросы с упоминанием брендов конкурентов,-,,,,,Поиск,Товарная галерея,Не определено,Смартфоны,Android,Wi-Fi,Мужской,Старше 55,2–5%,Не определено,1915608023072927866,Активные,Комбинаторное,Термопанели с клинкерной плиткой. Производство в Выборге,"Термопанели с клинкером. Собственное производство, своя цена, нет посредников.",https://marmara-pro.ru?utm_content=geo&utm_term={PHRASE},http://direct.yandex.ru/images/direct/5250956/5XPY7aqvM1xRQF8e4uTrqg,карусель 4-3_06.jpg,-,-,Текстово-графический,Автоматический,0.00,0,0,-,-,1,-,0.00,0.25,0.00,25.29,9.00,-,-,-
Термопанели в Выборге,712773255,23.08.2026,Термопанели (Лен. область),5773097196,Автотаргетинг,,-,0,-,0,фасад для деревянного дома,Целевые запросы,Запросы без упоминания брендов,-,,,,,Поиск,Прочее,Не определено,Смартфоны,Android,Wi-Fi,Мужской,45-54 года,Остальные,Не определено,1915608023072927866,Активные,Комбинаторное,Термопанели с клинкерной плиткой. Производство в Выборге,"Термопанели с клинкером. Собственное производство, своя цена, нет посредников.",https://marmara-pro.ru?utm_content=geo&utm_term={PHRASE},-,-,-,-,Текстово-графический,Автоматический,0.00,0,0,-,-,1,-,0.00,0.45,0.00,44.58,8.00,-,-,-
Термопанели в Выборге,712773255,23.08.2026,Термопанели (Лен. область),5773097196,Автотаргетинг,,-,0,-,0,фасад кровля полоцк,Целевые запросы,Запросы с упоминанием брендов конкурентов,-,,,,,Поиск,Прочее,Не определено,Смартфоны,Android,Wi-Fi,Женский,35-44 года,Остальные,Не определено,1915608023072927866,Активные,Комбинаторное,Термопанели с клинкерной плиткой. Производство в Выборге,"Термопанели с клинкером. Собственное производство, своя цена, нет посредников.",https://marmara-pro.ru?utm_content=geo&utm_term={PHRASE},-,-,-,-,Текстово-графический,Оригинальный,0.00,0,0,-,-,2,-,0.00,1.19,0.00,59.58,6.50,-,-,-
Термопанели в Выборге,712773255,23.08.2026,Термопанели (Лен. область),5773097196,Автотаргетинг,,-,0,-,0,фасадная термопанель vsb 01,Альтернативные запросы,Запросы без упоминания брендов,-,,Термопанели с клинкерной плиткой — КлинкерПрофи,,,Поиск,Спецразмещение,Не определено,Смартфоны,Android,Wi-Fi,Мужской,45-54 года,6–10%,Не определено,1918167638897563177,Активные,Страницы каталога,Термопанели с клинкерной плиткой. Производство в Выборге,"Фасадные термопанели с клинкером. Производство в Выборге, доставка по СПб...",https://marmara-pro.ru/termo?utm_content=catalog&utm_term={PHRASE},-,-,-,-,Текстово-графический,Автоматический,0.00,1,0,0.00,-,1,0.00,100.00,0.74,135.02,74.06,2.00,2.00,100.00,1.00
Термопанели в Выборге,712773255,23.08.2026,Термопанели (Лен. область),5773097196,Автотаргетинг,,-,0,-,0,фасадная термопанель не под кирпич,Целевые запросы,Запросы без упоминания брендов,-,,,,,Поиск,Прочее,Не определено,Смартфоны,Android,Wi-Fi,Мужской,45-54 года,6–10%,Не определено,1915608023072927866,Активные,Комбинаторное,Термопанели с клинкерной плиткой. Производство в Выборге,"Термопанели с клинкером. Собственное производство, своя цена, нет посредников.",https://marmara-pro.ru?utm_content=geo&utm_term={PHRASE},-,-,-,-,Текстово-графический,Оригинальный,0.00,0,0,-,-,1,-,0.00,0.85,0.00,84.88,5.00,-,-,-
Термопанели в Выборге,712773255,23.08.2026,Термопанели (Лен. область),5773097196,Автотаргетинг,,-,0,-,0,фасадные панели,Целевые запросы,Запросы без упоминания брендов,-,,,,,Поиск,Прочее,Не определено,Смартфоны,iOS,Wi-Fi,Женский,45-54 года,2–5%,Не определено,1915608023072927866,Активные,Комбинаторное,Термопанели с клинкерной плиткой. Производство в Выборге,"Термопанели с клинкером. Собственное производство, своя цена, нет посредников.",https://marmara-pro.ru?utm_content=geo&utm_term={PHRASE},-,-,-,-,Текстово-графический,Автоматический,0.00,0,0,-,-,1,-,0.00,0.55,0.00,54.58,7.00,-,-,-
Термопанели в Выборге,712773255,23.08.2026,Термопанели (Лен. область),5773097196,Автотаргетинг,,-,0,-,0,фасадные панели для наружной отделки дома,Целевые запросы,Запросы без упоминания брендов,-,,,,,Поиск,Прочее,Не определено,Смартфоны,Android,Wi-Fi,Мужской,Старше 55,Остальные,Не определено,1915608023072927866,Активные,Комбинаторное,Термопанели с клинкерной плиткой. Производство в Выборге,"Термопанели с клинкером. Собственное производство, своя цена, нет посредников.",https://marmara-pro.ru?utm_content=geo&utm_term={PHRASE},-,-,-,-,Текстово-графический,Автоматический,0.00,0,0,-,-,1,-,0.00,0.65,0.00,64.58,6.00,-,-,-
Термопанели в Выборге,712773255,23.08.2026,Термопанели (Лен. область),5773097196,Автотаргетинг,,-,0,-,0,фасадные панели для наружной отделки дома,Целевые запросы,Запросы без упоминания брендов,-,,,,,Поиск,Прочее,Не определено,Смартфоны,Android,Wi-Fi,Мужской,Старше 55,6–10%,Не определено,1915608023072927866,Активные,Комбинаторное,Термопанели с клинкерной плиткой. Производство в Выборге,"Термопанели с клинкером. Собственное производство, своя цена, нет посредников.",https://marmara-pro.ru?utm_content=geo&utm_term={PHRASE},-,-,-,-,Текстово-графический,Автоматический,0.00,0,0,-,-,1,-,0.00,0.55,0.00,54.58,7.00,-,-,-
Термопанели в Выборге,712773255,23.08.2026,Термопанели (Лен. область),5773097196,Автотаргетинг,,-,0,-,0,фасадные панели для наружной отделки дома,Целевые запросы,Запросы без упоминания брендов,-,,,,,Поиск,Товарная галерея,Не определено,Смартфоны,Android,Wi-Fi,Мужской,Старше 55,6–10%,Не определено,1915608023072927866,Активные,Комбинаторное,Термопанели с клинкерной плиткой. Производство в Выборге,"Термопанели с клинкером. Собственное производство, своя цена, нет посредников.",https://marmara-pro.ru?utm_content=geo&utm_term={PHRASE},http://direct.yandex.ru/images/direct/5250956/5XPY7aqvM1xRQF8e4uTrqg,карусель 4-3_06.jpg,-,-,Текстово-графический,Автоматический,0.00,0,0,-,-,1,-,0.00,0.13,0.00,13.46,15.00,-,-,-
Термопанели в Выборге,712773255,23.08.2026,Термопанели (Лен. область),5773097196,Автотаргетинг,,-,0,-,0,фасадные панели для наружной отделки дома размер и цена,Целевые запросы,Запросы без упоминания брендов,-,,,,,Поиск,Прочее,Не определено,Смартфоны,Android,Wi-Fi,Мужской,Старше 55,Остальные,Не определено,1915608023072927866,Активные,Комбинаторное,Термопанели с клинкерной плиткой. Производство в Выборге,"Термопанели с клинкером. Собственное производство, своя цена, нет посредников.",https://marmara-pro.ru?utm_content=geo&utm_term={PHRASE},-,-,-,-,Текстово-графический,Автоматический,0.00,0,0,-,-,1,-,0.00,0.45,0.00,44.58,8.00,-,-,-
Термопанели в Выборге,712773255,23.08.2026,Термопанели (Лен. область),5773097196,Автотаргетинг,,-,0,-,0,фасадные покрытия,Целевые запросы,Запросы без упоминания брендов,-,,,,,Поиск,Прочее,Не определено,Смартфоны,Android,Wi-Fi,Женский,Старше 55,Остальные,Не определено,1915608023072927866,Активные,Комбинаторное,Термопанели с клинкерной плиткой. Производство в Выборге,"Термопанели с клинкером. Собственное производство, своя цена, нет посредников.",https://marmara-pro.ru?utm_content=geo&utm_term={PHRASE},-,-,-,-,Текстово-графический,Автоматический,0.00,0,0,-,-,1,-,0.00,0.45,0.00,44.58,8.00,-,-,-
Термопанели в Выборге,712773255,23.08.2026,Термопанели (Лен. область),5773097196,Автотаргетинг,,-,0,-,0,фасадные покрытия,Целевые запросы,Запросы без упоминания брендов,-,,,,,Поиск,Товарная галерея,Не определено,Смартфоны,Android,Wi-Fi,Женский,Старше 55,Остальные,Не определено,1915608023072927866,Активные,Комбинаторное,Термопанели с клинкерной плиткой. Производство в Выборге,"Термопанели с клинкером. Собственное производство, своя цена, нет посредников.",https://marmara-pro.ru?utm_content=geo&utm_term={PHRASE},http://direct.yandex.ru/images/direct/5250956/5XPY7aqvM1xRQF8e4uTrqg,карусель 4-3_06.jpg,-,-,Текстово-графический,Автоматический,0.00,0,0,-,-,2,-,0.00,0.27,0.00,13.51,13.50,-,-,-
Термопанели в Выборге,712773255,23.08.2026,Термопанели (Лен. область),5773097196,Автотаргетинг,,-,0,-,0,фасадный клинкер,Целевые запросы,Запросы без упоминания брендов,-,,,,,Поиск,Прочее,Не определено,Смартфоны,Android,Wi-Fi,Мужской,35-44 года,6–10%,Не определено,1915608023072927866,Активные,Комбинаторное,Термопанели с клинкерной плиткой. Производство в Выборге,"Термопанели с клинкером. Собственное производство, своя цена, нет посредников.",https://marmara-pro.ru?utm_content=geo&utm_term={PHRASE},-,-,-,-,Текстово-графический,Автоматический,0.00,0,0,-,-,2,-,0.00,1.09,0.00,54.58,7.00,-,-,-
Термопанели в Выборге,712773255,23.08.2026,Термопанели (Лен. область),5773097196,Автотаргетинг,,-,0,-,0,фиброцементные плиты 400 × 3000,Альтернативные запросы,Запросы без упоминания брендов,-,,Термопанель Колорадо 4 (32 шт),,,Поиск,Прочее,Не определено,Смартфоны,Android,Wi-Fi,Женский,45-54 года,Топ 1%,Не определено,1918167638897563177,Активные,Страницы каталога,Термопанель Колорадо 4 (32 шт),"Фасадная термопанель на основе пенополистирола плотностью 25 кг/м3, с клинкерной...",https://marmara-pro.ru/termo/tproduct/2229245581-395566131472-termopanel-kolorado-4-32-sht?utm_content=catalog&utm_term={PHRASE},-,-,-,-,Текстово-графический,Оригинальный,0.00,0,0,-,-,1,-,0.00,0.09,0.00,8.50,5.00,-,-,-
"Приозерский район, Поиск   от 25-07-2026",713047408,24.08.2026,Приозерский район,5776633358,Фраза,термопанели с клинкерной плиткой,-,0,-,0,купить фасадные термопанели с клинкерной плиткой для наружной отделки каркасного дома,Целевые запросы,Запросы без упоминания брендов,Пословное,,,,,Поиск,Товарная галерея,Не определено,Смартфоны,Android,Wi-Fi,Мужской,35-44 года,Остальные,Не определено,1916597733861553174,Активные,Комбинаторное,Фасадные термопанели с клинкером,Клинкерные термопанели с утеплителем. Свой завод в Выборге. Расчёт фасада за 1 день.,https://marmara-pro.ru?utm_source=yandex&utm_medium=cpc&utm_campaign=termopaneli_priozersk_cpa_search&utm_content=search&utm_term={PHRASE},http://direct.yandex.ru/images/direct/4955389/bxCjnnfaKgdnJZC2lNRrjQ,карусель 4-3_07.png,-,-,Текстово-графический,Оригинальный,0.00,0,0,-,-,1,-,0.00,0.99,0.00,98.59,2.00,-,-,-
"Приозерский район, Поиск   от 25-07-2026",713047408,24.08.2026,Приозерский район,5776633358,Автотаргетинг,,-,0,-,0,варианты окраски стен загородного дома брус,Сопутствующие запросы,Запросы без упоминания брендов,-,,,,,Поиск,Прочее,Не определено,Смартфоны,iOS,Wi-Fi,Женский,35-44 года,2–5%,Не определено,1916597733861553174,Активные,Комбинаторное,"Клинкерные термопанели, Приозерский р-н","Утепление и фасад. Завод в Выборге. Доставка в Приозерск, Сосново, Лосево. От 1 550 ₽",https://marmara-pro.ru?utm_source=yandex&utm_medium=cpc&utm_campaign=termopaneli_priozersk_cpa_search&utm_content=search&utm_term={PHRASE},-,-,-,-,Текстово-графический,Оригинальный,0.00,0,0,-,-,1,-,0.00,0.09,0.00,8.50,5.00,-,-,-
"Приозерский район, Поиск   от 25-07-2026",713047408,24.08.2026,Приозерский район,5776633358,Автотаргетинг,,-,0,-,0,гибкий ригельный кирпич,Альтернативные запросы,Запросы без упоминания брендов,-,,Клинкерная плитка фасадная STONE (графитовый),,,Поиск,Спецразмещение,Не определено,Смартфоны,Android,Wi-Fi,Мужской,Старше 55,2–5%,Не определено,1918168175770350076,Активные,Страницы каталога,Клинкерная плитка фасадная STONE (графитовый),Размер: 245×65 мм Толщина: 7 мм Cтоимость 1 м2 - 1300 ₽,https://marmara-pro.ru/termo/tproduct/2229245581-730709481672-klinkernaya-plitka-fasadnaya-stone-grafi?utm_source=yandex&utm_medium=cpc&utm_campaign=termopaneli_priozersk_cpa_search&utm_content=search&utm_term={PHRASE},-,-,-,-,Текстово-графический,Автоматический,0.00,0,0,-,-,1,-,0.00,0.57,0.00,57.08,3.00,-,-,-
"Приозерский район, Поиск   от 25-07-2026",713047408,24.08.2026,Приозерский район,5776633358,Автотаргетинг,,-,0,-,0,гидроизоляционные панели для дома,Широкие запросы,Запросы без упоминания брендов,-,,,,,Поиск,Спецразмещение,Не определено,Смартфоны,iOS,Wi-Fi,Женский,35-44 года,2–5%,Не определено,1916597733861553174,Архивные,Комбинаторное,Клинкерные термопанели — КлинкерПрофи,Утепление и фасад за один этап. Производство в Выборге. Доставка по Ленобласти.,https://marmara-pro.ru?utm_source=yandex&utm_medium=cpc&utm_campaign=termopaneli_priozersk_cpa_search&utm_content=search&utm_term={PHRASE},-,-,-,-,Текстово-графический,Автоматический,0.00,0,0,-,-,1,-,0.00,0.69,0.00,69.09,2.00,-,-,-
"Приозерский район, Поиск   от 25-07-2026",713047408,24.08.2026,Приозерский район,5776633358,Автотаргетинг,,-,0,-,0,имитация карельский профиль,Альтернативные запросы,Запросы без упоминания брендов,-,,Термопанель Колорадо 2 (32 шт),,,Поиск,Спецразмещение,Не определено,Смартфоны,iOS,Wi-Fi,Мужской,25-34 года,2–5%,Не определено,1918168175770350076,Активные,Страницы каталога,Термопанель Колорадо 2 (32 шт),Термопанели с клинкерной плиткой. Производство в Выборге. Доставка.,https://marmara-pro.ru/termo/tproduct/2229245581-979993457482-termopanel-kolorado-2-32-sht?utm_source=yandex&utm_medium=cpc&utm_campaign=termopaneli_priozersk_cpa_search&utm_content=search&utm_term={PHRASE},-,-,-,-,Текстово-графический,Автоматический,0.00,0,0,-,-,1,-,0.00,0.35,0.00,34.65,2.00,-,-,-
"Приозерский район, Поиск   от 25-07-2026",713047408,24.08.2026,Приозерский район,5776633358,Автотаргетинг,,-,0,-,0,как построить большой дом 1000 кв м экономно,Сопутствующие запросы,Запросы без упоминания брендов,-,,,,,Поиск,Спецразмещение,Не определено,Планшеты,Android,Мобильная связь,Мужской,25-34 года,6–10%,Не определено,1916597733861553174,Активные,Комбинаторное,Фасадные термопанели с клинкером,Клинкерные термопанели с утеплителем. Свой завод в Выборге. Расчёт фасада за 1 день.,https://marmara-pro.ru?utm_source=yandex&utm_medium=cpc&utm_campaign=termopaneli_priozersk_cpa_search&utm_content=search&utm_term={PHRASE},-,-,-,-,Текстово-графический,Оригинальный,0.00,0,0,-,-,1,-,0.00,0.15,0.00,14.73,2.00,-,-,-
"Приозерский район, Поиск   от 25-07-2026",713047408,24.08.2026,Приозерский район,5776633358,Автотаргетинг,,-,0,-,0,клеющаяся пленка под кирпич,Альтернативные запросы,Запросы без упоминания брендов,-,,,,,Поиск,Спецразмещение,Не определено,Десктопы,Не определён,Wi-Fi,Мужской,Старше 55,Остальные,Не определено,1916597733861553174,Архивные,Комбинаторное,Клинкерные термопанели — КлинкерПрофи,Срок службы 25–50 лет. Не требуют покраски. Подберём толщину под ваш дом.,https://marmara-pro.ru?utm_source=yandex&utm_medium=cpc&utm_campaign=termopaneli_priozersk_cpa_search&utm_content=search&utm_term={PHRASE},-,-,-,-,Текстово-графический,Автоматический,0.00,0,0,-,-,1,-,0.00,0.88,0.00,88.05,1.00,-,-,-
"Приозерский район, Поиск   от 25-07-2026",713047408,24.08.2026,Приозерский район,5776633358,Автотаргетинг,,-,0,-,0,отделка стен,Сопутствующие запросы,Запросы без упоминания брендов,-,,,,,Поиск,Спецразмещение,Не определено,Смартфоны,Android,Wi-Fi,Женский,45-54 года,Остальные,Не определено,1916597733861553174,Архивные,Комбинаторное,Клинкерные термопанели — КлинкерПрофи,Срок службы 25–50 лет. Не требуют покраски. Подберём толщину под ваш дом.,https://marmara-pro.ru?utm_source=yandex&utm_medium=cpc&utm_campaign=termopaneli_priozersk_cpa_search&utm_content=search&utm_term={PHRASE},-,-,-,-,Текстово-графический,Автоматический,0.00,0,0,-,-,1,-,0.00,0.90,0.00,90.02,1.00,-,-,-
"Приозерский район, Поиск   от 25-07-2026",713047408,24.08.2026,Приозерский район,5776633358,Автотаргетинг,,-,0,-,0,отделка стен чем,Сопутствующие запросы,Запросы без упоминания брендов,-,,,,,Поиск,Спецразмещение,Не определено,Смартфоны,Android,Wi-Fi,Женский,45-54 года,Остальные,Не определено,1916597733861553174,Архивные,Комбинаторное,Клинкерные термопанели — КлинкерПрофи,Срок службы 25–50 лет. Не требуют покраски. Подберём толщину под ваш дом.,https://marmara-pro.ru?utm_source=yandex&utm_medium=cpc&utm_campaign=termopaneli_priozersk_cpa_search&utm_content=search&utm_term={PHRASE},-,-,-,-,Текстово-графический,Автоматический,0.00,0,0,-,-,1,-,0.00,0.91,0.00,91.00,3.00,-,-,-
"Приозерский район, Поиск   от 25-07-2026",713047408,24.08.2026,Приозерский район,5776633358,Автотаргетинг,,-,0,-,0,полинор напыляемый утеплитель,Сопутствующие запросы,Запросы без упоминания брендов,-,,,,,Поиск,Спецразмещение,Не определено,Смартфоны,Android,Wi-Fi,Женский,Старше 55,Остальные,Не определено,1916597733861553174,Активные,Комбинаторное,Фасадные термопанели с утеплителем от 1 550 ₽/панель,Клинкерный фасад без мокрых работ. Монтаж зимой до −15 °C. ППС и ППУ. Звоните!,https://marmara-pro.ru?utm_source=yandex&utm_medium=cpc&utm_campaign=termopaneli_priozersk_cpa_search&utm_content=search&utm_term={PHRASE},-,-,-,-,Текстово-графический,Автоматический,0.00,0,0,-,-,1,-,0.00,0.83,0.00,82.79,1.00,-,-,-
"Приозерский район, Поиск   от 25-07-2026",713047408,24.08.2026,Приозерский район,5776633358,Автотаргетинг,,-,0,-,0,приозерский район поселок ромашки строительный магазин,Широкие запросы,Запросы без упоминания брендов,-,,,,,Поиск,Прочее,Не определено,Смартфоны,Android,Wi-Fi,Мужской,45-54 года,Остальные,Не определено,1916597733861553174,Архивные,Комбинаторное,Производство в Выборге — доставка в район,Срок службы 25–50 лет. Не требуют покраски. Подберём толщину под ваш дом.,https://marmara-pro.ru?utm_source=yandex&utm_medium=cpc&utm_campaign=termopaneli_priozersk_cpa_search&utm_content=search&utm_term={PHRASE},-,-,-,-,Текстово-графический,Оригинальный,0.00,0,0,-,-,1,-,0.00,0.09,0.00,8.50,5.00,-,-,-
"Приозерский район, Поиск   от 25-07-2026",713047408,24.08.2026,Приозерский район,5776633358,Автотаргетинг,,-,0,-,0,ркс фасадные панели,Альтернативные запросы,Запросы с упоминанием брендов конкурентов,-,,,,,Поиск,Спецразмещение,Не определено,Смартфоны,iOS,Wi-Fi,Мужской,35-44 года,Топ 1%,Не определено,1916597733861553174,Активные,Комбинаторное,Фасадные термопанели с клинкером,"Утепление и фасад. Завод в Выборге. Доставка в Приозерск, Сосново, Лосево. От 1 550 ₽",https://marmara-pro.ru?utm_source=yandex&utm_medium=cpc&utm_campaign=termopaneli_priozersk_cpa_search&utm_content=search&utm_term={PHRASE},-,-,-,-,Текстово-графический,Автоматический,0.00,0,0,-,-,1,-,0.00,0.29,0.00,29.26,3.00,-,-,-
"Приозерский район, Поиск   от 25-07-2026",713047408,24.08.2026,Приозерский район,5776633358,Автотаргетинг,,-,0,-,0,стоимость обшивки имитацией бруса,Альтернативные запросы,Запросы без упоминания брендов,-,,,,,Поиск,Спецразмещение,Не определено,Планшеты,Android,Мобильная связь,Мужской,35-44 года,Остальные,Не определено,1916597733861553174,Активные,Комбинаторное,Фасадные термопанели с клинкером,Клинкерные термопанели с утеплителем. Свой завод в Выборге. Расчёт фасада за 1 день.,https://marmara-pro.ru?utm_source=yandex&utm_medium=cpc&utm_campaign=termopaneli_priozersk_cpa_search&utm_content=search&utm_term={PHRASE},-,-,-,-,Текстово-графический,Оригинальный,0.00,0,0,-,-,1,-,0.00,1.00,0.00,100.00,1.00,-,-,-
"Приозерский район, Поиск   от 25-07-2026",713047408,24.08.2026,Приозерский район,5776633358,Автотаргетинг,,-,0,-,0,строительный магазин громово,Широкие запросы,Запросы без упоминания брендов,-,,,,,Поиск,Прочее,Не определено,Смартфоны,Android,Wi-Fi,Мужской,25-34 года,Остальные,Не определено,1916597733861553174,Архивные,Комбинаторное,Производство в Выборге — доставка в район,Срок службы 25–50 лет. Не требуют покраски. Подберём толщину под ваш дом.,https://marmara-pro.ru?utm_source=yandex&utm_medium=cpc&utm_campaign=termopaneli_priozersk_cpa_search&utm_content=search&utm_term={PHRASE},-,-,-,-,Текстово-графический,Автоматический,0.00,0,0,-,-,1,-,0.00,1.21,0.00,120.95,5.00,-,-,-
"Приозерский район, Поиск   от 25-07-2026",713047408,24.08.2026,Приозерский район,5776633358,Автотаргетинг,,-,0,-,0,строительный магазин громово,Широкие запросы,Запросы без упоминания брендов,-,,,,,Поиск,Прочее,Не определено,Смартфоны,Android,Wi-Fi,Мужской,25-34 года,Остальные,Не определено,1916597733861553174,Архивные,Комбинаторное,Производство в Выборге — доставка в район,Срок службы 25–50 лет. Не требуют покраски. Подберём толщину под ваш дом.,https://marmara-pro.ru?utm_source=yandex&utm_medium=cpc&utm_campaign=termopaneli_priozersk_cpa_search&utm_content=search&utm_term={PHRASE},-,-,-,-,Текстово-графический,Оригинальный,0.00,0,0,-,-,1,-,0.00,0.09,0.00,8.50,5.00,-,-,-
"Приозерский район, Поиск   от 25-07-2026",713047408,24.08.2026,Приозерский район,5776633358,Автотаргетинг,,-,0,-,0,строительный магазин рядом,Широкие запросы,Запросы без упоминания брендов,-,,,,,Поиск,Прочее,Не определено,Смартфоны,Android,Wi-Fi,Мужской,25-34 года,Остальные,Не определено,1916597733861553174,Архивные,Комбинаторное,Производство в Выборге — доставка в район,Утепление и фасад за один этап. Производство в Выборге. Доставка по Ленобласти.,https://marmara-pro.ru?utm_source=yandex&utm_medium=cpc&utm_campaign=termopaneli_priozersk_cpa_search&utm_content=search&utm_term={PHRASE},-,-,-,-,Текстово-графический,Автоматический,0.00,0,0,-,-,1,-,0.00,1.22,0.00,122.21,5.00,-,-,-
"Приозерский район, Поиск   от 25-07-2026",713047408,24.08.2026,Приозерский район,5776633358,Автотаргетинг,,-,0,-,0,технониколь официальный,Альтернативные запросы,Запросы с упоминанием брендов конкурентов,-,,,,,Поиск,Спецразмещение,Не определено,Смартфоны,Android,Wi-Fi,Мужской,45-54 года,Остальные,Не определено,1916597733861553174,Архивные,Комбинаторное,Производство в Выборге — доставка в район,Утепление и фасад за один этап. Производство в Выборге. Доставка по Ленобласти.,https://marmara-pro.ru?utm_source=yandex&utm_medium=cpc&utm_campaign=termopaneli_priozersk_cpa_search&utm_content=search&utm_term={PHRASE},-,-,-,-,Текстово-графический,Автоматический,0.00,0,0,-,-,1,-,0.00,0.30,0.00,30.31,2.00,-,-,-
"Приозерский район, Поиск   от 25-07-2026",713047408,24.08.2026,Приозерский район,5776633358,Автотаргетинг,,-,0,-,0,услуги по отделке домов в деревне красноозерное,Сопутствующие запросы,Запросы без упоминания брендов,-,,,,,Поиск,Прочее,Не определено,Смартфоны,Android,Wi-Fi,Мужской,45-54 года,Остальные,Не определено,1916597733861553174,Архивные,Комбинаторное,Производство в Выборге — доставка в район,Срок службы 25–50 лет. Не требуют покраски. Подберём толщину под ваш дом.,https://marmara-pro.ru?utm_source=yandex&utm_medium=cpc&utm_campaign=termopaneli_priozersk_cpa_search&utm_content=search&utm_term={PHRASE},-,-,-,-,Текстово-графический,Автоматический,0.00,0,0,-,-,1,-,0.00,0.42,0.00,41.63,6.00,-,-,-
"Приозерский район, Поиск   от 25-07-2026",713047408,24.08.2026,Приозерский район,5776633358,Автотаргетинг,,-,0,-,0,утеплитель кнауф норд,Сопутствующие запросы,Запросы без упоминания брендов,-,,,,,Поиск,Спецразмещение,Не определено,Смартфоны,Android,Wi-Fi,Мужской,45-54 года,Остальные,Не определено,1916597733861553174,Активные,Комбинаторное,Фасадные термопанели с утеплителем от 1 550 ₽/панель,Клинкерные термопанели с утеплителем. Свой завод в Выборге. Расчёт фасада за 1 день.,https://marmara-pro.ru?utm_source=yandex&utm_medium=cpc&utm_campaign=termopaneli_priozersk_cpa_search&utm_content=search&utm_term={PHRASE},-,-,-,-,Текстово-графический,Автоматический,0.00,0,0,-,-,1,-,0.00,0.56,0.00,56.22,2.00,-,-,-
"Приозерский район, Поиск   от 25-07-2026",713047408,24.08.2026,Приозерский район,5776633358,Автотаргетинг,,-,0,-,0,фартук ондулина,Альтернативные запросы,Запросы без упоминания брендов,-,,,,,Поиск,Прочее,Не определено,Смартфоны,Android,Мобильная связь,Мужской,45-54 года,Остальные,Не определено,1916597733861553174,Архивные,Комбинаторное,Производство в Выборге — доставка в район,Срок службы 25–50 лет. Не требуют покраски. Подберём толщину под ваш дом.,https://marmara-pro.ru?utm_source=yandex&utm_medium=cpc&utm_campaign=termopaneli_priozersk_cpa_search&utm_content=search&utm_term={PHRASE},-,-,-,-,Текстово-графический,Автоматический,0.00,0,0,-,-,1,-,0.00,0.42,0.00,41.63,6.00,-,-,-
"Приозерский район, Поиск   от 25-07-2026",713047408,24.08.2026,Приозерский район,5776633358,Автотаргетинг,,-,0,-,0,цены на утеплитель для стен дома,Сопутствующие запросы,Запросы без упоминания брендов,-,,,,,Поиск,Спецразмещение,Не определено,Смартфоны,Android,Wi-Fi,Мужской,Старше 55,Остальные,Не определено,1916597733861553174,Активные,Комбинаторное,Термопанели для дома в Приозерске,Клинкерные термопанели с утеплителем. Свой завод в Выборге. Расчёт фасада за 1 день.,https://marmara-pro.ru?utm_source=yandex&utm_medium=cpc&utm_campaign=termopaneli_priozersk_cpa_search&utm_content=search&utm_term={PHRASE},-,-,-,-,Текстово-графический,Автоматический,0.00,0,0,-,-,1,-,0.00,0.80,0.00,79.76,1.00,-,-,-
"Приозерский район, Поиск   от 25-07-2026",713047408,24.08.2026,Приозерский район,5776633358,Автотаргетинг,,-,0,-,0,цокольное закрытие как избежать пучения,Сопутствующие запросы,Запросы без упоминания брендов,-,,,,,Поиск,Прочее,Не определено,Смартфоны,Android,Wi-Fi,Мужской,45-54 года,2–5%,Не определено,1916597733861553174,Активные,Комбинаторное,Фасадные термопанели с клинкером,Клинкерные термопанели с утеплителем. Свой завод в Выборге. Расчёт фасада за 1 день.,https://marmara-pro.ru?utm_source=yandex&utm_medium=cpc&utm_campaign=termopaneli_priozersk_cpa_search&utm_content=search&utm_term={PHRASE},-,-,-,-,Текстово-графический,Автоматический,0.00,1,0,0.00,-,1,0.00,100.00,1.00,100.00,100.00,5.00,5.00,0.00,1.00
"Приозерский район, Поиск   от 25-07-2026",713047408,24.08.2026,Приозерский район,5776633358,Автотаргетинг,,-,0,-,0,чем обшить веранду снаружи,Сопутствующие запросы,Запросы без упоминания брендов,-,,,,,Поиск,Спецразмещение,Не определено,Смартфоны,iOS,Мобильная связь,Женский,25-34 года,2–5%,Не определено,1916597733861553174,Активные,Комбинаторное,"Клинкерные термопанели, Приозерский р-н",Клинкерные термопанели с утеплителем. Свой завод в Выборге. Расчёт фасада за 1 день.,https://marmara-pro.ru?utm_source=yandex&utm_medium=cpc&utm_campaign=termopaneli_priozersk_cpa_search&utm_content=search&utm_term={PHRASE},-,-,-,-,Текстово-графический,Оригинальный,0.00,0,0,-,-,1,-,0.00,1.00,0.00,100.00,-,-,-,-
"Приозерский район, Поиск   от 25-07-2026",713047408,24.08.2026,Приозерский район,5776633358,Автотаргетинг,,-,0,-,0,чем обшить веранду снаружи,Сопутствующие запросы,Запросы без упоминания брендов,-,,,,,Поиск,Прочее,Не определено,Смартфоны,iOS,Мобильная связь,Женский,25-34 года,2–5%,Не определено,1916597733861553174,Активные,Комбинаторное,Купить термопанели с клинкером в Приозерском районе,Клинкерные термопанели с утеплителем. Свой завод в Выборге. Расчёт фасада за 1 день.,https://marmara-pro.ru?utm_source=yandex&utm_medium=cpc&utm_campaign=termopaneli_priozersk_cpa_search&utm_content=search&utm_term={PHRASE},-,-,-,-,Текстово-графический,Автоматический,0.00,0,0,-,-,1,-,0.00,0.42,0.00,41.63,6.00,-,-,-
"Приозерский район, Поиск   от 25-07-2026",713047408,24.08.2026,Приозерский район,5776633358,Автотаргетинг,,-,0,-,0,является ли фасадная отделка ограждающей конструкцией,Сопутствующие запросы,Запросы без упоминания брендов,-,,,,,Поиск,Прочее,Не определено,Десктопы,Не определён,Wi-Fi,Мужской,25-34 года,2–5%,Не определено,1916597733861553174,Архивные,Комбинаторное,Клинкерные термопанели — КлинкерПрофи,Утепление и фасад за один этап. Производство в Выборге. Доставка по Ленобласти.,https://marmara-pro.ru?utm_source=yandex&utm_medium=cpc&utm_campaign=termopaneli_priozersk_cpa_search&utm_content=search&utm_term={PHRASE},-,-,-,-,Текстово-графический,Автоматический,0.00,0,0,-,-,1,-,0.00,0.79,0.00,78.56,5.00,-,-,-
Термопанели в Выборге,712773255,24.08.2026,Группа 1 - коммерческая,5773901452,Фраза,фасадные панели с утеплением,-,0,-,0,панели с утеплителем с крошкой,Альтернативные запросы,Запросы без упоминания брендов,Семантическое,,,,,Поиск,Прочее,Не определено,Смартфоны,iOS,Wi-Fi,Мужской,35-44 года,6–10%,Не определено,1915802398259215246,Активные,Комбинаторное,Производитель термопанелей в Ленобласти,Клинкерная плитка+утеплитель в одной панели. Оплата в два этапа. Звоните!,https://marmara-pro.ru?utm_content=commerce&utm_term={PHRASE},-,-,-,-,Текстово-графический,Оригинальный,0.00,0,0,-,-,1,-,0.00,0.09,0.00,8.50,5.00,-,-,-
Термопанели в Выборге,712773255,24.08.2026,Группа 1 - коммерческая,5773901452,Фраза,фасадные панели с утеплением,-,0,-,0,толщина фасадных термопанелей под кирпич,Сопутствующие запросы,Запросы без упоминания брендов,Семантическое,,,,,Поиск,Прочее,Не определено,Смартфоны,Android,Wi-Fi,Мужской,45-54 года,6–10%,Не определено,1915802398259215246,Активные,Комбинаторное,Гарантия до 5 лет на термопанели,Свое производство в Выборге. Приезжайте на образцы. Бесплатная доставка по району.,https://marmara-pro.ru?utm_content=commerce&utm_term={PHRASE},-,-,-,-,Текстово-графический,Оригинальный,0.00,0,0,-,-,1,-,0.00,0.09,0.00,8.50,5.00,-,-,-
Термопанели в Выборге,712773255,24.08.2026,Группа 1 - коммерческая,5773901452,Фраза,фасадные панели с утеплением,-,0,-,0,что за фирма т фаст термопанели,Сопутствующие запросы,Запросы с упоминанием брендов конкурентов,Семантическое,,,,,Поиск,Спецразмещение,Не определено,Смартфоны,Android,Wi-Fi,Мужской,Старше 55,Остальные,Не определено,1915802398259215246,Активные,Комбинаторное,Гарантия до 5 лет на термопанели,Свое производство в Выборге. Приезжайте на образцы. Бесплатная доставка по району.,https://marmara-pro.ru?utm_content=commerce&utm_term={PHRASE},-,-,-,-,Текстово-графический,Автоматический,0.00,0,0,-,-,1,-,0.00,0.64,0.00,63.51,3.00,-,-,-
Термопанели в Выборге,712773255,24.08.2026,Группа 1 - коммерческая,5773901452,Фраза,фасадные панели с утеплением,-,0,-,0,что за фирма т фаст термопанели,Сопутствующие запросы,Запросы с упоминанием брендов конкурентов,Семантическое,,,,,Поиск,Прочее,Не определено,Смартфоны,Android,Wi-Fi,Мужской,Старше 55,Остальные,Не определено,1915802398259215246,Активные,Комбинаторное,Производитель термопанелей в Ленобласти,Без посредников - завод. 60+ видов декора. Доставка по Ленобласти.,https://marmara-pro.ru?utm_content=commerce&utm_term={PHRASE},-,-,-,-,Текстово-графический,Оригинальный,0.00,0,0,-,-,1,-,0.00,0.09,0.00,8.50,5.00,-,-,-
Термопанели в Выборге,712773255,24.08.2026,Группа 1 - коммерческая,5773901452,Автотаргетинг,,-,0,-,0,,Не определено,-,-,,,,,Сети,Прочее,Не определено,Десктопы,Не определён,Wi-Fi,Мужской,Старше 55,Остальные,Не определено,1915802398259215246,Активные,Комбинаторное,Термопанели с клинкером - собственный завод в Выборге,Клинкерная плитка+утеплитель в одной панели. Оплата в два этапа. Звоните!,https://marmara-pro.ru?utm_content=commerce&utm_term={PHRASE},http://direct.yandex.ru/images/direct/4298071/skS6Zjow652PazB91P1Ung,плитка 01.jpg,1163322157,https://avatars.mds.yandex.net/get-media-adv-screenshooter/20941197/1d06a155-09ca-4034-b8a4-ad411694a4d7/orig,Видео,Оригинальный,0.00,0,0,-,-,1,-,0.00,1.00,0.00,100.00,-,-,-,-
Термопанели в Выборге,712773255,24.08.2026,Группа 1 - коммерческая,5773901452,Автотаргетинг,,-,0,-,0,,Не определено,-,-,,,,,Сети,Прочее,Не определено,Смартфоны,Android,Wi-Fi,Мужской,Старше 55,Остальные,Не определено,1915802398259215246,Активные,Комбинаторное,Термопанели с клинкером - собственный завод в Выборге,Клинкерная плитка+утеплитель в одной панели. Оплата в два этапа. Звоните!,https://marmara-pro.ru?utm_content=commerce&utm_term={PHRASE},http://direct.yandex.ru/images/direct/4298071/skS6Zjow652PazB91P1Ung,плитка 01.jpg,1163322157,https://avatars.mds.yandex.net/get-media-adv-screenshooter/20941197/1d06a155-09ca-4034-b8a4-ad411694a4d7/orig,Текстово-графический,Оригинальный,0.00,0,0,-,-,1,-,0.00,1.00,0.00,100.00,-,-,-,-
Термопанели в Выборге,712773255,24.08.2026,Группа 1 - коммерческая,5773901452,Автотаргетинг,,-,0,-,0,,Не определено,-,-,,,,,Сети,Прочее,Не определено,Смартфоны,iOS,Wi-Fi,Женский,45-54 года,Топ 1%,Не определено,1915802398259215246,Активные,Комбинаторное,"Термопанели в Выборге - завод на Ленина, 11",Клинкерная плитка+утеплитель в одной панели. Оплата в два этапа. Звоните!,https://marmara-pro.ru?utm_content=commerce&utm_term={PHRASE},http://direct.yandex.ru/images/direct/6195656/qVbV_RGwHrqBiQiD1NgoCw,бейджик (1).jpg,1163321614,https://avatars.mds.yandex.net/get-media-adv-screenshooter/20873747/75477b03-780e-4e10-adff-81a72fc688af/orig,Текстово-графический,Автоматический,0.00,0,0,-,-,1,-,0.00,1.00,0.00,100.00,-,-,-,-
Термопанели в Выборге,712773255,24.08.2026,Группа 1 - коммерческая,5773901452,Автотаргетинг,,-,0,-,0,лемана про про в кировском районе,Альтернативные запросы,Запросы с упоминанием брендов конкурентов,-,,,,,Поиск,Прочее,Не определено,Десктопы,Не определён,Wi-Fi,Мужской,45-54 года,Остальные,Не определено,1915802398259215246,Активные,Комбинаторное,Бесплатная доставка по Выборгскому району,Свое производство в Выборге. Приезжайте на образцы. Бесплатная доставка по району.,https://marmara-pro.ru?utm_content=commerce&utm_term={PHRASE},-,-,-,-,Текстово-графический,Оригинальный,0.00,0,0,-,-,1,-,0.00,0.79,0.00,78.56,5.00,-,-,-
Термопанели в Выборге,712773255,24.08.2026,Группа 1 - коммерческая,5773901452,Автотаргетинг,,-,0,-,0,сип панели с минеральным утеплителем isover от компании вирмак,Альтернативные запросы,Запросы с упоминанием брендов конкурентов,-,,,,,Поиск,Спецразмещение,Не определено,Десктопы,Не определён,Wi-Fi,Мужской,45-54 года,6–10%,Не определено,1915802398259215246,Активные,Комбинаторное,Производитель термопанелей в Ленобласти,Клинкерная плитка+утеплитель в одной панели. Оплата в два этапа. Звоните!,https://marmara-pro.ru?utm_content=commerce&utm_term={PHRASE},-,-,-,-,Текстово-графический,Автоматический,0.00,0,0,-,-,1,-,0.00,0.76,0.00,76.43,2.00,-,-,-
Термопанели в Выборге,712773255,24.08.2026,Группа 1 - коммерческая,5773901452,Автотаргетинг,,-,0,-,0,строим наш дом выборг каталог товаров в выборге и цена,Широкие запросы,Запросы с упоминанием брендов конкурентов,-,,,,,Поиск,Спецразмещение,Не определено,Десктопы,Не определён,Wi-Fi,Мужской,45-54 года,Остальные,Не определено,1915802398259215246,Активные,Комбинаторное,Бесплатная доставка по Выборгскому району,Свое производство в Выборге. Приезжайте на образцы. Бесплатная доставка по району.,https://marmara-pro.ru?utm_content=commerce&utm_term={PHRASE},-,-,-,-,Текстово-графический,Оригинальный,0.00,0,0,-,-,1,-,0.00,1.14,0.00,114.42,1.00,-,-,-
Термопанели в Выборге,712773255,24.08.2026,Группа 1 - коммерческая,5773901452,Автотаргетинг,,-,0,-,0,технониколь выборг,Альтернативные запросы,Запросы с упоминанием брендов конкурентов,-,,,,,Поиск,Спецразмещение,Не определено,Планшеты,Android,Wi-Fi,Мужской,25-34 года,6–10%,Не определено,1915802398259215246,Активные,Комбинаторное,"Термопанели в Выборге - завод на Ленина, 11",Свое производство в Выборге. Приезжайте на образцы. Бесплатная доставка по району.,https://marmara-pro.ru?utm_content=commerce&utm_term={PHRASE},-,-,-,-,Текстово-графический,Оригинальный,0.00,0,0,-,-,1,-,0.00,0.77,0.00,76.79,1.00,-,-,-
Термопанели в Выборге,712773255,24.08.2026,Группа 1 - коммерческая,5773901452,Автотаргетинг,,-,0,-,0,толщина фасадных термопанелей под кирпич,Целевые запросы,Запросы без упоминания брендов,-,,,,,Поиск,Товарная галерея,Не определено,Смартфоны,Android,Wi-Fi,Мужской,45-54 года,6–10%,Не определено,1915802398259215246,Активные,Комбинаторное,Клинкерные термопанели - производство Выборг,Свое производство в Выборге. Приезжайте на образцы. Бесплатная доставка по району.,https://marmara-pro.ru?utm_content=commerce&utm_term={PHRASE},http://direct.yandex.ru/images/direct/5442016/qtxMfdimB3EKymbW9TWLzQ,термопанель.png,-,-,Текстово-графический,Оригинальный,0.00,0,0,-,-,1,-,0.00,0.53,0.00,52.59,3.00,-,-,-
Термопанели в Выборге,712773255,24.08.2026,Группа 1 - коммерческая,5773901452,Автотаргетинг,,-,0,-,0,фасадные панели 600мм,Целевые запросы,Запросы без упоминания брендов,-,,,,,Поиск,Прочее,Не определено,Десктопы,Не определён,Wi-Fi,Мужской,45-54 года,Остальные,Не определено,1915802398259215246,Активные,Комбинаторное,Производитель термопанелей в Ленобласти,Без посредников - завод. 60+ видов декора. Доставка по Ленобласти.,https://marmara-pro.ru?utm_content=commerce&utm_term={PHRASE},-,-,-,-,Текстово-графический,Оригинальный,0.00,0,0,-,-,1,-,0.00,0.85,0.00,84.88,5.00,-,-,-
Термопанели в Выборге,712773255,24.08.2026,Группа 1 - коммерческая,5773901452,Автотаргетинг,,-,0,-,0,цокольные панели с утеплителем для наружной отделки фундамента,Целевые запросы,Запросы без упоминания брендов,-,,,,,Поиск,Товарная галерея,Не определено,Смартфоны,iOS,Wi-Fi,Мужской,35-44 года,Остальные,Не определено,1915802398259215246,Активные,Комбинаторное,Термопанели с клинкером - собственный завод в Выборге,Клинкерная плитка+утеплитель в одной панели. Оплата в два этапа. Звоните!,https://marmara-pro.ru?utm_content=commerce&utm_term={PHRASE},http://direct.yandex.ru/images/direct/6195656/qVbV_RGwHrqBiQiD1NgoCw,бейджик (1).jpg,-,-,Текстово-графический,Оригинальный,0.00,0,0,-,-,1,-,0.00,0.08,0.00,7.56,8.00,-,-,-
Термопанели в Выборге,712773255,24.08.2026,Группа 2 - Гео (ключевая),5773898865,Автотаргетинг,,-,0,-,0,,Не определено,-,-,,,,,Сети,Прочее,Не определено,Десктопы,Не определён,Wi-Fi,Мужской,Старше 55,Остальные,Не определено,1915800871397818629,Остановленные,Комбинаторное,"Термопанели в Выборге - завод на Ленина, 11",Клинкерная плитка+утеплитель в одной панели. Оплата в два этапа. Звоните!,https://marmara-pro.ru?utm_content=zavod&utm_term={PHRASE},http://direct.yandex.ru/images/direct/5245050/6C6d0cQ-RdpqlPYUtMZQkw,пример 2.jpg,1163321614,https://avatars.mds.yandex.net/get-media-adv-screenshooter/20873747/75477b03-780e-4e10-adff-81a72fc688af/orig,Видео,Оригинальный,0.00,0,0,-,-,2,-,0.00,2.00,0.00,100.00,-,-,-,-
Термопанели в Выборге,712773255,24.08.2026,Группа 2 - Гео (ключевая),5773898865,Автотаргетинг,,-,0,-,0,,Не определено,-,-,,,,,Сети,Прочее,Не определено,Десктопы,Не определён,Wi-Fi,Мужской,Старше 55,Остальные,Не определено,1915800871397818629,Остановленные,Комбинаторное,"Термопанели в Выборге - завод на Ленина, 11",Клинкерная плитка+утеплитель в одной панели. Оплата в два этапа. Звоните!,https://marmara-pro.ru?utm_content=zavod&utm_term={PHRASE},http://direct.yandex.ru/images/direct/5245050/6C6d0cQ-RdpqlPYUtMZQkw,пример 2.jpg,1163321614,https://avatars.mds.yandex.net/get-media-adv-screenshooter/20873747/75477b03-780e-4e10-adff-81a72fc688af/orig,Карусель,Оригинальный,0.00,0,0,-,-,1,-,0.00,1.00,0.00,100.00,-,-,-,-
Термопанели в Выборге,712773255,24.08.2026,Группа 2 - Гео (ключевая),5773898865,Автотаргетинг,,-,0,-,0,,Не определено,-,-,,,,,Сети,Прочее,Не определено,Смартфоны,Android,Wi-Fi,Мужской,45-54 года,Остальные,Не определено,1915800871397818629,Остановленные,Комбинаторное,Купить термопанели в Выборге напрямую,Без посредников - завод. 60+ видов декора. Доставка по Ленобласти.,https://marmara-pro.ru?utm_content=zavod&utm_term={PHRASE},http://direct.yandex.ru/images/direct/5250956/5XPY7aqvM1xRQF8e4uTrqg,карусель 4-3_06.jpg,1163321614,https://avatars.mds.yandex.net/get-media-adv-screenshooter/20873747/75477b03-780e-4e10-adff-81a72fc688af/orig,Видео,Оригинальный,0.00,0,0,-,-,1,-,0.00,1.00,0.00,100.00,-,-,-,-
Термопанели в Выборге,712773255,24.08.2026,Группа 2 - Гео (ключевая),5773898865,Автотаргетинг,,-,0,-,0,,Не определено,-,-,,,,,Сети,Прочее,Не определено,Смартфоны,Android,Wi-Fi,Мужской,Старше 55,Остальные,Не определено,1915800871397818629,Остановленные,Комбинаторное,Купить термопанели в Выборге напрямую,Без посредников - завод. 60+ видов декора. Доставка по Ленобласти.,https://marmara-pro.ru?utm_content=zavod&utm_term={PHRASE},http://direct.yandex.ru/images/direct/5250956/5XPY7aqvM1xRQF8e4uTrqg,карусель 4-3_06.jpg,1163321614,https://avatars.mds.yandex.net/get-media-adv-screenshooter/20873747/75477b03-780e-4e10-adff-81a72fc688af/orig,Текстово-графический,Оригинальный,0.00,0,0,-,-,1,-,0.00,1.00,0.00,100.00,-,-,-,-
Термопанели в Выборге,712773255,24.08.2026,Группа 2 - Гео (ключевая),5773898865,Автотаргетинг,,-,0,-,0,,Не определено,-,-,,,,,Сети,Прочее,Не определено,Смартфоны,Android,Wi-Fi,Мужской,Старше 55,Остальные,Не определено,1915800871397818629,Остановленные,Комбинаторное,Купить термопанели в Выборге напрямую,Без посредников - завод. 60+ видов декора. Доставка по Ленобласти.,https://marmara-pro.ru?utm_content=zavod&utm_term={PHRASE},http://direct.yandex.ru/images/direct/5250956/5XPY7aqvM1xRQF8e4uTrqg,карусель 4-3_06.jpg,1163321614,https://avatars.mds.yandex.net/get-media-adv-screenshooter/20873747/75477b03-780e-4e10-adff-81a72fc688af/orig,Видео,Оригинальный,0.00,0,0,-,-,2,-,0.00,2.00,0.00,100.00,-,-,-,-
Термопанели в Выборге,712773255,24.08.2026,Группа 2 - Гео (ключевая),5773898865,Автотаргетинг,,-,0,-,0,,Не определено,-,-,,,,,Сети,Прочее,Не определено,Смартфоны,Android,Wi-Fi,Женский,Старше 55,Остальные,Не определено,1915800871397818629,Остановленные,Комбинаторное,Купить термопанели в Выборге напрямую,Без посредников - завод. 60+ видов декора. Доставка по Ленобласти.,https://marmara-pro.ru?utm_content=zavod&utm_term={PHRASE},http://direct.yandex.ru/images/direct/5250956/5XPY7aqvM1xRQF8e4uTrqg,карусель 4-3_06.jpg,1163321614,https://avatars.mds.yandex.net/get-media-adv-screenshooter/20873747/75477b03-780e-4e10-adff-81a72fc688af/orig,Видео,Автоматический,0.00,0,0,-,-,1,-,0.00,1.00,0.00,100.00,-,-,-,-
Термопанели в Выборге,712773255,24.08.2026,Группа 2 - Гео (ключевая),5773898865,Автотаргетинг,,-,0,-,0,,Не определено,-,-,,,,,Сети,Прочее,Не определено,Смартфоны,Android,Wi-Fi,Женский,Старше 55,Остальные,Не определено,1915800871397818629,Остановленные,Комбинаторное,"Термопанели в Выборге - завод на Ленина, 11",Клинкерная плитка+утеплитель в одной панели. Оплата в два этапа. Звоните!,https://marmara-pro.ru?utm_content=zavod&utm_term={PHRASE},http://direct.yandex.ru/images/direct/5245050/6C6d0cQ-RdpqlPYUtMZQkw,пример 2.jpg,1163321614,https://avatars.mds.yandex.net/get-media-adv-screenshooter/20873747/75477b03-780e-4e10-adff-81a72fc688af/orig,Видео,Оригинальный,0.00,1,0,0.00,-,1,0.00,100.00,1.00,100.00,100.00,-,-,0.00,1.00
Термопанели в Выборге,712773255,24.08.2026,Группа 2 - Гео (ключевая),5773898865,Автотаргетинг,,-,0,-,0,,Не определено,-,-,,,,,Сети,Прочее,Не определено,Смартфоны,Android,Мобильная связь,Женский,Старше 55,Остальные,Не определено,1915800871397818629,Остановленные,Комбинаторное,Купить термопанели в Выборге напрямую,Без посредников - завод. 60+ видов декора. Доставка по Ленобласти.,https://marmara-pro.ru?utm_content=zavod&utm_term={PHRASE},http://direct.yandex.ru/images/direct/5250956/5XPY7aqvM1xRQF8e4uTrqg,карусель 4-3_06.jpg,1163321614,https://avatars.mds.yandex.net/get-media-adv-screenshooter/20873747/75477b03-780e-4e10-adff-81a72fc688af/orig,Текстово-графический,Оригинальный,0.00,0,0,-,-,1,-,0.00,1.00,0.00,100.00,-,-,-,-
Термопанели в Выборге,712773255,24.08.2026,Группа 2 - Гео (ключевая),5773898865,Автотаргетинг,,-,0,-,0,кирпичное светогорск,Альтернативные запросы,Запросы с упоминанием брендов конкурентов,-,,,,,Поиск,Динамические места на поиске,Не определено,Смартфоны,Android,Wi-Fi,Мужской,45-54 года,Остальные,Не определено,1915800871397818629,Остановленные,Комбинаторное,Заголовок из контента поискового сниппета или настроек объявления,Текст из контента поискового сниппета или настроек объявления,https://marmara-pro.ru?utm_content=zavod&utm_term={PHRASE},-,-,-,-,Текстово-графический,Оригинальный,0.00,0,0,-,-,1,-,0.00,0.27,0.00,27.14,4.00,-,-,-
Термопанели в Выборге,712773255,24.08.2026,Группа 2 - Гео (ключевая),5773898865,Автотаргетинг,,-,0,-,0,панели в мурино,Широкие запросы,Запросы без упоминания брендов,-,,,,,Поиск,Прочее,Не определено,Смартфоны,Android,Wi-Fi,Мужской,Старше 55,Остальные,Не определено,1915800871397818629,Остановленные,Комбинаторное,Производитель термопанелей в Ленобласти,Свое производство в Выборге. Приезжайте на образцы. Бесплатная доставка по району.,https://marmara-pro.ru?utm_content=zavod&utm_term={PHRASE},-,-,-,-,Текстово-графический,Оригинальный,0.00,0,0,-,-,1,-,0.00,0.09,0.00,8.50,5.00,-,-,-
Термопанели в Выборге,712773255,24.08.2026,Группа 2 - Гео (ключевая),5773898865,Автотаргетинг,,-,0,-,0,термопанели для наружной отделки дома,Целевые запросы,Запросы без упоминания брендов,-,,,,,Поиск,Прочее,Не определено,Смартфоны,Android,Wi-Fi,Мужской,45-54 года,6–10%,Не определено,1915800871397818629,Остановленные,Комбинаторное,Производитель термопанелей в Ленобласти,Свое производство в Выборге. Приезжайте на образцы. Бесплатная доставка по району.,https://marmara-pro.ru?utm_content=zavod&utm_term={PHRASE},-,-,-,-,Текстово-графический,Оригинальный,0.00,0,0,-,-,1,-,0.00,0.55,0.00,54.58,7.00,-,-,-
Термопанели в Выборге,712773255,24.08.2026,Группа 3 - клинкер (продуктовая),5773902142,Автотаргетинг,,-,0,-,0,,Не определено,-,-,,,,,Сети,Прочее,Не определено,Десктопы,Не определён,Wi-Fi,Мужской,45-54 года,Остальные,Не определено,1915802914729060647,Активные,Комбинаторное,Термопанели с клинкером - собственный завод в Выборге,Без посредников - завод. 60+ видов декора. Доставка по Ленобласти.,https://marmara-pro.ru?utm_content=product&utm_term={PHRASE},http://direct.yandex.ru/images/direct/5442016/qtxMfdimB3EKymbW9TWLzQ,термопанель.png,1163321614,https://avatars.mds.yandex.net/get-media-adv-screenshooter/20873747/75477b03-780e-4e10-adff-81a72fc688af/orig,Видео,Автоматический,0.00,0,0,-,-,1,-,0.00,1.00,0.00,100.00,-,-,-,-
Термопанели в Выборге,712773255,24.08.2026,Группа 3 - клинкер (продуктовая),5773902142,Автотаргетинг,,-,0,-,0,,Не определено,-,-,,,,,Сети,Прочее,Не определено,Смартфоны,Android,Wi-Fi,Мужской,35-44 года,Остальные,Не определено,1915802914729060647,Активные,Комбинаторное,Термопанели с клинкером - собственный завод в Выборге,Без посредников - завод. 60+ видов декора. Доставка по Ленобласти.,https://marmara-pro.ru?utm_content=product&utm_term={PHRASE},http://direct.yandex.ru/images/direct/5442016/qtxMfdimB3EKymbW9TWLzQ,термопанель.png,1163321614,https://avatars.mds.yandex.net/get-media-adv-screenshooter/20873747/75477b03-780e-4e10-adff-81a72fc688af/orig,Текстово-графический,Оригинальный,0.00,0,0,-,-,1,-,0.00,1.00,0.00,100.00,-,-,-,-
Термопанели в Выборге,712773255,24.08.2026,Группа 3 - клинкер (продуктовая),5773902142,Автотаргетинг,,-,0,-,0,,Не определено,-,-,,,,,Сети,Прочее,Не определено,Смартфоны,Android,Wi-Fi,Мужской,45-54 года,Остальные,Не определено,1915802914729060647,Активные,Комбинаторное,Термопанели с клинкером - собственный завод в Выборге,Без посредников - завод. 60+ видов декора. Доставка по Ленобласти.,https://marmara-pro.ru?utm_content=product&utm_term={PHRASE},http://direct.yandex.ru/images/direct/5442016/qtxMfdimB3EKymbW9TWLzQ,термопанель.png,1163321614,https://avatars.mds.yandex.net/get-media-adv-screenshooter/20873747/75477b03-780e-4e10-adff-81a72fc688af/orig,Текстово-графический,Оригинальный,0.00,0,0,-,-,1,-,0.00,1.00,0.00,100.00,-,-,-,-
Термопанели в Выборге,712773255,24.08.2026,Группа 3 - клинкер (продуктовая),5773902142,Автотаргетинг,,-,0,-,0,,Не определено,-,-,,,,,Сети,Прочее,Не определено,Смартфоны,Android,Wi-Fi,Мужской,Старше 55,Остальные,Не определено,1915802914729060647,Активные,Комбинаторное,"Термопанели в Выборге - завод на Ленина, 11",Без посредников - завод. 60+ видов декора. Доставка по Ленобласти.,https://marmara-pro.ru?utm_content=product&utm_term={PHRASE},http://direct.yandex.ru/images/direct/5250956/5XPY7aqvM1xRQF8e4uTrqg,карусель 4-3_06.jpg,1163322157,https://avatars.mds.yandex.net/get-media-adv-screenshooter/20941197/1d06a155-09ca-4034-b8a4-ad411694a4d7/orig,Видео,Оригинальный,0.00,0,0,-,-,1,-,0.00,1.00,0.00,100.00,-,-,-,-
Термопанели в Выборге,712773255,24.08.2026,Группа 3 - клинкер (продуктовая),5773902142,Автотаргетинг,,-,0,-,0,,Не определено,-,-,,,,,Сети,Прочее,Не определено,Смартфоны,Android,Wi-Fi,Мужской,Старше 55,Остальные,Не определено,1915802914729060647,Активные,Комбинаторное,Термопанели с клинкером - собственный завод в Выборге,Без посредников - завод. 60+ видов декора. Доставка по Ленобласти.,https://marmara-pro.ru?utm_content=product&utm_term={PHRASE},http://direct.yandex.ru/images/direct/5442016/qtxMfdimB3EKymbW9TWLzQ,термопанель.png,1163321614,https://avatars.mds.yandex.net/get-media-adv-screenshooter/20873747/75477b03-780e-4e10-adff-81a72fc688af/orig,Текстово-графический,Автоматический,0.00,0,0,-,-,1,-,0.00,1.00,0.00,100.00,-,-,-,-
Термопанели в Выборге,712773255,24.08.2026,Группа 3 - клинкер (продуктовая),5773902142,Автотаргетинг,,-,0,-,0,,Не определено,-,-,,,,,Сети,Прочее,Не определено,Смартфоны,Android,Wi-Fi,Мужской,Старше 55,Остальные,Не определено,1915802914729060647,Активные,Комбинаторное,Термопанели с клинкером - собственный завод в Выборге,Без посредников - завод. 60+ видов декора. Доставка по Ленобласти.,https://marmara-pro.ru?utm_content=product&utm_term={PHRASE},http://direct.yandex.ru/images/direct/5442016/qtxMfdimB3EKymbW9TWLzQ,термопанель.png,1163321614,https://avatars.mds.yandex.net/get-media-adv-screenshooter/20873747/75477b03-780e-4e10-adff-81a72fc688af/orig,Текстово-графический,Оригинальный,0.00,0,0,-,-,1,-,0.00,1.00,0.00,100.00,-,-,-,-
Термопанели в Выборге,712773255,24.08.2026,Группа 3 - клинкер (продуктовая),5773902142,Автотаргетинг,,-,0,-,0,,Не определено,-,-,,,,,Сети,Прочее,Не определено,Смартфоны,Android,Wi-Fi,Мужской,Старше 55,Остальные,Не определено,1915802914729060647,Активные,Комбинаторное,Термопанели с клинкером - собственный завод в Выборге,Без посредников - завод. 60+ видов декора. Доставка по Ленобласти.,https://marmara-pro.ru?utm_content=product&utm_term={PHRASE},http://direct.yandex.ru/images/direct/5442016/qtxMfdimB3EKymbW9TWLzQ,термопанель.png,1163321614,https://avatars.mds.yandex.net/get-media-adv-screenshooter/20873747/75477b03-780e-4e10-adff-81a72fc688af/orig,Видео,Оригинальный,0.00,0,0,-,-,1,-,0.00,1.00,0.00,100.00,-,-,-,-
Термопанели в Выборге,712773255,24.08.2026,Группа 3 - клинкер (продуктовая),5773902142,Автотаргетинг,,-,0,-,0,,Не определено,-,-,,,,,Сети,Прочее,Не определено,Смартфоны,Android,Wi-Fi,Женский,25-34 года,Остальные,Не определено,1915802914729060647,Активные,Комбинаторное,Термопанели с клинкером - собственный завод в Выборге,Без посредников - завод. 60+ видов декора. Доставка по Ленобласти.,https://marmara-pro.ru?utm_content=product&utm_term={PHRASE},http://direct.yandex.ru/images/direct/5442016/qtxMfdimB3EKymbW9TWLzQ,термопанель.png,1163321614,https://avatars.mds.yandex.net/get-media-adv-screenshooter/20873747/75477b03-780e-4e10-adff-81a72fc688af/orig,Текстово-графический,Оригинальный,0.00,0,0,-,-,1,-,0.00,1.00,0.00,100.00,-,-,-,-
Термопанели в Выборге,712773255,24.08.2026,Группа 3 - клинкер (продуктовая),5773902142,Автотаргетинг,,-,0,-,0,,Не определено,-,-,,,,,Сети,Прочее,Не определено,Смартфоны,Android,Wi-Fi,Женский,Старше 55,Остальные,Не определено,1915802914729060647,Активные,Комбинаторное,Термопанели с клинкером - собственный завод в Выборге,Без посредников - завод. 60+ видов декора. Доставка по Ленобласти.,https://marmara-pro.ru?utm_content=product&utm_term={PHRASE},http://direct.yandex.ru/images/direct/5442016/qtxMfdimB3EKymbW9TWLzQ,термопанель.png,1163321614,https://avatars.mds.yandex.net/get-media-adv-screenshooter/20873747/75477b03-780e-4e10-adff-81a72fc688af/orig,Видео,Автоматический,0.00,0,0,-,-,1,-,0.00,1.00,0.00,100.00,-,-,-,-
Термопанели в Выборге,712773255,24.08.2026,Группа 3 - клинкер (продуктовая),5773902142,Автотаргетинг,,-,0,-,0,,Не определено,-,-,,,,,Сети,Прочее,Не определено,Смартфоны,iOS,Wi-Fi,Мужской,45-54 года,6–10%,Не определено,1915802914729060647,Активные,Комбинаторное,Термопанели с клинкером - собственный завод в Выборге,Без посредников - завод. 60+ видов декора. Доставка по Ленобласти.,https://marmara-pro.ru?utm_content=product&utm_term={PHRASE},http://direct.yandex.ru/images/direct/5442016/qtxMfdimB3EKymbW9TWLzQ,термопанель.png,1163321614,https://avatars.mds.yandex.net/get-media-adv-screenshooter/20873747/75477b03-780e-4e10-adff-81a72fc688af/orig,Видео,Автоматический,0.00,0,0,-,-,2,-,0.00,2.00,0.00,100.00,-,-,-,-
Термопанели в Выборге,712773255,24.08.2026,Группа 3 - клинкер (продуктовая),5773902142,Автотаргетинг,,-,0,-,0,,Не определено,-,-,,,,,Сети,Прочее,Не определено,Смартфоны,iOS,Wi-Fi,Женский,45-54 года,Топ 1%,Не определено,1915802914729060647,Активные,Комбинаторное,Термопанели с клинкером - собственный завод в Выборге,Без посредников - завод. 60+ видов декора. Доставка по Ленобласти.,https://marmara-pro.ru?utm_content=product&utm_term={PHRASE},http://direct.yandex.ru/images/direct/5442016/qtxMfdimB3EKymbW9TWLzQ,термопанель.png,1163321614,https://avatars.mds.yandex.net/get-media-adv-screenshooter/20873747/75477b03-780e-4e10-adff-81a72fc688af/orig,Видео,Автоматический,0.00,0,0,-,-,1,-,0.00,1.00,0.00,100.00,-,-,-,-
Термопанели в Выборге,712773255,24.08.2026,Группа 3 - клинкер (продуктовая),5773902142,Автотаргетинг,,-,0,-,0,,Не определено,-,-,,,,,Сети,Прочее,Не определено,Смартфоны,iOS,Wi-Fi,Женский,Старше 55,2–5%,Не определено,1915802914729060647,Активные,Комбинаторное,"Термопанели в Выборге - завод на Ленина, 11",Без посредников - завод. 60+ видов декора. Доставка по Ленобласти.,https://marmara-pro.ru?utm_content=product&utm_term={PHRASE},http://direct.yandex.ru/images/direct/5250956/5XPY7aqvM1xRQF8e4uTrqg,карусель 4-3_06.jpg,1163322157,https://avatars.mds.yandex.net/get-media-adv-screenshooter/20941197/1d06a155-09ca-4034-b8a4-ad411694a4d7/orig,Видео,Автоматический,0.00,0,0,-,-,1,-,0.00,1.00,0.00,100.00,-,-,-,-
Термопанели в Выборге,712773255,24.08.2026,Группа 3 - клинкер (продуктовая),5773902142,Автотаргетинг,,-,0,-,0,вентилируемые навесные фасадные панели,Целевые запросы,Запросы без упоминания брендов,-,,,,,Поиск,Прочее,Не определено,Смартфоны,Android,Wi-Fi,Женский,25-34 года,Остальные,Не определено,1915802914729060647,Активные,Комбинаторное,"Термопанели в Выборге - завод на Ленина, 11",Без посредников - завод. 60+ видов декора. Доставка по Ленобласти.,https://marmara-pro.ru?utm_content=product&utm_term={PHRASE},-,-,-,-,Текстово-графический,Автоматический,0.00,0,0,-,-,1,-,0.00,0.55,0.00,54.58,7.00,-,-,-
Термопанели в Выборге,712773255,24.08.2026,Группа 3 - клинкер (продуктовая),5773902142,Автотаргетинг,,-,0,-,0,клинкерная плитка,Целевые запросы,Запросы без упоминания брендов,-,,,,,Поиск,Прочее,Не определено,Десктопы,Не определён,Мобильная связь,Мужской,45-54 года,2–5%,Не определено,1915802914729060647,Активные,Комбинаторное,Клинкерные термопанели - производство Выборг,Свое производство в Выборге. Приезжайте на образцы. Бесплатная доставка по району.,https://marmara-pro.ru?utm_content=product&utm_term={PHRASE},-,-,-,-,Текстово-графический,Оригинальный,0.00,0,0,-,-,1,-,0.00,0.45,0.00,44.58,8.00,-,-,-
Термопанели в Выборге,712773255,24.08.2026,Группа 3 - клинкер (продуктовая),5773902142,Автотаргетинг,,-,0,-,0,клинкерная плитка с утеплителем для фасадов,Целевые запросы,Запросы без упоминания брендов,-,,,,,Поиск,Прочее,Не определено,Смартфоны,iOS,Wi-Fi,Мужской,25-34 года,Остальные,Не определено,1915802914729060647,Активные,Комбинаторное,Термопанели с клинкером - собственный завод в Выборге,Клинкерная плитка+утеплитель в одной панели. Оплата в два этапа. Звоните!,https://marmara-pro.ru?utm_content=product&utm_term={PHRASE},-,-,-,-,Текстово-графический,Оригинальный,0.00,0,0,-,-,1,-,0.00,0.65,0.00,64.58,6.00,-,-,-
Термопанели в Выборге,712773255,24.08.2026,Группа 3 - клинкер (продуктовая),5773902142,Автотаргетинг,,-,0,-,0,клинкерная плитка с утеплителем для фасадов,Целевые запросы,Запросы без упоминания брендов,-,,,,,Поиск,Товарная галерея,Не определено,Смартфоны,iOS,Wi-Fi,Мужской,25-34 года,Остальные,Не определено,1915802914729060647,Активные,Комбинаторное,Термопанели с клинкером - собственный завод в Выборге,Клинкерная плитка+утеплитель в одной панели. Оплата в два этапа. Звоните!,https://marmara-pro.ru?utm_content=product&utm_term={PHRASE},http://direct.yandex.ru/images/direct/5250956/5XPY7aqvM1xRQF8e4uTrqg,карусель 4-3_06.jpg,-,-,Текстово-графический,Оригинальный,0.00,0,0,-,-,1,-,0.00,0.49,0.00,48.86,3.00,-,-,-
Термопанели в Выборге,712773255,24.08.2026,Группа 3 - клинкер (продуктовая),5773902142,Автотаргетинг,,-,0,-,0,купить сип панели в выборге,Альтернативные запросы,Запросы без упоминания брендов,-,,,,,Поиск,Прочее,Не определено,Смартфоны,Android,Wi-Fi,Мужской,45-54 года,6–10%,Не определено,1915802914729060647,Активные,Комбинаторное,Термопанели с клинкером - собственный завод в Выборге,Без посредников - завод. 60+ видов декора. Доставка по Ленобласти.,https://marmara-pro.ru?utm_content=product&utm_term={PHRASE},-,-,-,-,Текстово-графический,Автоматический,0.00,0,0,-,-,1,-,0.00,1.21,0.00,120.57,5.00,-,-,-
Термопанели в Выборге,712773255,24.08.2026,Группа 3 - клинкер (продуктовая),5773902142,Автотаргетинг,,-,0,-,0,новый свет гатчинский район купить стройматериалы,Целевые запросы,Запросы без упоминания брендов,-,,,,,Поиск,Прочее,Не определено,Смартфоны,Android,Wi-Fi,Женский,45-54 года,Остальные,Не определено,1915802914729060647,Активные,Комбинаторное,"Термопанели в Выборге - завод на Ленина, 11",Без посредников - завод. 60+ видов декора. Доставка по Ленобласти.,https://marmara-pro.ru?utm_content=product&utm_term={PHRASE},-,-,-,-,Текстово-графический,Оригинальный,0.00,0,0,-,-,1,-,0.00,0.45,0.00,44.58,8.00,-,-,-
Термопанели в Выборге,712773255,24.08.2026,Группа 3 - клинкер (продуктовая),5773902142,Автотаргетинг,,-,0,-,0,облицовочный камень купить,Целевые запросы,Запросы без упоминания брендов,-,,,,,Поиск,Товарная галерея,Не определено,Смартфоны,iOS,Wi-Fi,Мужской,Старше 55,6–10%,Не определено,1915802914729060647,Активные,Комбинаторное,"Термопанели в Выборге - завод на Ленина, 11",Без посредников - завод. 60+ видов декора. Доставка по Ленобласти.,https://marmara-pro.ru?utm_content=product&utm_term={PHRASE},http://direct.yandex.ru/images/direct/5250956/5XPY7aqvM1xRQF8e4uTrqg,карусель 4-3_06.jpg,-,-,Текстово-графический,Автоматический,0.00,0,0,-,-,1,-,0.00,0.14,0.00,13.54,13.00,-,-,-
Термопанели в Выборге,712773255,24.08.2026,Группа 3 - клинкер (продуктовая),5773902142,Автотаргетинг,,-,0,-,0,панели клинкерного кирпича,Целевые запросы,Запросы без упоминания брендов,-,,,,,Поиск,Прочее,Не определено,Десктопы,Не определён,Wi-Fi,Женский,45-54 года,Остальные,Не определено,1915802914729060647,Активные,Комбинаторное,Клинкерные термопанели - производство Выборг,Клинкерная плитка+утеплитель в одной панели. Оплата в два этапа. Звоните!,https://marmara-pro.ru?utm_content=product&utm_term={PHRASE},-,-,-,-,Текстово-графический,Оригинальный,0.00,0,0,-,-,1,-,0.00,0.06,0.00,5.58,7.00,-,-,-
Термопанели в Выборге,712773255,24.08.2026,Группа 3 - клинкер (продуктовая),5773902142,Автотаргетинг,,-,0,-,0,панели под кирпич в квартиру,Целевые запросы,Запросы без упоминания брендов,-,,,,,Поиск,Прочее,Не определено,Десктопы,Не определён,Wi-Fi,Мужской,45-54 года,2–5%,Не определено,1915802914729060647,Активные,Комбинаторное,Гарантия до 5 лет на термопанели,Свое производство в Выборге. Приезжайте на образцы. Бесплатная доставка по району.,https://marmara-pro.ru?utm_content=product&utm_term={PHRASE},-,-,-,-,Текстово-графический,Оригинальный,0.00,0,0,-,-,1,-,0.00,0.55,0.00,54.58,7.00,-,-,-
Термопанели в Выборге,712773255,24.08.2026,Группа 3 - клинкер (продуктовая),5773902142,Автотаргетинг,,-,0,-,0,плитка фасадная утепленная,Целевые запросы,Запросы без упоминания брендов,-,,,,,Поиск,Товарная галерея,Не определено,Смартфоны,Android,Wi-Fi,Мужской,45-54 года,Остальные,Не определено,1915802914729060647,Активные,Комбинаторное,"Термопанели в Выборге - завод на Ленина, 11",Без посредников - завод. 60+ видов декора. Доставка по Ленобласти.,https://marmara-pro.ru?utm_content=product&utm_term={PHRASE},http://direct.yandex.ru/images/direct/5250956/5XPY7aqvM1xRQF8e4uTrqg,карусель 4-3_06.jpg,-,-,Текстово-графический,Автоматический,0.00,0,0,-,-,1,-,0.00,0.13,0.00,13.46,15.00,-,-,-
Термопанели в Выборге,712773255,24.08.2026,Группа 3 - клинкер (продуктовая),5773902142,Автотаргетинг,,-,0,-,0,термопанели для наружной отделки дома,Целевые запросы,Запросы без упоминания брендов,-,,,,,Поиск,Прочее,Не определено,Смартфоны,Android,Wi-Fi,Мужской,45-54 года,6–10%,Не определено,1915802914729060647,Активные,Комбинаторное,"Термопанели в Выборге - завод на Ленина, 11",Без посредников - завод. 60+ видов декора. Доставка по Ленобласти.,https://marmara-pro.ru?utm_content=product&utm_term={PHRASE},-,-,-,-,Текстово-графический,Автоматический,0.00,0,0,-,-,1,-,0.00,0.55,0.00,54.58,7.00,-,-,-
Термопанели в Выборге,712773255,24.08.2026,Группа 3 - клинкер (продуктовая),5773902142,Автотаргетинг,,-,0,-,0,термопанели для наружной отделки дома,Целевые запросы,Запросы без упоминания брендов,-,,,,,Поиск,Прочее,Не определено,Смартфоны,Android,Wi-Fi,Женский,45-54 года,Остальные,Не определено,1915802914729060647,Активные,Комбинаторное,"Термопанели в Выборге - завод на Ленина, 11",Без посредников - завод. 60+ видов декора. Доставка по Ленобласти.,https://marmara-pro.ru?utm_content=product&utm_term={PHRASE},-,-,-,-,Текстово-графический,Автоматический,0.00,0,0,-,-,1,-,0.00,0.65,0.00,64.58,6.00,-,-,-
Термопанели в Выборге,712773255,24.08.2026,Группа 3 - клинкер (продуктовая),5773902142,Автотаргетинг,,-,0,-,0,термопанели на юсби плиту,Целевые запросы,Запросы без упоминания брендов,-,,,,,Поиск,Прочее,Не определено,Смартфоны,Android,Wi-Fi,Женский,45-54 года,Остальные,Не определено,1915802914729060647,Активные,Комбинаторное,"Термопанели в Выборге - завод на Ленина, 11",Без посредников - завод. 60+ видов декора. Доставка по Ленобласти.,https://marmara-pro.ru?utm_content=product&utm_term={PHRASE},-,-,-,-,Текстово-графический,Автоматический,0.00,0,0,-,-,1,-,0.00,0.55,0.00,54.58,7.00,-,-,-
Термопанели в Выборге,712773255,24.08.2026,Группа 3 - клинкер (продуктовая),5773902142,Автотаргетинг,,-,0,-,0,термопанели под камень,Целевые запросы,Запросы без упоминания брендов,-,,,,,Поиск,Прочее,Не определено,Смартфоны,Android,Wi-Fi,Мужской,35-44 года,Остальные,Не определено,1915802914729060647,Активные,Комбинаторное,Гарантия до 5 лет на термопанели,Свое производство в Выборге. Приезжайте на образцы. Бесплатная доставка по району.,https://marmara-pro.ru?utm_content=product&utm_term={PHRASE},-,-,-,-,Текстово-графический,Оригинальный,0.00,0,0,-,-,1,-,0.00,0.65,0.00,64.58,6.00,-,-,-
Термопанели в Выборге,712773255,24.08.2026,Группа 3 - клинкер (продуктовая),5773902142,Автотаргетинг,,-,0,-,0,термопанели фасадные,Целевые запросы,Запросы без упоминания брендов,-,,,,,Поиск,Прочее,Не определено,Смартфоны,Android,Wi-Fi,Мужской,45-54 года,Остальные,Не определено,1915802914729060647,Активные,Комбинаторное,"Термопанели в Выборге - завод на Ленина, 11",Без посредников - завод. 60+ видов декора. Доставка по Ленобласти.,https://marmara-pro.ru?utm_content=product&utm_term={PHRASE},-,-,-,-,Текстово-графический,Автоматический,0.00,0,0,-,-,1,-,0.00,0.55,0.00,54.58,7.00,-,-,-
Термопанели в Выборге,712773255,24.08.2026,Группа 3 - клинкер (продуктовая),5773902142,Автотаргетинг,,-,0,-,0,термопанель,Целевые запросы,Запросы без упоминания брендов,-,,,,,Поиск,Прочее,Не определено,Смартфоны,Android,Wi-Fi,Женский,45-54 года,Остальные,Не определено,1915802914729060647,Активные,Комбинаторное,"Термопанели в Выборге - завод на Ленина, 11",Без посредников - завод. 60+ видов декора. Доставка по Ленобласти.,https://marmara-pro.ru?utm_content=product&utm_term={PHRASE},-,-,-,-,Текстово-графический,Автоматический,0.00,0,0,-,-,1,-,0.00,0.65,0.00,64.58,6.00,-,-,-
Термопанели в Выборге,712773255,24.08.2026,Группа 3 - клинкер (продуктовая),5773902142,Автотаргетинг,,-,0,-,0,толщина фасадных панелей под кирпич,Целевые запросы,Запросы без упоминания брендов,-,,,,,Поиск,Товарная галерея,Не определено,Смартфоны,Android,Wi-Fi,Мужской,45-54 года,6–10%,Не определено,1915802914729060647,Активные,Комбинаторное,Производитель термопанелей в Ленобласти,Свое производство в Выборге. Приезжайте на образцы. Бесплатная доставка по району.,https://marmara-pro.ru?utm_content=product&utm_term={PHRASE},http://direct.yandex.ru/images/direct/6195656/qVbV_RGwHrqBiQiD1NgoCw,бейджик (1).jpg,-,-,Текстово-графический,Оригинальный,0.00,0,0,-,-,1,-,0.00,0.49,0.00,48.86,3.00,-,-,-
Термопанели в Выборге,712773255,24.08.2026,Группа 3 - клинкер (продуктовая),5773902142,Автотаргетинг,,-,0,-,0,фасадные панели в пионере купить ленобласть,Целевые запросы,Запросы с упоминанием брендов конкурентов,-,,,,,Поиск,Прочее,Не определено,Смартфоны,Android,Wi-Fi,Женский,Старше 55,Остальные,Не определено,1915802914729060647,Активные,Комбинаторное,"Термопанели в Выборге - завод на Ленина, 11",Без посредников - завод. 60+ видов декора. Доставка по Ленобласти.,https://marmara-pro.ru?utm_content=product&utm_term={PHRASE},-,-,-,-,Текстово-графический,Автоматический,0.00,0,0,-,-,1,-,0.00,0.85,0.00,84.88,5.00,-,-,-
Термопанели в Выборге,712773255,24.08.2026,Группа 3 - клинкер (продуктовая),5773902142,Автотаргетинг,,-,0,-,0,фасадные термопанели,Целевые запросы,Запросы без упоминания брендов,-,,,,,Поиск,Прочее,Не определено,Смартфоны,Android,Wi-Fi,Мужской,45-54 года,Остальные,Не определено,1915802914729060647,Активные,Комбинаторное,"Термопанели в Выборге - завод на Ленина, 11",Без посредников - завод. 60+ видов декора. Доставка по Ленобласти.,https://marmara-pro.ru?utm_content=product&utm_term={PHRASE},-,-,-,-,Текстово-графический,Автоматический,0.00,0,0,-,-,1,-,0.00,0.45,0.00,44.58,8.00,-,-,-
Термопанели в Выборге,712773255,24.08.2026,Термопанели (Лен. область),5773097196,Фраза,термопанели ленинградская область -выборг,-,0,-,0,производство термопанелей в волосово,Альтернативные запросы,Запросы без упоминания брендов,Семантическое,,,,,Поиск,Динамические места на поиске,Не определено,Смартфоны,Android,Wi-Fi,Женский,45-54 года,Остальные,Не определено,1915608023072927866,Активные,Комбинаторное,Заголовок из контента поискового сниппета или настроек объявления,Текст из контента поискового сниппета или настроек объявления,https://marmara-pro.ru?utm_content=geo&utm_term={PHRASE},-,-,-,-,Текстово-графический,Оригинальный,0.00,0,0,-,-,1,-,0.00,0.98,0.00,97.84,1.00,-,-,-
Термопанели в Выборге,712773255,24.08.2026,Термопанели (Лен. область),5773097196,Автотаргетинг,,-,0,-,0,,Не определено,-,-,,,,,Сети,Прочее,Не определено,Смартфоны,Android,Wi-Fi,Мужской,Старше 55,Остальные,Не определено,1915608023072927866,Активные,Комбинаторное,Термопанели с клинкером. Свое производство в Выборге,"Термопанели с клинкером. Собственное производство, своя цена, нет посредников.",https://marmara-pro.ru?utm_content=geo&utm_term={PHRASE},http://direct.yandex.ru/images/direct/5250956/5XPY7aqvM1xRQF8e4uTrqg,карусель 4-3_06.jpg,1163321614,https://avatars.mds.yandex.net/get-media-adv-screenshooter/20873747/75477b03-780e-4e10-adff-81a72fc688af/orig,Текстово-графический,Оригинальный,0.00,0,0,-,-,1,-,0.00,1.00,0.00,100.00,-,-,-,-
Термопанели в Выборге,712773255,24.08.2026,Термопанели (Лен. область),5773097196,Автотаргетинг,,-,0,-,0,декор уличной стены кирпич,Целевые запросы,Запросы без упоминания брендов,-,,,,,Поиск,Товарная галерея,Не определено,Смартфоны,iOS,Wi-Fi,Мужской,35-44 года,2–5%,Не определено,1915608023072927866,Активные,Комбинаторное,Термопанели с клинкерной плиткой. Производство в Выборге,"Термопанели с клинкером. Собственное производство, своя цена, нет посредников.",https://marmara-pro.ru?utm_content=geo&utm_term={PHRASE},http://direct.yandex.ru/images/direct/5250956/5XPY7aqvM1xRQF8e4uTrqg,карусель 4-3_06.jpg,-,-,Текстово-графический,Автоматический,0.00,0,0,-,-,1,-,0.00,0.14,0.00,13.54,13.00,-,-,-
Термопанели в Выборге,712773255,24.08.2026,Термопанели (Лен. область),5773097196,Автотаргетинг,,-,0,-,0,декоративная плитка на стену,Целевые запросы,Запросы без упоминания брендов,-,,,,,Поиск,Прочее,Не определено,Смартфоны,Android,Wi-Fi,Мужской,35-44 года,Остальные,Не определено,1915608023072927866,Активные,Комбинаторное,Термопанели с клинкерной плиткой. Производство в Выборге,"Термопанели с клинкером. Собственное производство, своя цена, нет посредников.",https://marmara-pro.ru?utm_content=geo&utm_term={PHRASE},-,-,-,-,Текстово-графический,Автоматический,0.00,0,0,-,-,1,-,0.00,0.55,0.00,54.58,7.00,-,-,-
Термопанели в Выборге,712773255,24.08.2026,Термопанели (Лен. область),5773097196,Автотаргетинг,,-,0,-,0,декоративные стеновые панели моющиеся и жаропрочные,Целевые запросы,Запросы без упоминания брендов,-,,,,,Поиск,Прочее,Не определено,Смартфоны,iOS,Wi-Fi,Женский,35-44 года,Остальные,Не определено,1915608023072927866,Активные,Комбинаторное,Термопанели с клинкерной плиткой. Производство в Выборге,"Термопанели с клинкером. Собственное производство, своя цена, нет посредников.",https://marmara-pro.ru?utm_content=geo&utm_term={PHRASE},-,-,-,-,Текстово-графический,Автоматический,0.00,0,0,-,-,1,-,0.00,0.45,0.00,44.58,8.00,-,-,-
Термопанели в Выборге,712773255,24.08.2026,Термопанели (Лен. область),5773097196,Автотаргетинг,,-,0,-,0,декоративные стеновые панели моющиеся и жаропрочные,Целевые запросы,Запросы без упоминания брендов,-,,,,,Поиск,Товарная галерея,Не определено,Смартфоны,iOS,Wi-Fi,Женский,35-44 года,Остальные,Не определено,1915608023072927866,Активные,Комбинаторное,Термопанели с клинкерной плиткой. Производство в Выборге,"Термопанели с клинкером. Собственное производство, своя цена, нет посредников.",https://marmara-pro.ru?utm_content=geo&utm_term={PHRASE},http://direct.yandex.ru/images/direct/5250956/5XPY7aqvM1xRQF8e4uTrqg,карусель 4-3_06.jpg,-,-,Текстово-графический,Автоматический,0.00,0,0,-,-,1,-,0.00,0.31,0.00,30.50,5.00,-,-,-
Термопанели в Выборге,712773255,24.08.2026,Термопанели (Лен. область),5773097196,Автотаргетинг,,-,0,-,0,имитация плитки,Целевые запросы,Запросы без упоминания брендов,-,,,,,Поиск,Прочее,Не определено,Смартфоны,iOS,Wi-Fi,Не определен,Не определен,Остальные,Не определено,1915608023072927866,Активные,Комбинаторное,Термопанели с клинкерной плиткой. Производство в Выборге,"Термопанели с клинкером. Собственное производство, своя цена, нет посредников.",https://marmara-pro.ru?utm_content=geo&utm_term={PHRASE},-,-,-,-,Текстово-графический,Автоматический,0.00,0,0,-,-,1,-,0.00,0.85,0.00,84.88,5.00,-,-,-
Термопанели в Выборге,712773255,24.08.2026,Термопанели (Лен. область),5773097196,Автотаргетинг,,-,0,-,0,керамические каменные панели цоколя,Целевые запросы,Запросы без упоминания брендов,-,,,,,Поиск,Прочее,Не определено,Смартфоны,iOS,Wi-Fi,Мужской,45-54 года,2–5%,Не определено,1915608023072927866,Активные,Комбинаторное,Термопанели с клинкерной плиткой. Производство в Выборге,"Термопанели с клинкером. Собственное производство, своя цена, нет посредников.",https://marmara-pro.ru?utm_content=geo&utm_term={PHRASE},-,-,-,-,Текстово-графический,Оригинальный,0.00,0,0,-,-,1,-,0.00,0.65,0.00,64.58,6.00,-,-,-
Термопанели в Выборге,712773255,24.08.2026,Термопанели (Лен. область),5773097196,Автотаргетинг,,-,0,-,0,клинкерная плитка на фасад дома,Целевые запросы,Запросы без упоминания брендов,-,,,,,Поиск,Прочее,Не определено,Смартфоны,iOS,Wi-Fi,Мужской,25-34 года,2–5%,Не определено,1915608023072927866,Активные,Комбинаторное,Термопанели с клинкерной плиткой. Производство в Выборге,"Термопанели с клинкером. Собственное производство, своя цена, нет посредников.",https://marmara-pro.ru?utm_content=geo&utm_term={PHRASE},-,-,-,-,Текстово-графический,Автоматический,0.00,0,0,-,-,1,-,0.00,0.45,0.00,44.58,8.00,-,-,-
Термопанели в Выборге,712773255,24.08.2026,Термопанели (Лен. область),5773097196,Автотаргетинг,,-,0,-,0,клинкерная плитка отделка цена,Целевые запросы,Запросы без упоминания брендов,-,,,,,Поиск,Прочее,Не определено,Смартфоны,Android,Wi-Fi,Женский,Старше 55,Остальные,Не определено,1915608023072927866,Активные,Комбинаторное,Термопанели с клинкерной плиткой. Производство в Выборге,"Термопанели с клинкером. Собственное производство, своя цена, нет посредников.",https://marmara-pro.ru?utm_content=geo&utm_term={PHRASE},-,-,-,-,Текстово-графический,Автоматический,0.00,0,0,-,-,1,-,0.00,0.65,0.00,64.58,6.00,-,-,-
Термопанели в Выборге,712773255,24.08.2026,Термопанели (Лен. область),5773097196,Автотаргетинг,,-,0,-,0,клинкерная плитка с утеплителем для фасадов,Целевые запросы,Запросы без упоминания брендов,-,,,,,Поиск,Прочее,Не определено,Смартфоны,iOS,Wi-Fi,Мужской,25-34 года,Остальные,Не определено,1915608023072927866,Активные,Комбинаторное,Термопанели с клинкерной плиткой. Производство в Выборге,"Термопанели с клинкером. Собственное производство, своя цена, нет посредников.",https://marmara-pro.ru?utm_content=geo&utm_term={PHRASE},-,-,-,-,Текстово-графический,Автоматический,0.00,0,0,-,-,1,-,0.00,0.55,0.00,54.58,7.00,-,-,-
Термопанели в Выборге,712773255,24.08.2026,Термопанели (Лен. область),5773097196,Автотаргетинг,,-,0,-,0,клинкерная плитка с утеплителем для фасадов,Целевые запросы,Запросы без упоминания брендов,-,,Термопанели с клинкерной плиткой — КлинкерПрофи,,,Поиск,Товарная галерея,Не определено,Смартфоны,iOS,Wi-Fi,Мужской,25-34 года,Остальные,Не определено,1918167638897563177,Активные,Страницы каталога,Термопанели с клинкерной плиткой. Производство в Выборге,"Фасадные термопанели с клинкером. Производство в Выборге, доставка по СПб...",https://marmara-pro.ru/termo?utm_content=catalog&utm_term={PHRASE},-,-,-,-,Текстово-графический,Оригинальный,0.00,0,0,-,-,1,-,0.00,0.36,0.00,36.38,4.00,-,-,-
Термопанели в Выборге,712773255,24.08.2026,Термопанели (Лен. область),5773097196,Автотаргетинг,,-,0,-,0,клинкерные панели под кирпич,Целевые запросы,Запросы без упоминания брендов,-,,,,,Поиск,Прочее,Не определено,Смартфоны,Android,Wi-Fi,Женский,25-34 года,Остальные,Не определено,1915608023072927866,Активные,Комбинаторное,Термопанели с клинкерной плиткой. Производство в Выборге,"Термопанели с клинкером. Собственное производство, своя цена, нет посредников.",https://marmara-pro.ru?utm_content=geo&utm_term={PHRASE},-,-,-,-,Текстово-графический,Автоматический,0.00,0,0,-,-,1,-,0.00,0.85,0.00,84.88,5.00,-,-,-
Термопанели в Выборге,712773255,24.08.2026,Термопанели (Лен. область),5773097196,Автотаргетинг,,-,0,-,0,клинкерные панели под кирпич,Целевые запросы,Запросы без упоминания брендов,-,,,,,Поиск,Товарная галерея,Не определено,Смартфоны,Android,Wi-Fi,Женский,25-34 года,Остальные,Не определено,1915608023072927866,Активные,Комбинаторное,Термопанели с клинкерной плиткой. Производство в Выборге,"Термопанели с клинкером. Собственное производство, своя цена, нет посредников.",https://marmara-pro.ru?utm_content=geo&utm_term={PHRASE},http://direct.yandex.ru/images/direct/5250956/5XPY7aqvM1xRQF8e4uTrqg,карусель 4-3_06.jpg,-,-,Текстово-графический,Автоматический,0.00,1,0,0.00,-,2,0.00,50.00,0.27,373.66,13.38,17.00,17.00,0.00,9.00
Термопанели в Выборге,712773255,24.08.2026,Термопанели (Лен. область),5773097196,Автотаргетинг,,-,0,-,0,купить фасадные термопанели для наружной отделки дома,Целевые запросы,Запросы без упоминания брендов,-,,,,,Поиск,Прочее,Не определено,Смартфоны,Android,Wi-Fi,Мужской,45-54 года,Остальные,Не определено,1915608023072927866,Активные,Комбинаторное,Термопанели с клинкерной плиткой. Производство в Выборге,"Термопанели с клинкером. Собственное производство, своя цена, нет посредников.",https://marmara-pro.ru?utm_content=geo&utm_term={PHRASE},-,-,-,-,Текстово-графический,Оригинальный,0.00,0,0,-,-,1,-,0.00,0.45,0.00,44.58,8.00,-,-,-
Термопанели в Выборге,712773255,24.08.2026,Термопанели (Лен. область),5773097196,Автотаргетинг,,-,0,-,0,материалы для утепления дома,Целевые запросы,Запросы без упоминания брендов,-,,,,,Поиск,Прочее,Не определено,Смартфоны,iOS,Wi-Fi,Мужской,25-34 года,2–5%,Не определено,1915608023072927866,Активные,Комбинаторное,Термопанели с клинкерной плиткой. Производство в Выборге,"Термопанели с клинкером. Собственное производство, своя цена, нет посредников.",https://marmara-pro.ru?utm_content=geo&utm_term={PHRASE},-,-,-,-,Текстово-графический,Автоматический,0.00,0,0,-,-,1,-,0.00,0.65,0.00,64.58,6.00,-,-,-
Термопанели в Выборге,712773255,24.08.2026,Термопанели (Лен. область),5773097196,Автотаргетинг,,-,0,-,0,материалы для утепления дома снаружи,Целевые запросы,Запросы без упоминания брендов,-,,,,,Поиск,Прочее,Не определено,Смартфоны,iOS,Wi-Fi,Мужской,25-34 года,2–5%,Не определено,1915608023072927866,Активные,Комбинаторное,Термопанели с клинкерной плиткой. Производство в Выборге,"Термопанели с клинкером. Собственное производство, своя цена, нет посредников.",https://marmara-pro.ru?utm_content=geo&utm_term={PHRASE},-,-,-,-,Текстово-графический,Автоматический,0.00,0,0,-,-,1,-,0.00,0.65,0.00,64.58,6.00,-,-,-
Термопанели в Выборге,712773255,24.08.2026,Термопанели (Лен. область),5773097196,Автотаргетинг,,-,0,-,0,панели в мурино,Целевые запросы,Запросы без упоминания брендов,-,,,,,Поиск,Прочее,Не определено,Смартфоны,Android,Wi-Fi,Мужской,Старше 55,Остальные,Не определено,1915608023072927866,Активные,Комбинаторное,Термопанели с клинкерной плиткой. Производство в Выборге,"Термопанели с клинкером. Собственное производство, своя цена, нет посредников.",https://marmara-pro.ru?utm_content=geo&utm_term={PHRASE},-,-,-,-,Текстово-графический,Автоматический,0.00,0,0,-,-,1,-,0.00,0.45,0.00,44.58,8.00,-,-,-
Термопанели в Выборге,712773255,24.08.2026,Термопанели (Лен. область),5773097196,Автотаргетинг,,-,0,-,0,панели клинкерного кирпича,Целевые запросы,Запросы без упоминания брендов,-,,,,,Поиск,Прочее,Не определено,Десктопы,Не определён,Wi-Fi,Женский,45-54 года,Остальные,Не определено,1915608023072927866,Активные,Комбинаторное,Термопанели с клинкерной плиткой. Производство в Выборге,"Термопанели с клинкером. Собственное производство, своя цена, нет посредников.",https://marmara-pro.ru?utm_content=geo&utm_term={PHRASE},-,-,-,-,Текстово-графический,Автоматический,0.00,0,0,-,-,1,-,0.00,0.45,0.00,44.58,8.00,-,-,-
Термопанели в Выборге,712773255,24.08.2026,Термопанели (Лен. область),5773097196,Автотаргетинг,,-,0,-,0,размер цокольных панелей,Целевые запросы,Запросы без упоминания брендов,-,,,,,Поиск,Прочее,Не определено,Смартфоны,Android,Wi-Fi,Мужской,45-54 года,Остальные,Не определено,1915608023072927866,Активные,Комбинаторное,Термопанели с клинкерной плиткой. Производство в Выборге,"Термопанели с клинкером. Собственное производство, своя цена, нет посредников.",https://marmara-pro.ru?utm_content=geo&utm_term={PHRASE},-,-,-,-,Текстово-графический,Автоматический,0.00,0,0,-,-,1,-,0.00,0.45,0.00,44.58,8.00,-,-,-
Термопанели в Выборге,712773255,24.08.2026,Термопанели (Лен. область),5773097196,Автотаргетинг,,-,0,-,0,термо панели для стен,Целевые запросы,Запросы без упоминания брендов,-,,,,,Поиск,Прочее,Не определено,Смартфоны,Android,Wi-Fi,Женский,45-54 года,Остальные,Не определено,1915608023072927866,Активные,Комбинаторное,Термопанели с клинкерной плиткой. Производство в Выборге,"Термопанели с клинкером. Собственное производство, своя цена, нет посредников.",https://marmara-pro.ru?utm_content=geo&utm_term={PHRASE},-,-,-,-,Текстово-графический,Автоматический,0.00,0,0,-,-,1,-,0.00,0.65,0.00,64.58,6.00,-,-,-
Термопанели в Выборге,712773255,24.08.2026,Термопанели (Лен. область),5773097196,Автотаргетинг,,-,0,-,0,термопанели,Целевые запросы,Запросы без упоминания брендов,-,,,,,Поиск,Прочее,Не определено,Смартфоны,iOS,Wi-Fi,Мужской,35-44 года,Остальные,Не определено,1915608023072927866,Активные,Комбинаторное,Термопанели с клинкерной плиткой. Производство в Выборге,"Термопанели с клинкером. Собственное производство, своя цена, нет посредников.",https://marmara-pro.ru?utm_content=geo&utm_term={PHRASE},-,-,-,-,Текстово-графический,Автоматический,0.00,0,0,-,-,1,-,0.00,0.55,0.00,54.58,7.00,-,-,-
Термопанели в Выборге,712773255,24.08.2026,Термопанели (Лен. область),5773097196,Автотаргетинг,,-,0,-,0,термопанели,Целевые запросы,Запросы без упоминания брендов,-,,,,,Поиск,Прочее,Не определено,Смартфоны,iOS,Wi-Fi,Женский,Не определен,Остальные,Не определено,1915608023072927866,Активные,Комбинаторное,Термопанели с клинкерной плиткой. Производство в Выборге,"Термопанели с клинкером. Собственное производство, своя цена, нет посредников.",https://marmara-pro.ru?utm_content=geo&utm_term={PHRASE},-,-,-,-,Текстово-графический,Автоматический,0.00,0,0,-,-,1,-,0.00,0.65,0.00,64.58,6.00,-,-,-
Термопанели в Выборге,712773255,24.08.2026,Термопанели (Лен. область),5773097196,Автотаргетинг,,-,0,-,0,термопанели 100мм для наружной отделки дома,Целевые запросы,Запросы без упоминания брендов,-,,,,,Поиск,Прочее,Не определено,Смартфоны,iOS,Wi-Fi,Не определен,Не определен,Остальные,Не определено,1915608023072927866,Активные,Комбинаторное,Термопанели с клинкерной плиткой. Производство в Выборге,"Термопанели с клинкером. Собственное производство, своя цена, нет посредников.",https://marmara-pro.ru?utm_content=geo&utm_term={PHRASE},-,-,-,-,Текстово-графический,Автоматический,0.00,0,0,-,-,2,-,0.00,1.70,0.00,84.88,5.00,-,-,-
Термопанели в Выборге,712773255,24.08.2026,Термопанели (Лен. область),5773097196,Автотаргетинг,,-,0,-,0,термопанели для наружной отделки,Целевые запросы,Запросы без упоминания брендов,-,,,,,Поиск,Товарная галерея,Не определено,Смартфоны,Android,Wi-Fi,Мужской,Старше 55,Остальные,Не определено,1915608023072927866,Активные,Комбинаторное,Термопанели с клинкерной плиткой. Производство в Выборге,"Термопанели с клинкером. Собственное производство, своя цена, нет посредников.",https://marmara-pro.ru?utm_content=geo&utm_term={PHRASE},http://direct.yandex.ru/images/direct/5250956/5XPY7aqvM1xRQF8e4uTrqg,карусель 4-3_06.jpg,-,-,Текстово-графический,Автоматический,0.00,0,0,-,-,1,-,0.00,0.14,0.00,13.57,12.00,-,-,-
Термопанели в Выборге,712773255,24.08.2026,Термопанели (Лен. область),5773097196,Автотаргетинг,,-,0,-,0,термопанели для наружной отделки деревянного дома,Целевые запросы,Запросы без упоминания брендов,-,,,,,Поиск,Прочее,Не определено,Смартфоны,Android,Wi-Fi,Мужской,45-54 года,6–10%,Не определено,1915608023072927866,Активные,Комбинаторное,Термопанели с клинкерной плиткой. Производство в Выборге,"Термопанели с клинкером. Собственное производство, своя цена, нет посредников.",https://marmara-pro.ru?utm_content=geo&utm_term={PHRASE},-,-,-,-,Текстово-графический,Автоматический,0.00,0,0,-,-,1,-,0.00,0.85,0.00,84.88,5.00,-,-,-
Термопанели в Выборге,712773255,24.08.2026,Термопанели (Лен. область),5773097196,Автотаргетинг,,-,0,-,0,термопанели для наружной отделки деревянного дома,Целевые запросы,Запросы без упоминания брендов,-,,,,,Поиск,Прочее,Не определено,Смартфоны,iOS,Wi-Fi,Женский,35-44 года,6–10%,Не определено,1915608023072927866,Активные,Комбинаторное,Термопанели с клинкерной плиткой. Производство в Выборге,"Термопанели с клинкером. Собственное производство, своя цена, нет посредников.",https://marmara-pro.ru?utm_content=geo&utm_term={PHRASE},-,-,-,-,Текстово-графический,Оригинальный,0.00,0,0,-,-,1,-,0.00,0.65,0.00,64.58,6.00,-,-,-
Термопанели в Выборге,712773255,24.08.2026,Термопанели (Лен. область),5773097196,Автотаргетинг,,-,0,-,0,термопанели для наружной отделки деревянного дома,Целевые запросы,Запросы без упоминания брендов,-,,,,,Поиск,Товарная галерея,Не определено,Смартфоны,Android,Wi-Fi,Мужской,45-54 года,6–10%,Не определено,1915608023072927866,Активные,Комбинаторное,Термопанели с клинкерной плиткой. Производство в Выборге,"Термопанели с клинкером. Собственное производство, своя цена, нет посредников.",https://marmara-pro.ru?utm_content=geo&utm_term={PHRASE},http://direct.yandex.ru/images/direct/5250956/5XPY7aqvM1xRQF8e4uTrqg,карусель 4-3_06.jpg,-,-,Текстово-графический,Автоматический,0.00,0,0,-,-,2,-,0.00,1.77,0.00,88.54,2.00,-,-,-
Термопанели в Выборге,712773255,24.08.2026,Термопанели (Лен. область),5773097196,Автотаргетинг,,-,0,-,0,термопанели для наружной отделки деревянного дома,Целевые запросы,Запросы без упоминания брендов,-,,,,,Поиск,Товарная галерея,Не определено,Смартфоны,iOS,Wi-Fi,Женский,35-44 года,6–10%,Не определено,1915608023072927866,Активные,Комбинаторное,Термопанели с клинкерной плиткой. Производство в Выборге,"Термопанели с клинкером. Собственное производство, своя цена, нет посредников.",https://marmara-pro.ru?utm_content=geo&utm_term={PHRASE},http://direct.yandex.ru/images/direct/5250956/5XPY7aqvM1xRQF8e4uTrqg,карусель 4-3_06.jpg,-,-,Текстово-графический,Оригинальный,0.00,0,0,-,-,2,-,0.00,0.81,0.00,40.57,4.00,-,-,-
Термопанели в Выборге,712773255,24.08.2026,Термопанели (Лен. область),5773097196,Автотаргетинг,,-,0,-,0,термопанели для наружной отделки деревянного дома,Целевые запросы,Запросы без упоминания брендов,-,,Термопанели с клинкерной плиткой — КлинкерПрофи,,,Поиск,Товарная галерея,Не определено,Смартфоны,iOS,Wi-Fi,Женский,35-44 года,6–10%,Не определено,1918167638897563177,Активные,Страницы каталога,Термопанели с клинкерной плиткой. Производство в Выборге,"Фасадные термопанели с клинкером. Производство в Выборге, доставка по СПб...",https://marmara-pro.ru/termo?utm_content=catalog&utm_term={PHRASE},-,-,-,-,Текстово-графический,Автоматический,0.00,0,0,-,-,1,-,0.00,0.39,0.00,38.70,4.00,-,-,-
Термопанели в Выборге,712773255,24.08.2026,Термопанели (Лен. область),5773097196,Автотаргетинг,,-,0,-,0,термопанели для наружной отделки дома,Целевые запросы,Запросы без упоминания брендов,-,,,,,Поиск,Прочее,Не определено,Смартфоны,Android,Wi-Fi,Мужской,35-44 года,2–5%,Не определено,1915608023072927866,Активные,Комбинаторное,Термопанели с клинкерной плиткой. Производство в Выборге,"Термопанели с клинкером. Собственное производство, своя цена, нет посредников.",https://marmara-pro.ru?utm_content=geo&utm_term={PHRASE},-,-,-,-,Текстово-графический,Автоматический,0.00,0,0,-,-,1,-,0.00,0.55,0.00,54.58,7.00,-,-,-
Термопанели в Выборге,712773255,24.08.2026,Термопанели (Лен. область),5773097196,Автотаргетинг,,-,0,-,0,термопанели для наружной отделки дома,Целевые запросы,Запросы без упоминания брендов,-,,,,,Поиск,Прочее,Не определено,Смартфоны,Android,Wi-Fi,Мужской,Старше 55,Остальные,Не определено,1915608023072927866,Активные,Комбинаторное,Термопанели с клинкерной плиткой. Производство в Выборге,"Термопанели с клинкером. Собственное производство, своя цена, нет посредников.",https://marmara-pro.ru?utm_content=geo&utm_term={PHRASE},-,-,-,-,Текстово-графический,Автоматический,0.00,0,0,-,-,1,-,0.00,0.55,0.00,54.58,7.00,-,-,-
Термопанели в Выборге,712773255,24.08.2026,Термопанели (Лен. область),5773097196,Автотаргетинг,,-,0,-,0,термопанели для наружной отделки дома,Целевые запросы,Запросы без упоминания брендов,-,,,,,Поиск,Товарная галерея,Не определено,Смартфоны,Android,Wi-Fi,Мужской,35-44 года,2–5%,Не определено,1915608023072927866,Активные,Комбинаторное,Термопанели с клинкерной плиткой. Производство в Выборге,"Термопанели с клинкером. Собственное производство, своя цена, нет посредников.",https://marmara-pro.ru?utm_content=geo&utm_term={PHRASE},http://direct.yandex.ru/images/direct/5250956/5XPY7aqvM1xRQF8e4uTrqg,карусель 4-3_06.jpg,-,-,Текстово-графический,Автоматический,0.00,0,0,-,-,1,-,0.00,0.53,0.00,52.59,3.00,-,-,-
Термопанели в Выборге,712773255,24.08.2026,Термопанели (Лен. область),5773097196,Автотаргетинг,,-,0,-,0,термопанели для наружной отделки дома,Целевые запросы,Запросы без упоминания брендов,-,,,,,Поиск,Товарная галерея,Не определено,Смартфоны,Android,Wi-Fi,Мужской,Старше 55,Остальные,Не определено,1915608023072927866,Активные,Комбинаторное,Термопанели с клинкерной плиткой. Производство в Выборге,"Термопанели с клинкером. Собственное производство, своя цена, нет посредников.",https://marmara-pro.ru?utm_content=geo&utm_term={PHRASE},http://direct.yandex.ru/images/direct/5250956/5XPY7aqvM1xRQF8e4uTrqg,карусель 4-3_06.jpg,-,-,Текстово-графический,Автоматический,0.00,0,0,-,-,1,-,0.00,0.25,0.00,25.29,9.00,-,-,-
Термопанели в Выборге,712773255,24.08.2026,Термопанели (Лен. область),5773097196,Автотаргетинг,,-,0,-,0,термопанели для наружной отделки дома из бруса,Целевые запросы,Запросы без упоминания брендов,-,,,,,Поиск,Прочее,Не определено,Десктопы,Не определён,Wi-Fi,Мужской,45-54 года,2–5%,Не определено,1915608023072927866,Активные,Комбинаторное,Термопанели с клинкерной плиткой. Производство в Выборге,"Термопанели с клинкером. Собственное производство, своя цена, нет посредников.",https://marmara-pro.ru?utm_content=geo&utm_term={PHRASE},-,-,-,-,Текстово-графический,Автоматический,0.00,0,0,-,-,2,-,0.00,1.39,0.00,69.73,6.00,-,-,-
Термопанели в Выборге,712773255,24.08.2026,Термопанели (Лен. область),5773097196,Автотаргетинг,,-,0,-,0,термопанели для наружной отделки дома цена,Целевые запросы,Запросы без упоминания брендов,-,,,,,Поиск,Прочее,Не определено,Десктопы,Не определён,Wi-Fi,Женский,45-54 года,Остальные,Не определено,1915608023072927866,Активные,Комбинаторное,Термопанели с клинкерной плиткой. Производство в Выборге,"Термопанели с клинкером. Собственное производство, своя цена, нет посредников.",https://marmara-pro.ru?utm_content=geo&utm_term={PHRASE},-,-,-,-,Текстово-графический,Оригинальный,0.00,0,0,-,-,1,-,0.00,0.45,0.00,44.58,8.00,-,-,-
Термопанели в Выборге,712773255,24.08.2026,Термопанели (Лен. область),5773097196,Автотаргетинг,,-,0,-,0,термопанели для наружной отделки дома цена,Целевые запросы,Запросы без упоминания брендов,-,,,,,Поиск,Прочее,Не определено,Смартфоны,Android,Wi-Fi,Мужской,45-54 года,Остальные,Не определено,1915608023072927866,Активные,Комбинаторное,Термопанели с клинкерной плиткой. Производство в Выборге,"Термопанели с клинкером. Собственное производство, своя цена, нет посредников.",https://marmara-pro.ru?utm_content=geo&utm_term={PHRASE},-,-,-,-,Текстово-графический,Автоматический,0.00,0,0,-,-,1,-,0.00,0.65,0.00,64.58,6.00,-,-,-
Термопанели в Выборге,712773255,24.08.2026,Термопанели (Лен. область),5773097196,Автотаргетинг,,-,0,-,0,термопанели для наружной отделки дома цена,Целевые запросы,Запросы без упоминания брендов,-,,,,,Поиск,Прочее,Не определено,Смартфоны,iOS,Wi-Fi,Мужской,Старше 55,6–10%,Не определено,1915608023072927866,Активные,Комбинаторное,Термопанели с клинкерной плиткой. Производство в Выборге,"Термопанели с клинкером. Собственное производство, своя цена, нет посредников.",https://marmara-pro.ru?utm_content=geo&utm_term={PHRASE},-,-,-,-,Текстово-графический,Автоматический,0.00,0,0,-,-,1,-,0.00,0.55,0.00,54.58,7.00,-,-,-
Термопанели в Выборге,712773255,24.08.2026,Термопанели (Лен. область),5773097196,Автотаргетинг,,-,0,-,0,термопанели для наружной отделки клинкер,Целевые запросы,Запросы без упоминания брендов,-,,,,,Поиск,Прочее,Не определено,Смартфоны,Android,Wi-Fi,Мужской,45-54 года,6–10%,Не определено,1915608023072927866,Активные,Комбинаторное,Термопанели с клинкерной плиткой. Производство в Выборге,"Термопанели с клинкером. Собственное производство, своя цена, нет посредников.",https://marmara-pro.ru?utm_content=geo&utm_term={PHRASE},-,-,-,-,Текстово-графический,Автоматический,0.00,0,0,-,-,1,-,0.00,0.65,0.00,64.58,6.00,-,-,-
Термопанели в Выборге,712773255,24.08.2026,Термопанели (Лен. область),5773097196,Автотаргетинг,,-,0,-,0,термопанели для наружной отделки купить,Целевые запросы,Запросы без упоминания брендов,-,,,,,Поиск,Прочее,Не определено,Смартфоны,Android,Wi-Fi,Женский,Старше 55,Остальные,Не определено,1915608023072927866,Активные,Комбинаторное,Термопанели с клинкерной плиткой. Производство в Выборге,"Термопанели с клинкером. Собственное производство, своя цена, нет посредников.",https://marmara-pro.ru?utm_content=geo&utm_term={PHRASE},-,-,-,-,Текстово-графический,Автоматический,0.00,0,0,-,-,2,-,0.00,1.29,0.00,64.58,6.00,-,-,-
Термопанели в Выборге,712773255,24.08.2026,Термопанели (Лен. область),5773097196,Автотаргетинг,,-,0,-,0,термопанели для наружной отделки купить,Целевые запросы,Запросы без упоминания брендов,-,,,,,Поиск,Товарная галерея,Не определено,Смартфоны,Android,Wi-Fi,Женский,Старше 55,Остальные,Не определено,1915608023072927866,Активные,Комбинаторное,Термопанели с клинкерной плиткой. Производство в Выборге,"Термопанели с клинкером. Собственное производство, своя цена, нет посредников.",https://marmara-pro.ru?utm_content=geo&utm_term={PHRASE},http://direct.yandex.ru/images/direct/5250956/5XPY7aqvM1xRQF8e4uTrqg,карусель 4-3_06.jpg,-,-,Текстово-графический,Автоматический,0.00,0,0,-,-,2,-,0.00,0.91,0.00,45.64,3.50,-,-,-
Термопанели в Выборге,712773255,24.08.2026,Термопанели (Лен. область),5773097196,Автотаргетинг,,-,0,-,0,термопанели на брусовой дом,Целевые запросы,Запросы без упоминания брендов,-,,,,,Поиск,Прочее,Не определено,Смартфоны,iOS,Wi-Fi,Мужской,Старше 55,2–5%,Не определено,1915608023072927866,Активные,Комбинаторное,Термопанели с клинкерной плиткой. Производство в Выборге,"Термопанели с клинкером. Собственное производство, своя цена, нет посредников.",https://marmara-pro.ru?utm_content=geo&utm_term={PHRASE},-,-,-,-,Текстово-графический,Автоматический,0.00,0,0,-,-,1,-,0.00,0.55,0.00,54.58,7.00,-,-,-
Термопанели в Выборге,712773255,24.08.2026,Термопанели (Лен. область),5773097196,Автотаргетинг,,-,0,-,0,термопанели под дерево для фасада,Альтернативные запросы,Запросы без упоминания брендов,-,,Термопанели с клинкерной плиткой — КлинкерПрофи,,,Поиск,Спецразмещение,Не определено,Десктопы,Не определён,Wi-Fi,Женский,Старше 55,Остальные,Не определено,1918167638897563177,Активные,Страницы каталога,Термопанели с клинкерной плиткой. Производство в Выборге,"Фасадные термопанели с клинкером. Производство в Выборге, доставка по СПб...",https://marmara-pro.ru/termo?utm_content=catalog&utm_term={PHRASE},-,-,-,-,Текстово-графический,Автоматический,0.00,0,0,-,-,1,-,0.00,0.47,0.00,46.53,4.00,-,-,-
Термопанели в Выборге,712773255,24.08.2026,Термопанели (Лен. область),5773097196,Автотаргетинг,,-,0,-,0,термопанели с клинкерной плиткой для фасада цена,Целевые запросы,Запросы без упоминания брендов,-,,,,,Поиск,Прочее,Не определено,Смартфоны,Android,Wi-Fi,Женский,Старше 55,Остальные,Не определено,1915608023072927866,Активные,Комбинаторное,Термопанели с клинкерной плиткой. Производство в Выборге,"Термопанели с клинкером. Собственное производство, своя цена, нет посредников.",https://marmara-pro.ru?utm_content=geo&utm_term={PHRASE},-,-,-,-,Текстово-графический,Оригинальный,0.00,0,0,-,-,1,-,0.00,0.65,0.00,64.58,6.00,-,-,-
Термопанели в Выборге,712773255,24.08.2026,Термопанели (Лен. область),5773097196,Автотаргетинг,,-,0,-,0,термопанели фасадные,Целевые запросы,Запросы без упоминания брендов,-,,,,,Поиск,Прочее,Не определено,Смартфоны,Android,Wi-Fi,Мужской,25-34 года,Остальные,Не определено,1915608023072927866,Активные,Комбинаторное,Термопанели с клинкерной плиткой. Производство в Выборге,"Термопанели с клинкером. Собственное производство, своя цена, нет посредников.",https://marmara-pro.ru?utm_content=geo&utm_term={PHRASE},-,-,-,-,Текстово-графический,Автоматический,0.00,0,0,-,-,1,-,0.00,0.55,0.00,54.58,7.00,-,-,-
Термопанели в Выборге,712773255,24.08.2026,Термопанели (Лен. область),5773097196,Автотаргетинг,,-,0,-,0,термопанель для обшивки дома снаружи,Целевые запросы,Запросы без упоминания брендов,-,,,,,Поиск,Товарная галерея,Не определено,Смартфоны,iOS,Wi-Fi,Мужской,Старше 55,2–5%,Не определено,1915608023072927866,Активные,Комбинаторное,Термопанели с клинкерной плиткой. Производство в Выборге,"Термопанели с клинкером. Собственное производство, своя цена, нет посредников.",https://marmara-pro.ru?utm_content=geo&utm_term={PHRASE},http://direct.yandex.ru/images/direct/5250956/5XPY7aqvM1xRQF8e4uTrqg,карусель 4-3_06.jpg,-,-,Текстово-графический,Автоматический,0.00,0,0,-,-,2,-,0.00,0.40,0.00,20.05,8.50,-,-,-
Термопанели в Выборге,712773255,24.08.2026,Термопанели (Лен. область),5773097196,Автотаргетинг,,-,0,-,0,толщина фасадных термопанелей под кирпич,Целевые запросы,Запросы без упоминания брендов,-,,,,,Поиск,Прочее,Не определено,Смартфоны,Android,Wi-Fi,Мужской,45-54 года,6–10%,Не определено,1915608023072927866,Активные,Комбинаторное,Термопанели с клинкерной плиткой. Производство в Выборге,"Термопанели с клинкером. Собственное производство, своя цена, нет посредников.",https://marmara-pro.ru?utm_content=geo&utm_term={PHRASE},-,-,-,-,Текстово-графический,Оригинальный,0.00,0,0,-,-,1,-,0.00,0.55,0.00,54.58,7.00,-,-,-
Термопанели в Выборге,712773255,24.08.2026,Термопанели (Лен. область),5773097196,Автотаргетинг,,-,0,-,0,тонкие стеновые панели под кирпич,Целевые запросы,Запросы без упоминания брендов,-,,,,,Поиск,Прочее,Не определено,Смартфоны,iOS,Мобильная связь,Женский,25-34 года,2–5%,Не определено,1915608023072927866,Активные,Комбинаторное,Термопанели с клинкерной плиткой. Производство в Выборге,"Термопанели с клинкером. Собственное производство, своя цена, нет посредников.",https://marmara-pro.ru?utm_content=geo&utm_term={PHRASE},-,-,-,-,Текстово-графический,Автоматический,0.00,0,0,-,-,1,-,0.00,0.45,0.00,44.58,8.00,-,-,-
Термопанели в Выборге,712773255,24.08.2026,Термопанели (Лен. область),5773097196,Автотаргетинг,,-,0,-,0,утепление для фасада из бруса,Целевые запросы,Запросы без упоминания брендов,-,,,,,Поиск,Прочее,Не определено,Десктопы,Не определён,Wi-Fi,Мужской,45-54 года,2–5%,Не определено,1915608023072927866,Активные,Комбинаторное,Термопанели с клинкерной плиткой. Производство в Выборге,"Термопанели с клинкером. Собственное производство, своя цена, нет посредников.",https://marmara-pro.ru?utm_content=geo&utm_term={PHRASE},-,-,-,-,Текстово-графический,Автоматический,0.00,0,0,-,-,1,-,0.00,0.45,0.00,44.58,8.00,-,-,-
Термопанели в Выборге,712773255,24.08.2026,Термопанели (Лен. область),5773097196,Автотаргетинг,,-,0,-,0,утепленные панели для стен для наружной отделки,Целевые запросы,Запросы без упоминания брендов,-,,,,,Поиск,Прочее,Не определено,Смартфоны,Android,Wi-Fi,Мужской,45-54 года,Остальные,Не определено,1915608023072927866,Активные,Комбинаторное,Термопанели с клинкерной плиткой. Производство в Выборге,"Термопанели с клинкером. Собственное производство, своя цена, нет посредников.",https://marmara-pro.ru?utm_content=geo&utm_term={PHRASE},-,-,-,-,Текстово-графический,Автоматический,0.00,0,0,-,-,1,-,0.00,0.55,0.00,54.58,7.00,-,-,-
Термопанели в Выборге,712773255,24.08.2026,Термопанели (Лен. область),5773097196,Автотаргетинг,,-,0,-,0,утеплитель с клинкерной плиткой для фасада купить,Целевые запросы,Запросы без упоминания брендов,-,,,,,Поиск,Прочее,Не определено,Смартфоны,Android,Wi-Fi,Мужской,35-44 года,Остальные,Не определено,1915608023072927866,Активные,Комбинаторное,Термопанели с клинкерной плиткой. Производство в Выборге,"Термопанели с клинкером. Собственное производство, своя цена, нет посредников.",https://marmara-pro.ru?utm_content=geo&utm_term={PHRASE},-,-,-,-,Текстово-графический,Оригинальный,0.00,0,0,-,-,1,-,0.00,0.55,0.00,54.58,7.00,-,-,-
Термопанели в Выборге,712773255,24.08.2026,Термопанели (Лен. область),5773097196,Автотаргетинг,,-,0,-,0,утеплитель с клинкерной плиткой для фасада купить,Целевые запросы,Запросы без упоминания брендов,-,,,,,Поиск,Товарная галерея,Не определено,Смартфоны,Android,Wi-Fi,Мужской,35-44 года,Остальные,Не определено,1915608023072927866,Активные,Комбинаторное,Термопанели с клинкерной плиткой. Производство в Выборге,"Термопанели с клинкером. Собственное производство, своя цена, нет посредников.",https://marmara-pro.ru?utm_content=geo&utm_term={PHRASE},http://direct.yandex.ru/images/direct/5250956/5XPY7aqvM1xRQF8e4uTrqg,карусель 4-3_06.jpg,-,-,Текстово-графический,Оригинальный,0.00,0,0,-,-,1,-,0.00,0.36,0.00,36.38,4.00,-,-,-
Термопанели в Выборге,712773255,24.08.2026,Термопанели (Лен. область),5773097196,Автотаргетинг,,-,0,-,0,фасадные панели 600мм,Целевые запросы,Запросы без упоминания брендов,-,,,,,Поиск,Прочее,Не определено,Десктопы,Не определён,Wi-Fi,Мужской,45-54 года,Остальные,Не определено,1915608023072927866,Активные,Комбинаторное,Термопанели с клинкерной плиткой в Выборге!,"Термопанели с клинкером. Собственное производство, своя цена, нет посредников.",https://marmara-pro.ru?utm_content=geo&utm_term={PHRASE},-,-,-,-,Текстово-графический,Оригинальный,0.00,0,0,-,-,1,-,0.00,0.65,0.00,64.58,6.00,-,-,-
Термопанели в Выборге,712773255,24.08.2026,Термопанели (Лен. область),5773097196,Автотаргетинг,,-,0,-,0,фасадные панели для наружной отделки,Целевые запросы,Запросы без упоминания брендов,-,,,,,Поиск,Прочее,Не определено,Смартфоны,Android,Wi-Fi,Мужской,35-44 года,6–10%,Не определено,1915608023072927866,Активные,Комбинаторное,Термопанели с клинкерной плиткой. Производство в Выборге,"Термопанели с клинкером. Собственное производство, своя цена, нет посредников.",https://marmara-pro.ru?utm_content=geo&utm_term={PHRASE},-,-,-,-,Текстово-графический,Автоматический,0.00,0,0,-,-,2,-,0.00,1.29,0.00,64.73,6.50,-,-,-
Термопанели в Выборге,712773255,24.08.2026,Термопанели (Лен. область),5773097196,Автотаргетинг,,-,0,-,0,фасадные панели клинкер,Целевые запросы,Запросы без упоминания брендов,-,,,,,Поиск,Прочее,Не определено,Смартфоны,Android,Wi-Fi,Мужской,25-34 года,6–10%,Не определено,1915608023072927866,Активные,Комбинаторное,Термопанели с клинкерной плиткой. Производство в Выборге,"Термопанели с клинкером. Собственное производство, своя цена, нет посредников.",https://marmara-pro.ru?utm_content=geo&utm_term={PHRASE},-,-,-,-,Текстово-графический,Автоматический,0.00,0,0,-,-,1,-,0.00,0.45,0.00,44.58,8.00,-,-,-
Термопанели в Выборге,712773255,24.08.2026,Термопанели (Лен. область),5773097196,Автотаргетинг,,-,0,-,0,фасадные панели с утеплителем для наружной,Целевые запросы,Запросы без упоминания брендов,-,,,,,Поиск,Прочее,Не определено,Смартфоны,Android,Wi-Fi,Женский,35-44 года,6–10%,Не определено,1915608023072927866,Активные,Комбинаторное,Термопанели с клинкерной плиткой. Производство в Выборге,"Термопанели с клинкером. Собственное производство, своя цена, нет посредников.",https://marmara-pro.ru?utm_content=geo&utm_term={PHRASE},-,-,-,-,Текстово-графический,Автоматический,0.00,0,0,-,-,1,-,0.00,0.45,0.00,44.58,8.00,-,-,-
Термопанели в Выборге,712773255,24.08.2026,Термопанели (Лен. область),5773097196,Автотаргетинг,,-,0,-,0,фасадные термопанели,Целевые запросы,Запросы без упоминания брендов,-,,,,,Поиск,Прочее,Не определено,Смартфоны,Android,Wi-Fi,Мужской,35-44 года,2–5%,Не определено,1915608023072927866,Активные,Комбинаторное,Термопанели с клинкерной плиткой. Производство в Выборге,"Термопанели с клинкером. Собственное производство, своя цена, нет посредников.",https://marmara-pro.ru?utm_content=geo&utm_term={PHRASE},-,-,-,-,Текстово-графический,Автоматический,0.00,0,0,-,-,1,-,0.00,0.65,0.00,64.58,6.00,-,-,-
Термопанели в Выборге,712773255,24.08.2026,Термопанели (Лен. область),5773097196,Автотаргетинг,,-,0,-,0,фасадные термопанели,Целевые запросы,Запросы без упоминания брендов,-,,,,,Поиск,Прочее,Не определено,Смартфоны,Android,Wi-Fi,Мужской,45-54 года,Остальные,Не определено,1915608023072927866,Активные,Комбинаторное,Термопанели с клинкерной плиткой. Производство в Выборге,"Термопанели с клинкером. Собственное производство, своя цена, нет посредников.",https://marmara-pro.ru?utm_content=geo&utm_term={PHRASE},-,-,-,-,Текстово-графический,Автоматический,0.00,0,0,-,-,1,-,0.00,0.45,0.00,44.58,8.00,-,-,-
"Приозерский район, Поиск   от 25-07-2026",713047408,25.08.2026,Приозерский район,5776633358,Автотаргетинг,,-,0,-,0,как утеплить дом ппу снаружи,Сопутствующие запросы,Запросы без упоминания брендов,-,,,,,Поиск,Спецразмещение,Не определено,Смартфоны,Android,Wi-Fi,Мужской,Старше 55,6–10%,Не определено,1916597733861553174,Активные,Комбинаторное,Фасадные термопанели с утеплителем от 1 550 ₽/панель,Клинкерные термопанели с утеплителем. Свой завод в Выборге. Расчёт фасада за 1 день.,https://marmara-pro.ru?utm_source=yandex&utm_medium=cpc&utm_campaign=termopaneli_priozersk_cpa_search&utm_content=search&utm_term={PHRASE},-,-,-,-,Текстово-графический,Автоматический,0.00,1,0,0.00,-,1,0.00,100.00,0.96,104.57,95.63,3.00,3.00,0.00,1.00
"Приозерский район, Поиск   от 25-07-2026",713047408,25.08.2026,Приозерский район,5776633358,Автотаргетинг,,-,0,-,0,купить фасадные термопанели для наружной отделки каркасного дома,Узкие запросы,Запросы без упоминания брендов,-,,,,,Поиск,Прочее,Не определено,Смартфоны,Android,Wi-Fi,Мужской,35-44 года,Остальные,Не определено,1916597733861553174,Активные,Комбинаторное,Фасадные термопанели с утеплителем от 1 550 ₽/панель,"Утепление и фасад. Завод в Выборге. Доставка в Приозерск, Сосново, Лосево. От 1 550 ₽",https://marmara-pro.ru?utm_source=yandex&utm_medium=cpc&utm_campaign=termopaneli_priozersk_cpa_search&utm_content=search&utm_term={PHRASE},-,-,-,-,Текстово-графический,Оригинальный,0.00,0,0,-,-,1,-,0.00,0.09,0.00,8.50,5.00,-,-,-
"Приозерский район, Поиск   от 25-07-2026",713047408,25.08.2026,Приозерский район,5776633358,Автотаргетинг,,-,0,-,0,материал с продухом для обшивки сарая,Сопутствующие запросы,Запросы без упоминания брендов,-,,,,,Поиск,Спецразмещение,Не определено,Смартфоны,iOS,Wi-Fi,Мужской,45-54 года,2–5%,Не определено,1916597733861553174,Активные,Комбинаторное,Фасадные термопанели с утеплителем от 1 550 ₽/панель,"Утепление и фасад. Завод в Выборге. Доставка в Приозерск, Сосново, Лосево. От 1 550 ₽",https://marmara-pro.ru?utm_source=yandex&utm_medium=cpc&utm_campaign=termopaneli_priozersk_cpa_search&utm_content=search&utm_term={PHRASE},-,-,-,-,Текстово-графический,Автоматический,0.00,0,0,-,-,1,-,0.00,0.68,0.00,68.03,2.00,-,-,-
"Приозерский район, Поиск   от 25-07-2026",713047408,25.08.2026,Приозерский район,5776633358,Автотаргетинг,,-,0,-,0,нужна ли биозащита старого сруба перед утепление,Сопутствующие запросы,Запросы без упоминания брендов,-,,,,,Поиск,Прочее,Не определено,Смартфоны,Android,Wi-Fi,Женский,35-44 года,Остальные,Не определено,1916597733861553174,Активные,Комбинаторное,Фасадные термопанели с утеплителем от 1 550 ₽/панель,"Утепление и фасад. Завод в Выборге. Доставка в Приозерск, Сосново, Лосево. От 1 550 ₽",https://marmara-pro.ru?utm_source=yandex&utm_medium=cpc&utm_campaign=termopaneli_priozersk_cpa_search&utm_content=search&utm_term={PHRASE},-,-,-,-,Текстово-графический,Автоматический,0.00,0,0,-,-,1,-,0.00,0.77,0.00,76.79,5.00,-,-,-
"Приозерский район, Поиск   от 25-07-2026",713047408,25.08.2026,Приозерский район,5776633358,Автотаргетинг,,-,0,-,0,нужно ли утеплять газобетон 400 мм снаружи перед облицовкой клинкерной плиткой,Сопутствующие запросы,Запросы без упоминания брендов,-,,Термопанели с клинкерной плиткой — КлинкерПрофи,,,Поиск,Прочее,Не определено,Смартфоны,iOS,Wi-Fi,Мужской,45-54 года,2–5%,Не определено,1918168175770350076,Активные,Страницы каталога,Термопанели с клинкерной плиткой. Производство в Выборге,"Фасадные термопанели с клинкером. Производство в Выборге, доставка по СПб...",https://marmara-pro.ru/termo?utm_source=yandex&utm_medium=cpc&utm_campaign=termopaneli_priozersk_cpa_search&utm_content=search&utm_term={PHRASE},-,-,-,-,Текстово-графический,Автоматический,0.00,1,0,0.00,-,2,0.00,50.00,1.75,57.15,87.49,5.50,5.00,0.00,1.00
"Приозерский район, Поиск   от 25-07-2026",713047408,25.08.2026,Приозерский район,5776633358,Автотаргетинг,,-,0,-,0,отделка стен снаружи в нахлест,Сопутствующие запросы,Запросы без упоминания брендов,-,,,,,Поиск,Прочее,Не определено,Смартфоны,Android,Wi-Fi,Мужской,35-44 года,Остальные,Не определено,1916597733861553174,Активные,Комбинаторное,Фасадные термопанели с клинкером,Клинкерные термопанели с утеплителем. Свой завод в Выборге. Расчёт фасада за 1 день.,https://marmara-pro.ru?utm_source=yandex&utm_medium=cpc&utm_campaign=termopaneli_priozersk_cpa_search&utm_content=search&utm_term={PHRASE},-,-,-,-,Текстово-графический,Оригинальный,0.00,0,0,-,-,1,-,0.00,0.77,0.00,76.79,5.00,-,-,-
"Приозерский район, Поиск   от 25-07-2026",713047408,25.08.2026,Приозерский район,5776633358,Автотаргетинг,,-,0,-,0,перекрестное утепление каркасного дома,Сопутствующие запросы,Запросы без упоминания брендов,-,,,,,Поиск,Прочее,Не определено,Смартфоны,Android,Wi-Fi,Мужской,35-44 года,Остальные,Не определено,1916597733861553174,Активные,Комбинаторное,Термопанели для дома в Приозерске,Клинкерные термопанели с утеплителем. Свой завод в Выборге. Расчёт фасада за 1 день.,https://marmara-pro.ru?utm_source=yandex&utm_medium=cpc&utm_campaign=termopaneli_priozersk_cpa_search&utm_content=search&utm_term={PHRASE},-,-,-,-,Текстово-графический,Оригинальный,0.00,0,0,-,-,1,-,0.00,1.05,0.00,104.82,5.00,-,-,-
"Приозерский район, Поиск   от 25-07-2026",713047408,25.08.2026,Приозерский район,5776633358,Автотаргетинг,,-,0,-,0,плиты белтермо для каркасного дома,Сопутствующие запросы,Запросы без упоминания брендов,-,,,,,Поиск,Прочее,Не определено,Смартфоны,Android,Wi-Fi,Мужской,Старше 55,Остальные,Не определено,1916597733861553174,Активные,Комбинаторное,Термопанели для дома в Приозерске,"Утепление и фасад. Завод в Выборге. Доставка в Приозерск, Сосново, Лосево. От 1 550 ₽",https://marmara-pro.ru?utm_source=yandex&utm_medium=cpc&utm_campaign=termopaneli_priozersk_cpa_search&utm_content=search&utm_term={PHRASE},-,-,-,-,Текстово-графический,Оригинальный,0.00,0,0,-,-,1,-,0.00,0.09,0.00,8.50,5.00,-,-,-
"Приозерский район, Поиск   от 25-07-2026",713047408,25.08.2026,Приозерский район,5776633358,Автотаргетинг,,-,0,-,0,просмотр установки фасадных панелей,Сопутствующие запросы,Запросы без упоминания брендов,-,,,,,Поиск,Спецразмещение,Не определено,Смартфоны,Android,Wi-Fi,Мужской,Старше 55,Остальные,Не определено,1916597733861553174,Активные,Комбинаторное,Фасадные термопанели с клинкером,"Утепление и фасад. Завод в Выборге. Доставка в Приозерск, Сосново, Лосево. От 1 550 ₽",https://marmara-pro.ru?utm_source=yandex&utm_medium=cpc&utm_campaign=termopaneli_priozersk_cpa_search&utm_content=search&utm_term={PHRASE},-,-,-,-,Текстово-графический,Автоматический,0.00,0,0,-,-,1,-,0.00,0.80,0.00,80.21,2.00,-,-,-
"Приозерский район, Поиск   от 25-07-2026",713047408,25.08.2026,Приозерский район,5776633358,Автотаргетинг,,-,0,-,0,сэндвич панели какие бывают виды,Сопутствующие запросы,Запросы без упоминания брендов,-,,,,,Поиск,Спецразмещение,Не определено,Смартфоны,Android,Wi-Fi,Мужской,45-54 года,Остальные,Не определено,1916597733861553174,Активные,Комбинаторное,Фасадные термопанели с утеплителем от 1 550 ₽/панель,Клинкерные термопанели с утеплителем. Свой завод в Выборге. Расчёт фасада за 1 день.,https://marmara-pro.ru?utm_source=yandex&utm_medium=cpc&utm_campaign=termopaneli_priozersk_cpa_search&utm_content=search&utm_term={PHRASE},-,-,-,-,Текстово-графический,Автоматический,0.00,0,0,-,-,1,-,0.00,0.99,0.00,99.46,1.00,-,-,-
"Приозерский район, Поиск   от 25-07-2026",713047408,25.08.2026,Приозерский район,5776633358,Автотаргетинг,,-,0,-,0,сэндвич панели какие бывают виды,Сопутствующие запросы,Запросы без упоминания брендов,-,,,,,Поиск,Прочее,Не определено,Смартфоны,Android,Wi-Fi,Мужской,45-54 года,Остальные,Не определено,1916597733861553174,Активные,Комбинаторное,Фасадные термопанели с утеплителем от 1 550 ₽/панель,Клинкерные термопанели с утеплителем. Свой завод в Выборге. Расчёт фасада за 1 день.,https://marmara-pro.ru?utm_source=yandex&utm_medium=cpc&utm_campaign=termopaneli_priozersk_cpa_search&utm_content=search&utm_term={PHRASE},-,-,-,-,Текстово-графический,Автоматический,0.00,0,0,-,-,1,-,0.00,0.77,0.00,76.79,5.00,-,-,-
"Приозерский район, Поиск   от 25-07-2026",713047408,25.08.2026,Приозерский район,5776633358,Автотаргетинг,,-,0,-,0,тйорка для фасада,Сопутствующие запросы,Запросы без упоминания брендов,-,,,,,Поиск,Спецразмещение,Не определено,Смартфоны,Android,Wi-Fi,Мужской,45-54 года,Остальные,Не определено,1916597733861553174,Активные,Комбинаторное,Фасадные термопанели с клинкером,"Утепление и фасад. Завод в Выборге. Доставка в Приозерск, Сосново, Лосево. От 1 550 ₽",https://marmara-pro.ru?utm_source=yandex&utm_medium=cpc&utm_campaign=termopaneli_priozersk_cpa_search&utm_content=search&utm_term={PHRASE},-,-,-,-,Текстово-графический,Автоматический,0.00,0,0,-,-,1,-,0.00,0.90,0.00,89.66,1.00,-,-,-
"Приозерский район, Поиск   от 25-07-2026",713047408,25.08.2026,Приозерский район,5776633358,Автотаргетинг,,-,0,-,0,тйорка для фасада,Сопутствующие запросы,Запросы без упоминания брендов,-,,Термопанели с клинкерной плиткой — КлинкерПрофи,,,Поиск,Спецразмещение,Не определено,Смартфоны,Android,Wi-Fi,Мужской,45-54 года,Остальные,Не определено,1918168175770350076,Активные,Страницы каталога,Термопанели с клинкерной плиткой. Производство в Выборге,"Фасадные термопанели с клинкером. Производство в Выборге, доставка по СПб...",https://marmara-pro.ru/termo?utm_source=yandex&utm_medium=cpc&utm_campaign=termopaneli_priozersk_cpa_search&utm_content=search&utm_term={PHRASE},-,-,-,-,Текстово-графический,Автоматический,0.00,0,0,-,-,1,-,0.00,1.00,0.00,100.00,-,-,-,-
"Приозерский район, Поиск   от 25-07-2026",713047408,25.08.2026,Приозерский район,5776633358,Автотаргетинг,,-,0,-,0,чем утеплить стены в квартире,Сопутствующие запросы,Запросы без упоминания брендов,-,,,,,Поиск,Спецразмещение,Не определено,Смартфоны,Android,Wi-Fi,Женский,45-54 года,Остальные,Не определено,1916597733861553174,Активные,Комбинаторное,Купить термопанели с клинкером в Приозерском районе,"Утепление и фасад. Завод в Выборге. Доставка в Приозерск, Сосново, Лосево. От 1 550 ₽",https://marmara-pro.ru?utm_source=yandex&utm_medium=cpc&utm_campaign=termopaneli_priozersk_cpa_search&utm_content=search&utm_term={PHRASE},-,-,-,-,Текстово-графический,Автоматический,0.00,1,0,0.00,-,1,0.00,100.00,1.08,92.67,107.91,1.00,1.00,100.00,1.00
"Приозерский район, Поиск   от 25-07-2026",713047408,25.08.2026,Приозерский район,5776633358,Автотаргетинг,,-,0,-,0,чем утеплить стены в квартире,Сопутствующие запросы,Запросы без упоминания брендов,-,,,,,Поиск,Прочее,Не определено,Смартфоны,Android,Wi-Fi,Женский,45-54 года,Остальные,Не определено,1916597733861553174,Активные,Комбинаторное,Купить термопанели с клинкером в Приозерском районе,Клинкерные термопанели с утеплителем. Свой завод в Выборге. Расчёт фасада за 1 день.,https://marmara-pro.ru?utm_source=yandex&utm_medium=cpc&utm_campaign=termopaneli_priozersk_cpa_search&utm_content=search&utm_term={PHRASE},-,-,-,-,Текстово-графический,Оригинальный,0.00,0,0,-,-,1,-,0.00,0.42,0.00,41.63,6.00,-,-,-
Термопанели в Выборге,712773255,25.08.2026,Группа 1 - коммерческая,5773901452,Фраза,термопанели заказать,-,0,-,0,клинкерплюс термопанель с клинкерной плиткой иллинойс 2 заказать,Альтернативные запросы,Запросы с упоминанием брендов конкурентов,Пословное,,,,,Поиск,Спецразмещение,Не определено,Десктопы,Не определён,Wi-Fi,Не определен,Не определен,Остальные,Не определено,1915802398259215246,Активные,Комбинаторное,Термопанели с клинкером - собственный завод в Выборге,Клинкерная плитка+утеплитель в одной панели. Оплата в два этапа. Звоните!,https://marmara-pro.ru?utm_content=commerce&utm_term={PHRASE},-,-,-,-,Текстово-графический,Оригинальный,0.00,0,0,-,-,1,-,0.00,0.66,0.00,66.00,-,-,-,-
Термопанели в Выборге,712773255,25.08.2026,Группа 1 - коммерческая,5773901452,Автотаргетинг,,-,0,-,0,декоративный кирпич,Целевые запросы,Запросы без упоминания брендов,-,,,,,Поиск,Прочее,Не определено,Смартфоны,Android,Wi-Fi,Мужской,45-54 года,Остальные,Не определено,1915802398259215246,Активные,Комбинаторное,"Термопанели в Выборге - завод на Ленина, 11",Свое производство в Выборге. Приезжайте на образцы. Бесплатная доставка по району.,https://marmara-pro.ru?utm_content=commerce&utm_term={PHRASE},-,-,-,-,Текстово-графический,Оригинальный,0.00,0,0,-,-,1,-,0.00,0.65,0.00,64.58,6.00,-,-,-
Термопанели в Выборге,712773255,25.08.2026,Группа 1 - коммерческая,5773901452,Автотаргетинг,,-,0,-,0,панели для фундамента дома снаружи,Целевые запросы,Запросы без упоминания брендов,-,,,,,Поиск,Прочее,Не определено,Смартфоны,iOS,Wi-Fi,Женский,45-54 года,6–10%,Не определено,1915802398259215246,Активные,Комбинаторное,Гарантия до 5 лет на термопанели,Свое производство в Выборге. Приезжайте на образцы. Бесплатная доставка по району.,https://marmara-pro.ru?utm_content=commerce&utm_term={PHRASE},-,-,-,-,Текстово-графический,Оригинальный,0.00,0,0,-,-,1,-,0.00,0.55,0.00,54.58,7.00,-,-,-
Термопанели в Выборге,712773255,25.08.2026,Группа 1 - коммерческая,5773901452,Автотаргетинг,,-,0,-,0,термопанели с отделкой,Целевые запросы,Запросы без упоминания брендов,-,,,,,Поиск,Прочее,Не определено,Десктопы,Не определён,Wi-Fi,Мужской,45-54 года,Остальные,Не определено,1915802398259215246,Активные,Комбинаторное,Производитель термопанелей в Ленобласти,Клинкерная плитка+утеплитель в одной панели. Оплата в два этапа. Звоните!,https://marmara-pro.ru?utm_content=commerce&utm_term={PHRASE},-,-,-,-,Текстово-графический,Оригинальный,0.00,0,0,-,-,1,-,0.00,0.65,0.00,64.58,6.00,-,-,-
Термопанели в Выборге,712773255,25.08.2026,Группа 1 - коммерческая,5773901452,Автотаргетинг,,-,0,-,0,термопанели с отделкой,Целевые запросы,Запросы без упоминания брендов,-,,,,,Поиск,Товарная галерея,Не определено,Десктопы,Не определён,Wi-Fi,Мужской,45-54 года,Остальные,Не определено,1915802398259215246,Активные,Комбинаторное,Производитель термопанелей в Ленобласти,Клинкерная плитка+утеплитель в одной панели. Оплата в два этапа. Звоните!,https://marmara-pro.ru?utm_content=commerce&utm_term={PHRASE},http://direct.yandex.ru/images/direct/5442016/qtxMfdimB3EKymbW9TWLzQ,термопанель.png,-,-,Текстово-графический,Оригинальный,0.00,0,0,-,-,1,-,0.00,0.31,0.00,30.99,8.00,-,-,-
Термопанели в Выборге,712773255,25.08.2026,Группа 1 - коммерческая,5773901452,Автотаргетинг,,-,0,-,0,термопанели фасадные,Целевые запросы,Запросы без упоминания брендов,-,,,,,Поиск,Прочее,Не определено,Смартфоны,iOS,Wi-Fi,Мужской,25-34 года,6–10%,Не определено,1915802398259215246,Активные,Комбинаторное,Производитель термопанелей в Ленобласти,Свое производство в Выборге. Приезжайте на образцы. Бесплатная доставка по району.,https://marmara-pro.ru?utm_content=commerce&utm_term={PHRASE},-,-,-,-,Текстово-графический,Оригинальный,0.00,0,0,-,-,1,-,0.00,0.09,0.00,8.50,5.00,-,-,-
Термопанели в Выборге,712773255,25.08.2026,Группа 2 - Гео (ключевая),5773898865,Автотаргетинг,,-,0,-,0,,Не определено,-,-,,,,,Сети,Прочее,Не определено,Десктопы,Не определён,Wi-Fi,Мужской,45-54 года,Остальные,Не определено,1915800871397818629,Активные,Комбинаторное,Термопанели с клинкером - собственный завод в Выборге,Без посредников - завод. 60+ видов декора. Доставка по Ленобласти.,https://marmara-pro.ru?utm_content=zavod&utm_term={PHRASE},http://direct.yandex.ru/images/direct/5250956/5XPY7aqvM1xRQF8e4uTrqg,карусель 4-3_06.jpg,1163322157,https://avatars.mds.yandex.net/get-media-adv-screenshooter/20941197/1d06a155-09ca-4034-b8a4-ad411694a4d7/orig,Карусель,Оригинальный,0.00,0,0,-,-,1,-,0.00,1.00,0.00,100.00,-,-,-,-
Термопанели в Выборге,712773255,25.08.2026,Группа 2 - Гео (ключевая),5773898865,Автотаргетинг,,-,0,-,0,купить термопанели 30мм,Целевые запросы,Запросы без упоминания брендов,-,,,,,Поиск,Прочее,Не определено,Смартфоны,Android,Мобильная связь,Мужской,18-24 года,Остальные,Не определено,1915800871397818629,Активные,Комбинаторное,Производитель термопанелей в Ленобласти,Свое производство в Выборге. Приезжайте на образцы. Бесплатная доставка по району.,https://marmara-pro.ru?utm_content=zavod&utm_term={PHRASE},-,-,-,-,Текстово-графический,Оригинальный,0.00,1,0,0.00,-,1,0.00,100.00,0.65,154.86,64.58,6.00,6.00,0.00,1.00
Термопанели в Выборге,712773255,25.08.2026,Группа 2 - Гео (ключевая),5773898865,Автотаргетинг,,-,0,-,0,термопанели для наружной отделки какой толщины бывают,Целевые запросы,Запросы без упоминания брендов,-,,,,,Поиск,Прочее,Не определено,Смартфоны,Android,Wi-Fi,Женский,45-54 года,Остальные,Не определено,1915800871397818629,Активные,Комбинаторное,Производитель термопанелей в Ленобласти,Без посредников - завод. 60+ видов декора. Доставка по Ленобласти.,https://marmara-pro.ru?utm_content=zavod&utm_term={PHRASE},-,-,-,-,Текстово-графический,Оригинальный,0.00,0,0,-,-,1,-,0.00,0.85,0.00,84.88,5.00,-,-,-
Термопанели в Выборге,712773255,25.08.2026,Группа 2 - Гео (ключевая),5773898865,Автотаргетинг,,-,0,-,0,термопанели с отделкой,Узкие запросы,Запросы без упоминания брендов,-,,,,,Поиск,Спецразмещение,Не определено,Десктопы,Не определён,Wi-Fi,Мужской,45-54 года,Остальные,Не определено,1915800871397818629,Активные,Комбинаторное,Производитель термопанелей в Ленобласти,Свое производство в Выборге. Приезжайте на образцы. Бесплатная доставка по району.,https://marmara-pro.ru?utm_content=zavod&utm_term={PHRASE},-,-,-,-,Текстово-графический,Автоматический,0.00,0,0,-,-,1,-,0.00,0.64,0.00,64.20,4.00,-,-,-
Термопанели в Выборге,712773255,25.08.2026,Группа 3 - клинкер (продуктовая),5773902142,Фраза,термопанели с клинкерной плиткой -купить -цена,-,0,-,0,затирка для термопанелей с клинкерной плиткой,Сопутствующие запросы,Запросы без упоминания брендов,Пословное,,,,,Поиск,Спецразмещение,Не определено,Десктопы,Не определён,Wi-Fi,Женский,45-54 года,6–10%,Не определено,1915802914729060647,Активные,Комбинаторное,Термопанели с клинкером - собственный завод в Выборге,Клинкерная плитка+утеплитель в одной панели. Оплата в два этапа. Звоните!,https://marmara-pro.ru?utm_content=product&utm_term={PHRASE},-,-,-,-,Текстово-графический,Автоматический,0.00,0,0,-,-,1,-,0.00,0.69,0.00,68.56,3.00,-,-,-
Термопанели в Выборге,712773255,25.08.2026,Группа 3 - клинкер (продуктовая),5773902142,Автотаргетинг,,-,0,-,0,,Не определено,-,-,,,,,Сети,Прочее,Не определено,Десктопы,Не определён,Wi-Fi,Не определен,45-54 года,Остальные,Не определено,1915802914729060647,Активные,Комбинаторное,Термопанели с клинкером - собственный завод в Выборге,Без посредников - завод. 60+ видов декора. Доставка по Ленобласти.,https://marmara-pro.ru?utm_content=product&utm_term={PHRASE},http://direct.yandex.ru/images/direct/5442016/qtxMfdimB3EKymbW9TWLzQ,термопанель.png,1163321614,https://avatars.mds.yandex.net/get-media-adv-screenshooter/20873747/75477b03-780e-4e10-adff-81a72fc688af/orig,Видео,Автоматический,0.00,0,0,-,-,1,-,0.00,1.00,0.00,100.00,-,-,-,-
Термопанели в Выборге,712773255,25.08.2026,Группа 3 - клинкер (продуктовая),5773902142,Автотаргетинг,,-,0,-,0,,Не определено,-,-,,,,,Сети,Прочее,Не определено,Десктопы,Не определён,Wi-Fi,Мужской,45-54 года,Остальные,Не определено,1915802914729060647,Активные,Комбинаторное,Термопанели с клинкером - собственный завод в Выборге,Без посредников - завод. 60+ видов декора. Доставка по Ленобласти.,https://marmara-pro.ru?utm_content=product&utm_term={PHRASE},http://direct.yandex.ru/images/direct/5442016/qtxMfdimB3EKymbW9TWLzQ,термопанель.png,1163321614,https://avatars.mds.yandex.net/get-media-adv-screenshooter/20873747/75477b03-780e-4e10-adff-81a72fc688af/orig,Карусель,Автоматический,0.00,0,0,-,-,1,-,0.00,1.00,0.00,100.00,-,-,-,-
Термопанели в Выборге,712773255,25.08.2026,Группа 3 - клинкер (продуктовая),5773902142,Автотаргетинг,,-,0,-,0,,Не определено,-,-,,,,,Сети,Прочее,Не определено,Смартфоны,Android,Wi-Fi,Мужской,25-34 года,Остальные,Не определено,1915802914729060647,Активные,Комбинаторное,Термопанели с клинкером - собственный завод в Выборге,Без посредников - завод. 60+ видов декора. Доставка по Ленобласти.,https://marmara-pro.ru?utm_content=product&utm_term={PHRASE},http://direct.yandex.ru/images/direct/5442016/qtxMfdimB3EKymbW9TWLzQ,термопанель.png,1163321614,https://avatars.mds.yandex.net/get-media-adv-screenshooter/20873747/75477b03-780e-4e10-adff-81a72fc688af/orig,Текстово-графический,Оригинальный,0.00,0,0,-,-,1,-,0.00,1.00,0.00,100.00,-,-,-,-
Термопанели в Выборге,712773255,25.08.2026,Группа 3 - клинкер (продуктовая),5773902142,Автотаргетинг,,-,0,-,0,,Не определено,-,-,,,,,Сети,Прочее,Не определено,Смартфоны,Android,Wi-Fi,Мужской,45-54 года,Остальные,Не определено,1915802914729060647,Активные,Комбинаторное,Термопанели с клинкером - собственный завод в Выборге,Без посредников - завод. 60+ видов декора. Доставка по Ленобласти.,https://marmara-pro.ru?utm_content=product&utm_term={PHRASE},http://direct.yandex.ru/images/direct/5442016/qtxMfdimB3EKymbW9TWLzQ,термопанель.png,1163321614,https://avatars.mds.yandex.net/get-media-adv-screenshooter/20873747/75477b03-780e-4e10-adff-81a72fc688af/orig,Видео,Автоматический,0.00,0,0,-,-,1,-,0.00,1.00,0.00,100.00,-,-,-,-
Термопанели в Выборге,712773255,25.08.2026,Группа 3 - клинкер (продуктовая),5773902142,Автотаргетинг,,-,0,-,0,,Не определено,-,-,,,,,Сети,Прочее,Не определено,Смартфоны,Android,Wi-Fi,Мужской,Старше 55,Остальные,Не определено,1915802914729060647,Активные,Комбинаторное,Термопанели с клинкером - собственный завод в Выборге,Без посредников - завод. 60+ видов декора. Доставка по Ленобласти.,https://marmara-pro.ru?utm_content=product&utm_term={PHRASE},http://direct.yandex.ru/images/direct/5442016/qtxMfdimB3EKymbW9TWLzQ,термопанель.png,1163321614,https://avatars.mds.yandex.net/get-media-adv-screenshooter/20873747/75477b03-780e-4e10-adff-81a72fc688af/orig,Видео,Оригинальный,0.00,0,0,-,-,1,-,0.00,1.00,0.00,100.00,-,-,-,-
Термопанели в Выборге,712773255,25.08.2026,Группа 3 - клинкер (продуктовая),5773902142,Автотаргетинг,,-,0,-,0,,Не определено,-,-,,,,,Сети,Прочее,Не определено,Смартфоны,Android,Wi-Fi,Женский,25-34 года,Остальные,Не определено,1915802914729060647,Активные,Комбинаторное,Термопанели с клинкером - собственный завод в Выборге,Без посредников - завод. 60+ видов декора. Доставка по Ленобласти.,https://marmara-pro.ru?utm_content=product&utm_term={PHRASE},http://direct.yandex.ru/images/direct/5442016/qtxMfdimB3EKymbW9TWLzQ,термопанель.png,1163321614,https://avatars.mds.yandex.net/get-media-adv-screenshooter/20873747/75477b03-780e-4e10-adff-81a72fc688af/orig,Текстово-графический,Оригинальный,0.00,0,0,-,-,1,-,0.00,1.00,0.00,100.00,-,-,-,-
Термопанели в Выборге,712773255,25.08.2026,Группа 3 - клинкер (продуктовая),5773902142,Автотаргетинг,,-,0,-,0,,Не определено,-,-,,,,,Сети,Прочее,Не определено,Смартфоны,Android,Wi-Fi,Женский,45-54 года,Остальные,Не определено,1915802914729060647,Активные,Комбинаторное,Термопанели с клинкером - собственный завод в Выборге,Без посредников - завод. 60+ видов декора. Доставка по Ленобласти.,https://marmara-pro.ru?utm_content=product&utm_term={PHRASE},http://direct.yandex.ru/images/direct/5442016/qtxMfdimB3EKymbW9TWLzQ,термопанель.png,1163321614,https://avatars.mds.yandex.net/get-media-adv-screenshooter/20873747/75477b03-780e-4e10-adff-81a72fc688af/orig,Текстово-графический,Автоматический,0.00,1,0,0.00,-,1,0.00,100.00,1.00,100.00,100.00,-,-,100.00,1.00
Термопанели в Выборге,712773255,25.08.2026,Группа 3 - клинкер (продуктовая),5773902142,Автотаргетинг,,-,0,-,0,,Не определено,-,-,,,,,Сети,Прочее,Не определено,Смартфоны,Android,Wi-Fi,Женский,45-54 года,6–10%,Не определено,1915802914729060647,Активные,Комбинаторное,Термопанели с клинкером - собственный завод в Выборге,Без посредников - завод. 60+ видов декора. Доставка по Ленобласти.,https://marmara-pro.ru?utm_content=product&utm_term={PHRASE},http://direct.yandex.ru/images/direct/5442016/qtxMfdimB3EKymbW9TWLzQ,термопанель.png,1163321614,https://avatars.mds.yandex.net/get-media-adv-screenshooter/20873747/75477b03-780e-4e10-adff-81a72fc688af/orig,Текстово-графический,Оригинальный,0.00,0,0,-,-,1,-,0.00,1.00,0.00,100.00,-,-,-,-
Термопанели в Выборге,712773255,25.08.2026,Группа 3 - клинкер (продуктовая),5773902142,Автотаргетинг,,-,0,-,0,,Не определено,-,-,,,,,Сети,Прочее,Не определено,Смартфоны,iOS,Wi-Fi,Мужской,25-34 года,Остальные,Не определено,1915802914729060647,Активные,Комбинаторное,Термопанели с клинкером - собственный завод в Выборге,Без посредников - завод. 60+ видов декора. Доставка по Ленобласти.,https://marmara-pro.ru?utm_content=product&utm_term={PHRASE},http://direct.yandex.ru/images/direct/5442016/qtxMfdimB3EKymbW9TWLzQ,термопанель.png,1163321614,https://avatars.mds.yandex.net/get-media-adv-screenshooter/20873747/75477b03-780e-4e10-adff-81a72fc688af/orig,Текстово-графический,Оригинальный,0.00,0,0,-,-,1,-,0.00,1.00,0.00,100.00,-,-,-,-
Термопанели в Выборге,712773255,25.08.2026,Группа 3 - клинкер (продуктовая),5773902142,Автотаргетинг,,-,0,-,0,,Не определено,-,-,,,,,Сети,Прочее,Не определено,Смартфоны,iOS,Wi-Fi,Женский,45-54 года,Топ 1%,Не определено,1915802914729060647,Активные,Комбинаторное,Термопанели с клинкером - собственный завод в Выборге,Без посредников - завод. 60+ видов декора. Доставка по Ленобласти.,https://marmara-pro.ru?utm_content=product&utm_term={PHRASE},http://direct.yandex.ru/images/direct/5442016/qtxMfdimB3EKymbW9TWLzQ,термопанель.png,1163321614,https://avatars.mds.yandex.net/get-media-adv-screenshooter/20873747/75477b03-780e-4e10-adff-81a72fc688af/orig,Текстово-графический,Автоматический,0.00,0,0,-,-,1,-,0.00,1.00,0.00,100.00,-,-,-,-
Термопанели в Выборге,712773255,25.08.2026,Группа 3 - клинкер (продуктовая),5773902142,Автотаргетинг,,-,0,-,0,,Не определено,-,-,,,,,Сети,Прочее,Не определено,Смартфоны,iOS,Wi-Fi,Женский,45-54 года,Топ 1%,Не определено,1915802914729060647,Активные,Комбинаторное,Термопанели с клинкером - собственный завод в Выборге,Без посредников - завод. 60+ видов декора. Доставка по Ленобласти.,https://marmara-pro.ru?utm_content=product&utm_term={PHRASE},http://direct.yandex.ru/images/direct/5442016/qtxMfdimB3EKymbW9TWLzQ,термопанель.png,1163321614,https://avatars.mds.yandex.net/get-media-adv-screenshooter/20873747/75477b03-780e-4e10-adff-81a72fc688af/orig,Видео,Автоматический,0.00,0,0,-,-,1,-,0.00,1.00,0.00,100.00,-,-,-,-
Термопанели в Выборге,712773255,25.08.2026,Группа 3 - клинкер (продуктовая),5773902142,Автотаргетинг,,-,0,-,0,декоративный кирпич,Целевые запросы,Запросы без упоминания брендов,-,,,,,Поиск,Прочее,Не определено,Смартфоны,Android,Wi-Fi,Мужской,45-54 года,Остальные,Не определено,1915802914729060647,Активные,Комбинаторное,"Термопанели в Выборге - завод на Ленина, 11",Без посредников - завод. 60+ видов декора. Доставка по Ленобласти.,https://marmara-pro.ru?utm_content=product&utm_term={PHRASE},-,-,-,-,Текстово-графический,Автоматический,0.00,0,0,-,-,1,-,0.00,0.65,0.00,64.58,6.00,-,-,-
Термопанели в Выборге,712773255,25.08.2026,Группа 3 - клинкер (продуктовая),5773902142,Автотаргетинг,,-,0,-,0,клинкерные термопанели не в виде кирпича бывают,Целевые запросы,Запросы без упоминания брендов,-,,,,,Поиск,Прочее,Не определено,Десктопы,Не определён,Wi-Fi,Женский,35-44 года,2–5%,Не определено,1915802914729060647,Активные,Комбинаторное,Клинкерные термопанели - производство Выборг,Без посредников - завод. 60+ видов декора. Доставка по Ленобласти.,https://marmara-pro.ru?utm_content=product&utm_term={PHRASE},-,-,-,-,Текстово-графический,Оригинальный,0.00,0,0,-,-,1,-,0.00,0.55,0.00,54.58,7.00,-,-,-
Термопанели в Выборге,712773255,25.08.2026,Группа 3 - клинкер (продуктовая),5773902142,Автотаргетинг,,-,0,-,0,купить термопанели 30мм,Целевые запросы,Запросы без упоминания брендов,-,,,,,Поиск,Товарная галерея,Не определено,Смартфоны,Android,Мобильная связь,Мужской,18-24 года,Остальные,Не определено,1915802914729060647,Активные,Комбинаторное,Производитель термопанелей в Ленобласти,Свое производство в Выборге. Приезжайте на образцы. Бесплатная доставка по району.,https://marmara-pro.ru?utm_content=product&utm_term={PHRASE},http://direct.yandex.ru/images/direct/5250956/5XPY7aqvM1xRQF8e4uTrqg,карусель 4-3_06.jpg,-,-,Текстово-графический,Оригинальный,0.00,0,0,-,-,1,-,0.00,0.53,0.00,52.59,3.00,-,-,-
Термопанели в Выборге,712773255,25.08.2026,Группа 3 - клинкер (продуктовая),5773902142,Автотаргетинг,,-,0,-,0,стеновые панели,Целевые запросы,Запросы без упоминания брендов,-,,,,,Поиск,Прочее,Не определено,Смартфоны,Android,Wi-Fi,Мужской,Старше 55,Остальные,Не определено,1915802914729060647,Активные,Комбинаторное,"Термопанели в Выборге - завод на Ленина, 11",Без посредников - завод. 60+ видов декора. Доставка по Ленобласти.,https://marmara-pro.ru?utm_content=product&utm_term={PHRASE},-,-,-,-,Текстово-графический,Автоматический,0.00,0,0,-,-,1,-,0.00,0.45,0.00,44.58,8.00,-,-,-
Термопанели в Выборге,712773255,25.08.2026,Группа 3 - клинкер (продуктовая),5773902142,Автотаргетинг,,-,0,-,0,термопанели 80мм цена,Целевые запросы,Запросы без упоминания брендов,-,,,,,Поиск,Прочее,Не определено,Смартфоны,Android,Wi-Fi,Женский,45-54 года,Остальные,Не определено,1915802914729060647,Активные,Комбинаторное,"Термопанели в Выборге - завод на Ленина, 11",Свое производство в Выборге. Приезжайте на образцы. Бесплатная доставка по району.,https://marmara-pro.ru?utm_content=product&utm_term={PHRASE},-,-,-,-,Текстово-графический,Оригинальный,0.00,0,0,-,-,1,-,0.00,0.65,0.00,64.58,6.00,-,-,-
Термопанели в Выборге,712773255,25.08.2026,Группа 3 - клинкер (продуктовая),5773902142,Автотаргетинг,,-,0,-,0,термопанели на дом,Целевые запросы,Запросы без упоминания брендов,-,,,,,Поиск,Прочее,Не определено,Смартфоны,Android,Wi-Fi,Мужской,35-44 года,Остальные,Не определено,1915802914729060647,Активные,Комбинаторное,Гарантия до 5 лет на термопанели,Свое производство в Выборге. Приезжайте на образцы. Бесплатная доставка по району.,https://marmara-pro.ru?utm_content=product&utm_term={PHRASE},-,-,-,-,Текстово-графический,Оригинальный,0.00,0,0,-,-,1,-,0.00,0.55,0.00,54.58,7.00,-,-,-
Термопанели в Выборге,712773255,25.08.2026,Группа 3 - клинкер (продуктовая),5773902142,Автотаргетинг,,-,0,-,0,цокольные панели от 500 мм высотой,Целевые запросы,Запросы без упоминания брендов,-,,,,,Поиск,Прочее,Не определено,Смартфоны,Android,Wi-Fi,Мужской,45-54 года,Остальные,Не определено,1915802914729060647,Активные,Комбинаторное,Производитель термопанелей в Ленобласти,Свое производство в Выборге. Приезжайте на образцы. Бесплатная доставка по району.,https://marmara-pro.ru?utm_content=product&utm_term={PHRASE},-,-,-,-,Текстово-графический,Оригинальный,0.00,0,0,-,-,1,-,0.00,0.65,0.00,64.58,6.00,-,-,-
Термопанели в Выборге,712773255,25.08.2026,Группа 3 - клинкер (продуктовая),5773902142,Автотаргетинг,,-,0,-,0,цокольные панели от 500 мм высотой,Целевые запросы,Запросы без упоминания брендов,-,,,,,Поиск,Прочее,Не определено,Смартфоны,Android,Wi-Fi,Мужской,45-54 года,Остальные,Не определено,1915802914729060647,Активные,Комбинаторное,"Термопанели в Выборге - завод на Ленина, 11",Без посредников - завод. 60+ видов декора. Доставка по Ленобласти.,https://marmara-pro.ru?utm_content=product&utm_term={PHRASE},-,-,-,-,Текстово-графический,Автоматический,0.00,0,0,-,-,1,-,0.00,0.65,0.00,64.58,6.00,-,-,-
Термопанели в Выборге,712773255,25.08.2026,Термопанели (Лен. область),5773097196,Автотаргетинг,,-,0,-,0,,Не определено,-,-,,,,,Сети,Прочее,Не определено,Смартфоны,Android,Wi-Fi,Мужской,Старше 55,Остальные,Не определено,1915608023072927866,Активные,Комбинаторное,Термопанели с клинкером. Свое производство в Выборге,"Термопанели с клинкером. Собственное производство, своя цена, нет посредников.",https://marmara-pro.ru?utm_content=geo&utm_term={PHRASE},http://direct.yandex.ru/images/direct/4298071/skS6Zjow652PazB91P1Ung,плитка 01.jpg,1163322157,https://avatars.mds.yandex.net/get-media-adv-screenshooter/20941197/1d06a155-09ca-4034-b8a4-ad411694a4d7/orig,Видео,Оригинальный,0.00,0,0,-,-,1,-,0.00,1.00,0.00,100.00,-,-,-,-
Термопанели в Выборге,712773255,25.08.2026,Термопанели (Лен. область),5773097196,Автотаргетинг,,-,0,-,0,,Не определено,-,-,,,,,Сети,Прочее,Не определено,Смартфоны,Android,Wi-Fi,Мужской,Старше 55,Остальные,Не определено,1915608023072927866,Активные,Комбинаторное,Термопанели с клинкером. Свое производство в Выборге,"Термопанели с клинкером. Собственное производство, своя цена, нет посредников.",https://marmara-pro.ru?utm_content=geo&utm_term={PHRASE},http://direct.yandex.ru/images/direct/6195656/qVbV_RGwHrqBiQiD1NgoCw,бейджик (1).jpg,1163321614,https://avatars.mds.yandex.net/get-media-adv-screenshooter/20873747/75477b03-780e-4e10-adff-81a72fc688af/orig,Видео,Оригинальный,0.00,1,0,0.00,-,1,0.00,100.00,1.00,100.00,100.00,-,-,0.00,2.00
Термопанели в Выборге,712773255,25.08.2026,Термопанели (Лен. область),5773097196,Автотаргетинг,,-,0,-,0,влаго морозостойкие панели для лоджии,Целевые запросы,Запросы без упоминания брендов,-,,,,,Поиск,Прочее,Не определено,Смартфоны,iOS,Wi-Fi,Мужской,25-34 года,Остальные,Не определено,1915608023072927866,Активные,Комбинаторное,Термопанели с клинкерной плиткой. Производство в Выборге,"Термопанели с клинкером. Собственное производство, своя цена, нет посредников.",https://marmara-pro.ru?utm_content=geo&utm_term={PHRASE},-,-,-,-,Текстово-графический,Автоматический,0.00,0,0,-,-,1,-,0.00,0.55,0.00,54.58,7.00,-,-,-
Термопанели в Выборге,712773255,25.08.2026,Термопанели (Лен. область),5773097196,Автотаргетинг,,-,0,-,0,клинкер плитка,Целевые запросы,Запросы без упоминания брендов,-,,,,,Поиск,Прочее,Не определено,Смартфоны,Android,Wi-Fi,Мужской,Старше 55,Остальные,Не определено,1915608023072927866,Активные,Комбинаторное,Термопанели с клинкерной плиткой. Производство в Выборге,"Термопанели с клинкером. Собственное производство, своя цена, нет посредников.",https://marmara-pro.ru?utm_content=geo&utm_term={PHRASE},-,-,-,-,Текстово-графический,Оригинальный,0.00,0,0,-,-,1,-,0.00,0.65,0.00,64.58,6.00,-,-,-
Термопанели в Выборге,712773255,25.08.2026,Термопанели (Лен. область),5773097196,Автотаргетинг,,-,0,-,0,клинкерная плитка,Целевые запросы,Запросы без упоминания брендов,-,,,,,Поиск,Прочее,Не определено,Смартфоны,Android,Wi-Fi,Мужской,45-54 года,Остальные,Не определено,1915608023072927866,Активные,Комбинаторное,Термопанели с клинкерной плиткой. Производство в Выборге,"Термопанели с клинкером. Собственное производство, своя цена, нет посредников.",https://marmara-pro.ru?utm_content=geo&utm_term={PHRASE},-,-,-,-,Текстово-графический,Оригинальный,0.00,0,0,-,-,3,-,0.00,1.94,0.00,64.68,6.33,-,-,-
Термопанели в Выборге,712773255,25.08.2026,Термопанели (Лен. область),5773097196,Автотаргетинг,,-,0,-,0,клинкерная плитка,Целевые запросы,Запросы без упоминания брендов,-,,,,,Поиск,Прочее,Не определено,Смартфоны,Android,Wi-Fi,Женский,35-44 года,Остальные,Не определено,1915608023072927866,Активные,Комбинаторное,Термопанели с клинкерной плиткой в Выборге!,"Термопанели с клинкером. Собственное производство, своя цена, нет посредников.",https://marmara-pro.ru?utm_content=geo&utm_term={PHRASE},-,-,-,-,Текстово-графический,Автоматический,0.00,0,0,-,-,1,-,0.00,0.55,0.00,54.58,7.00,-,-,-
Термопанели в Выборге,712773255,25.08.2026,Термопанели (Лен. область),5773097196,Автотаргетинг,,-,0,-,0,клинкерная плитка,Целевые запросы,Запросы без упоминания брендов,-,,,,,Поиск,Товарная галерея,Не определено,Смартфоны,Android,Wi-Fi,Мужской,45-54 года,Остальные,Не определено,1915608023072927866,Активные,Комбинаторное,Термопанели с клинкерной плиткой. Производство в Выборге,"Термопанели с клинкером. Собственное производство, своя цена, нет посредников.",https://marmara-pro.ru?utm_content=geo&utm_term={PHRASE},http://direct.yandex.ru/images/direct/5250956/5XPY7aqvM1xRQF8e4uTrqg,карусель 4-3_06.jpg,-,-,Текстово-графический,Оригинальный,0.00,0,0,-,-,3,-,0.00,1.11,0.00,36.86,4.67,-,-,-
Термопанели в Выборге,712773255,25.08.2026,Термопанели (Лен. область),5773097196,Автотаргетинг,,-,0,-,0,клинкерная плитка для фасада,Целевые запросы,Запросы без упоминания брендов,-,,,,,Поиск,Прочее,Не определено,Смартфоны,Android,Wi-Fi,Мужской,45-54 года,Остальные,Не определено,1915608023072927866,Активные,Комбинаторное,Термопанели с клинкерной плиткой. Производство в Выборге,"Термопанели с клинкером. Собственное производство, своя цена, нет посредников.",https://marmara-pro.ru?utm_content=geo&utm_term={PHRASE},-,-,-,-,Текстово-графический,Автоматический,0.00,0,0,-,-,1,-,0.00,0.45,0.00,44.58,8.00,-,-,-
Термопанели в Выборге,712773255,25.08.2026,Термопанели (Лен. область),5773097196,Автотаргетинг,,-,0,-,0,клинкерная система фасада,Целевые запросы,Запросы без упоминания брендов,-,,,,,Поиск,Прочее,Не определено,Смартфоны,Android,Wi-Fi,Мужской,18-24 года,Остальные,Не определено,1915608023072927866,Активные,Комбинаторное,Термопанели с клинкерной плиткой в Выборге!,"Термопанели с клинкером. Собственное производство, своя цена, нет посредников.",https://marmara-pro.ru?utm_content=geo&utm_term={PHRASE},-,-,-,-,Текстово-графический,Автоматический,0.00,0,0,-,-,1,-,0.00,0.65,0.00,64.58,6.00,-,-,-
Термопанели в Выборге,712773255,25.08.2026,Термопанели (Лен. область),5773097196,Автотаргетинг,,-,0,-,0,наружные термопанели для отделки дома,Целевые запросы,Запросы без упоминания брендов,-,,,,,Поиск,Прочее,Не определено,Смартфоны,Android,Wi-Fi,Мужской,35-44 года,Остальные,Не определено,1915608023072927866,Активные,Комбинаторное,Термопанели с клинкерной плиткой. Производство в Выборге,"Термопанели с клинкером. Собственное производство, своя цена, нет посредников.",https://marmara-pro.ru?utm_content=geo&utm_term={PHRASE},-,-,-,-,Текстово-графический,Автоматический,0.00,0,0,-,-,1,-,0.00,0.45,0.00,44.58,8.00,-,-,-
Термопанели в Выборге,712773255,25.08.2026,Термопанели (Лен. область),5773097196,Автотаргетинг,,-,0,-,0,облицовочные термопанели,Целевые запросы,Запросы без упоминания брендов,-,,,,,Поиск,Прочее,Не определено,Смартфоны,iOS,Wi-Fi,Женский,35-44 года,6–10%,Не определено,1915608023072927866,Активные,Комбинаторное,Термопанели с клинкерной плиткой. Производство в Выборге,"Термопанели с клинкером. Собственное производство, своя цена, нет посредников.",https://marmara-pro.ru?utm_content=geo&utm_term={PHRASE},-,-,-,-,Текстово-графический,Автоматический,0.00,0,0,-,-,1,-,0.00,0.55,0.00,54.58,7.00,-,-,-
Термопанели в Выборге,712773255,25.08.2026,Термопанели (Лен. область),5773097196,Автотаргетинг,,-,0,-,0,облицовочные термопанели,Целевые запросы,Запросы без упоминания брендов,-,,,,,Поиск,Товарная галерея,Не определено,Смартфоны,iOS,Wi-Fi,Женский,35-44 года,6–10%,Не определено,1915608023072927866,Активные,Комбинаторное,Термопанели с клинкерной плиткой. Производство в Выборге,"Термопанели с клинкером. Собственное производство, своя цена, нет посредников.",https://marmara-pro.ru?utm_content=geo&utm_term={PHRASE},http://direct.yandex.ru/images/direct/5250956/5XPY7aqvM1xRQF8e4uTrqg,карусель 4-3_06.jpg,-,-,Текстово-графический,Автоматический,0.00,0,0,-,-,2,-,0.00,0.58,0.00,28.81,6.00,-,-,-
Термопанели в Выборге,712773255,25.08.2026,Термопанели (Лен. область),5773097196,Автотаргетинг,,-,0,-,0,панели для стен для наружной отделки под кирпич,Целевые запросы,Запросы без упоминания брендов,-,,,,,Поиск,Прочее,Не определено,Смартфоны,iOS,Wi-Fi,Мужской,Старше 55,Остальные,Не определено,1915608023072927866,Активные,Комбинаторное,Термопанели с клинкерной плиткой. Производство в Выборге,"Термопанели с клинкером. Собственное производство, своя цена, нет посредников.",https://marmara-pro.ru?utm_content=geo&utm_term={PHRASE},-,-,-,-,Текстово-графический,Автоматический,0.00,0,0,-,-,2,-,0.00,0.99,0.00,49.58,7.50,-,-,-
Термопанели в Выборге,712773255,25.08.2026,Термопанели (Лен. область),5773097196,Автотаргетинг,,-,0,-,0,панели на стену наружные,Целевые запросы,Запросы без упоминания брендов,-,,,,,Поиск,Прочее,Не определено,Смартфоны,iOS,Wi-Fi,Мужской,Старше 55,Остальные,Не определено,1915608023072927866,Активные,Комбинаторное,Термопанели с клинкерной плиткой. Производство в Выборге,"Термопанели с клинкером. Собственное производство, своя цена, нет посредников.",https://marmara-pro.ru?utm_content=geo&utm_term={PHRASE},-,-,-,-,Текстово-графический,Автоматический,0.00,0,0,-,-,1,-,0.00,0.65,0.00,64.58,6.00,-,-,-
Термопанели в Выборге,712773255,25.08.2026,Термопанели (Лен. область),5773097196,Автотаргетинг,,-,0,-,0,панели на стену наружные,Целевые запросы,Запросы без упоминания брендов,-,,,,,Поиск,Товарная галерея,Не определено,Смартфоны,iOS,Wi-Fi,Мужской,Старше 55,Остальные,Не определено,1915608023072927866,Активные,Комбинаторное,Термопанели с клинкерной плиткой. Производство в Выборге,"Термопанели с клинкером. Собственное производство, своя цена, нет посредников.",https://marmara-pro.ru?utm_content=geo&utm_term={PHRASE},http://direct.yandex.ru/images/direct/5250956/5XPY7aqvM1xRQF8e4uTrqg,карусель 4-3_06.jpg,-,-,Текстово-графический,Автоматический,0.00,0,0,-,-,1,-,0.00,0.14,0.00,13.57,12.00,-,-,-
Термопанели в Выборге,712773255,25.08.2026,Термопанели (Лен. область),5773097196,Автотаргетинг,,-,0,-,0,панели фасадные,Целевые запросы,Запросы без упоминания брендов,-,,,,,Поиск,Прочее,Не определено,Смартфоны,iOS,Wi-Fi,Женский,45-54 года,6–10%,Не определено,1915608023072927866,Активные,Комбинаторное,Термопанели с клинкерной плиткой. Производство в Выборге,"Термопанели с клинкером. Собственное производство, своя цена, нет посредников.",https://marmara-pro.ru?utm_content=geo&utm_term={PHRASE},-,-,-,-,Текстово-графический,Автоматический,0.00,0,0,-,-,1,-,0.00,0.65,0.00,64.58,6.00,-,-,-
Термопанели в Выборге,712773255,25.08.2026,Термопанели (Лен. область),5773097196,Автотаргетинг,,-,0,-,0,панель на стену,Целевые запросы,Запросы без упоминания брендов,-,,,,,Поиск,Прочее,Не определено,Десктопы,Не определён,Wi-Fi,Мужской,25-34 года,Остальные,Не определено,1915608023072927866,Активные,Комбинаторное,Термопанели с клинкерной плиткой. Производство в Выборге,"Термопанели с клинкером. Собственное производство, своя цена, нет посредников.",https://marmara-pro.ru?utm_content=geo&utm_term={PHRASE},-,-,-,-,Текстово-графический,Автоматический,0.00,0,0,-,-,1,-,0.00,0.45,0.00,44.58,8.00,-,-,-
Термопанели в Выборге,712773255,25.08.2026,Термопанели (Лен. область),5773097196,Автотаргетинг,,-,0,-,0,плитка клинкерная для улицы,Целевые запросы,Запросы без упоминания брендов,-,,,,,Поиск,Прочее,Не определено,Смартфоны,iOS,Wi-Fi,Женский,45-54 года,2–5%,Не определено,1915608023072927866,Активные,Комбинаторное,Термопанели с клинкерной плиткой. Производство в Выборге,"Термопанели с клинкером. Собственное производство, своя цена, нет посредников.",https://marmara-pro.ru?utm_content=geo&utm_term={PHRASE},-,-,-,-,Текстово-графический,Автоматический,0.00,0,0,-,-,1,-,0.00,0.55,0.00,54.58,7.00,-,-,-
Термопанели в Выборге,712773255,25.08.2026,Термопанели (Лен. область),5773097196,Автотаргетинг,,-,0,-,0,практичный ли искусственный камень,Целевые запросы,Запросы без упоминания брендов,-,,,,,Поиск,Прочее,Не определено,Смартфоны,Android,Wi-Fi,Женский,Старше 55,Остальные,Не определено,1915608023072927866,Активные,Комбинаторное,Термопанели с клинкерной плиткой. Производство в Выборге,"Термопанели с клинкером. Собственное производство, своя цена, нет посредников.",https://marmara-pro.ru?utm_content=geo&utm_term={PHRASE},-,-,-,-,Текстово-графический,Автоматический,0.00,0,0,-,-,1,-,0.00,0.55,0.00,54.58,7.00,-,-,-
Термопанели в Выборге,712773255,25.08.2026,Термопанели (Лен. область),5773097196,Автотаргетинг,,-,0,-,0,практичный ли искусственный камень,Целевые запросы,Запросы без упоминания брендов,-,,,,,Поиск,Товарная галерея,Не определено,Смартфоны,Android,Wi-Fi,Женский,Старше 55,Остальные,Не определено,1915608023072927866,Активные,Комбинаторное,Термопанели с клинкерной плиткой. Производство в Выборге,"Термопанели с клинкером. Собственное производство, своя цена, нет посредников.",https://marmara-pro.ru?utm_content=geo&utm_term={PHRASE},http://direct.yandex.ru/images/direct/5250956/5XPY7aqvM1xRQF8e4uTrqg,карусель 4-3_06.jpg,-,-,Текстово-графический,Автоматический,0.00,0,0,-,-,2,-,0.00,0.27,0.00,13.34,18.00,-,-,-
Термопанели в Выборге,712773255,25.08.2026,Термопанели (Лен. область),5773097196,Автотаргетинг,,-,0,-,0,стеновые панели,Целевые запросы,Запросы без упоминания брендов,-,,,,,Поиск,Прочее,Не определено,Смартфоны,Android,Wi-Fi,Мужской,25-34 года,Остальные,Не определено,1915608023072927866,Активные,Комбинаторное,Термопанели с клинкерной плиткой. Производство в Выборге,"Термопанели с клинкером. Собственное производство, своя цена, нет посредников.",https://marmara-pro.ru?utm_content=geo&utm_term={PHRASE},-,-,-,-,Текстово-графический,Автоматический,0.00,0,0,-,-,1,-,0.00,0.85,0.00,84.88,5.00,-,-,-
Термопанели в Выборге,712773255,25.08.2026,Термопанели (Лен. область),5773097196,Автотаргетинг,,-,0,-,0,стеновые панели,Целевые запросы,Запросы без упоминания брендов,-,,,,,Поиск,Товарная галерея,Не определено,Смартфоны,Android,Wi-Fi,Мужской,25-34 года,Остальные,Не определено,1915608023072927866,Активные,Комбинаторное,Термопанели с клинкерной плиткой. Производство в Выборге,"Термопанели с клинкером. Собственное производство, своя цена, нет посредников.",https://marmara-pro.ru?utm_content=geo&utm_term={PHRASE},http://direct.yandex.ru/images/direct/5250956/5XPY7aqvM1xRQF8e4uTrqg,карусель 4-3_06.jpg,-,-,Текстово-графический,Автоматический,0.00,0,0,-,-,1,-,0.00,0.27,0.00,26.50,6.00,-,-,-
Термопанели в Выборге,712773255,25.08.2026,Термопанели (Лен. область),5773097196,Автотаргетинг,,-,0,-,0,стеновые панели для облицовки стен,Целевые запросы,Запросы без упоминания брендов,-,,,,,Поиск,Прочее,Не определено,Смартфоны,Android,Wi-Fi,Мужской,Старше 55,Остальные,Не определено,1915608023072927866,Активные,Комбинаторное,Термопанели с клинкерной плиткой. Производство в Выборге,"Термопанели с клинкером. Собственное производство, своя цена, нет посредников.",https://marmara-pro.ru?utm_content=geo&utm_term={PHRASE},-,-,-,-,Текстово-графический,Автоматический,0.00,0,0,-,-,1,-,0.00,0.65,0.00,64.58,6.00,-,-,-
Термопанели в Выборге,712773255,25.08.2026,Термопанели (Лен. область),5773097196,Автотаргетинг,,-,0,-,0,стеновые панели для облицовки стен,Целевые запросы,Запросы без упоминания брендов,-,,,,,Поиск,Товарная галерея,Не определено,Смартфоны,Android,Wi-Fi,Мужской,Старше 55,Остальные,Не определено,1915608023072927866,Активные,Комбинаторное,Термопанели с клинкерной плиткой. Производство в Выборге,"Термопанели с клинкером. Собственное производство, своя цена, нет посредников.",https://marmara-pro.ru?utm_content=geo&utm_term={PHRASE},http://direct.yandex.ru/images/direct/5250956/5XPY7aqvM1xRQF8e4uTrqg,карусель 4-3_06.jpg,-,-,Текстово-графический,Автоматический,0.00,0,0,-,-,1,-,0.00,0.14,0.00,13.50,14.00,-,-,-
Термопанели в Выборге,712773255,25.08.2026,Термопанели (Лен. область),5773097196,Автотаргетинг,,-,0,-,0,термопанели,Целевые запросы,Запросы без упоминания брендов,-,,,,,Поиск,Прочее,Не определено,Смартфоны,Android,Wi-Fi,Женский,25-34 года,Остальные,Не определено,1915608023072927866,Активные,Комбинаторное,Термопанели с клинкерной плиткой. Производство в Выборге,"Термопанели с клинкером. Собственное производство, своя цена, нет посредников.",https://marmara-pro.ru?utm_content=geo&utm_term={PHRASE},-,-,-,-,Текстово-графический,Автоматический,0.00,0,0,-,-,1,-,0.00,0.55,0.00,54.58,7.00,-,-,-
Термопанели в Выборге,712773255,25.08.2026,Термопанели (Лен. область),5773097196,Автотаргетинг,,-,0,-,0,термопанели,Целевые запросы,Запросы без упоминания брендов,-,,,,,Поиск,Прочее,Не определено,Смартфоны,iOS,Wi-Fi,Не определен,Не определен,Остальные,Не определено,1915608023072927866,Активные,Комбинаторное,Термопанели с клинкерной плиткой. Производство в Выборге,"Термопанели с клинкером. Собственное производство, своя цена, нет посредников.",https://marmara-pro.ru?utm_content=geo&utm_term={PHRASE},-,-,-,-,Текстово-графический,Автоматический,0.00,0,0,-,-,1,-,0.00,0.85,0.00,84.88,5.00,-,-,-
Термопанели в Выборге,712773255,25.08.2026,Термопанели (Лен. область),5773097196,Автотаргетинг,,-,0,-,0,термопанели,Целевые запросы,Запросы без упоминания брендов,-,,,,,Поиск,Прочее,Не определено,Смартфоны,iOS,Wi-Fi,Мужской,25-34 года,6–10%,Не определено,1915608023072927866,Активные,Комбинаторное,Термопанели с клинкерной плиткой. Производство в Выборге,"Термопанели с клинкером. Собственное производство, своя цена, нет посредников.",https://marmara-pro.ru?utm_content=geo&utm_term={PHRASE},-,-,-,-,Текстово-графический,Автоматический,0.00,0,0,-,-,1,-,0.00,0.55,0.00,54.58,7.00,-,-,-
Термопанели в Выборге,712773255,25.08.2026,Термопанели (Лен. область),5773097196,Автотаргетинг,,-,0,-,0,термопанели,Целевые запросы,Запросы без упоминания брендов,-,,,,,Поиск,Товарная галерея,Не определено,Смартфоны,Android,Wi-Fi,Женский,25-34 года,Остальные,Не определено,1915608023072927866,Активные,Комбинаторное,Термопанели с клинкерной плиткой. Производство в Выборге,"Термопанели с клинкером. Собственное производство, своя цена, нет посредников.",https://marmara-pro.ru?utm_content=geo&utm_term={PHRASE},http://direct.yandex.ru/images/direct/5250956/5XPY7aqvM1xRQF8e4uTrqg,карусель 4-3_06.jpg,-,-,Текстово-графический,Автоматический,0.00,0,0,-,-,2,-,0.00,0.27,0.00,13.55,12.50,-,-,-
Термопанели в Выборге,712773255,25.08.2026,Термопанели (Лен. область),5773097196,Автотаргетинг,,-,0,-,0,термопанели,Целевые запросы,Запросы без упоминания брендов,-,,,,,Поиск,Товарная галерея,Не определено,Смартфоны,iOS,Wi-Fi,Не определен,Не определен,Остальные,Не определено,1915608023072927866,Активные,Комбинаторное,Термопанели с клинкерной плиткой. Производство в Выборге,"Термопанели с клинкером. Собственное производство, своя цена, нет посредников.",https://marmara-pro.ru?utm_content=geo&utm_term={PHRASE},http://direct.yandex.ru/images/direct/5250956/5XPY7aqvM1xRQF8e4uTrqg,карусель 4-3_06.jpg,-,-,Текстово-графический,Автоматический,0.00,0,0,-,-,1,-,0.00,0.31,0.00,30.50,5.00,-,-,-
Термопанели в Выборге,712773255,25.08.2026,Термопанели (Лен. область),5773097196,Автотаргетинг,,-,0,-,0,термопанели,Целевые запросы,Запросы без упоминания брендов,-,,Термопанели с клинкерной плиткой — КлинкерПрофи,,,Поиск,Товарная галерея,Не определено,Смартфоны,Android,Wi-Fi,Женский,25-34 года,Остальные,Не определено,1918167638897563177,Активные,Страницы каталога,Термопанели с клинкерной плиткой. Производство в Выборге,"Фасадные термопанели с клинкером. Производство в Выборге, доставка по СПб...",https://marmara-pro.ru/termo?utm_content=catalog&utm_term={PHRASE},-,-,-,-,Текстово-графический,Оригинальный,0.00,0,0,-,-,2,-,0.00,0.36,0.00,18.02,9.50,-,-,-
Термопанели в Выборге,712773255,25.08.2026,Термопанели (Лен. область),5773097196,Автотаргетинг,,-,0,-,0,термопанели варианты отделки,Целевые запросы,Запросы без упоминания брендов,-,,,,,Поиск,Товарная галерея,Не определено,Смартфоны,Android,Wi-Fi,Женский,45-54 года,Остальные,Не определено,1915608023072927866,Активные,Комбинаторное,Термопанели с клинкерной плиткой. Производство в Выборге,"Термопанели с клинкером. Собственное производство, своя цена, нет посредников.",https://marmara-pro.ru?utm_content=geo&utm_term={PHRASE},http://direct.yandex.ru/images/direct/5250956/5XPY7aqvM1xRQF8e4uTrqg,карусель 4-3_06.jpg,-,-,Текстово-графический,Автоматический,0.00,0,0,-,-,1,-,0.00,0.28,0.00,28.21,6.00,-,-,-
Термопанели в Выборге,712773255,25.08.2026,Термопанели (Лен. область),5773097196,Автотаргетинг,,-,0,-,0,термопанели для наружной отделки,Целевые запросы,Запросы без упоминания брендов,-,,,,,Поиск,Прочее,Не определено,Смартфоны,Android,Wi-Fi,Мужской,35-44 года,Остальные,Не определено,1915608023072927866,Активные,Комбинаторное,Термопанели с клинкерной плиткой. Производство в Выборге,"Термопанели с клинкером. Собственное производство, своя цена, нет посредников.",https://marmara-pro.ru?utm_content=geo&utm_term={PHRASE},-,-,-,-,Текстово-графический,Оригинальный,0.00,0,0,-,-,1,-,0.00,0.85,0.00,84.88,5.00,-,-,-
Термопанели в Выборге,712773255,25.08.2026,Термопанели (Лен. область),5773097196,Автотаргетинг,,-,0,-,0,термопанели для наружной отделки дома,Целевые запросы,Запросы без упоминания брендов,-,,,,,Поиск,Прочее,Не определено,Смартфоны,Android,Wi-Fi,Мужской,35-44 года,Остальные,Не определено,1915608023072927866,Активные,Комбинаторное,Термопанели с клинкерной плиткой. Производство в Выборге,"Термопанели с клинкером. Собственное производство, своя цена, нет посредников.",https://marmara-pro.ru?utm_content=geo&utm_term={PHRASE},-,-,-,-,Текстово-графический,Автоматический,0.00,0,0,-,-,2,-,0.00,1.09,0.00,54.58,7.00,-,-,-
Термопанели в Выборге,712773255,25.08.2026,Термопанели (Лен. область),5773097196,Автотаргетинг,,-,0,-,0,термопанели для наружной отделки дома,Целевые запросы,Запросы без упоминания брендов,-,,,,,Поиск,Прочее,Не определено,Смартфоны,Android,Wi-Fi,Мужской,Старше 55,Остальные,Не определено,1915608023072927866,Активные,Комбинаторное,Термопанели с клинкерной плиткой. Производство в Выборге,"Термопанели с клинкером. Собственное производство, своя цена, нет посредников.",https://marmara-pro.ru?utm_content=geo&utm_term={PHRASE},-,-,-,-,Текстово-графический,Автоматический,0.00,0,0,-,-,1,-,0.00,0.55,0.00,54.58,7.00,-,-,-
Термопанели в Выборге,712773255,25.08.2026,Термопанели (Лен. область),5773097196,Автотаргетинг,,-,0,-,0,термопанели для наружной отделки дома,Целевые запросы,Запросы без упоминания брендов,-,,,,,Поиск,Прочее,Не определено,Смартфоны,iOS,Wi-Fi,Женский,35-44 года,Остальные,Не определено,1915608023072927866,Активные,Комбинаторное,Термопанели с клинкерной плиткой. Производство в Выборге,"Термопанели с клинкером. Собственное производство, своя цена, нет посредников.",https://marmara-pro.ru?utm_content=geo&utm_term={PHRASE},-,-,-,-,Текстово-графический,Автоматический,0.00,0,0,-,-,1,-,0.00,0.65,0.00,64.58,6.00,-,-,-
Термопанели в Выборге,712773255,25.08.2026,Термопанели (Лен. область),5773097196,Автотаргетинг,,-,0,-,0,термопанели для наружной отделки дома,Целевые запросы,Запросы без упоминания брендов,-,,,,,Поиск,Товарная галерея,Не определено,Смартфоны,Android,Wi-Fi,Мужской,35-44 года,Остальные,Не определено,1915608023072927866,Активные,Комбинаторное,Термопанели с клинкерной плиткой. Производство в Выборге,"Термопанели с клинкером. Собственное производство, своя цена, нет посредников.",https://marmara-pro.ru?utm_content=geo&utm_term={PHRASE},http://direct.yandex.ru/images/direct/5250956/5XPY7aqvM1xRQF8e4uTrqg,карусель 4-3_06.jpg,-,-,Текстово-графический,Автоматический,0.00,0,0,-,-,3,-,0.00,0.86,0.00,28.60,6.33,-,-,-
Термопанели в Выборге,712773255,25.08.2026,Термопанели (Лен. область),5773097196,Автотаргетинг,,-,0,-,0,термопанели для наружной отделки дома,Целевые запросы,Запросы без упоминания брендов,-,,,,,Поиск,Товарная галерея,Не определено,Смартфоны,Android,Wi-Fi,Мужской,Старше 55,Остальные,Не определено,1915608023072927866,Активные,Комбинаторное,Термопанели с клинкерной плиткой. Производство в Выборге,"Термопанели с клинкером. Собственное производство, своя цена, нет посредников.",https://marmara-pro.ru?utm_content=geo&utm_term={PHRASE},http://direct.yandex.ru/images/direct/5250956/5XPY7aqvM1xRQF8e4uTrqg,карусель 4-3_06.jpg,-,-,Текстово-графический,Автоматический,0.00,0,0,-,-,1,-,0.00,0.28,0.00,28.21,6.00,-,-,-
Термопанели в Выборге,712773255,25.08.2026,Термопанели (Лен. область),5773097196,Автотаргетинг,,-,0,-,0,термопанели для наружной отделки дома цена,Целевые запросы,Запросы без упоминания брендов,-,,,,,Поиск,Прочее,Не определено,Смартфоны,Android,Wi-Fi,Мужской,Старше 55,Остальные,Не определено,1915608023072927866,Активные,Комбинаторное,Термопанели с клинкерной плиткой. Производство в Выборге,"Термопанели с клинкером. Собственное производство, своя цена, нет посредников.",https://marmara-pro.ru?utm_content=geo&utm_term={PHRASE},-,-,-,-,Текстово-графический,Оригинальный,0.00,0,0,-,-,1,-,0.00,0.45,0.00,44.58,8.00,-,-,-
Термопанели в Выборге,712773255,25.08.2026,Термопанели (Лен. область),5773097196,Автотаргетинг,,-,0,-,0,термопанели для наружной отделки какой толщины бывают,Целевые запросы,Запросы без упоминания брендов,-,,,,,Поиск,Товарная галерея,Не определено,Смартфоны,Android,Wi-Fi,Женский,45-54 года,Остальные,Не определено,1915608023072927866,Активные,Комбинаторное,Термопанели с клинкерной плиткой. Производство в Выборге,"Термопанели с клинкером. Собственное производство, своя цена, нет посредников.",https://marmara-pro.ru?utm_content=geo&utm_term={PHRASE},http://direct.yandex.ru/images/direct/5250956/5XPY7aqvM1xRQF8e4uTrqg,карусель 4-3_06.jpg,-,-,Текстово-графический,Автоматический,0.00,0,0,-,-,1,-,0.00,0.25,0.00,25.35,7.00,-,-,-
Термопанели в Выборге,712773255,25.08.2026,Термопанели (Лен. область),5773097196,Автотаргетинг,,-,0,-,0,термопанели для утепления дома снаружи цена,Целевые запросы,Запросы без упоминания брендов,-,,,,,Поиск,Прочее,Не определено,Смартфоны,Android,Wi-Fi,Женский,35-44 года,Остальные,Не определено,1915608023072927866,Активные,Комбинаторное,Термопанели с клинкерной плиткой. Производство в Выборге,"Термопанели с клинкером. Собственное производство, своя цена, нет посредников.",https://marmara-pro.ru?utm_content=geo&utm_term={PHRASE},-,-,-,-,Текстово-графический,Автоматический,0.00,0,0,-,-,2,-,0.00,1.09,0.00,54.58,7.00,-,-,-
Термопанели в Выборге,712773255,25.08.2026,Термопанели (Лен. область),5773097196,Автотаргетинг,,-,0,-,0,термопанели для утепления дома снаружи цена,Целевые запросы,Запросы без упоминания брендов,-,,,,,Поиск,Товарная галерея,Не определено,Смартфоны,Android,Wi-Fi,Женский,35-44 года,Остальные,Не определено,1915608023072927866,Активные,Комбинаторное,Термопанели с клинкерной плиткой. Производство в Выборге,"Термопанели с клинкером. Собственное производство, своя цена, нет посредников.",https://marmara-pro.ru?utm_content=geo&utm_term={PHRASE},http://direct.yandex.ru/images/direct/5250956/5XPY7aqvM1xRQF8e4uTrqg,карусель 4-3_06.jpg,-,-,Текстово-графический,Автоматический,0.00,0,0,-,-,1,-,0.00,0.28,0.00,28.21,6.00,-,-,-
Термопанели в Выборге,712773255,25.08.2026,Термопанели (Лен. область),5773097196,Автотаргетинг,,-,0,-,0,термопанели на дом,Целевые запросы,Запросы без упоминания брендов,-,,,,,Поиск,Прочее,Не определено,Смартфоны,Android,Wi-Fi,Мужской,35-44 года,Остальные,Не определено,1915608023072927866,Активные,Комбинаторное,Термопанели с клинкерной плиткой. Производство в Выборге,"Термопанели с клинкером. Собственное производство, своя цена, нет посредников.",https://marmara-pro.ru?utm_content=geo&utm_term={PHRASE},-,-,-,-,Текстово-графический,Автоматический,0.00,0,0,-,-,1,-,0.00,0.85,0.00,84.88,5.00,-,-,-
Термопанели в Выборге,712773255,25.08.2026,Термопанели (Лен. область),5773097196,Автотаргетинг,,-,0,-,0,термопанели на дом,Целевые запросы,Запросы без упоминания брендов,-,,,,,Поиск,Товарная галерея,Не определено,Смартфоны,Android,Wi-Fi,Мужской,35-44 года,Остальные,Не определено,1915608023072927866,Активные,Комбинаторное,Термопанели с клинкерной плиткой. Производство в Выборге,"Термопанели с клинкером. Собственное производство, своя цена, нет посредников.",https://marmara-pro.ru?utm_content=geo&utm_term={PHRASE},http://direct.yandex.ru/images/direct/5250956/5XPY7aqvM1xRQF8e4uTrqg,карусель 4-3_06.jpg,-,-,Текстово-графический,Автоматический,0.00,0,0,-,-,1,-,0.00,0.32,0.00,32.27,5.00,-,-,-
Термопанели в Выборге,712773255,25.08.2026,Термопанели (Лен. область),5773097196,Автотаргетинг,,-,0,-,0,термопанели на фасад дома,Целевые запросы,Запросы без упоминания брендов,-,,,,,Поиск,Прочее,Не определено,Смартфоны,Android,Wi-Fi,Мужской,25-34 года,Остальные,Не определено,1915608023072927866,Активные,Комбинаторное,Термопанели с клинкерной плиткой. Производство в Выборге,"Термопанели с клинкером. Собственное производство, своя цена, нет посредников.",https://marmara-pro.ru?utm_content=geo&utm_term={PHRASE},-,-,-,-,Текстово-графический,Автоматический,0.00,0,0,-,-,1,-,0.00,0.45,0.00,44.58,8.00,-,-,-
Термопанели в Выборге,712773255,25.08.2026,Термопанели (Лен. область),5773097196,Автотаргетинг,,-,0,-,0,термопанели фасадные,Целевые запросы,Запросы без упоминания брендов,-,,,,,Поиск,Товарная галерея,Не определено,Смартфоны,iOS,Wi-Fi,Мужской,25-34 года,6–10%,Не определено,1915608023072927866,Активные,Комбинаторное,Термопанели с клинкерной плиткой. Производство в Выборге,"Термопанели с клинкером. Собственное производство, своя цена, нет посредников.",https://marmara-pro.ru?utm_content=geo&utm_term={PHRASE},http://direct.yandex.ru/images/direct/5250956/5XPY7aqvM1xRQF8e4uTrqg,карусель 4-3_06.jpg,-,-,Текстово-графический,Автоматический,0.00,0,0,-,-,1,-,0.00,0.99,0.00,98.59,2.00,-,-,-
Термопанели в Выборге,712773255,25.08.2026,Термопанели (Лен. область),5773097196,Автотаргетинг,,-,0,-,0,термопанели фасадные с клинкерной плиткой,Целевые запросы,Запросы без упоминания брендов,-,,,,,Поиск,Прочее,Не определено,Смартфоны,Android,Wi-Fi,Женский,45-54 года,Остальные,Не определено,1915608023072927866,Активные,Комбинаторное,Термопанели с клинкерной плиткой. Производство в Выборге,"Термопанели с клинкером. Собственное производство, своя цена, нет посредников.",https://marmara-pro.ru?utm_content=geo&utm_term={PHRASE},-,-,-,-,Текстово-графический,Автоматический,0.00,0,0,-,-,1,-,0.00,0.65,0.00,64.58,6.00,-,-,-
Термопанели в Выборге,712773255,25.08.2026,Термопанели (Лен. область),5773097196,Автотаргетинг,,-,0,-,0,термопанели фасадные с клинкерной плиткой ппу,Целевые запросы,Запросы без упоминания брендов,-,,,,,Поиск,Прочее,Не определено,Смартфоны,iOS,Wi-Fi,Мужской,25-34 года,Остальные,Не определено,1915608023072927866,Активные,Комбинаторное,Термопанели с клинкерной плиткой в Выборге!,"Термопанели с клинкером. Собственное производство, своя цена, нет посредников.",https://marmara-pro.ru?utm_content=geo&utm_term={PHRASE},-,-,-,-,Текстово-графический,Автоматический,0.00,0,0,-,-,1,-,0.00,0.85,0.00,84.88,5.00,-,-,-
Термопанели в Выборге,712773255,25.08.2026,Термопанели (Лен. область),5773097196,Автотаргетинг,,-,0,-,0,термопанели фасадные с клинкерной плиткой ппу,Целевые запросы,Запросы без упоминания брендов,-,,,,,Поиск,Товарная галерея,Не определено,Смартфоны,iOS,Wi-Fi,Мужской,25-34 года,Остальные,Не определено,1915608023072927866,Активные,Комбинаторное,Термопанели с клинкерной плиткой в Выборге!,"Термопанели с клинкером. Собственное производство, своя цена, нет посредников.",https://marmara-pro.ru?utm_content=geo&utm_term={PHRASE},http://direct.yandex.ru/images/direct/5250956/5XPY7aqvM1xRQF8e4uTrqg,карусель 4-3_06.jpg,-,-,Текстово-графический,Автоматический,0.00,0,0,-,-,1,-,0.00,0.99,0.00,98.59,2.00,-,-,-
Термопанели в Выборге,712773255,25.08.2026,Термопанели (Лен. область),5773097196,Автотаргетинг,,-,0,-,0,термопанели фасадные с клинкерной плиткой ппу,Узкие запросы,Запросы без упоминания брендов,-,,,,,Поиск,Прочее,Не определено,Смартфоны,iOS,Wi-Fi,Мужской,25-34 года,Остальные,Не определено,1915608023072927866,Активные,Комбинаторное,Термопанели с клинкером. Свое производство в Выборге,"Термопанели с клинкером. Собственное производство, своя цена, нет посредников.",https://marmara-pro.ru?utm_content=geo&utm_term={PHRASE},-,-,-,-,Текстово-графический,Оригинальный,0.00,0,0,-,-,1,-,0.00,0.09,0.00,8.50,5.00,-,-,-
Термопанели в Выборге,712773255,25.08.2026,Термопанели (Лен. область),5773097196,Автотаргетинг,,-,0,-,0,термопанель рядовая,Целевые запросы,Запросы без упоминания брендов,-,,,,,Поиск,Прочее,Не определено,Смартфоны,Android,Wi-Fi,Мужской,45-54 года,Остальные,Не определено,1915608023072927866,Активные,Комбинаторное,Термопанели с клинкерной плиткой. Производство в Выборге,"Термопанели с клинкером. Собственное производство, своя цена, нет посредников.",https://marmara-pro.ru?utm_content=geo&utm_term={PHRASE},-,-,-,-,Текстово-графический,Автоматический,0.00,0,0,-,-,1,-,0.00,0.55,0.00,54.58,7.00,-,-,-
Термопанели в Выборге,712773255,25.08.2026,Термопанели (Лен. область),5773097196,Автотаргетинг,,-,0,-,0,фасадные панели,Целевые запросы,Запросы без упоминания брендов,-,,,,,Поиск,Товарная галерея,Не определено,Смартфоны,Android,Wi-Fi,Мужской,Старше 55,Остальные,Не определено,1915608023072927866,Активные,Комбинаторное,Термопанели с клинкерной плиткой. Производство в Выборге,"Термопанели с клинкером. Собственное производство, своя цена, нет посредников.",https://marmara-pro.ru?utm_content=geo&utm_term={PHRASE},http://direct.yandex.ru/images/direct/5250956/5XPY7aqvM1xRQF8e4uTrqg,карусель 4-3_06.jpg,-,-,Текстово-графический,Автоматический,0.00,0,0,-,-,1,-,0.00,0.06,0.00,5.65,13.00,-,-,-
Термопанели в Выборге,712773255,25.08.2026,Термопанели (Лен. область),5773097196,Автотаргетинг,,-,0,-,0,фасадные панели для наружной отделки дома с утеплителем,Целевые запросы,Запросы без упоминания брендов,-,,,,,Поиск,Прочее,Не определено,Смартфоны,iOS,Wi-Fi,Женский,35-44 года,6–10%,Не определено,1915608023072927866,Активные,Комбинаторное,Термопанели с клинкерной плиткой. Производство в Выборге,"Термопанели с клинкером. Собственное производство, своя цена, нет посредников.",https://marmara-pro.ru?utm_content=geo&utm_term={PHRASE},-,-,-,-,Текстово-графический,Оригинальный,0.00,0,0,-,-,1,-,0.00,0.55,0.00,54.58,7.00,-,-,-
Термопанели в Выборге,712773255,25.08.2026,Термопанели (Лен. область),5773097196,Автотаргетинг,,-,0,-,0,фасадные термопанели,Целевые запросы,Запросы без упоминания брендов,-,,,,,Поиск,Прочее,Не определено,Смартфоны,Android,Wi-Fi,Мужской,35-44 года,Остальные,Не определено,1915608023072927866,Активные,Комбинаторное,Термопанели с клинкерной плиткой. Производство в Выборге,"Термопанели с клинкером. Собственное производство, своя цена, нет посредников.",https://marmara-pro.ru?utm_content=geo&utm_term={PHRASE},-,-,-,-,Текстово-графический,Автоматический,0.00,0,0,-,-,1,-,0.00,0.45,0.00,44.58,8.00,-,-,-
Термопанели в Выборге,712773255,25.08.2026,Термопанели (Лен. область),5773097196,Автотаргетинг,,-,0,-,0,фасадные термопанели,Целевые запросы,Запросы без упоминания брендов,-,,Термопанели с клинкерной плиткой — КлинкерПрофи,,,Поиск,Товарная галерея,Не определено,Десктопы,Не определён,Wi-Fi,Мужской,45-54 года,Остальные,Не определено,1918167638897563177,Активные,Страницы каталога,Термопанели с клинкерной плиткой. Производство в Выборге,"Фасадные термопанели с клинкером. Производство в Выборге, доставка по СПб...",https://marmara-pro.ru/termo?utm_content=catalog&utm_term={PHRASE},-,-,-,-,Текстово-графический,Оригинальный,0.00,0,0,-,-,1,-,0.00,0.31,0.00,30.96,9.00,-,-,-
Термопанели в Выборге,712773255,25.08.2026,Термопанели (Лен. область),5773097196,Автотаргетинг,,-,0,-,0,фасадные термопанели клинкерные,Целевые запросы,Запросы без упоминания брендов,-,,,,,Поиск,Прочее,Не определено,Смартфоны,Android,Wi-Fi,Мужской,45-54 года,2–5%,Не определено,1915608023072927866,Активные,Комбинаторное,Термопанели с клинкерной плиткой. Производство в Выборге,"Термопанели с клинкером. Собственное производство, своя цена, нет посредников.",https://marmara-pro.ru?utm_content=geo&utm_term={PHRASE},-,-,-,-,Текстово-графический,Автоматический,0.00,0,0,-,-,1,-,0.00,0.65,0.00,64.58,6.00,-,-,-
Термопанели в Выборге,712773255,25.08.2026,Термопанели (Лен. область),5773097196,Автотаргетинг,,-,0,-,0,цена фасад квадратный метр сколько стоит утеплитель,Целевые запросы,Запросы без упоминания брендов,-,,,,,Поиск,Прочее,Не определено,Смартфоны,iOS,Мобильная связь,Мужской,25-34 года,6–10%,Не определено,1915608023072927866,Активные,Комбинаторное,Термопанели с клинкерной плиткой. Производство в Выборге,"Термопанели с клинкером. Собственное производство, своя цена, нет посредников.",https://marmara-pro.ru?utm_content=geo&utm_term={PHRASE},-,-,-,-,Текстово-графический,Автоматический,0.00,0,0,-,-,1,-,0.00,0.85,0.00,84.88,5.00,-,-,-
Термопанели в Выборге,712773255,25.08.2026,Термопанели (Лен. область),5773097196,Автотаргетинг,,-,0,-,0,цена фасад квадратный метр сколько стоит утеплитель,Целевые запросы,Запросы без упоминания брендов,-,,,,,Поиск,Товарная галерея,Не определено,Смартфоны,iOS,Мобильная связь,Мужской,25-34 года,6–10%,Не определено,1915608023072927866,Активные,Комбинаторное,Термопанели с клинкерной плиткой. Производство в Выборге,"Термопанели с клинкером. Собственное производство, своя цена, нет посредников.",https://marmara-pro.ru?utm_content=geo&utm_term={PHRASE},http://direct.yandex.ru/images/direct/5250956/5XPY7aqvM1xRQF8e4uTrqg,карусель 4-3_06.jpg,-,-,Текстово-графический,Автоматический,0.00,0,0,-,-,1,-,0.00,0.88,0.00,88.34,2.00,-,-,-
Термопанели в Выборге,712773255,25.08.2026,Термопанели (Лен. область),5773097196,Автотаргетинг,,-,0,-,0,цокольные панели по факту,Целевые запросы,Запросы без упоминания брендов,-,,,,,Поиск,Прочее,Не определено,Смартфоны,iOS,Wi-Fi,Женский,18-24 года,2–5%,Не определено,1915608023072927866,Активные,Комбинаторное,Термопанели с клинкерной плиткой. Производство в Выборге,"Термопанели с клинкером. Собственное производство, своя цена, нет посредников.",https://marmara-pro.ru?utm_content=geo&utm_term={PHRASE},-,-,-,-,Текстово-графический,Автоматический,0.00,0,0,-,-,1,-,0.00,0.55,0.00,54.58,7.00,-,-,-
Термопанели в Выборге,712773255,25.08.2026,Термопанели (Лен. область),5773097196,Автотаргетинг,,-,0,-,0,цокольные панели по факту,Целевые запросы,Запросы без упоминания брендов,-,,,,,Поиск,Товарная галерея,Не определено,Смартфоны,iOS,Wi-Fi,Женский,18-24 года,2–5%,Не определено,1915608023072927866,Активные,Комбинаторное,Термопанели с клинкерной плиткой. Производство в Выборге,"Термопанели с клинкером. Собственное производство, своя цена, нет посредников.",https://marmara-pro.ru?utm_content=geo&utm_term={PHRASE},http://direct.yandex.ru/images/direct/5250956/5XPY7aqvM1xRQF8e4uTrqg,карусель 4-3_06.jpg,-,-,Текстово-графический,Автоматический,0.00,0,0,-,-,1,-,0.00,0.13,0.00,13.38,17.00,-,-,-
"Приозерский район, Поиск   от 25-07-2026",713047408,26.08.2026,Приозерский район,5776633358,Фраза,термопанели производитель,-,0,-,0,фабрика термопанелей вологда официальный сайт,Альтернативные запросы,Запросы с упоминанием брендов конкурентов,Семантическое,,Термопанели с клинкерной плиткой — КлинкерПрофи,,,Поиск,Спецразмещение,Не определено,Смартфоны,Android,Wi-Fi,Мужской,Старше 55,Остальные,Не определено,1918168175770350076,Активные,Страницы каталога,Термопанели с клинкерной плиткой. Производство в Выборге,"Фасадные термопанели с клинкером. Производство в Выборге, доставка по СПб...",https://marmara-pro.ru/termo?utm_source=yandex&utm_medium=cpc&utm_campaign=termopaneli_priozersk_cpa_search&utm_content=search&utm_term={PHRASE},-,-,-,-,Текстово-графический,Оригинальный,0.00,0,0,-,-,2,-,0.00,1.54,0.00,77.00,1.00,-,-,-
"Приозерский район, Поиск   от 25-07-2026",713047408,26.08.2026,Приозерский район,5776633358,Автотаргетинг,,-,0,-,0,варианты штукатурка для наружных стен,Сопутствующие запросы,Запросы без упоминания брендов,-,,,,,Поиск,Прочее,Не определено,Смартфоны,Android,Wi-Fi,Женский,35-44 года,Остальные,Не определено,1916597733861553174,Активные,Комбинаторное,Фасадные термопанели с клинкером,Клинкерные термопанели с утеплителем. Свой завод в Выборге. Расчёт фасада за 1 день.,https://marmara-pro.ru?utm_source=yandex&utm_medium=cpc&utm_campaign=termopaneli_priozersk_cpa_search&utm_content=search&utm_term={PHRASE},-,-,-,-,Текстово-графический,Оригинальный,0.00,0,0,-,-,1,-,0.00,0.77,0.00,76.79,5.00,-,-,-
"Приозерский район, Поиск   от 25-07-2026",713047408,26.08.2026,Приозерский район,5776633358,Автотаргетинг,,-,0,-,0,как называется ремонт стен на улице,Сопутствующие запросы,Запросы без упоминания брендов,-,,,,,Поиск,Прочее,Не определено,Смартфоны,iOS,Wi-Fi,Женский,25-34 года,Остальные,Не определено,1916597733861553174,Активные,Комбинаторное,Фасадные термопанели с клинкером,Клинкерный фасад без мокрых работ. Монтаж зимой до −15 °C. ППС и ППУ. Звоните!,https://marmara-pro.ru?utm_source=yandex&utm_medium=cpc&utm_campaign=termopaneli_priozersk_cpa_search&utm_content=search&utm_term={PHRASE},-,-,-,-,Текстово-графический,Оригинальный,0.00,0,0,-,-,1,-,0.00,0.09,0.00,8.50,5.00,-,-,-
"Приозерский район, Поиск   от 25-07-2026",713047408,26.08.2026,Приозерский район,5776633358,Автотаргетинг,,-,0,-,0,как правильно установить цокольные панели на деревянный дом,Сопутствующие запросы,Запросы без упоминания брендов,-,,,,,Поиск,Прочее,Не определено,Смартфоны,Android,Wi-Fi,Мужской,35-44 года,Остальные,Не определено,1916597733861553174,Активные,Комбинаторное,"Приозерск, Сосново, Лосево — термопанели с клинкером",Клинкерные термопанели с утеплителем. Свой завод в Выборге. Расчёт фасада за 1 день.,https://marmara-pro.ru?utm_source=yandex&utm_medium=cpc&utm_campaign=termopaneli_priozersk_cpa_search&utm_content=search&utm_term={PHRASE},-,-,-,-,Текстово-графический,Оригинальный,0.00,0,0,-,-,1,-,0.00,0.87,0.00,87.00,6.00,-,-,-
"Приозерский район, Поиск   от 25-07-2026",713047408,26.08.2026,Приозерский район,5776633358,Автотаргетинг,,-,0,-,0,как утеплить дом,Сопутствующие запросы,Запросы без упоминания брендов,-,,,,,Поиск,Спецразмещение,Не определено,Десктопы,Не определён,Wi-Fi,Мужской,45-54 года,Остальные,Не определено,1916597733861553174,Активные,Комбинаторное,Термопанели для дома в Приозерске,Клинкерные термопанели с утеплителем. Свой завод в Выборге. Расчёт фасада за 1 день.,https://marmara-pro.ru?utm_source=yandex&utm_medium=cpc&utm_campaign=termopaneli_priozersk_cpa_search&utm_content=search&utm_term={PHRASE},-,-,-,-,Текстово-графический,Автоматический,0.00,0,0,-,-,1,-,0.00,1.35,0.00,134.92,1.00,-,-,-
"Приозерский район, Поиск   от 25-07-2026",713047408,26.08.2026,Приозерский район,5776633358,Автотаргетинг,,-,0,-,0,как утеплить дом,Сопутствующие запросы,Запросы без упоминания брендов,-,,,,,Поиск,Прочее,Не определено,Десктопы,Не определён,Wi-Fi,Мужской,45-54 года,Остальные,Не определено,1916597733861553174,Активные,Комбинаторное,Термопанели для дома в Приозерске,Клинкерные термопанели с утеплителем. Свой завод в Выборге. Расчёт фасада за 1 день.,https://marmara-pro.ru?utm_source=yandex&utm_medium=cpc&utm_campaign=termopaneli_priozersk_cpa_search&utm_content=search&utm_term={PHRASE},-,-,-,-,Текстово-графический,Автоматический,0.00,0,0,-,-,1,-,0.00,0.79,0.00,78.56,5.00,-,-,-
"Приозерский район, Поиск   от 25-07-2026",713047408,26.08.2026,Приозерский район,5776633358,Автотаргетинг,,-,0,-,0,просмотр установки фасадных панелей,Сопутствующие запросы,Запросы без упоминания брендов,-,,,,,Поиск,Прочее,Не определено,Смартфоны,Android,Wi-Fi,Мужской,Старше 55,Остальные,Не определено,1916597733861553174,Активные,Комбинаторное,Фасадные термопанели с клинкером,Клинкерный фасад без мокрых работ. Монтаж зимой до −15 °C. ППС и ППУ. Звоните!,https://marmara-pro.ru?utm_source=yandex&utm_medium=cpc&utm_campaign=termopaneli_priozersk_cpa_search&utm_content=search&utm_term={PHRASE},-,-,-,-,Текстово-графический,Оригинальный,0.00,0,0,-,-,1,-,0.00,0.09,0.00,8.50,5.00,-,-,-
"Приозерский район, Поиск   от 25-07-2026",713047408,26.08.2026,Приозерский район,5776633358,Автотаргетинг,,-,0,-,0,термопанели платик,Узкие запросы,Запросы без упоминания брендов,-,,,,,Поиск,Спецразмещение,Не определено,Десктопы,Не определён,Wi-Fi,Мужской,35-44 года,6–10%,Не определено,1916597733861553174,Активные,Комбинаторное,Фасадные термопанели с утеплителем от 1 550 ₽/панель,"Утепление и фасад. Завод в Выборге. Доставка в Приозерск, Сосново, Лосево. От 1 550 ₽",https://marmara-pro.ru?utm_source=yandex&utm_medium=cpc&utm_campaign=termopaneli_priozersk_cpa_search&utm_content=search&utm_term={PHRASE},-,-,-,-,Текстово-графический,Автоматический,0.00,0,0,-,-,1,-,0.00,0.38,0.00,38.03,4.00,-,-,-
"Приозерский район, Поиск   от 25-07-2026",713047408,26.08.2026,Приозерский район,5776633358,Автотаргетинг,,-,0,-,0,термопанели под доску,Узкие запросы,Запросы без упоминания брендов,-,,,,,Поиск,Спецразмещение,Не определено,Десктопы,Не определён,Wi-Fi,Мужской,35-44 года,6–10%,Не определено,1916597733861553174,Активные,Комбинаторное,Термопанели для дома в Приозерске,"Утепление и фасад. Завод в Выборге. Доставка в Приозерск, Сосново, Лосево. От 1 550 ₽",https://marmara-pro.ru?utm_source=yandex&utm_medium=cpc&utm_campaign=termopaneli_priozersk_cpa_search&utm_content=search&utm_term={PHRASE},-,-,-,-,Текстово-графический,Автоматический,0.00,0,0,-,-,1,-,0.00,0.61,0.00,60.77,4.00,-,-,-
"Приозерский район, Поиск   от 25-07-2026",713047408,26.08.2026,Приозерский район,5776633358,Автотаргетинг,,-,0,-,0,утепление изнутри или снаружи,Сопутствующие запросы,Запросы без упоминания брендов,-,,,,,Поиск,Прочее,Не определено,Смартфоны,iOS,Wi-Fi,Женский,35-44 года,2–5%,Не определено,1916597733861553174,Активные,Комбинаторное,"Приозерск, Сосново, Лосево — термопанели с клинкером",Клинкерные термопанели с утеплителем. Свой завод в Выборге. Расчёт фасада за 1 день.,https://marmara-pro.ru?utm_source=yandex&utm_medium=cpc&utm_campaign=termopaneli_priozersk_cpa_search&utm_content=search&utm_term={PHRASE},-,-,-,-,Текстово-графический,Автоматический,0.00,0,0,-,-,1,-,0.00,0.77,0.00,76.79,5.00,-,-,-
"Приозерский район, Поиск   от 25-07-2026",713047408,26.08.2026,Приозерский район,5776633358,Автотаргетинг,,-,0,-,0,утепление изнутри или снаружи,Сопутствующие запросы,Запросы без упоминания брендов,-,,,,,Поиск,Прочее,Не определено,Смартфоны,iOS,Wi-Fi,Женский,35-44 года,2–5%,Не определено,1916597733861553174,Активные,Комбинаторное,"Приозерск, Сосново, Лосево — термопанели с клинкером",Клинкерные термопанели с утеплителем. Свой завод в Выборге. Расчёт фасада за 1 день.,https://marmara-pro.ru?utm_source=yandex&utm_medium=cpc&utm_campaign=termopaneli_priozersk_cpa_search&utm_content=search&utm_term={PHRASE},-,-,-,-,Текстово-графический,Оригинальный,0.00,0,0,-,-,1,-,0.00,0.09,0.00,8.50,5.00,-,-,-
Термопанели в Выборге,712773255,26.08.2026,Группа 1 - коммерческая,5773901452,Фраза,купить термопанели для фасада,-,0,-,0,купить термопанели для фасада в спб клинкерные имитация,Целевые запросы,Запросы без упоминания брендов,Пословное,,,,,Поиск,Товарная галерея,Не определено,Смартфоны,iOS,Wi-Fi,Мужской,45-54 года,Топ 1%,Не определено,1915802398259215246,Активные,Комбинаторное,Клинкерные термопанели - производство Выборг,Без посредников - завод. 60+ видов декора. Доставка по Ленобласти.,https://marmara-pro.ru?utm_content=commerce&utm_term={PHRASE},http://direct.yandex.ru/images/direct/5250956/5XPY7aqvM1xRQF8e4uTrqg,карусель 4-3_06.jpg,-,-,Текстово-графический,Оригинальный,0.00,0,0,-,-,1,-,0.00,0.27,0.00,26.50,6.00,-,-,-
Термопанели в Выборге,712773255,26.08.2026,Группа 1 - коммерческая,5773901452,Фраза,фасадные панели с утеплением,-,0,-,0,термопанели фаворит фасад калининград,Альтернативные запросы,Запросы с упоминанием брендов конкурентов,Семантическое,,,,,Поиск,Спецразмещение,Не определено,Смартфоны,iOS,Wi-Fi,Женский,35-44 года,2–5%,Не определено,1915802398259215246,Активные,Комбинаторное,"Термопанели в Выборге - завод на Ленина, 11",Свое производство в Выборге. Приезжайте на образцы. Бесплатная доставка по району.,https://marmara-pro.ru?utm_content=commerce&utm_term={PHRASE},-,-,-,-,Текстово-графический,Автоматический,0.00,0,0,-,-,1,-,0.00,0.57,0.00,56.75,2.00,-,-,-
Термопанели в Выборге,712773255,26.08.2026,Группа 1 - коммерческая,5773901452,Фраза,фасадные панели с утеплением,-,0,-,0,термопанели феррум,Альтернативные запросы,Запросы с упоминанием брендов конкурентов,Семантическое,,,,,Поиск,Спецразмещение,Не определено,Десктопы,Не определён,Wi-Fi,Женский,35-44 года,6–10%,Не определено,1915802398259215246,Активные,Комбинаторное,"Термопанели в Выборге - завод на Ленина, 11",Свое производство в Выборге. Приезжайте на образцы. Бесплатная доставка по району.,https://marmara-pro.ru?utm_content=commerce&utm_term={PHRASE},-,-,-,-,Текстово-графический,Автоматический,0.00,0,0,-,-,1,-,0.00,0.65,0.00,65.05,2.00,-,-,-
Термопанели в Выборге,712773255,26.08.2026,Группа 1 - коммерческая,5773901452,Автотаргетинг,,-,0,-,0,влагостойкие уличные панели под покраску,Узкие запросы,Запросы без упоминания брендов,-,,,,,Поиск,Прочее,Не определено,Смартфоны,iOS,Wi-Fi,Мужской,35-44 года,2–5%,Не определено,1915802398259215246,Активные,Комбинаторное,Производитель термопанелей в Ленобласти,Без посредников - завод. 60+ видов декора. Доставка по Ленобласти.,https://marmara-pro.ru?utm_content=commerce&utm_term={PHRASE},-,-,-,-,Текстово-графический,Оригинальный,0.00,0,0,-,-,1,-,0.00,0.83,0.00,83.41,6.00,-,-,-
Термопанели в Выборге,712773255,26.08.2026,Группа 1 - коммерческая,5773901452,Автотаргетинг,,-,0,-,0,клинкерная плитка,Целевые запросы,Запросы без упоминания брендов,-,,,,,Поиск,Прочее,Не определено,Десктопы,Не определён,Wi-Fi,Женский,45-54 года,Остальные,Не определено,1915802398259215246,Активные,Комбинаторное,Термопанели с клинкером - собственный завод в Выборге,Клинкерная плитка+утеплитель в одной панели. Оплата в два этапа. Звоните!,https://marmara-pro.ru?utm_content=commerce&utm_term={PHRASE},-,-,-,-,Текстово-графический,Оригинальный,0.00,0,0,-,-,1,-,0.00,0.45,0.00,44.58,8.00,-,-,-
Термопанели в Выборге,712773255,26.08.2026,Группа 1 - коммерческая,5773901452,Автотаргетинг,,-,0,-,0,материал для отделки фасада дома снаружи,Целевые запросы,Запросы без упоминания брендов,-,,,,,Поиск,Прочее,Не определено,Планшеты,Android,Wi-Fi,Мужской,Старше 55,Остальные,Не определено,1915802398259215246,Активные,Комбинаторное,Гарантия до 5 лет на термопанели,Клинкерная плитка+утеплитель в одной панели. Оплата в два этапа. Звоните!,https://marmara-pro.ru?utm_content=commerce&utm_term={PHRASE},-,-,-,-,Текстово-графический,Оригинальный,0.00,0,0,-,-,1,-,0.00,0.45,0.00,44.58,8.00,-,-,-
Термопанели в Выборге,712773255,26.08.2026,Группа 1 - коммерческая,5773901452,Автотаргетинг,,-,0,-,0,панели,Целевые запросы,Запросы без упоминания брендов,-,,,,,Поиск,Прочее,Не определено,Смартфоны,Android,Wi-Fi,Мужской,25-34 года,Остальные,Не определено,1915802398259215246,Активные,Комбинаторное,"Термопанели в Выборге - завод на Ленина, 11",Свое производство в Выборге. Приезжайте на образцы. Бесплатная доставка по району.,https://marmara-pro.ru?utm_content=commerce&utm_term={PHRASE},-,-,-,-,Текстово-графический,Оригинальный,0.00,0,0,-,-,1,-,0.00,0.55,0.00,54.58,7.00,-,-,-
Термопанели в Выборге,712773255,26.08.2026,Группа 1 - коммерческая,5773901452,Автотаргетинг,,-,0,-,0,стеновые панели на балкон на кирпичную стену цены,Целевые запросы,Запросы без упоминания брендов,-,,,,,Поиск,Прочее,Не определено,Планшеты,iOS,Wi-Fi,Мужской,Старше 55,2–5%,Не определено,1915802398259215246,Активные,Комбинаторное,Гарантия до 5 лет на термопанели,Свое производство в Выборге. Приезжайте на образцы. Бесплатная доставка по району.,https://marmara-pro.ru?utm_content=commerce&utm_term={PHRASE},-,-,-,-,Текстово-графический,Оригинальный,0.00,0,0,-,-,1,-,0.00,0.65,0.00,64.58,6.00,-,-,-
Термопанели в Выборге,712773255,26.08.2026,Группа 1 - коммерческая,5773901452,Автотаргетинг,,-,0,-,0,термопанели,Целевые запросы,Запросы без упоминания брендов,-,,,,,Поиск,Прочее,Не определено,Смартфоны,Android,Wi-Fi,Женский,35-44 года,2–5%,Не определено,1915802398259215246,Активные,Комбинаторное,Термопанели с клинкером - собственный завод в Выборге,Без посредников - завод. 60+ видов декора. Доставка по Ленобласти.,https://marmara-pro.ru?utm_content=commerce&utm_term={PHRASE},-,-,-,-,Текстово-графический,Оригинальный,0.00,0,0,-,-,1,-,0.00,0.39,0.00,38.70,8.00,-,-,-
Термопанели в Выборге,712773255,26.08.2026,Группа 1 - коммерческая,5773901452,Автотаргетинг,,-,0,-,0,термопанели для наружной отделки дома,Целевые запросы,Запросы без упоминания брендов,-,,,,,Поиск,Прочее,Не определено,Смартфоны,Android,Wi-Fi,Мужской,Старше 55,Остальные,Не определено,1915802398259215246,Активные,Комбинаторное,Производитель термопанелей в Ленобласти,Свое производство в Выборге. Приезжайте на образцы. Бесплатная доставка по району.,https://marmara-pro.ru?utm_content=commerce&utm_term={PHRASE},-,-,-,-,Текстово-графический,Оригинальный,0.00,0,0,-,-,1,-,0.00,0.45,0.00,44.58,8.00,-,-,-
Термопанели в Выборге,712773255,26.08.2026,Группа 1 - коммерческая,5773901452,Автотаргетинг,,-,0,-,0,термопанели для наружной отделки дома,Целевые запросы,Запросы без упоминания брендов,-,,,,,Поиск,Товарная галерея,Не определено,Десктопы,Не определён,Wi-Fi,Мужской,45-54 года,2–5%,Не определено,1915802398259215246,Активные,Комбинаторное,Гарантия до 5 лет на термопанели,Свое производство в Выборге. Приезжайте на образцы. Бесплатная доставка по району.,https://marmara-pro.ru?utm_content=commerce&utm_term={PHRASE},http://direct.yandex.ru/images/direct/5442016/qtxMfdimB3EKymbW9TWLzQ,термопанель.png,-,-,Текстово-графический,Оригинальный,0.00,0,0,-,-,1,-,0.00,0.36,0.00,35.97,7.00,-,-,-
Термопанели в Выборге,712773255,26.08.2026,Группа 1 - коммерческая,5773901452,Автотаргетинг,,-,0,-,0,термопанели пенополиуретан,Целевые запросы,Запросы без упоминания брендов,-,,,,,Поиск,Прочее,Не определено,Десктопы,Не определён,Wi-Fi,Мужской,45-54 года,Остальные,Не определено,1915802398259215246,Активные,Комбинаторное,Производитель термопанелей в Ленобласти,Свое производство в Выборге. Приезжайте на образцы. Бесплатная доставка по району.,https://marmara-pro.ru?utm_content=commerce&utm_term={PHRASE},-,-,-,-,Текстово-графический,Оригинальный,0.00,0,0,-,-,1,-,0.00,0.85,0.00,84.88,5.00,-,-,-
Термопанели в Выборге,712773255,26.08.2026,Группа 2 - Гео (ключевая),5773898865,Автотаргетинг,,-,0,-,0,клинкерные термопанели для фасада купить в спб,Целевые запросы,Запросы без упоминания брендов,-,,,,,Поиск,Прочее,Не определено,Смартфоны,Android,Wi-Fi,Мужской,45-54 года,Остальные,Не определено,1915800871397818629,Активные,Комбинаторное,Клинкерные термопанели - производство Выборг,Клинкерная плитка+утеплитель в одной панели. Оплата в два этапа. Звоните!,https://marmara-pro.ru?utm_content=zavod&utm_term={PHRASE},-,-,-,-,Текстово-графический,Оригинальный,0.00,0,0,-,-,1,-,0.00,0.60,0.00,59.61,7.00,-,-,-
Термопанели в Выборге,712773255,26.08.2026,Группа 2 - Гео (ключевая),5773898865,Автотаргетинг,,-,0,-,0,фасадные термопанели,Целевые запросы,Запросы без упоминания брендов,-,,,,,Поиск,Прочее,Не определено,Смартфоны,Android,Wi-Fi,Мужской,25-34 года,Остальные,Не определено,1915800871397818629,Активные,Комбинаторное,Купить термопанели в Выборге напрямую,Без посредников - завод. 60+ видов декора. Доставка по Ленобласти.,https://marmara-pro.ru?utm_content=zavod&utm_term={PHRASE},-,-,-,-,Текстово-графический,Оригинальный,0.00,0,0,-,-,1,-,0.00,0.75,0.00,74.98,6.00,-,-,-
Термопанели в Выборге,712773255,26.08.2026,Группа 2 - Гео (ключевая),5773898865,Автотаргетинг,,-,0,-,0,фасадные термопанели для наружной отделки,Целевые запросы,Запросы без упоминания брендов,-,,,,,Поиск,Товарная галерея,Не определено,Десктопы,Не определён,Wi-Fi,Мужской,Старше 55,Остальные,Не определено,1915800871397818629,Активные,Комбинаторное,Термопанели с клинкером - собственный завод в Выборге,Свое производство в Выборге. Приезжайте на образцы. Бесплатная доставка по району.,https://marmara-pro.ru?utm_content=zavod&utm_term={PHRASE},http://direct.yandex.ru/images/direct/6195656/qVbV_RGwHrqBiQiD1NgoCw,бейджик (1).jpg,-,-,Текстово-графический,Оригинальный,0.00,0,0,-,-,1,-,0.00,0.31,0.00,30.99,8.00,-,-,-
Термопанели в Выборге,712773255,26.08.2026,Группа 3 - клинкер (продуктовая),5773902142,Автотаргетинг,,-,0,-,0,,Не определено,-,-,,,,,Сети,Прочее,Не определено,Десктопы,Не определён,Wi-Fi,Мужской,45-54 года,Остальные,Не определено,1915802914729060647,Активные,Комбинаторное,Термопанели с клинкером - собственный завод в Выборге,Без посредников - завод. 60+ видов декора. Доставка по Ленобласти.,https://marmara-pro.ru?utm_content=product&utm_term={PHRASE},http://direct.yandex.ru/images/direct/5442016/qtxMfdimB3EKymbW9TWLzQ,термопанель.png,1163321614,https://avatars.mds.yandex.net/get-media-adv-screenshooter/20873747/75477b03-780e-4e10-adff-81a72fc688af/orig,Видео,Автоматический,0.00,0,0,-,-,1,-,0.00,1.00,0.00,100.00,-,-,-,-
Термопанели в Выборге,712773255,26.08.2026,Группа 3 - клинкер (продуктовая),5773902142,Автотаргетинг,,-,0,-,0,,Не определено,-,-,,,,,Сети,Прочее,Не определено,Смартфоны,Android,Wi-Fi,Мужской,45-54 года,Остальные,Не определено,1915802914729060647,Активные,Комбинаторное,Термопанели с клинкером - собственный завод в Выборге,Без посредников - завод. 60+ видов декора. Доставка по Ленобласти.,https://marmara-pro.ru?utm_content=product&utm_term={PHRASE},http://direct.yandex.ru/images/direct/5442016/qtxMfdimB3EKymbW9TWLzQ,термопанель.png,1163321614,https://avatars.mds.yandex.net/get-media-adv-screenshooter/20873747/75477b03-780e-4e10-adff-81a72fc688af/orig,Текстово-графический,Оригинальный,0.00,0,0,-,-,1,-,0.00,1.00,0.00,100.00,-,-,-,-
Термопанели в Выборге,712773255,26.08.2026,Группа 3 - клинкер (продуктовая),5773902142,Автотаргетинг,,-,0,-,0,,Не определено,-,-,,,,,Сети,Прочее,Не определено,Смартфоны,Android,Wi-Fi,Мужской,Старше 55,Остальные,Не определено,1915802914729060647,Активные,Комбинаторное,"Термопанели в Выборге - завод на Ленина, 11",Без посредников - завод. 60+ видов декора. Доставка по Ленобласти.,https://marmara-pro.ru?utm_content=product&utm_term={PHRASE},http://direct.yandex.ru/images/direct/5250956/5XPY7aqvM1xRQF8e4uTrqg,карусель 4-3_06.jpg,1163322157,https://avatars.mds.yandex.net/get-media-adv-screenshooter/20941197/1d06a155-09ca-4034-b8a4-ad411694a4d7/orig,Текстово-графический,Автоматический,0.00,0,0,-,-,2,-,0.00,2.00,0.00,100.00,-,-,-,-
Термопанели в Выборге,712773255,26.08.2026,Группа 3 - клинкер (продуктовая),5773902142,Автотаргетинг,,-,0,-,0,,Не определено,-,-,,,,,Сети,Прочее,Не определено,Смартфоны,Android,Wi-Fi,Мужской,Старше 55,Остальные,Не определено,1915802914729060647,Активные,Комбинаторное,Термопанели с клинкером - собственный завод в Выборге,Без посредников - завод. 60+ видов декора. Доставка по Ленобласти.,https://marmara-pro.ru?utm_content=product&utm_term={PHRASE},http://direct.yandex.ru/images/direct/5442016/qtxMfdimB3EKymbW9TWLzQ,термопанель.png,1163321614,https://avatars.mds.yandex.net/get-media-adv-screenshooter/20873747/75477b03-780e-4e10-adff-81a72fc688af/orig,Текстово-графический,Автоматический,0.00,0,0,-,-,1,-,0.00,1.00,0.00,100.00,-,-,-,-
Термопанели в Выборге,712773255,26.08.2026,Группа 3 - клинкер (продуктовая),5773902142,Автотаргетинг,,-,0,-,0,,Не определено,-,-,,,,,Сети,Прочее,Не определено,Смартфоны,Android,Wi-Fi,Мужской,Старше 55,Остальные,Не определено,1915802914729060647,Активные,Комбинаторное,Термопанели с клинкером - собственный завод в Выборге,Без посредников - завод. 60+ видов декора. Доставка по Ленобласти.,https://marmara-pro.ru?utm_content=product&utm_term={PHRASE},http://direct.yandex.ru/images/direct/5442016/qtxMfdimB3EKymbW9TWLzQ,термопанель.png,1163321614,https://avatars.mds.yandex.net/get-media-adv-screenshooter/20873747/75477b03-780e-4e10-adff-81a72fc688af/orig,Текстово-графический,Оригинальный,0.00,0,0,-,-,1,-,0.00,1.00,0.00,100.00,-,-,-,-
Термопанели в Выборге,712773255,26.08.2026,Группа 3 - клинкер (продуктовая),5773902142,Автотаргетинг,,-,0,-,0,,Не определено,-,-,,,,,Сети,Прочее,Не определено,Смартфоны,Android,Wi-Fi,Женский,25-34 года,Остальные,Не определено,1915802914729060647,Активные,Комбинаторное,Термопанели с клинкером - собственный завод в Выборге,Без посредников - завод. 60+ видов декора. Доставка по Ленобласти.,https://marmara-pro.ru?utm_content=product&utm_term={PHRASE},http://direct.yandex.ru/images/direct/5442016/qtxMfdimB3EKymbW9TWLzQ,термопанель.png,1163321614,https://avatars.mds.yandex.net/get-media-adv-screenshooter/20873747/75477b03-780e-4e10-adff-81a72fc688af/orig,Текстово-графический,Оригинальный,0.00,0,0,-,-,1,-,0.00,1.00,0.00,100.00,-,-,-,-
Термопанели в Выборге,712773255,26.08.2026,Группа 3 - клинкер (продуктовая),5773902142,Автотаргетинг,,-,0,-,0,,Не определено,-,-,,,,,Сети,Прочее,Не определено,Смартфоны,Android,Wi-Fi,Женский,45-54 года,Остальные,Не определено,1915802914729060647,Активные,Комбинаторное,Термопанели с клинкером - собственный завод в Выборге,Без посредников - завод. 60+ видов декора. Доставка по Ленобласти.,https://marmara-pro.ru?utm_content=product&utm_term={PHRASE},http://direct.yandex.ru/images/direct/5442016/qtxMfdimB3EKymbW9TWLzQ,термопанель.png,1163321614,https://avatars.mds.yandex.net/get-media-adv-screenshooter/20873747/75477b03-780e-4e10-adff-81a72fc688af/orig,Текстово-графический,Автоматический,0.00,0,0,-,-,1,-,0.00,1.00,0.00,100.00,-,-,-,-
Термопанели в Выборге,712773255,26.08.2026,Группа 3 - клинкер (продуктовая),5773902142,Автотаргетинг,,-,0,-,0,,Не определено,-,-,,,,,Сети,Прочее,Не определено,Смартфоны,iOS,Wi-Fi,Мужской,Старше 55,6–10%,Не определено,1915802914729060647,Активные,Комбинаторное,Термопанели с клинкером - собственный завод в Выборге,Без посредников - завод. 60+ видов декора. Доставка по Ленобласти.,https://marmara-pro.ru?utm_content=product&utm_term={PHRASE},http://direct.yandex.ru/images/direct/5442016/qtxMfdimB3EKymbW9TWLzQ,термопанель.png,1163321614,https://avatars.mds.yandex.net/get-media-adv-screenshooter/20873747/75477b03-780e-4e10-adff-81a72fc688af/orig,Текстово-графический,Автоматический,0.00,0,0,-,-,1,-,0.00,1.00,0.00,100.00,-,-,-,-
Термопанели в Выборге,712773255,26.08.2026,Группа 3 - клинкер (продуктовая),5773902142,Автотаргетинг,,-,0,-,0,,Не определено,-,-,,,,,Сети,Прочее,Не определено,Смартфоны,iOS,Мобильная связь,Женский,25-34 года,Остальные,Не определено,1915802914729060647,Активные,Комбинаторное,Термопанели с клинкером - собственный завод в Выборге,Без посредников - завод. 60+ видов декора. Доставка по Ленобласти.,https://marmara-pro.ru?utm_content=product&utm_term={PHRASE},http://direct.yandex.ru/images/direct/5442016/qtxMfdimB3EKymbW9TWLzQ,термопанель.png,1163321614,https://avatars.mds.yandex.net/get-media-adv-screenshooter/20873747/75477b03-780e-4e10-adff-81a72fc688af/orig,Текстово-графический,Оригинальный,0.00,1,0,0.00,-,1,0.00,100.00,1.00,100.00,100.00,-,-,-,-
Термопанели в Выборге,712773255,26.08.2026,Группа 3 - клинкер (продуктовая),5773902142,Автотаргетинг,,-,0,-,0,клинкер для отделки симферополь,Целевые запросы,Запросы без упоминания брендов,-,,,,,Поиск,Прочее,Не определено,Смартфоны,iOS,Wi-Fi,Женский,Старше 55,Остальные,Не определено,1915802914729060647,Активные,Комбинаторное,Клинкерные термопанели - производство Выборг,Свое производство в Выборге. Приезжайте на образцы. Бесплатная доставка по району.,https://marmara-pro.ru?utm_content=product&utm_term={PHRASE},-,-,-,-,Текстово-графический,Оригинальный,0.00,0,0,-,-,1,-,0.00,0.65,0.00,64.58,6.00,-,-,-
Термопанели в Выборге,712773255,26.08.2026,Группа 3 - клинкер (продуктовая),5773902142,Автотаргетинг,,-,0,-,0,клинкерная плитка,Целевые запросы,Запросы без упоминания брендов,-,,,,,Поиск,Товарная галерея,Не определено,Десктопы,Не определён,Wi-Fi,Женский,45-54 года,Остальные,Не определено,1915802914729060647,Активные,Комбинаторное,Клинкерные термопанели - производство Выборг,Свое производство в Выборге. Приезжайте на образцы. Бесплатная доставка по району.,https://marmara-pro.ru?utm_content=product&utm_term={PHRASE},http://direct.yandex.ru/images/direct/5250956/5XPY7aqvM1xRQF8e4uTrqg,карусель 4-3_06.jpg,-,-,Текстово-графический,Оригинальный,0.00,0,0,-,-,1,-,0.00,0.31,0.00,30.99,8.00,-,-,-
Термопанели в Выборге,712773255,26.08.2026,Группа 3 - клинкер (продуктовая),5773902142,Автотаргетинг,,-,0,-,0,термопанели для наружной отделки дома,Целевые запросы,Запросы без упоминания брендов,-,,,,,Поиск,Прочее,Не определено,Смартфоны,Android,Wi-Fi,Мужской,35-44 года,Остальные,Не определено,1915802914729060647,Активные,Комбинаторное,"Термопанели в Выборге - завод на Ленина, 11",Свое производство в Выборге. Приезжайте на образцы. Бесплатная доставка по району.,https://marmara-pro.ru?utm_content=product&utm_term={PHRASE},-,-,-,-,Текстово-графический,Оригинальный,0.00,0,0,-,-,1,-,0.00,0.85,0.00,84.88,5.00,-,-,-
Термопанели в Выборге,712773255,26.08.2026,Группа 3 - клинкер (продуктовая),5773902142,Автотаргетинг,,-,0,-,0,термопанель фасадная,Целевые запросы,Запросы без упоминания брендов,-,,,,,Поиск,Товарная галерея,Не определено,Смартфоны,Android,Wi-Fi,Женский,45-54 года,Остальные,Не определено,1915802914729060647,Активные,Комбинаторное,Термопанели с клинкером - собственный завод в Выборге,Клинкерная плитка+утеплитель в одной панели. Оплата в два этапа. Звоните!,https://marmara-pro.ru?utm_content=product&utm_term={PHRASE},http://direct.yandex.ru/images/direct/5250956/5XPY7aqvM1xRQF8e4uTrqg,карусель 4-3_06.jpg,-,-,Текстово-графический,Оригинальный,0.00,0,0,-,-,1,-,0.00,0.23,0.00,22.94,7.00,-,-,-
Термопанели в Выборге,712773255,26.08.2026,Группа 3 - клинкер (продуктовая),5773902142,Автотаргетинг,,-,0,-,0,фасадная термопанель толщина 30мм,Целевые запросы,Запросы без упоминания брендов,-,,,,,Поиск,Прочее,Не определено,Десктопы,Не определён,Wi-Fi,Женский,35-44 года,6–10%,Не определено,1915802914729060647,Активные,Комбинаторное,Термопанели с клинкером - собственный завод в Выборге,Без посредников - завод. 60+ видов декора. Доставка по Ленобласти.,https://marmara-pro.ru?utm_content=product&utm_term={PHRASE},-,-,-,-,Текстово-графический,Оригинальный,0.00,0,0,-,-,1,-,0.00,0.65,0.00,64.58,6.00,-,-,-
Термопанели в Выборге,712773255,26.08.2026,Группа 3 - клинкер (продуктовая),5773902142,Автотаргетинг,,-,0,-,0,фасадная термопанель толщина 30мм,Целевые запросы,Запросы без упоминания брендов,-,,,,,Поиск,Товарная галерея,Не определено,Десктопы,Не определён,Wi-Fi,Женский,35-44 года,6–10%,Не определено,1915802914729060647,Активные,Комбинаторное,Термопанели с клинкером - собственный завод в Выборге,Без посредников - завод. 60+ видов декора. Доставка по Ленобласти.,https://marmara-pro.ru?utm_content=product&utm_term={PHRASE},http://direct.yandex.ru/images/direct/5442016/qtxMfdimB3EKymbW9TWLzQ,термопанель.png,-,-,Текстово-графический,Оригинальный,0.00,0,0,-,-,2,-,0.00,0.79,0.00,39.52,5.50,-,-,-
Термопанели в Выборге,712773255,26.08.2026,Термопанели (Лен. область),5773097196,Автотаргетинг,,-,0,-,0,г хабаровск стеновые панели,Целевые запросы,Запросы без упоминания брендов,-,,,,,Поиск,Прочее,Не определено,Смартфоны,Android,Wi-Fi,Женский,Старше 55,2–5%,Не определено,1915608023072927866,Активные,Комбинаторное,Термопанели с клинкерной плиткой. Производство в Выборге,"Термопанели с клинкером. Собственное производство, своя цена, нет посредников.",https://marmara-pro.ru?utm_content=geo&utm_term={PHRASE},-,-,-,-,Текстово-графический,Автоматический,0.00,0,0,-,-,1,-,0.00,0.55,0.00,54.58,7.00,-,-,-
Термопанели в Выборге,712773255,26.08.2026,Термопанели (Лен. область),5773097196,Автотаргетинг,,-,0,-,0,жаростойкая панель название,Целевые запросы,Запросы без упоминания брендов,-,,,,,Поиск,Прочее,Не определено,Смартфоны,Android,Wi-Fi,Мужской,Старше 55,Остальные,Не определено,1915608023072927866,Активные,Комбинаторное,Термопанели с клинкерной плиткой. Производство в Выборге,"Термопанели с клинкером. Собственное производство, своя цена, нет посредников.",https://marmara-pro.ru?utm_content=geo&utm_term={PHRASE},-,-,-,-,Текстово-графический,Автоматический,0.00,0,0,-,-,3,-,0.00,1.27,0.00,42.45,8.33,-,-,-
Термопанели в Выборге,712773255,26.08.2026,Термопанели (Лен. область),5773097196,Автотаргетинг,,-,0,-,0,жаростойкая панель название,Целевые запросы,Запросы без упоминания брендов,-,,,,,Поиск,Товарная галерея,Не определено,Смартфоны,Android,Wi-Fi,Мужской,Старше 55,Остальные,Не определено,1915608023072927866,Активные,Комбинаторное,Термопанели с клинкерной плиткой. Производство в Выборге,"Термопанели с клинкером. Собственное производство, своя цена, нет посредников.",https://marmara-pro.ru?utm_content=geo&utm_term={PHRASE},http://direct.yandex.ru/images/direct/5250956/5XPY7aqvM1xRQF8e4uTrqg,карусель 4-3_06.jpg,-,-,Текстово-графический,Автоматический,0.00,0,0,-,-,1,-,0.00,0.39,0.00,38.70,4.00,-,-,-
Термопанели в Выборге,712773255,26.08.2026,Термопанели (Лен. область),5773097196,Автотаргетинг,,-,0,-,0,искусственный камень для фасада дома облицовка,Целевые запросы,Запросы без упоминания брендов,-,,,,,Поиск,Товарная галерея,Не определено,Смартфоны,Android,Wi-Fi,Мужской,45-54 года,Остальные,Не определено,1915608023072927866,Активные,Комбинаторное,Термопанели с клинкерной плиткой. Производство в Выборге,"Термопанели с клинкером. Собственное производство, своя цена, нет посредников.",https://marmara-pro.ru?utm_content=geo&utm_term={PHRASE},http://direct.yandex.ru/images/direct/5250956/5XPY7aqvM1xRQF8e4uTrqg,карусель 4-3_06.jpg,-,-,Текстово-графический,Автоматический,0.00,0,0,-,-,1,-,0.00,0.17,0.00,16.68,10.00,-,-,-
Термопанели в Выборге,712773255,26.08.2026,Термопанели (Лен. область),5773097196,Автотаргетинг,,-,0,-,0,какие современные материалы для отделки стен,Целевые запросы,Запросы без упоминания брендов,-,,,,,Поиск,Прочее,Не определено,Десктопы,Не определён,Wi-Fi,Женский,25-34 года,Остальные,Не определено,1915608023072927866,Активные,Комбинаторное,Термопанели с клинкерной плиткой в Выборге!,"Термопанели с клинкером. Собственное производство, своя цена, нет посредников.",https://marmara-pro.ru?utm_content=geo&utm_term={PHRASE},-,-,-,-,Текстово-графический,Оригинальный,0.00,0,0,-,-,1,-,0.00,0.45,0.00,44.58,8.00,-,-,-
Термопанели в Выборге,712773255,26.08.2026,Термопанели (Лен. область),5773097196,Автотаргетинг,,-,0,-,0,кирпич клинкерный облицовочный плитка,Целевые запросы,Запросы без упоминания брендов,-,,,,,Поиск,Прочее,Не определено,Смартфоны,Android,Wi-Fi,Женский,45-54 года,Остальные,Не определено,1915608023072927866,Активные,Комбинаторное,Термопанели с клинкерной плиткой. Производство в Выборге,"Термопанели с клинкером. Собственное производство, своя цена, нет посредников.",https://marmara-pro.ru?utm_content=geo&utm_term={PHRASE},-,-,-,-,Текстово-графический,Автоматический,0.00,0,0,-,-,1,-,0.00,0.65,0.00,64.58,6.00,-,-,-
Термопанели в Выборге,712773255,26.08.2026,Термопанели (Лен. область),5773097196,Автотаргетинг,,-,0,-,0,кирпичная плитка для фасада толщина,Целевые запросы,Запросы без упоминания брендов,-,,,,,Поиск,Прочее,Не определено,Смартфоны,iOS,Wi-Fi,Женский,18-24 года,2–5%,Не определено,1915608023072927866,Активные,Комбинаторное,Термопанели с клинкерной плиткой. Производство в Выборге,"Термопанели с клинкером. Собственное производство, своя цена, нет посредников.",https://marmara-pro.ru?utm_content=geo&utm_term={PHRASE},-,-,-,-,Текстово-графический,Автоматический,0.00,0,0,-,-,1,-,0.00,0.55,0.00,54.58,7.00,-,-,-
Термопанели в Выборге,712773255,26.08.2026,Термопанели (Лен. область),5773097196,Автотаргетинг,,-,0,-,0,клинкер облицовка,Целевые запросы,Запросы без упоминания брендов,-,,,,,Поиск,Прочее,Не определено,Смартфоны,iOS,Wi-Fi,Мужской,Старше 55,Остальные,Не определено,1915608023072927866,Активные,Комбинаторное,Термопанели с клинкерной плиткой. Производство в Выборге,"Термопанели с клинкером. Собственное производство, своя цена, нет посредников.",https://marmara-pro.ru?utm_content=geo&utm_term={PHRASE},-,-,-,-,Текстово-графический,Автоматический,0.00,0,0,-,-,1,-,0.00,0.45,0.00,44.58,8.00,-,-,-
Термопанели в Выборге,712773255,26.08.2026,Термопанели (Лен. область),5773097196,Автотаргетинг,,-,0,-,0,клинкерная плитка для чего используется,Целевые запросы,Запросы без упоминания брендов,-,,,,,Поиск,Прочее,Не определено,Смартфоны,Android,Wi-Fi,Мужской,35-44 года,Остальные,Не определено,1915608023072927866,Активные,Комбинаторное,Термопанели с клинкерной плиткой. Производство в Выборге,"Термопанели с клинкером. Собственное производство, своя цена, нет посредников.",https://marmara-pro.ru?utm_content=geo&utm_term={PHRASE},-,-,-,-,Текстово-графический,Автоматический,0.00,0,0,-,-,1,-,0.00,0.55,0.00,54.58,7.00,-,-,-
Термопанели в Выборге,712773255,26.08.2026,Термопанели (Лен. область),5773097196,Автотаргетинг,,-,0,-,0,клинкерная плитка для чего используется,Целевые запросы,Запросы без упоминания брендов,-,,,,,Поиск,Товарная галерея,Не определено,Смартфоны,Android,Wi-Fi,Мужской,35-44 года,Остальные,Не определено,1915608023072927866,Активные,Комбинаторное,Термопанели с клинкерной плиткой. Производство в Выборге,"Термопанели с клинкером. Собственное производство, своя цена, нет посредников.",https://marmara-pro.ru?utm_content=geo&utm_term={PHRASE},http://direct.yandex.ru/images/direct/5250956/5XPY7aqvM1xRQF8e4uTrqg,карусель 4-3_06.jpg,-,-,Текстово-графический,Автоматический,0.00,0,0,-,-,1,-,0.00,0.32,0.00,32.27,5.00,-,-,-
Термопанели в Выборге,712773255,26.08.2026,Термопанели (Лен. область),5773097196,Автотаргетинг,,-,0,-,0,клинкерная плитка что это,Целевые запросы,Запросы без упоминания брендов,-,,,,,Поиск,Товарная галерея,Не определено,Десктопы,Не определён,Wi-Fi,Женский,45-54 года,Остальные,Не определено,1915608023072927866,Активные,Комбинаторное,Термопанели с клинкерной плиткой в Выборге!,Собственное производство в Выборге. Экономия на отоплении до 30%. Гарантия 5 лет.,https://marmara-pro.ru?utm_content=geo&utm_term={PHRASE},http://direct.yandex.ru/images/direct/6195656/qVbV_RGwHrqBiQiD1NgoCw,бейджик (1).jpg,-,-,Текстово-графический,Оригинальный,0.00,0,0,-,-,1,-,0.00,0.57,0.00,56.81,4.00,-,-,-
Термопанели в Выборге,712773255,26.08.2026,Термопанели (Лен. область),5773097196,Автотаргетинг,,-,0,-,0,клинкерные термопанели,Целевые запросы,Запросы без упоминания брендов,-,,,,,Поиск,Прочее,Не определено,Десктопы,Не определён,Wi-Fi,Мужской,45-54 года,Остальные,Не определено,1915608023072927866,Активные,Комбинаторное,Термопанели с клинкерной плиткой. Производство в Выборге,"Термопанели с клинкером. Собственное производство, своя цена, нет посредников.",https://marmara-pro.ru?utm_content=geo&utm_term={PHRASE},-,-,-,-,Текстово-графический,Автоматический,0.00,0,0,-,-,2,-,0.00,0.99,0.00,49.58,7.50,-,-,-
Термопанели в Выборге,712773255,26.08.2026,Термопанели (Лен. область),5773097196,Автотаргетинг,,-,0,-,0,клинкерные термопанели,Целевые запросы,Запросы без упоминания брендов,-,,,,,Поиск,Товарная галерея,Не определено,Десктопы,Не определён,Wi-Fi,Мужской,45-54 года,Остальные,Не определено,1915608023072927866,Активные,Комбинаторное,Термопанели с клинкерной плиткой. Производство в Выборге,"Термопанели с клинкером. Собственное производство, своя цена, нет посредников.",https://marmara-pro.ru?utm_content=geo&utm_term={PHRASE},http://direct.yandex.ru/images/direct/5250956/5XPY7aqvM1xRQF8e4uTrqg,карусель 4-3_06.jpg,-,-,Текстово-графический,Автоматический,0.00,0,0,-,-,1,-,0.00,0.31,0.00,30.63,2.00,-,-,-
Термопанели в Выборге,712773255,26.08.2026,Термопанели (Лен. область),5773097196,Автотаргетинг,,-,0,-,0,панели для стен для наружной,Целевые запросы,Запросы без упоминания брендов,-,,,,,Поиск,Прочее,Не определено,Смартфоны,iOS,Wi-Fi,Мужской,18-24 года,Остальные,Не определено,1915608023072927866,Активные,Комбинаторное,Термопанели с клинкерной плиткой. Производство в Выборге,"Термопанели с клинкером. Собственное производство, своя цена, нет посредников.",https://marmara-pro.ru?utm_content=geo&utm_term={PHRASE},-,-,-,-,Текстово-графический,Автоматический,0.00,0,0,-,-,1,-,0.00,0.45,0.00,44.58,8.00,-,-,-
Термопанели в Выборге,712773255,26.08.2026,Термопанели (Лен. область),5773097196,Автотаргетинг,,-,0,-,0,панели для стен для наружной,Целевые запросы,Запросы без упоминания брендов,-,,,,,Поиск,Товарная галерея,Не определено,Смартфоны,iOS,Wi-Fi,Мужской,18-24 года,Остальные,Не определено,1915608023072927866,Активные,Комбинаторное,Термопанели с клинкерной плиткой. Производство в Выборге,"Термопанели с клинкером. Собственное производство, своя цена, нет посредников.",https://marmara-pro.ru?utm_content=geo&utm_term={PHRASE},http://direct.yandex.ru/images/direct/5250956/5XPY7aqvM1xRQF8e4uTrqg,карусель 4-3_06.jpg,-,-,Текстово-графический,Автоматический,0.00,0,0,-,-,1,-,0.00,0.13,0.00,13.42,16.00,-,-,-
Термопанели в Выборге,712773255,26.08.2026,Термопанели (Лен. область),5773097196,Автотаргетинг,,-,0,-,0,панель на стены для ремонта,Целевые запросы,Запросы без упоминания брендов,-,,,,,Поиск,Прочее,Не определено,Десктопы,Не определён,Wi-Fi,Женский,35-44 года,6–10%,Не определено,1915608023072927866,Активные,Комбинаторное,Термопанели с клинкерной плиткой в Выборге!,"Термопанели с клинкером. Собственное производство, своя цена, нет посредников.",https://marmara-pro.ru?utm_content=geo&utm_term={PHRASE},-,-,-,-,Текстово-графический,Оригинальный,0.00,0,0,-,-,1,-,0.00,0.45,0.00,44.58,8.00,-,-,-
Термопанели в Выборге,712773255,26.08.2026,Термопанели (Лен. область),5773097196,Автотаргетинг,,-,0,-,0,панель с пеноплексом и имитацией кирпича,Целевые запросы,Запросы без упоминания брендов,-,,,,,Поиск,Прочее,Не определено,Смартфоны,iOS,Wi-Fi,Мужской,35-44 года,Остальные,Не определено,1915608023072927866,Активные,Комбинаторное,Термопанели с клинкерной плиткой. Производство в Выборге,"Термопанели с клинкером. Собственное производство, своя цена, нет посредников.",https://marmara-pro.ru?utm_content=geo&utm_term={PHRASE},-,-,-,-,Текстово-графический,Автоматический,0.00,0,0,-,-,2,-,0.00,0.99,0.00,49.58,7.50,-,-,-
Термопанели в Выборге,712773255,26.08.2026,Термопанели (Лен. область),5773097196,Автотаргетинг,,-,0,-,0,панель с пеноплексом и имитацией кирпича,Целевые запросы,Запросы без упоминания брендов,-,,,,,Поиск,Товарная галерея,Не определено,Смартфоны,iOS,Wi-Fi,Мужской,35-44 года,Остальные,Не определено,1915608023072927866,Активные,Комбинаторное,Термопанели с клинкерной плиткой. Производство в Выборге,"Термопанели с клинкером. Собственное производство, своя цена, нет посредников.",https://marmara-pro.ru?utm_content=geo&utm_term={PHRASE},http://direct.yandex.ru/images/direct/5250956/5XPY7aqvM1xRQF8e4uTrqg,карусель 4-3_06.jpg,-,-,Текстово-графический,Автоматический,0.00,0,0,-,-,1,-,0.00,0.53,0.00,52.59,3.00,-,-,-
Термопанели в Выборге,712773255,26.08.2026,Термопанели (Лен. область),5773097196,Автотаргетинг,,-,0,-,0,панель фасадная с утеплителем,Целевые запросы,Запросы без упоминания брендов,-,,,,,Поиск,Прочее,Не определено,Смартфоны,Android,Wi-Fi,Мужской,35-44 года,Остальные,Не определено,1915608023072927866,Активные,Комбинаторное,Термопанели с клинкерной плиткой. Производство в Выборге,"Термопанели с клинкером. Собственное производство, своя цена, нет посредников.",https://marmara-pro.ru?utm_content=geo&utm_term={PHRASE},-,-,-,-,Текстово-графический,Автоматический,0.00,0,0,-,-,1,-,0.00,0.45,0.00,44.58,8.00,-,-,-
Термопанели в Выборге,712773255,26.08.2026,Термопанели (Лен. область),5773097196,Автотаргетинг,,-,0,-,0,плитка клинкер,Целевые запросы,Запросы без упоминания брендов,-,,,,,Поиск,Прочее,Не определено,Смартфоны,iOS,Wi-Fi,Женский,25-34 года,2–5%,Не определено,1915608023072927866,Активные,Комбинаторное,Термопанели с клинкерной плиткой. Производство в Выборге,"Термопанели с клинкером. Собственное производство, своя цена, нет посредников.",https://marmara-pro.ru?utm_content=geo&utm_term={PHRASE},-,-,-,-,Текстово-графический,Автоматический,0.00,0,0,-,-,2,-,0.00,0.99,0.00,49.58,7.50,-,-,-
Термопанели в Выборге,712773255,26.08.2026,Термопанели (Лен. область),5773097196,Автотаргетинг,,-,0,-,0,сколько стоят цокольные панели,Целевые запросы,Запросы без упоминания брендов,-,,,,,Поиск,Прочее,Не определено,Смартфоны,Android,Wi-Fi,Женский,Старше 55,Остальные,Не определено,1915608023072927866,Активные,Комбинаторное,Термопанели с клинкерной плиткой. Производство в Выборге,"Термопанели с клинкером. Собственное производство, своя цена, нет посредников.",https://marmara-pro.ru?utm_content=geo&utm_term={PHRASE},-,-,-,-,Текстово-графический,Автоматический,0.00,0,0,-,-,1,-,0.00,0.85,0.00,84.88,5.00,-,-,-
Термопанели в Выборге,712773255,26.08.2026,Термопанели (Лен. область),5773097196,Автотаргетинг,,-,0,-,0,стоимость термопанелей по году,Целевые запросы,Запросы без упоминания брендов,-,,,,,Поиск,Товарная галерея,Не определено,Смартфоны,iOS,Wi-Fi,Женский,35-44 года,Остальные,Не определено,1915608023072927866,Активные,Комбинаторное,Термопанели с клинкерной плиткой. Производство в Выборге,"Термопанели с клинкером. Собственное производство, своя цена, нет посредников.",https://marmara-pro.ru?utm_content=geo&utm_term={PHRASE},http://direct.yandex.ru/images/direct/5250956/5XPY7aqvM1xRQF8e4uTrqg,карусель 4-3_06.jpg,-,-,Текстово-графический,Автоматический,0.00,0,0,-,-,1,-,0.00,0.21,0.00,21.07,8.00,-,-,-
Термопанели в Выборге,712773255,26.08.2026,Термопанели (Лен. область),5773097196,Автотаргетинг,,-,0,-,0,теплопанели,Целевые запросы,Запросы без упоминания брендов,-,,,,,Поиск,Прочее,Не определено,Смартфоны,Android,Wi-Fi,Женский,45-54 года,2–5%,Не определено,1915608023072927866,Активные,Комбинаторное,Термопанели с клинкерной плиткой. Производство в Выборге,"Термопанели с клинкером. Собственное производство, своя цена, нет посредников.",https://marmara-pro.ru?utm_content=geo&utm_term={PHRASE},-,-,-,-,Текстово-графический,Автоматический,0.00,0,0,-,-,1,-,0.00,0.85,0.00,84.88,5.00,-,-,-
Термопанели в Выборге,712773255,26.08.2026,Термопанели (Лен. область),5773097196,Автотаргетинг,,-,0,-,0,теплопанели,Целевые запросы,Запросы без упоминания брендов,-,,,,,Поиск,Товарная галерея,Не определено,Смартфоны,Android,Wi-Fi,Женский,45-54 года,2–5%,Не определено,1915608023072927866,Активные,Комбинаторное,Термопанели с клинкерной плиткой. Производство в Выборге,"Термопанели с клинкером. Собственное производство, своя цена, нет посредников.",https://marmara-pro.ru?utm_content=geo&utm_term={PHRASE},http://direct.yandex.ru/images/direct/5250956/5XPY7aqvM1xRQF8e4uTrqg,карусель 4-3_06.jpg,-,-,Текстово-графический,Автоматический,0.00,0,0,-,-,2,-,0.00,0.50,0.00,24.93,7.00,-,-,-
Термопанели в Выборге,712773255,26.08.2026,Термопанели (Лен. область),5773097196,Автотаргетинг,,-,0,-,0,теплопанели для отделки дома,Целевые запросы,Запросы без упоминания брендов,-,,,,,Поиск,Прочее,Не определено,Смартфоны,Android,Wi-Fi,Женский,25-34 года,Остальные,Не определено,1915608023072927866,Активные,Комбинаторное,Термопанели с клинкерной плиткой. Производство в Выборге,"Термопанели с клинкером. Собственное производство, своя цена, нет посредников.",https://marmara-pro.ru?utm_content=geo&utm_term={PHRASE},-,-,-,-,Текстово-графический,Автоматический,0.00,0,0,-,-,2,-,0.00,1.07,0.00,53.58,7.00,-,-,-
Термопанели в Выборге,712773255,26.08.2026,Термопанели (Лен. область),5773097196,Автотаргетинг,,-,0,-,0,термопанели,Целевые запросы,Запросы без упоминания брендов,-,,,,,Поиск,Прочее,Не определено,Смартфоны,Android,Wi-Fi,Мужской,35-44 года,Остальные,Не определено,1915608023072927866,Активные,Комбинаторное,Термопанели с клинкерной плиткой. Производство в Выборге,"Термопанели с клинкером. Собственное производство, своя цена, нет посредников.",https://marmara-pro.ru?utm_content=geo&utm_term={PHRASE},-,-,-,-,Текстово-графический,Автоматический,0.00,0,0,-,-,1,-,0.00,0.45,0.00,44.58,8.00,-,-,-
Термопанели в Выборге,712773255,26.08.2026,Термопанели (Лен. область),5773097196,Автотаргетинг,,-,0,-,0,термопанели,Целевые запросы,Запросы без упоминания брендов,-,,,,,Поиск,Прочее,Не определено,Смартфоны,Android,Wi-Fi,Мужской,35-44 года,Остальные,Не определено,1915608023072927866,Активные,Комбинаторное,Термопанели с клинкерной плиткой. Производство в Выборге,"Термопанели с клинкером. Собственное производство, своя цена, нет посредников.",https://marmara-pro.ru?utm_content=geo&utm_term={PHRASE},-,-,-,-,Текстово-графический,Оригинальный,0.00,0,0,-,-,1,-,0.00,0.55,0.00,54.58,7.00,-,-,-
Термопанели в Выборге,712773255,26.08.2026,Термопанели (Лен. область),5773097196,Автотаргетинг,,-,0,-,0,термопанели,Целевые запросы,Запросы без упоминания брендов,-,,,,,Поиск,Прочее,Не определено,Смартфоны,iOS,Wi-Fi,Мужской,35-44 года,Остальные,Не определено,1915608023072927866,Активные,Комбинаторное,Термопанели с клинкерной плиткой. Производство в Выборге,"Термопанели с клинкером. Собственное производство, своя цена, нет посредников.",https://marmara-pro.ru?utm_content=geo&utm_term={PHRASE},-,-,-,-,Текстово-графический,Автоматический,0.00,0,0,-,-,1,-,0.00,0.45,0.00,44.58,8.00,-,-,-
Термопанели в Выборге,712773255,26.08.2026,Термопанели (Лен. область),5773097196,Автотаргетинг,,-,0,-,0,термопанели,Целевые запросы,Запросы без упоминания брендов,-,,,,,Поиск,Товарная галерея,Не определено,Смартфоны,Android,Wi-Fi,Мужской,Старше 55,Остальные,Не определено,1915608023072927866,Активные,Комбинаторное,Термопанели с клинкерной плиткой. Производство в Выборге,"Термопанели с клинкером. Собственное производство, своя цена, нет посредников.",https://marmara-pro.ru?utm_content=geo&utm_term={PHRASE},http://direct.yandex.ru/images/direct/5250956/5XPY7aqvM1xRQF8e4uTrqg,карусель 4-3_06.jpg,-,-,Текстово-графический,Автоматический,0.00,0,0,-,-,2,-,0.00,0.27,0.00,13.61,11.00,-,-,-
Термопанели в Выборге,712773255,26.08.2026,Термопанели (Лен. область),5773097196,Автотаргетинг,,-,0,-,0,термопанели,Целевые запросы,Запросы без упоминания брендов,-,,Термопанели с клинкерной плиткой — КлинкерПрофи,,,Поиск,Товарная галерея,Не определено,Смартфоны,Android,Wi-Fi,Женский,35-44 года,2–5%,Не определено,1918167638897563177,Активные,Страницы каталога,Термопанели с клинкерной плиткой. Производство в Выборге,"Фасадные термопанели с клинкером. Производство в Выборге, доставка по СПб...",https://marmara-pro.ru/termo?utm_content=catalog&utm_term={PHRASE},-,-,-,-,Текстово-графический,Оригинальный,0.00,0,0,-,-,1,-,0.00,0.19,0.00,18.60,3.00,-,-,-
Термопанели в Выборге,712773255,26.08.2026,Термопанели (Лен. область),5773097196,Автотаргетинг,,-,0,-,0,термопанели для наружной отделки,Целевые запросы,Запросы без упоминания брендов,-,,,,,Поиск,Прочее,Не определено,Смартфоны,Android,Wi-Fi,Мужской,45-54 года,Остальные,Не определено,1915608023072927866,Активные,Комбинаторное,Термопанели с клинкерной плиткой. Производство в Выборге,"Термопанели с клинкером. Собственное производство, своя цена, нет посредников.",https://marmara-pro.ru?utm_content=geo&utm_term={PHRASE},-,-,-,-,Текстово-графический,Автоматический,0.00,0,0,-,-,1,-,0.00,0.65,0.00,64.58,6.00,-,-,-
Термопанели в Выборге,712773255,26.08.2026,Термопанели (Лен. область),5773097196,Автотаргетинг,,-,0,-,0,термопанели для наружной отделки,Целевые запросы,Запросы без упоминания брендов,-,,,,,Поиск,Прочее,Не определено,Смартфоны,iOS,Wi-Fi,Мужской,25-34 года,Остальные,Не определено,1915608023072927866,Активные,Комбинаторное,Термопанели с клинкерной плиткой. Производство в Выборге,"Термопанели с клинкером. Собственное производство, своя цена, нет посредников.",https://marmara-pro.ru?utm_content=geo&utm_term={PHRASE},-,-,-,-,Текстово-графический,Автоматический,0.00,0,0,-,-,1,-,0.00,0.55,0.00,54.58,7.00,-,-,-
Термопанели в Выборге,712773255,26.08.2026,Термопанели (Лен. область),5773097196,Автотаргетинг,,-,0,-,0,термопанели для наружной отделки,Целевые запросы,Запросы без упоминания брендов,-,,,,,Поиск,Товарная галерея,Не определено,Смартфоны,Android,Wi-Fi,Мужской,45-54 года,Остальные,Не определено,1915608023072927866,Активные,Комбинаторное,Термопанели с клинкерной плиткой. Производство в Выборге,"Термопанели с клинкером. Собственное производство, своя цена, нет посредников.",https://marmara-pro.ru?utm_content=geo&utm_term={PHRASE},http://direct.yandex.ru/images/direct/5250956/5XPY7aqvM1xRQF8e4uTrqg,карусель 4-3_06.jpg,-,-,Текстово-графический,Автоматический,0.00,0,0,-,-,1,-,0.00,0.49,0.00,48.86,3.00,-,-,-
Термопанели в Выборге,712773255,26.08.2026,Термопанели (Лен. область),5773097196,Автотаргетинг,,-,0,-,0,термопанели для наружной отделки,Целевые запросы,Запросы без упоминания брендов,-,,,,,Поиск,Товарная галерея,Не определено,Смартфоны,iOS,Wi-Fi,Мужской,25-34 года,Остальные,Не определено,1915608023072927866,Активные,Комбинаторное,Термопанели с клинкерной плиткой. Производство в Выборге,"Термопанели с клинкером. Собственное производство, своя цена, нет посредников.",https://marmara-pro.ru?utm_content=geo&utm_term={PHRASE},http://direct.yandex.ru/images/direct/5250956/5XPY7aqvM1xRQF8e4uTrqg,карусель 4-3_06.jpg,-,-,Текстово-графический,Автоматический,0.00,0,0,-,-,1,-,0.00,0.39,0.00,38.70,4.00,-,-,-
Термопанели в Выборге,712773255,26.08.2026,Термопанели (Лен. область),5773097196,Автотаргетинг,,-,0,-,0,термопанели для наружной отделки,Целевые запросы,Запросы без упоминания брендов,-,,Термопанели с клинкерной плиткой — КлинкерПрофи,,,Поиск,Товарная галерея,Не определено,Смартфоны,Android,Wi-Fi,Мужской,45-54 года,Остальные,Не определено,1918167638897563177,Активные,Страницы каталога,Термопанели с клинкерной плиткой. Производство в Выборге,"Фасадные термопанели с клинкером. Производство в Выборге, доставка по СПб...",https://marmara-pro.ru/termo?utm_content=catalog&utm_term={PHRASE},-,-,-,-,Текстово-графический,Оригинальный,0.00,0,0,-,-,1,-,0.00,0.88,0.00,88.34,2.00,-,-,-
Термопанели в Выборге,712773255,26.08.2026,Термопанели (Лен. область),5773097196,Автотаргетинг,,-,0,-,0,термопанели для наружной отделки дома,Целевые запросы,Запросы без упоминания брендов,-,,,,,Поиск,Прочее,Не определено,Десктопы,Не определён,Wi-Fi,Мужской,45-54 года,2–5%,Не определено,1915608023072927866,Активные,Комбинаторное,Термопанели с клинкерной плиткой. Производство в Выборге,"Термопанели с клинкером. Собственное производство, своя цена, нет посредников.",https://marmara-pro.ru?utm_content=geo&utm_term={PHRASE},-,-,-,-,Текстово-графический,Автоматический,0.00,0,0,-,-,1,-,0.00,0.45,0.00,44.58,8.00,-,-,-
Термопанели в Выборге,712773255,26.08.2026,Термопанели (Лен. область),5773097196,Автотаргетинг,,-,0,-,0,термопанели для наружной отделки дома,Целевые запросы,Запросы без упоминания брендов,-,,Термопанели с клинкерной плиткой — КлинкерПрофи,,,Поиск,Товарная галерея,Не определено,Десктопы,Не определён,Wi-Fi,Мужской,45-54 года,2–5%,Не определено,1918167638897563177,Активные,Страницы каталога,Термопанели с клинкерной плиткой. Производство в Выборге,"Фасадные термопанели с клинкером. Производство в Выборге, доставка по СПб...",https://marmara-pro.ru/termo?utm_content=catalog&utm_term={PHRASE},-,-,-,-,Текстово-графический,Оригинальный,0.00,0,0,-,-,1,-,0.00,0.39,0.00,39.22,6.00,-,-,-
Термопанели в Выборге,712773255,26.08.2026,Термопанели (Лен. область),5773097196,Автотаргетинг,,-,0,-,0,термопанели для наружной отделки дома цена,Целевые запросы,Запросы без упоминания брендов,-,,,,,Поиск,Прочее,Не определено,Смартфоны,Android,Wi-Fi,Мужской,Старше 55,Остальные,Не определено,1915608023072927866,Активные,Комбинаторное,Термопанели с клинкерной плиткой. Производство в Выборге,"Термопанели с клинкером. Собственное производство, своя цена, нет посредников.",https://marmara-pro.ru?utm_content=geo&utm_term={PHRASE},-,-,-,-,Текстово-графический,Автоматический,0.00,0,0,-,-,1,-,0.00,0.45,0.00,44.58,8.00,-,-,-
Термопанели в Выборге,712773255,26.08.2026,Термопанели (Лен. область),5773097196,Автотаргетинг,,-,0,-,0,термопанели для наружной отделки каркасного дома,Целевые запросы,Запросы без упоминания брендов,-,,,,,Поиск,Прочее,Не определено,Смартфоны,iOS,Wi-Fi,Мужской,25-34 года,Остальные,Не определено,1915608023072927866,Активные,Комбинаторное,Термопанели с клинкерной плиткой. Производство в Выборге,"Термопанели с клинкером. Собственное производство, своя цена, нет посредников.",https://marmara-pro.ru?utm_content=geo&utm_term={PHRASE},-,-,-,-,Текстово-графический,Автоматический,0.00,0,0,-,-,1,-,0.00,0.45,0.00,44.58,8.00,-,-,-
Термопанели в Выборге,712773255,26.08.2026,Термопанели (Лен. область),5773097196,Автотаргетинг,,-,0,-,0,термопанели для фасада,Целевые запросы,Запросы без упоминания брендов,-,,,,,Поиск,Товарная галерея,Не определено,Смартфоны,Android,Wi-Fi,Мужской,25-34 года,Остальные,Не определено,1915608023072927866,Активные,Комбинаторное,Термопанели с клинкерной плиткой. Производство в Выборге,"Термопанели с клинкером. Собственное производство, своя цена, нет посредников.",https://marmara-pro.ru?utm_content=geo&utm_term={PHRASE},http://direct.yandex.ru/images/direct/5250956/5XPY7aqvM1xRQF8e4uTrqg,карусель 4-3_06.jpg,-,-,Текстово-графический,Автоматический,0.00,0,0,-,-,2,-,0.00,0.27,0.00,13.44,18.00,-,-,-
Термопанели в Выборге,712773255,26.08.2026,Термопанели (Лен. область),5773097196,Автотаргетинг,,-,0,-,0,термопанели для фасада,Целевые запросы,Запросы без упоминания брендов,-,,Термопанели с клинкерной плиткой — КлинкерПрофи,,,Поиск,Товарная галерея,Не определено,Смартфоны,Android,Wi-Fi,Мужской,25-34 года,Остальные,Не определено,1918167638897563177,Активные,Страницы каталога,Термопанели с клинкерной плиткой. Производство в Выборге,"Фасадные термопанели с клинкером. Производство в Выборге, доставка по СПб...",https://marmara-pro.ru/termo?utm_content=catalog&utm_term={PHRASE},-,-,-,-,Текстово-графический,Автоматический,0.00,0,0,-,-,6,-,0.00,1.89,0.00,31.44,11.00,-,-,-
Термопанели в Выборге,712773255,26.08.2026,Термопанели (Лен. область),5773097196,Автотаргетинг,,-,0,-,0,термопанели на деревянный дом,Целевые запросы,Запросы без упоминания брендов,-,,,,,Поиск,Прочее,Не определено,Смартфоны,Android,Wi-Fi,Женский,Старше 55,Остальные,Не определено,1915608023072927866,Активные,Комбинаторное,Термопанели с клинкерной плиткой. Производство в Выборге,"Термопанели с клинкером. Собственное производство, своя цена, нет посредников.",https://marmara-pro.ru?utm_content=geo&utm_term={PHRASE},-,-,-,-,Текстово-графический,Автоматический,0.00,0,0,-,-,1,-,0.00,0.65,0.00,64.58,6.00,-,-,-
Термопанели в Выборге,712773255,26.08.2026,Термопанели (Лен. область),5773097196,Автотаргетинг,,-,0,-,0,термопанели на деревянный дом,Целевые запросы,Запросы без упоминания брендов,-,,,,,Поиск,Товарная галерея,Не определено,Смартфоны,Android,Wi-Fi,Женский,Старше 55,Остальные,Не определено,1915608023072927866,Активные,Комбинаторное,Термопанели с клинкерной плиткой. Производство в Выборге,"Термопанели с клинкером. Собственное производство, своя цена, нет посредников.",https://marmara-pro.ru?utm_content=geo&utm_term={PHRASE},http://direct.yandex.ru/images/direct/5250956/5XPY7aqvM1xRQF8e4uTrqg,карусель 4-3_06.jpg,-,-,Текстово-графический,Автоматический,0.00,0,0,-,-,2,-,0.00,0.60,0.00,30.24,5.50,-,-,-
Термопанели в Выборге,712773255,26.08.2026,Термопанели (Лен. область),5773097196,Автотаргетинг,,-,0,-,0,термопанели с клинкером фасадные,Целевые запросы,Запросы без упоминания брендов,-,,,,,Поиск,Прочее,Не определено,Смартфоны,iOS,Wi-Fi,Мужской,45-54 года,2–5%,Не определено,1915608023072927866,Активные,Комбинаторное,Термопанели с клинкерной плиткой. Производство в Выборге,"Термопанели с клинкером. Собственное производство, своя цена, нет посредников.",https://marmara-pro.ru?utm_content=geo&utm_term={PHRASE},-,-,-,-,Текстово-графический,Автоматический,0.00,0,0,-,-,1,-,0.00,0.65,0.00,64.58,6.00,-,-,-
Термопанели в Выборге,712773255,26.08.2026,Термопанели (Лен. область),5773097196,Автотаргетинг,,-,0,-,0,термопанели с клинкером фасадные,Целевые запросы,Запросы без упоминания брендов,-,,,,,Поиск,Прочее,Не определено,Смартфоны,iOS,Wi-Fi,Мужской,45-54 года,2–5%,Не определено,1915608023072927866,Активные,Комбинаторное,Термопанели с клинкером. Свое производство в Выборге,"Термопанели с клинкером. Собственное производство, своя цена, нет посредников.",https://marmara-pro.ru?utm_content=geo&utm_term={PHRASE},-,-,-,-,Текстово-графический,Оригинальный,0.00,0,0,-,-,1,-,0.00,0.09,0.00,8.50,5.00,-,-,-
Термопанели в Выборге,712773255,26.08.2026,Термопанели (Лен. область),5773097196,Автотаргетинг,,-,0,-,0,термопанели с клинкером фасадные,Целевые запросы,Запросы без упоминания брендов,-,,,,,Поиск,Товарная галерея,Не определено,Смартфоны,iOS,Wi-Fi,Мужской,45-54 года,2–5%,Не определено,1915608023072927866,Активные,Комбинаторное,Термопанели с клинкерной плиткой. Производство в Выборге,"Термопанели с клинкером. Собственное производство, своя цена, нет посредников.",https://marmara-pro.ru?utm_content=geo&utm_term={PHRASE},http://direct.yandex.ru/images/direct/5250956/5XPY7aqvM1xRQF8e4uTrqg,карусель 4-3_06.jpg,-,-,Текстово-графический,Автоматический,0.00,0,0,-,-,1,-,0.00,0.99,0.00,98.59,2.00,-,-,-
Термопанели в Выборге,712773255,26.08.2026,Термопанели (Лен. область),5773097196,Автотаргетинг,,-,0,-,0,термопанели фасадные 50мм,Целевые запросы,Запросы без упоминания брендов,-,,,,,Поиск,Прочее,Не определено,Смартфоны,Android,Wi-Fi,Женский,35-44 года,Остальные,Не определено,1915608023072927866,Активные,Комбинаторное,Термопанели с клинкерной плиткой. Производство в Выборге,"Термопанели с клинкером. Собственное производство, своя цена, нет посредников.",https://marmara-pro.ru?utm_content=geo&utm_term={PHRASE},-,-,-,-,Текстово-графический,Автоматический,0.00,0,0,-,-,1,-,0.00,0.65,0.00,64.58,6.00,-,-,-
Термопанели в Выборге,712773255,26.08.2026,Термопанели (Лен. область),5773097196,Автотаргетинг,,-,0,-,0,термопанели фасадные 50мм,Целевые запросы,Запросы без упоминания брендов,-,,,,,Поиск,Товарная галерея,Не определено,Смартфоны,Android,Wi-Fi,Женский,35-44 года,Остальные,Не определено,1915608023072927866,Активные,Комбинаторное,Термопанели с клинкерной плиткой. Производство в Выборге,"Термопанели с клинкером. Собственное производство, своя цена, нет посредников.",https://marmara-pro.ru?utm_content=geo&utm_term={PHRASE},http://direct.yandex.ru/images/direct/5250956/5XPY7aqvM1xRQF8e4uTrqg,карусель 4-3_06.jpg,-,-,Текстово-графический,Автоматический,0.00,0,0,-,-,2,-,0.00,0.51,0.00,25.32,8.00,-,-,-
Термопанели в Выборге,712773255,26.08.2026,Термопанели (Лен. область),5773097196,Автотаргетинг,,-,0,-,0,термопанель фасадная,Целевые запросы,Запросы без упоминания брендов,-,,,,,Поиск,Прочее,Не определено,Смартфоны,Android,Wi-Fi,Женский,45-54 года,Остальные,Не определено,1915608023072927866,Активные,Комбинаторное,Термопанели с клинкерной плиткой. Производство в Выборге,"Термопанели с клинкером. Собственное производство, своя цена, нет посредников.",https://marmara-pro.ru?utm_content=geo&utm_term={PHRASE},-,-,-,-,Текстово-графический,Автоматический,0.00,0,0,-,-,1,-,0.00,0.45,0.00,44.58,8.00,-,-,-
Термопанели в Выборге,712773255,26.08.2026,Термопанели (Лен. область),5773097196,Автотаргетинг,,-,0,-,0,термопанель фасадная,Целевые запросы,Запросы без упоминания брендов,-,,,,,Поиск,Товарная галерея,Не определено,Смартфоны,Android,Wi-Fi,Женский,45-54 года,Остальные,Не определено,1915608023072927866,Активные,Комбинаторное,Термопанели с клинкерной плиткой. Производство в Выборге,"Термопанели с клинкером. Собственное производство, своя цена, нет посредников.",https://marmara-pro.ru?utm_content=geo&utm_term={PHRASE},http://direct.yandex.ru/images/direct/5250956/5XPY7aqvM1xRQF8e4uTrqg,карусель 4-3_06.jpg,-,-,Текстово-графический,Автоматический,0.00,0,0,-,-,1,-,0.00,0.25,0.00,25.29,9.00,-,-,-
Термопанели в Выборге,712773255,26.08.2026,Термопанели (Лен. область),5773097196,Автотаргетинг,,-,0,-,0,утепленные панели для стен для наружной отделки цена за м2,Целевые запросы,Запросы без упоминания брендов,-,,,,,Поиск,Прочее,Не определено,Смартфоны,iOS,Wi-Fi,Мужской,45-54 года,2–5%,Не определено,1915608023072927866,Активные,Комбинаторное,Термопанели с клинкерной плиткой. Производство в Выборге,"Термопанели с клинкером. Собственное производство, своя цена, нет посредников.",https://marmara-pro.ru?utm_content=geo&utm_term={PHRASE},-,-,-,-,Текстово-графический,Автоматический,0.00,0,0,-,-,1,-,0.00,0.45,0.00,44.58,8.00,-,-,-
Термопанели в Выборге,712773255,26.08.2026,Термопанели (Лен. область),5773097196,Автотаргетинг,,-,0,-,0,фасадная плита с утеплителем,Целевые запросы,Запросы без упоминания брендов,-,,,,,Поиск,Товарная галерея,Не определено,Смартфоны,iOS,Wi-Fi,Мужской,25-34 года,Остальные,Не определено,1915608023072927866,Активные,Комбинаторное,Термопанели с клинкерной плиткой. Производство в Выборге,"Термопанели с клинкером. Собственное производство, своя цена, нет посредников.",https://marmara-pro.ru?utm_content=geo&utm_term={PHRASE},http://direct.yandex.ru/images/direct/5250956/5XPY7aqvM1xRQF8e4uTrqg,карусель 4-3_06.jpg,-,-,Текстово-графический,Автоматический,0.00,0,0,-,-,1,-,0.00,0.13,0.00,13.46,15.00,-,-,-
Термопанели в Выборге,712773255,26.08.2026,Термопанели (Лен. область),5773097196,Автотаргетинг,,-,0,-,0,фасадная термопанель,Целевые запросы,Запросы без упоминания брендов,-,,,,,Поиск,Товарная галерея,Не определено,Смартфоны,Android,Wi-Fi,Женский,Старше 55,Остальные,Не определено,1915608023072927866,Активные,Комбинаторное,Термопанели с клинкерной плиткой. Производство в Выборге,"Термопанели с клинкером. Собственное производство, своя цена, нет посредников.",https://marmara-pro.ru?utm_content=geo&utm_term={PHRASE},http://direct.yandex.ru/images/direct/5250956/5XPY7aqvM1xRQF8e4uTrqg,карусель 4-3_06.jpg,-,-,Текстово-графический,Автоматический,0.00,0,0,-,-,1,-,0.00,0.25,0.00,25.29,9.00,-,-,-
Термопанели в Выборге,712773255,26.08.2026,Термопанели (Лен. область),5773097196,Автотаргетинг,,-,0,-,0,фасадные термопанели,Целевые запросы,Запросы без упоминания брендов,-,,,,,Поиск,Прочее,Не определено,Смартфоны,Android,Wi-Fi,Мужской,25-34 года,Остальные,Не определено,1915608023072927866,Активные,Комбинаторное,Термопанели с клинкерной плиткой. Производство в Выборге,"Термопанели с клинкером. Собственное производство, своя цена, нет посредников.",https://marmara-pro.ru?utm_content=geo&utm_term={PHRASE},-,-,-,-,Текстово-графический,Автоматический,0.00,0,0,-,-,2,-,0.00,1.29,0.00,64.58,6.00,-,-,-
Термопанели в Выборге,712773255,26.08.2026,Термопанели (Лен. область),5773097196,Автотаргетинг,,-,0,-,0,фасадные термопанели,Целевые запросы,Запросы без упоминания брендов,-,,,,,Поиск,Прочее,Не определено,Смартфоны,Android,Wi-Fi,Мужской,Старше 55,Остальные,Не определено,1915608023072927866,Активные,Комбинаторное,Термопанели с клинкерной плиткой. Производство в Выборге,"Термопанели с клинкером. Собственное производство, своя цена, нет посредников.",https://marmara-pro.ru?utm_content=geo&utm_term={PHRASE},-,-,-,-,Текстово-графический,Автоматический,0.00,0,0,-,-,2,-,0.00,0.99,0.00,49.58,7.50,-,-,-
Термопанели в Выборге,712773255,26.08.2026,Термопанели (Лен. область),5773097196,Автотаргетинг,,-,0,-,0,фасадные термопанели,Целевые запросы,Запросы без упоминания брендов,-,,,,,Поиск,Товарная галерея,Не определено,Смартфоны,Android,Wi-Fi,Мужской,25-34 года,Остальные,Не определено,1915608023072927866,Активные,Комбинаторное,Термопанели с клинкерной плиткой. Производство в Выборге,"Термопанели с клинкером. Собственное производство, своя цена, нет посредников.",https://marmara-pro.ru?utm_content=geo&utm_term={PHRASE},http://direct.yandex.ru/images/direct/5250956/5XPY7aqvM1xRQF8e4uTrqg,карусель 4-3_06.jpg,-,-,Текстово-графический,Автоматический,0.00,0,0,-,-,3,-,0.00,0.79,0.00,26.29,7.00,-,-,-
Термопанели в Выборге,712773255,26.08.2026,Термопанели (Лен. область),5773097196,Автотаргетинг,,-,0,-,0,фасадные термопанели для наружной отделки,Целевые запросы,Запросы без упоминания брендов,-,,Термопанели с клинкерной плиткой — КлинкерПрофи,,,Поиск,Товарная галерея,Не определено,Десктопы,Не определён,Wi-Fi,Мужской,Старше 55,Остальные,Не определено,1918167638897563177,Активные,Страницы каталога,Термопанели с клинкерной плиткой. Производство в Выборге,"Фасадные термопанели с клинкером. Производство в Выборге, доставка по СПб...",https://marmara-pro.ru/termo?utm_content=catalog&utm_term={PHRASE},-,-,-,-,Текстово-графический,Оригинальный,0.00,0,0,-,-,1,-,0.00,0.36,0.00,35.97,7.00,-,-,-
Термопанели в Выборге,712773255,26.08.2026,Термопанели (Лен. область),5773097196,Автотаргетинг,,-,0,-,0,фасадные термопанели от производителя,Целевые запросы,Запросы без упоминания брендов,-,,,,,Поиск,Прочее,Не определено,Смартфоны,Android,Wi-Fi,Мужской,Старше 55,Остальные,Не определено,1915608023072927866,Активные,Комбинаторное,Термопанели с клинкерной плиткой. Производство в Выборге,"Термопанели с клинкером. Собственное производство, своя цена, нет посредников.",https://marmara-pro.ru?utm_content=geo&utm_term={PHRASE},-,-,-,-,Текстово-графический,Автоматический,0.00,0,0,-,-,1,-,0.00,0.45,0.00,44.58,8.00,-,-,-
Термопанели в Выборге,712773255,26.08.2026,Термопанели (Лен. область),5773097196,Автотаргетинг,,-,0,-,0,цокольные панели 600мм высота,Целевые запросы,Запросы без упоминания брендов,-,,,,,Поиск,Прочее,Не определено,Смартфоны,Android,Wi-Fi,Мужской,Старше 55,6–10%,Не определено,1915608023072927866,Активные,Комбинаторное,Термопанели с клинкерной плиткой. Производство в Выборге,"Термопанели с клинкером. Собственное производство, своя цена, нет посредников.",https://marmara-pro.ru?utm_content=geo&utm_term={PHRASE},-,-,-,-,Текстово-графический,Автоматический,0.00,0,0,-,-,1,-,0.00,0.65,0.00,64.58,6.00,-,-,-
Термопанели в Выборге,712773255,26.08.2026,Термопанели (Лен. область),5773097196,Автотаргетинг,,-,0,-,0,цокольные панели 600мм ширина,Целевые запросы,Запросы без упоминания брендов,-,,,,,Поиск,Прочее,Не определено,Смартфоны,Android,Wi-Fi,Мужской,Старше 55,6–10%,Не определено,1915608023072927866,Активные,Комбинаторное,Термопанели с клинкерной плиткой. Производство в Выборге,"Термопанели с клинкером. Собственное производство, своя цена, нет посредников.",https://marmara-pro.ru?utm_content=geo&utm_term={PHRASE},-,-,-,-,Текстово-графический,Автоматический,0.00,0,0,-,-,1,-,0.00,0.65,0.00,64.58,6.00,-,-,-
"Приозерский район, Поиск   от 25-07-2026",713047408,27.08.2026,Приозерский район,5776633358,Фраза,термопанели производитель,-,0,-,0,фасадные термопанели для наружной отделки дома цена от производителя,Не определено,-,Пословное,,,,,Поиск,Реклама в саджесте,Не определено,Смартфоны,Android,Wi-Fi,Женский,Старше 55,Остальные,Не определено,1916597733861553174,Активные,Комбинаторное,"Клинкерные термопанели, Приозерский р-н","Утепление и фасад. Завод в Выборге. Доставка в Приозерск, Сосново, Лосево. От 1 550 ₽",https://marmara-pro.ru?utm_source=yandex&utm_medium=cpc&utm_campaign=termopaneli_priozersk_cpa_search&utm_content=search&utm_term={PHRASE},-,-,-,-,Текстово-графический,Оригинальный,0.00,1,0,0.00,-,1,0.00,100.00,1.00,100.00,100.00,1.00,1.00,0.00,1.00
"Приозерский район, Поиск   от 25-07-2026",713047408,27.08.2026,Приозерский район,5776633358,Фраза,термопанели с клинкерной плиткой,-,0,-,0,как монтировать угловые клинкерные термопанели если закладные под дюбель расположены друг напротив друга и отверстие получаетсся в 30 мм от края газобетонного блока,Сопутствующие запросы,Запросы без упоминания брендов,Семантическое,,,,,Поиск,Спецразмещение,Не определено,Смартфоны,iOS,Wi-Fi,Мужской,45-54 года,2–5%,Не определено,1916597733861553174,Активные,Комбинаторное,"Клинкерные термопанели, Приозерский р-н",Клинкерный фасад без мокрых работ. Монтаж зимой до −15 °C. ППС и ППУ. Звоните!,https://marmara-pro.ru?utm_source=yandex&utm_medium=cpc&utm_campaign=termopaneli_priozersk_cpa_search&utm_content=search&utm_term={PHRASE},-,-,-,-,Текстово-графический,Автоматический,0.00,0,0,-,-,1,-,0.00,1.08,0.00,108.18,1.00,-,-,-
"Приозерский район, Поиск   от 25-07-2026",713047408,27.08.2026,Приозерский район,5776633358,Фраза,термопанели с клинкерной плиткой,-,0,-,0,как монтировать угловые клинкерные термопанели если закладные под дюбель расположены друг напротив друга и отверстие получаетсся в 30 мм от края газобетонного блока ведь есть вероятность сто газоблок отколется,Сопутствующие запросы,Запросы без упоминания брендов,Семантическое,,Термопанели с клинкерной плиткой — КлинкерПрофи,,,Поиск,Прочее,Не определено,Смартфоны,iOS,Wi-Fi,Мужской,45-54 года,2–5%,Не определено,1918168175770350076,Активные,Страницы каталога,Термопанели с клинкерной плиткой. Производство в Выборге,"Фасадные термопанели с клинкером. Производство в Выборге, доставка по СПб...",https://marmara-pro.ru/termo?utm_source=yandex&utm_medium=cpc&utm_campaign=termopaneli_priozersk_cpa_search&utm_content=search&utm_term={PHRASE},-,-,-,-,Текстово-графический,Автоматический,0.00,0,0,-,-,1,-,0.00,1.00,0.00,100.00,5.00,-,-,-
"Приозерский район, Поиск   от 25-07-2026",713047408,27.08.2026,Приозерский район,5776633358,Фраза,термопанели с клинкерной плиткой,-,0,-,0,как монтировать угловые клинкерные термопанели если закладные под дюбель расположены друг напротив друга и отверстие получаетсся в 30 мм от края газобетонного блока ведь есть вероятность сто газоблок отколется а если сверлить под углом от края газоблока,Сопутствующие запросы,Запросы без упоминания брендов,Семантическое,,Термопанели с клинкерной плиткой — КлинкерПрофи,,,Поиск,Прочее,Не определено,Смартфоны,iOS,Wi-Fi,Мужской,45-54 года,2–5%,Не определено,1918168175770350076,Активные,Страницы каталога,Термопанели с клинкерной плиткой. Производство в Выборге,"Фасадные термопанели с клинкером. Производство в Выборге, доставка по СПб...",https://marmara-pro.ru/termo?utm_source=yandex&utm_medium=cpc&utm_campaign=termopaneli_priozersk_cpa_search&utm_content=search&utm_term={PHRASE},-,-,-,-,Текстово-графический,Автоматический,0.00,0,0,-,-,1,-,0.00,1.00,0.00,100.00,5.00,-,-,-
"Приозерский район, Поиск   от 25-07-2026",713047408,27.08.2026,Приозерский район,5776633358,Фраза,термопанели с клинкерной плиткой,-,0,-,0,когда подрезается низ термопанели с клинкерной плиткой,Сопутствующие запросы,Запросы без упоминания брендов,Семантическое,,,,,Поиск,Спецразмещение,Не определено,Смартфоны,iOS,Wi-Fi,Мужской,45-54 года,2–5%,Не определено,1916597733861553174,Активные,Комбинаторное,"Клинкерные термопанели, Приозерский р-н",Клинкерный фасад без мокрых работ. Монтаж зимой до −15 °C. ППС и ППУ. Звоните!,https://marmara-pro.ru?utm_source=yandex&utm_medium=cpc&utm_campaign=termopaneli_priozersk_cpa_search&utm_content=search&utm_term={PHRASE},-,-,-,-,Текстово-графический,Автоматический,0.00,0,0,-,-,1,-,0.00,0.96,0.00,95.87,2.00,-,-,-
"Приозерский район, Поиск   от 25-07-2026",713047408,27.08.2026,Приозерский район,5776633358,Фраза,термопанели с клинкерной плиткой,-,0,-,0,когда подрезается низ термопанели с клинкерной плиткой,Сопутствующие запросы,Запросы без упоминания брендов,Семантическое,,Термопанели с клинкерной плиткой — КлинкерПрофи,,,Поиск,Прочее,Не определено,Смартфоны,iOS,Wi-Fi,Мужской,45-54 года,2–5%,Не определено,1918168175770350076,Активные,Страницы каталога,Термопанели с клинкерной плиткой. Производство в Выборге,"Фасадные термопанели с клинкером. Производство в Выборге, доставка по СПб...",https://marmara-pro.ru/termo?utm_source=yandex&utm_medium=cpc&utm_campaign=termopaneli_priozersk_cpa_search&utm_content=search&utm_term={PHRASE},-,-,-,-,Текстово-графический,Автоматический,0.00,0,0,-,-,1,-,0.00,0.77,0.00,76.79,5.00,-,-,-
"Приозерский район, Поиск   от 25-07-2026",713047408,27.08.2026,Приозерский район,5776633358,Фраза,утепление фасада термопанелями,-,0,-,0,бакс термопанели фасадные как крепить,Сопутствующие запросы,Запросы без упоминания брендов,Семантическое,,,,,Поиск,Спецразмещение,Не определено,Смартфоны,Android,Wi-Fi,Женский,25-34 года,6–10%,Не определено,1916597733861553174,Активные,Комбинаторное,Фасадные термопанели с клинкером,Клинкерные термопанели с утеплителем. Свой завод в Выборге. Расчёт фасада за 1 день.,https://marmara-pro.ru?utm_source=yandex&utm_medium=cpc&utm_campaign=termopaneli_priozersk_cpa_search&utm_content=search&utm_term={PHRASE},-,-,-,-,Текстово-графический,Оригинальный,0.00,0,0,-,-,1,-,0.00,0.96,0.00,96.14,2.00,-,-,-
"Приозерский район, Поиск   от 25-07-2026",713047408,27.08.2026,Приозерский район,5776633358,Автотаргетинг,,-,0,-,0,,Сопутствующие запросы,Запросы без упоминания брендов,-,,,,,Поиск,Прочее,Не определено,Десктопы,Не определён,Wi-Fi,Мужской,35-44 года,2–5%,Не определено,1916597733861553174,Активные,Комбинаторное,Термопанели для дома в Приозерске,Клинкерные термопанели с утеплителем. Свой завод в Выборге. Расчёт фасада за 1 день.,https://marmara-pro.ru?utm_source=yandex&utm_medium=cpc&utm_campaign=termopaneli_priozersk_cpa_search&utm_content=search&utm_term={PHRASE},-,-,-,-,Текстово-графический,Оригинальный,0.00,0,0,-,-,1,-,0.00,0.79,0.00,78.56,5.00,-,-,-
"Приозерский район, Поиск   от 25-07-2026",713047408,27.08.2026,Приозерский район,5776633358,Автотаргетинг,,-,0,-,0,,Сопутствующие запросы,Запросы без упоминания брендов,-,,,,,Поиск,Прочее,Не определено,Десктопы,Не определён,Wi-Fi,Мужской,35-44 года,2–5%,Не определено,1916597733861553174,Активные,Комбинаторное,Фасадные термопанели с утеплителем от 1 550 ₽/панель,Клинкерные термопанели с утеплителем. Свой завод в Выборге. Расчёт фасада за 1 день.,https://marmara-pro.ru?utm_source=yandex&utm_medium=cpc&utm_campaign=termopaneli_priozersk_cpa_search&utm_content=search&utm_term={PHRASE},-,-,-,-,Текстово-графический,Автоматический,0.00,0,0,-,-,1,-,0.00,0.79,0.00,78.56,5.00,-,-,-
"Приозерский район, Поиск   от 25-07-2026",713047408,27.08.2026,Приозерский район,5776633358,Автотаргетинг,,-,0,-,0,базальтовый утеплитель сотка купить,Сопутствующие запросы,Запросы без упоминания брендов,-,,,,,Поиск,Спецразмещение,Не определено,Смартфоны,Android,Wi-Fi,Женский,45-54 года,Остальные,Не определено,1916597733861553174,Активные,Комбинаторное,Фасадные термопанели с клинкером,Клинкерные термопанели с утеплителем. Свой завод в Выборге. Расчёт фасада за 1 день.,https://marmara-pro.ru?utm_source=yandex&utm_medium=cpc&utm_campaign=termopaneli_priozersk_cpa_search&utm_content=search&utm_term={PHRASE},-,-,-,-,Текстово-графический,Автоматический,0.00,0,0,-,-,1,-,0.00,0.89,0.00,88.65,1.00,-,-,-
"Приозерский район, Поиск   от 25-07-2026",713047408,27.08.2026,Приозерский район,5776633358,Автотаргетинг,,-,0,-,0,виды утеплителя для стен снаружи дома,Сопутствующие запросы,Запросы без упоминания брендов,-,,,,,Поиск,Прочее,Не определено,Смартфоны,iOS,Wi-Fi,Мужской,25-34 года,6–10%,Не определено,1916597733861553174,Активные,Комбинаторное,"Клинкерные термопанели, Приозерский р-н",Клинкерные термопанели с утеплителем. Свой завод в Выборге. Расчёт фасада за 1 день.,https://marmara-pro.ru?utm_source=yandex&utm_medium=cpc&utm_campaign=termopaneli_priozersk_cpa_search&utm_content=search&utm_term={PHRASE},-,-,-,-,Текстово-графический,Автоматический,0.00,0,0,-,-,1,-,0.00,1.00,0.00,100.00,5.00,-,-,-
"Приозерский район, Поиск   от 25-07-2026",713047408,27.08.2026,Приозерский район,5776633358,Автотаргетинг,,-,0,-,0,как монтировать угловые клинкерные термопанели если закладные под дюбель расположены друг напротив друга и отверстие получаетсся в 30 мм от края газобетонного блока,Сопутствующие запросы,Запросы без упоминания брендов,-,,,,,Поиск,Спецразмещение,Не определено,Смартфоны,iOS,Wi-Fi,Мужской,45-54 года,2–5%,Не определено,1916597733861553174,Активные,Комбинаторное,Фасадные термопанели с клинкером,Клинкерные термопанели с утеплителем. Свой завод в Выборге. Расчёт фасада за 1 день.,https://marmara-pro.ru?utm_source=yandex&utm_medium=cpc&utm_campaign=termopaneli_priozersk_cpa_search&utm_content=search&utm_term={PHRASE},-,-,-,-,Текстово-графический,Автоматический,0.00,0,0,-,-,1,-,0.00,1.03,0.00,103.46,1.00,-,-,-
"Приозерский район, Поиск   от 25-07-2026",713047408,27.08.2026,Приозерский район,5776633358,Автотаргетинг,,-,0,-,0,как монтировать угловые клинкерные термопанели если закладные под дюбель расположены друг напротив друга и отверстие получаетсся в 30 мм от края газобетонного блока,Сопутствующие запросы,Запросы без упоминания брендов,-,,,,,Поиск,Прочее,Не определено,Смартфоны,iOS,Wi-Fi,Мужской,45-54 года,2–5%,Не определено,1916597733861553174,Активные,Комбинаторное,Фасадные термопанели с клинкером,Клинкерные термопанели с утеплителем. Свой завод в Выборге. Расчёт фасада за 1 день.,https://marmara-pro.ru?utm_source=yandex&utm_medium=cpc&utm_campaign=termopaneli_priozersk_cpa_search&utm_content=search&utm_term={PHRASE},-,-,-,-,Текстово-графический,Автоматический,0.00,0,0,-,-,2,-,0.00,2.00,0.00,100.00,5.00,-,-,-
"Приозерский район, Поиск   от 25-07-2026",713047408,27.08.2026,Приозерский район,5776633358,Автотаргетинг,,-,0,-,0,как монтировать угловые клинкерные термопанели если закладные под дюбель расположены друг напротив друга и отверстие получаетсся в 30 мм от края газобетонного блока ведь есть вероятность сто газоблок отколется,Сопутствующие запросы,Запросы без упоминания брендов,-,,,,,Поиск,Спецразмещение,Не определено,Смартфоны,iOS,Wi-Fi,Мужской,45-54 года,2–5%,Не определено,1916597733861553174,Активные,Комбинаторное,Фасадные термопанели с клинкером,Клинкерные термопанели с утеплителем. Свой завод в Выборге. Расчёт фасада за 1 день.,https://marmara-pro.ru?utm_source=yandex&utm_medium=cpc&utm_campaign=termopaneli_priozersk_cpa_search&utm_content=search&utm_term={PHRASE},-,-,-,-,Текстово-графический,Автоматический,0.00,0,0,-,-,1,-,0.00,0.92,0.00,91.89,1.00,-,-,-
"Приозерский район, Поиск   от 25-07-2026",713047408,27.08.2026,Приозерский район,5776633358,Автотаргетинг,,-,0,-,0,как монтировать угловые клинкерные термопанели если закладные под дюбель расположены друг напротив друга и отверстие получаетсся в 30 мм от края газобетонного блока ведь есть вероятность сто газоблок отколется а если сверлить под углом от края газоблока,Сопутствующие запросы,Запросы без упоминания брендов,-,,,,,Поиск,Спецразмещение,Не определено,Смартфоны,iOS,Wi-Fi,Мужской,45-54 года,2–5%,Не определено,1916597733861553174,Активные,Комбинаторное,Фасадные термопанели с клинкером,Клинкерные термопанели с утеплителем. Свой завод в Выборге. Расчёт фасада за 1 день.,https://marmara-pro.ru?utm_source=yandex&utm_medium=cpc&utm_campaign=termopaneli_priozersk_cpa_search&utm_content=search&utm_term={PHRASE},-,-,-,-,Текстово-графический,Автоматический,0.00,0,0,-,-,1,-,0.00,0.86,0.00,86.50,1.00,-,-,-
"Приозерский район, Поиск   от 25-07-2026",713047408,27.08.2026,Приозерский район,5776633358,Автотаргетинг,,-,0,-,0,как утеплить распределительный водопроводный колодец,Сопутствующие запросы,Запросы без упоминания брендов,-,,,,,Поиск,Прочее,Не определено,Десктопы,Не определён,Мобильная связь,Мужской,45-54 года,Остальные,Не определено,1916597733861553174,Активные,Комбинаторное,Термопанели для дома в Приозерске,"Утепление и фасад. Завод в Выборге. Доставка в Приозерск, Сосново, Лосево. От 1 550 ₽",https://marmara-pro.ru?utm_source=yandex&utm_medium=cpc&utm_campaign=termopaneli_priozersk_cpa_search&utm_content=search&utm_term={PHRASE},-,-,-,-,Текстово-графический,Автоматический,0.00,0,0,-,-,1,-,0.00,0.79,0.00,78.56,5.00,-,-,-
"Приозерский район, Поиск   от 25-07-2026",713047408,27.08.2026,Приозерский район,5776633358,Автотаргетинг,,-,0,-,0,какой выбрать цвет дома под темной крышей,Сопутствующие запросы,Запросы без упоминания брендов,-,,,,,Поиск,Спецразмещение,Не определено,Смартфоны,Android,Wi-Fi,Мужской,Старше 55,Остальные,Не определено,1916597733861553174,Активные,Комбинаторное,Термопанели для дома в Приозерске,Клинкерные термопанели с утеплителем. Свой завод в Выборге. Расчёт фасада за 1 день.,https://marmara-pro.ru?utm_source=yandex&utm_medium=cpc&utm_campaign=termopaneli_priozersk_cpa_search&utm_content=search&utm_term={PHRASE},-,-,-,-,Текстово-графический,Автоматический,0.00,0,0,-,-,1,-,0.00,1.16,0.00,115.76,2.00,-,-,-
"Приозерский район, Поиск   от 25-07-2026",713047408,27.08.2026,Приозерский район,5776633358,Автотаргетинг,,-,0,-,0,какой выбрать цвет дома под темной крышей,Сопутствующие запросы,Запросы без упоминания брендов,-,,,,,Поиск,Прочее,Не определено,Смартфоны,Android,Wi-Fi,Мужской,Старше 55,Остальные,Не определено,1916597733861553174,Активные,Комбинаторное,"Клинкерные термопанели, Приозерский р-н",Клинкерные термопанели с утеплителем. Свой завод в Выборге. Расчёт фасада за 1 день.,https://marmara-pro.ru?utm_source=yandex&utm_medium=cpc&utm_campaign=termopaneli_priozersk_cpa_search&utm_content=search&utm_term={PHRASE},-,-,-,-,Текстово-графический,Оригинальный,0.00,0,0,-,-,1,-,0.00,1.00,0.00,100.17,5.00,-,-,-
"Приозерский район, Поиск   от 25-07-2026",713047408,27.08.2026,Приозерский район,5776633358,Автотаргетинг,,-,0,-,0,купить несъемную опалубку для стен,Сопутствующие запросы,Запросы без упоминания брендов,-,,,,,Поиск,Спецразмещение,Не определено,Смартфоны,Android,Wi-Fi,Мужской,35-44 года,Остальные,Не определено,1916597733861553174,Активные,Комбинаторное,Фасадные термопанели с утеплителем от 1 550 ₽/панель,Клинкерные термопанели с утеплителем. Свой завод в Выборге. Расчёт фасада за 1 день.,https://marmara-pro.ru?utm_source=yandex&utm_medium=cpc&utm_campaign=termopaneli_priozersk_cpa_search&utm_content=search&utm_term={PHRASE},-,-,-,-,Текстово-графический,Автоматический,0.00,0,0,-,-,1,-,0.00,0.47,0.00,47.05,3.00,-,-,-
"Приозерский район, Поиск   от 25-07-2026",713047408,27.08.2026,Приозерский район,5776633358,Автотаргетинг,,-,0,-,0,лучшее направление фасада дома для 9 периода,Сопутствующие запросы,Запросы без упоминания брендов,-,,,,,Поиск,Прочее,Не определено,Смартфоны,Android,Мобильная связь,Женский,Старше 55,Остальные,Не определено,1916597733861553174,Активные,Комбинаторное,"Приозерск, Сосново, Лосево — термопанели с клинкером",Клинкерные термопанели с утеплителем. Свой завод в Выборге. Расчёт фасада за 1 день.,https://marmara-pro.ru?utm_source=yandex&utm_medium=cpc&utm_campaign=termopaneli_priozersk_cpa_search&utm_content=search&utm_term={PHRASE},-,-,-,-,Текстово-графический,Оригинальный,0.00,0,0,-,-,2,-,0.00,0.85,0.00,42.65,5.00,-,-,-
"Приозерский район, Поиск   от 25-07-2026",713047408,27.08.2026,Приозерский район,5776633358,Автотаргетинг,,-,0,-,0,лучшее направление фасада дома для 9 периода,Сопутствующие запросы,Запросы без упоминания брендов,-,,,,,Поиск,Прочее,Не определено,Смартфоны,Android,Мобильная связь,Женский,Старше 55,Остальные,Не определено,1916597733861553174,Активные,Комбинаторное,Фасадные термопанели с клинкером,Клинкерные термопанели с утеплителем. Свой завод в Выборге. Расчёт фасада за 1 день.,https://marmara-pro.ru?utm_source=yandex&utm_medium=cpc&utm_campaign=termopaneli_priozersk_cpa_search&utm_content=search&utm_term={PHRASE},-,-,-,-,Текстово-графический,Автоматический,0.00,0,0,-,-,1,-,0.00,1.00,0.00,100.00,5.00,-,-,-
"Приозерский район, Поиск   от 25-07-2026",713047408,27.08.2026,Приозерский район,5776633358,Автотаргетинг,,-,0,-,0,лучшее направление фасада дома для 9 периода,Сопутствующие запросы,Запросы без упоминания брендов,-,,,,,Поиск,Прочее,Не определено,Смартфоны,Android,Мобильная связь,Женский,Старше 55,Остальные,Не определено,1916597733861553174,Активные,Комбинаторное,Фасадные термопанели с клинкером,Клинкерный фасад без мокрых работ. Монтаж зимой до −15 °C. ППС и ППУ. Звоните!,https://marmara-pro.ru?utm_source=yandex&utm_medium=cpc&utm_campaign=termopaneli_priozersk_cpa_search&utm_content=search&utm_term={PHRASE},-,-,-,-,Текстово-графический,Автоматический,0.00,0,0,-,-,1,-,0.00,1.00,0.00,100.00,5.00,-,-,-
"Приозерский район, Поиск   от 25-07-2026",713047408,27.08.2026,Приозерский район,5776633358,Автотаргетинг,,-,0,-,0,лучшие способы утепления пристройки к дому,Сопутствующие запросы,Запросы без упоминания брендов,-,,,,,Поиск,Спецразмещение,Не определено,Планшеты,Android,Wi-Fi,Мужской,35-44 года,Остальные,Не определено,1916597733861553174,Активные,Комбинаторное,"Клинкерные термопанели, Приозерский р-н",Клинкерный фасад без мокрых работ. Монтаж зимой до −15 °C. ППС и ППУ. Звоните!,https://marmara-pro.ru?utm_source=yandex&utm_medium=cpc&utm_campaign=termopaneli_priozersk_cpa_search&utm_content=search&utm_term={PHRASE},-,-,-,-,Текстово-графический,Оригинальный,0.00,0,0,-,-,1,-,0.00,1.00,0.00,100.00,1.00,-,-,-
"Приозерский район, Поиск   от 25-07-2026",713047408,27.08.2026,Приозерский район,5776633358,Автотаргетинг,,-,0,-,0,негорючий твердый теплоизолятор для стен дома,Сопутствующие запросы,Запросы без упоминания брендов,-,,,,,Поиск,Прочее,Не определено,Десктопы,Не определён,Wi-Fi,Не определен,18-24 года,Остальные,Не определено,1916597733861553174,Активные,Комбинаторное,"Клинкерные термопанели, Приозерский р-н",Клинкерные термопанели с утеплителем. Свой завод в Выборге. Расчёт фасада за 1 день.,https://marmara-pro.ru?utm_source=yandex&utm_medium=cpc&utm_campaign=termopaneli_priozersk_cpa_search&utm_content=search&utm_term={PHRASE},-,-,-,-,Текстово-графический,Автоматический,0.00,0,0,-,-,1,-,0.00,1.00,0.00,100.00,5.00,-,-,-
"Приозерский район, Поиск   от 25-07-2026",713047408,27.08.2026,Приозерский район,5776633358,Автотаргетинг,,-,0,-,0,негорючий твердый утеплитель для стен дома,Сопутствующие запросы,Запросы без упоминания брендов,-,,,,,Поиск,Спецразмещение,Не определено,Десктопы,Не определён,Wi-Fi,Мужской,Не определен,2–5%,Не определено,1916597733861553174,Активные,Комбинаторное,Фасадные термопанели с утеплителем от 1 550 ₽/панель,"Утепление и фасад. Завод в Выборге. Доставка в Приозерск, Сосново, Лосево. От 1 550 ₽",https://marmara-pro.ru?utm_source=yandex&utm_medium=cpc&utm_campaign=termopaneli_priozersk_cpa_search&utm_content=search&utm_term={PHRASE},-,-,-,-,Текстово-графический,Автоматический,0.00,0,0,-,-,1,-,0.00,0.77,0.00,76.68,4.00,-,-,-
"Приозерский район, Поиск   от 25-07-2026",713047408,27.08.2026,Приозерский район,5776633358,Автотаргетинг,,-,0,-,0,пеноблоки для строительства дома цена,Сопутствующие запросы,Запросы без упоминания брендов,-,,,,,Поиск,Спецразмещение,Не определено,Смартфоны,Android,Wi-Fi,Женский,45-54 года,Остальные,Не определено,1916597733861553174,Активные,Комбинаторное,Фасадные термопанели с клинкером,"Утепление и фасад. Завод в Выборге. Доставка в Приозерск, Сосново, Лосево. От 1 550 ₽",https://marmara-pro.ru?utm_source=yandex&utm_medium=cpc&utm_campaign=termopaneli_priozersk_cpa_search&utm_content=search&utm_term={PHRASE},-,-,-,-,Текстово-графический,Автоматический,0.00,1,0,0.00,-,1,0.00,100.00,0.67,148.52,67.33,2.00,2.00,100.00,1.00
"Приозерский район, Поиск   от 25-07-2026",713047408,27.08.2026,Приозерский район,5776633358,Автотаргетинг,,-,0,-,0,сколько панелей нужно для облицовки дома площадью 220 квадратных метров с панелью 3 на 3 метра площадь 1 панели 0 61 квадратных метра,Сопутствующие запросы,Запросы без упоминания брендов,-,,,,,Поиск,Спецразмещение,Не определено,Планшеты,Android,Wi-Fi,Женский,45-54 года,Остальные,Не определено,1916597733861553174,Активные,Комбинаторное,Фасадные термопанели с клинкером,Клинкерные термопанели с утеплителем. Свой завод в Выборге. Расчёт фасада за 1 день.,https://marmara-pro.ru?utm_source=yandex&utm_medium=cpc&utm_campaign=termopaneli_priozersk_cpa_search&utm_content=search&utm_term={PHRASE},-,-,-,-,Текстово-графический,Оригинальный,0.00,0,0,-,-,1,-,0.00,1.00,0.00,100.00,1.00,-,-,-
"Приозерский район, Поиск   от 25-07-2026",713047408,27.08.2026,Приозерский район,5776633358,Автотаргетинг,,-,0,-,0,технология отделки фасадов термопанелями,Сопутствующие запросы,Запросы без упоминания брендов,-,,,,,Поиск,Спецразмещение,Не определено,Десктопы,Не определён,Wi-Fi,Мужской,35-44 года,2–5%,Не определено,1916597733861553174,Активные,Комбинаторное,Фасадные термопанели с утеплителем от 1 550 ₽/панель,Клинкерный фасад без мокрых работ. Монтаж зимой до −15 °C. ППС и ППУ. Звоните!,https://marmara-pro.ru?utm_source=yandex&utm_medium=cpc&utm_campaign=termopaneli_priozersk_cpa_search&utm_content=search&utm_term={PHRASE},-,-,-,-,Текстово-графический,Автоматический,0.00,1,0,0.00,-,1,0.00,100.00,1.31,76.18,131.26,1.00,1.00,0.00,1.00
"Приозерский район, Поиск   от 25-07-2026",713047408,27.08.2026,Приозерский район,5776633358,Автотаргетинг,,-,0,-,0,толщина утеплителя для стен из газобетона 200мм,Сопутствующие запросы,Запросы без упоминания брендов,-,,,,,Поиск,Спецразмещение,Не определено,Смартфоны,Android,Wi-Fi,Мужской,Старше 55,Остальные,Не определено,1916597733861553174,Активные,Комбинаторное,Фасадные термопанели с утеплителем от 1 550 ₽/панель,Клинкерные термопанели с утеплителем. Свой завод в Выборге. Расчёт фасада за 1 день.,https://marmara-pro.ru?utm_source=yandex&utm_medium=cpc&utm_campaign=termopaneli_priozersk_cpa_search&utm_content=search&utm_term={PHRASE},-,-,-,-,Текстово-графический,Автоматический,0.00,0,0,-,-,1,-,0.00,1.05,0.00,105.47,1.00,-,-,-
"Приозерский район, Поиск   от 25-07-2026",713047408,27.08.2026,Приозерский район,5776633358,Автотаргетинг,,-,0,-,0,толщина утеплителя для стен из газобетона 200мм,Сопутствующие запросы,Запросы без упоминания брендов,-,,,,,Поиск,Прочее,Не определено,Смартфоны,Android,Wi-Fi,Мужской,Старше 55,Остальные,Не определено,1916597733861553174,Активные,Комбинаторное,Фасадные термопанели с утеплителем от 1 550 ₽/панель,Клинкерные термопанели с утеплителем. Свой завод в Выборге. Расчёт фасада за 1 день.,https://marmara-pro.ru?utm_source=yandex&utm_medium=cpc&utm_campaign=termopaneli_priozersk_cpa_search&utm_content=search&utm_term={PHRASE},-,-,-,-,Текстово-графический,Автоматический,0.00,0,0,-,-,1,-,0.00,1.00,0.00,100.00,5.00,-,-,-
"Приозерский район, Поиск   от 25-07-2026",713047408,27.08.2026,Приозерский район,5776633358,Автотаргетинг,,-,0,-,0,утеплить и облицевать дом в ленинградской области цена заказ,Сопутствующие запросы,Запросы без упоминания брендов,-,,,,,Поиск,Спецразмещение,Не определено,Смартфоны,Android,Wi-Fi,Женский,45-54 года,Остальные,Не определено,1916597733861553174,Активные,Комбинаторное,Термопанели для дома в Приозерске,"Утепление и фасад. Завод в Выборге. Доставка в Приозерск, Сосново, Лосево. От 1 550 ₽",https://marmara-pro.ru?utm_source=yandex&utm_medium=cpc&utm_campaign=termopaneli_priozersk_cpa_search&utm_content=search&utm_term={PHRASE},-,-,-,-,Текстово-графический,Автоматический,0.00,0,0,-,-,1,-,0.00,0.79,0.00,79.22,4.00,-,-,-
"Приозерский район, Поиск   от 25-07-2026",713047408,27.08.2026,Приозерский район,5776633358,Автотаргетинг,,-,0,-,0,фасадные термопанели для наружной отделки дома цена,Целевые запросы,Запросы без упоминания брендов,-,,,,,Поиск,Спецразмещение,Не определено,Смартфоны,Android,Wi-Fi,Женский,Старше 55,Остальные,Не определено,1916597733861553174,Активные,Комбинаторное,Термопанели для дома в Приозерске,"Утепление и фасад. Завод в Выборге. Доставка в Приозерск, Сосново, Лосево. От 1 550 ₽",https://marmara-pro.ru?utm_source=yandex&utm_medium=cpc&utm_campaign=termopaneli_priozersk_cpa_search&utm_content=search&utm_term={PHRASE},-,-,-,-,Текстово-графический,Автоматический,0.00,0,0,-,-,1,-,0.00,0.97,0.00,96.61,1.00,-,-,-
"Приозерский район, Поиск   от 25-07-2026",713047408,27.08.2026,Приозерский район,5776633358,Автотаргетинг,,-,0,-,0,хаус зашивка стен,Сопутствующие запросы,Запросы без упоминания брендов,-,,Термопанель Колорадо 1 (32 шт),,,Поиск,Прочее,Не определено,Смартфоны,iOS,Wi-Fi,Мужской,35-44 года,6–10%,Не определено,1918168175770350076,Активные,Страницы каталога,Термопанель Колорадо 1 (32 шт),Термопанели с клинкерной плиткой. Производство в Выборге. Доставка.,https://marmara-pro.ru/termo/tproduct/2229245581-133022576952-termopanel-kolorado-1-32-sht?utm_source=yandex&utm_medium=cpc&utm_campaign=termopaneli_priozersk_cpa_search&utm_content=search&utm_term={PHRASE},-,-,-,-,Текстово-графический,Автоматический,0.00,0,0,-,-,1,-,0.00,1.00,0.00,100.00,5.00,-,-,-
"Приозерский район, Поиск   от 25-07-2026",713047408,27.08.2026,Приозерский район,5776633358,Автотаргетинг,,-,0,-,0,хаус зашивка стен,Сопутствующие запросы,Запросы без упоминания брендов,-,,Термопанель Колорадо 4 (32 шт),,,Поиск,Спецразмещение,Не определено,Смартфоны,iOS,Wi-Fi,Мужской,35-44 года,6–10%,Не определено,1918168175770350076,Активные,Страницы каталога,Термопанель Колорадо 4 (32 шт),"Фасадная термопанель на основе пенополистирола плотностью 25 кг/м3, с клинкерной...",https://marmara-pro.ru/termo/tproduct/2229245581-395566131472-termopanel-kolorado-4-32-sht?utm_source=yandex&utm_medium=cpc&utm_campaign=termopaneli_priozersk_cpa_search&utm_content=search&utm_term={PHRASE},-,-,-,-,Текстово-графический,Оригинальный,0.00,0,0,-,-,1,-,0.00,1.00,0.00,100.00,-,-,-,-
"Приозерский район, Поиск   от 25-07-2026",713047408,27.08.2026,Приозерский район,5776633358,Автотаргетинг,,-,0,-,0,хаус зашивка стен,Сопутствующие запросы,Запросы без упоминания брендов,-,,Термопанель Колорадо 4 (32 шт),,,Поиск,Прочее,Не определено,Смартфоны,iOS,Wi-Fi,Мужской,35-44 года,6–10%,Не определено,1918168175770350076,Активные,Страницы каталога,Термопанель Колорадо 4 (32 шт),"Фасадная термопанель на основе пенополистирола плотностью 25 кг/м3, с клинкерной...",https://marmara-pro.ru/termo/tproduct/2229245581-395566131472-termopanel-kolorado-4-32-sht?utm_source=yandex&utm_medium=cpc&utm_campaign=termopaneli_priozersk_cpa_search&utm_content=search&utm_term={PHRASE},-,-,-,-,Текстово-графический,Автоматический,0.00,0,0,-,-,1,-,0.00,1.00,0.00,100.00,5.00,-,-,-
"Приозерский район, Поиск   от 25-07-2026",713047408,27.08.2026,Приозерский район,5776633358,Автотаргетинг,,-,0,-,0,хаус зашивка стен,Сопутствующие запросы,Запросы без упоминания брендов,-,,Термопанель Колорадо 5 (32 шт),,,Поиск,Спецразмещение,Не определено,Смартфоны,iOS,Wi-Fi,Мужской,35-44 года,6–10%,Не определено,1918168175770350076,Активные,Страницы каталога,Термопанель Колорадо 5 (32 шт),Термопанели с клинкерной плиткой. Производство в Выборге. Доставка.,https://marmara-pro.ru/termo/tproduct/2229245581-936117304142-termopanel-kolorado-5-32-sht?utm_source=yandex&utm_medium=cpc&utm_campaign=termopaneli_priozersk_cpa_search&utm_content=search&utm_term={PHRASE},-,-,-,-,Текстово-графический,Автоматический,0.00,0,0,-,-,1,-,0.00,0.80,0.00,80.41,1.00,-,-,-
Термопанели в Выборге,712773255,27.08.2026,Группа 1 - коммерческая,5773901452,Фраза,купить термопанели для фасада,-,0,-,0,купить термопанели для фасада в спб клинкерные имитация,Целевые запросы,Запросы без упоминания брендов,Пословное,,,,,Поиск,Товарная галерея,Не определено,Смартфоны,iOS,Wi-Fi,Мужской,45-54 года,2–5%,Не определено,1915802398259215246,Активные,Комбинаторное,Клинкерные термопанели - производство Выборг,Свое производство в Выборге. Приезжайте на образцы. Бесплатная доставка по району.,https://marmara-pro.ru?utm_content=commerce&utm_term={PHRASE},http://direct.yandex.ru/images/direct/5245050/6C6d0cQ-RdpqlPYUtMZQkw,пример 2.jpg,-,-,Текстово-графический,Оригинальный,0.00,0,0,-,-,1,-,0.00,0.19,0.00,19.36,9.00,-,-,-
Термопанели в Выборге,712773255,27.08.2026,Группа 1 - коммерческая,5773901452,Фраза,купить термопанели для фасада,-,0,-,0,купить термопанели для фасада в спб клинкерные имитация,Целевые запросы,Запросы без упоминания брендов,Пословное,,,,,Поиск,Товарная галерея,Не определено,Смартфоны,iOS,Wi-Fi,Мужской,45-54 года,2–5%,Не определено,1915802398259215246,Активные,Комбинаторное,Производитель термопанелей в Ленобласти,Клинкерная плитка+утеплитель в одной панели. Оплата в два этапа. Звоните!,https://marmara-pro.ru?utm_content=commerce&utm_term={PHRASE},http://direct.yandex.ru/images/direct/4298071/skS6Zjow652PazB91P1Ung,плитка 01.jpg,-,-,Текстово-графический,Оригинальный,0.00,0,0,-,-,1,-,0.00,1.14,0.00,114.33,1.00,-,-,-
Термопанели в Выборге,712773255,27.08.2026,Группа 1 - коммерческая,5773901452,Автотаргетинг,,-,0,-,0,,Не определено,-,-,,,,,Сети,Прочее,Не определено,Десктопы,Не определён,Wi-Fi,Мужской,45-54 года,Остальные,Не определено,1915802398259215246,Активные,Комбинаторное,Термопанели с клинкером - собственный завод в Выборге,Свое производство в Выборге. Приезжайте на образцы. Бесплатная доставка по району.,https://marmara-pro.ru?utm_content=commerce&utm_term={PHRASE},http://direct.yandex.ru/images/direct/4298071/skS6Zjow652PazB91P1Ung,плитка 01.jpg,1163322157,https://avatars.mds.yandex.net/get-media-adv-screenshooter/20941197/1d06a155-09ca-4034-b8a4-ad411694a4d7/orig,Текстово-графический,Оригинальный,0.00,0,0,-,-,1,-,0.00,1.00,0.00,100.00,-,-,-,-
Термопанели в Выборге,712773255,27.08.2026,Группа 1 - коммерческая,5773901452,Автотаргетинг,,-,0,-,0,,Не определено,-,-,,,,,Сети,Прочее,Не определено,Десктопы,Не определён,Wi-Fi,Женский,Старше 55,Остальные,Не определено,1915802398259215246,Активные,Комбинаторное,Производитель термопанелей в Ленобласти,Свое производство в Выборге. Приезжайте на образцы. Бесплатная доставка по району.,https://marmara-pro.ru?utm_content=commerce&utm_term={PHRASE},http://direct.yandex.ru/images/direct/5245050/6C6d0cQ-RdpqlPYUtMZQkw,пример 2.jpg,1163321614,https://avatars.mds.yandex.net/get-media-adv-screenshooter/20873747/75477b03-780e-4e10-adff-81a72fc688af/orig,Видео,Оригинальный,0.00,0,0,-,-,1,-,0.00,1.00,0.00,100.00,-,-,-,-
Термопанели в Выборге,712773255,27.08.2026,Группа 1 - коммерческая,5773901452,Автотаргетинг,,-,0,-,0,,Не определено,-,-,,,,,Сети,Прочее,Не определено,Смартфоны,iOS,Wi-Fi,Женский,25-34 года,Топ 1%,Не определено,1915802398259215246,Активные,Комбинаторное,Термопанели с клинкером - собственный завод в Выборге,Клинкерная плитка+утеплитель в одной панели. Оплата в два этапа. Звоните!,https://marmara-pro.ru?utm_content=commerce&utm_term={PHRASE},http://direct.yandex.ru/images/direct/4298071/skS6Zjow652PazB91P1Ung,плитка 01.jpg,1163322157,https://avatars.mds.yandex.net/get-media-adv-screenshooter/20941197/1d06a155-09ca-4034-b8a4-ad411694a4d7/orig,Текстово-графический,Автоматический,0.00,0,0,-,-,1,-,0.00,1.00,0.00,100.00,-,-,-,-
Термопанели в Выборге,712773255,27.08.2026,Группа 1 - коммерческая,5773901452,Автотаргетинг,,-,0,-,0,rkbyrthyst nthvjgfytkb d cg,Целевые запросы,Запросы без упоминания брендов,-,,,,,Поиск,Динамические места на поиске,Не определено,Десктопы,Не определён,Wi-Fi,Женский,Старше 55,Остальные,Не определено,1915802398259215246,Активные,Комбинаторное,Заголовок из контента поискового сниппета или настроек объявления,Текст из контента поискового сниппета или настроек объявления,https://marmara-pro.ru?utm_content=commerce&utm_term={PHRASE},-,-,-,-,Текстово-графический,Оригинальный,0.00,0,0,-,-,1,-,0.00,0.54,0.00,54.07,3.00,-,-,-
Термопанели в Выборге,712773255,27.08.2026,Группа 1 - коммерческая,5773901452,Автотаргетинг,,-,0,-,0,где недорого купить фасадные панели для обивки дома,Целевые запросы,Запросы без упоминания брендов,-,,,,,Поиск,Прочее,Не определено,Смартфоны,Android,Wi-Fi,Женский,Старше 55,Остальные,Не определено,1915802398259215246,Активные,Комбинаторное,Гарантия до 5 лет на термопанели,Свое производство в Выборге. Приезжайте на образцы. Бесплатная доставка по району.,https://marmara-pro.ru?utm_content=commerce&utm_term={PHRASE},-,-,-,-,Текстово-графический,Оригинальный,0.00,0,0,-,-,1,-,0.00,0.85,0.00,84.88,5.00,-,-,-
Термопанели в Выборге,712773255,27.08.2026,Группа 1 - коммерческая,5773901452,Автотаргетинг,,-,0,-,0,декоративные наружные панели,Целевые запросы,Запросы без упоминания брендов,-,,,,,Поиск,Прочее,Не определено,Смартфоны,iOS,Wi-Fi,Мужской,35-44 года,2–5%,Не определено,1915802398259215246,Активные,Комбинаторное,Термопанели с клинкером - собственный завод в Выборге,Свое производство в Выборге. Приезжайте на образцы. Бесплатная доставка по району.,https://marmara-pro.ru?utm_content=commerce&utm_term={PHRASE},-,-,-,-,Текстово-графический,Оригинальный,0.00,0,0,-,-,1,-,0.00,0.45,0.00,44.58,8.00,-,-,-
Термопанели в Выборге,712773255,27.08.2026,Группа 1 - коммерческая,5773901452,Автотаргетинг,,-,0,-,0,завод термопанелей спб,Целевые запросы,Запросы без упоминания брендов,-,,,,,Поиск,Прочее,Не определено,Смартфоны,iOS,Wi-Fi,Мужской,25-34 года,2–5%,Не определено,1915802398259215246,Активные,Комбинаторное,Производитель термопанелей в Ленобласти,Свое производство в Выборге. Приезжайте на образцы. Бесплатная доставка по району.,https://marmara-pro.ru?utm_content=commerce&utm_term={PHRASE},-,-,-,-,Текстово-графический,Оригинальный,0.00,0,0,-,-,1,-,0.00,1.00,0.00,100.17,5.00,-,-,-
Термопанели в Выборге,712773255,27.08.2026,Группа 1 - коммерческая,5773901452,Автотаргетинг,,-,0,-,0,производство термопанелей,Целевые запросы,Запросы без упоминания брендов,-,,,,,Поиск,Спецразмещение,Не определено,Десктопы,Не определён,Wi-Fi,Мужской,35-44 года,Остальные,Не определено,1915802398259215246,Активные,Комбинаторное,Производитель термопанелей в Ленобласти,Без посредников - завод. 60+ видов декора. Доставка по Ленобласти.,https://marmara-pro.ru?utm_content=commerce&utm_term={PHRASE},-,-,-,-,Текстово-графический,Автоматический,0.00,1,0,0.00,-,1,0.00,100.00,0.43,232.34,43.04,4.00,4.00,0.00,1.50
Термопанели в Выборге,712773255,27.08.2026,Группа 1 - коммерческая,5773901452,Автотаргетинг,,-,0,-,0,термопанель под камень,Целевые запросы,Запросы без упоминания брендов,-,,,,,Поиск,Прочее,Не определено,Смартфоны,Android,Wi-Fi,Мужской,45-54 года,6–10%,Не определено,1915802398259215246,Активные,Комбинаторное,Производитель термопанелей в Ленобласти,Свое производство в Выборге. Приезжайте на образцы. Бесплатная доставка по району.,https://marmara-pro.ru?utm_content=commerce&utm_term={PHRASE},-,-,-,-,Текстово-графический,Оригинальный,0.00,0,0,-,-,1,-,0.00,0.45,0.00,44.58,8.00,-,-,-
Термопанели в Выборге,712773255,27.08.2026,Группа 1 - коммерческая,5773901452,Автотаргетинг,,-,0,-,0,термопанель под камень,Целевые запросы,Запросы без упоминания брендов,-,,,,,Поиск,Товарная галерея,Не определено,Смартфоны,Android,Wi-Fi,Мужской,45-54 года,6–10%,Не определено,1915802398259215246,Активные,Комбинаторное,Производитель термопанелей в Ленобласти,Свое производство в Выборге. Приезжайте на образцы. Бесплатная доставка по району.,https://marmara-pro.ru?utm_content=commerce&utm_term={PHRASE},http://direct.yandex.ru/images/direct/4298071/skS6Zjow652PazB91P1Ung,плитка 01.jpg,-,-,Текстово-графический,Оригинальный,0.00,0,0,-,-,1,-,0.00,0.17,0.00,16.68,10.00,-,-,-
Термопанели в Выборге,712773255,27.08.2026,Группа 1 - коммерческая,5773901452,Автотаргетинг,,-,0,-,0,утеплитель для стен снаружи деревянного дома,Целевые запросы,Запросы без упоминания брендов,-,,,,,Поиск,Товарная галерея,Не определено,Смартфоны,iOS,Wi-Fi,Мужской,25-34 года,6–10%,Не определено,1915802398259215246,Активные,Комбинаторное,"Термопанели в Выборге - завод на Ленина, 11",Свое производство в Выборге. Приезжайте на образцы. Бесплатная доставка по району.,https://marmara-pro.ru?utm_content=commerce&utm_term={PHRASE},http://direct.yandex.ru/images/direct/6195656/qVbV_RGwHrqBiQiD1NgoCw,бейджик (1).jpg,-,-,Текстово-графический,Оригинальный,0.00,0,0,-,-,1,-,0.00,0.05,0.00,5.12,23.00,-,-,-
Термопанели в Выборге,712773255,27.08.2026,Группа 1 - коммерческая,5773901452,Автотаргетинг,,-,0,-,0,фасадные панели,Целевые запросы,Запросы без упоминания брендов,-,,,,,Поиск,Прочее,Не определено,Десктопы,Не определён,Wi-Fi,Женский,45-54 года,Остальные,Не определено,1915802398259215246,Активные,Комбинаторное,Производитель термопанелей в Ленобласти,Клинкерная плитка+утеплитель в одной панели. Оплата в два этапа. Звоните!,https://marmara-pro.ru?utm_content=commerce&utm_term={PHRASE},-,-,-,-,Текстово-графический,Оригинальный,0.00,0,0,-,-,1,-,0.00,0.45,0.00,44.58,8.00,-,-,-
Термопанели в Выборге,712773255,27.08.2026,Группа 1 - коммерческая,5773901452,Автотаргетинг,,-,0,-,0,фасадные термопанели ст ивановская,Целевые запросы,Запросы без упоминания брендов,-,,,,,Поиск,Прочее,Не определено,Десктопы,Не определён,Wi-Fi,Мужской,45-54 года,2–5%,Не определено,1915802398259215246,Активные,Комбинаторное,Термопанели с клинкером - собственный завод в Выборге,Без посредников - завод. 60+ видов декора. Доставка по Ленобласти.,https://marmara-pro.ru?utm_content=commerce&utm_term={PHRASE},-,-,-,-,Текстово-графический,Оригинальный,0.00,0,0,-,-,1,-,0.00,0.65,0.00,64.58,6.00,-,-,-
Термопанели в Выборге,712773255,27.08.2026,Группа 1 - коммерческая,5773901452,Автотаргетинг,,-,0,-,0,цокольные термопанели,Целевые запросы,Запросы без упоминания брендов,-,,,,,Поиск,Прочее,Не определено,Смартфоны,Android,Wi-Fi,Женский,45-54 года,Остальные,Не определено,1915802398259215246,Активные,Комбинаторное,"Термопанели в Выборге - завод на Ленина, 11",Свое производство в Выборге. Приезжайте на образцы. Бесплатная доставка по району.,https://marmara-pro.ru?utm_content=commerce&utm_term={PHRASE},-,-,-,-,Текстово-графический,Оригинальный,0.00,0,0,-,-,1,-,0.00,0.85,0.00,84.88,5.00,-,-,-
Термопанели в Выборге,712773255,27.08.2026,Группа 2 - Гео (ключевая),5773898865,Автотаргетинг,,-,0,-,0,,Не определено,-,-,,,,,Сети,Прочее,Не определено,Десктопы,Не определён,Wi-Fi,Мужской,Старше 55,Остальные,Не определено,1915800871397818629,Активные,Комбинаторное,"Термопанели в Выборге - завод на Ленина, 11",Клинкерная плитка+утеплитель в одной панели. Оплата в два этапа. Звоните!,https://marmara-pro.ru?utm_content=zavod&utm_term={PHRASE},http://direct.yandex.ru/images/direct/4298071/skS6Zjow652PazB91P1Ung,плитка 01.jpg,1163321614,https://avatars.mds.yandex.net/get-media-adv-screenshooter/20873747/75477b03-780e-4e10-adff-81a72fc688af/orig,Карусель,Оригинальный,0.00,0,0,-,-,1,-,0.00,1.00,0.00,100.00,-,-,-,-
Термопанели в Выборге,712773255,27.08.2026,Группа 2 - Гео (ключевая),5773898865,Автотаргетинг,,-,0,-,0,,Не определено,-,-,,,,,Сети,Прочее,Не определено,Смартфоны,iOS,Wi-Fi,Мужской,Старше 55,Остальные,Не определено,1915800871397818629,Активные,Комбинаторное,Термопанели с клинкером - собственный завод в Выборге,Без посредников - завод. 60+ видов декора. Доставка по Ленобласти.,https://marmara-pro.ru?utm_content=zavod&utm_term={PHRASE},http://direct.yandex.ru/images/direct/5250956/5XPY7aqvM1xRQF8e4uTrqg,карусель 4-3_06.jpg,1163322157,https://avatars.mds.yandex.net/get-media-adv-screenshooter/20941197/1d06a155-09ca-4034-b8a4-ad411694a4d7/orig,Видео,Оригинальный,0.00,0,0,-,-,1,-,0.00,1.00,0.00,100.00,-,-,-,-
Термопанели в Выборге,712773255,27.08.2026,Группа 2 - Гео (ключевая),5773898865,Автотаргетинг,,-,0,-,0,3 д панели под камень,Целевые запросы,Запросы без упоминания брендов,-,,,,,Поиск,Прочее,Не определено,Смартфоны,Android,Wi-Fi,Женский,Старше 55,Остальные,Не определено,1915800871397818629,Активные,Комбинаторное,"Термопанели в Выборге - завод на Ленина, 11",Без посредников - завод. 60+ видов декора. Доставка по Ленобласти.,https://marmara-pro.ru?utm_content=zavod&utm_term={PHRASE},-,-,-,-,Текстово-графический,Оригинальный,0.00,0,0,-,-,1,-,0.00,0.45,0.00,44.58,8.00,-,-,-
Термопанели в Выборге,712773255,27.08.2026,Группа 2 - Гео (ключевая),5773898865,Автотаргетинг,,-,0,-,0,купить сэндвич панели в гатчине 40мм,Целевые запросы,Запросы без упоминания брендов,-,,,,,Поиск,Прочее,Не определено,Десктопы,Не определён,Мобильная связь,Мужской,35-44 года,Остальные,Не определено,1915800871397818629,Активные,Комбинаторное,Гарантия до 5 лет на термопанели,Без посредников - завод. 60+ видов декора. Доставка по Ленобласти.,https://marmara-pro.ru?utm_content=zavod&utm_term={PHRASE},-,-,-,-,Текстово-графический,Оригинальный,0.00,0,0,-,-,1,-,0.00,0.55,0.00,54.58,7.00,-,-,-
Термопанели в Выборге,712773255,27.08.2026,Группа 2 - Гео (ключевая),5773898865,Автотаргетинг,,-,0,-,0,панели для утепления дома под доску,Целевые запросы,Запросы без упоминания брендов,-,,,,,Поиск,Товарная галерея,Не определено,Смартфоны,iOS,Wi-Fi,Женский,25-34 года,Остальные,Не определено,1915800871397818629,Активные,Комбинаторное,Клинкерные термопанели - производство Выборг,Без посредников - завод. 60+ видов декора. Доставка по Ленобласти.,https://marmara-pro.ru?utm_content=zavod&utm_term={PHRASE},http://direct.yandex.ru/images/direct/6195656/qVbV_RGwHrqBiQiD1NgoCw,бейджик (1).jpg,-,-,Текстово-графический,Оригинальный,0.00,0,0,-,-,1,-,0.00,0.25,0.00,25.35,7.00,-,-,-
Термопанели в Выборге,712773255,27.08.2026,Группа 2 - Гео (ключевая),5773898865,Автотаргетинг,,-,0,-,0,термопанели для наружной отделки дома цена,Узкие запросы,Запросы без упоминания брендов,-,,,,,Поиск,Спецразмещение,Не определено,Десктопы,Не определён,Wi-Fi,Женский,35-44 года,Остальные,Не определено,1915800871397818629,Активные,Комбинаторное,Производитель термопанелей в Ленобласти,Свое производство в Выборге. Приезжайте на образцы. Бесплатная доставка по району.,https://marmara-pro.ru?utm_content=zavod&utm_term={PHRASE},-,-,-,-,Текстово-графический,Автоматический,0.00,1,0,0.00,-,1,0.00,100.00,0.53,188.83,52.96,4.00,4.00,0.00,1.00
Термопанели в Выборге,712773255,27.08.2026,Группа 2 - Гео (ключевая),5773898865,Автотаргетинг,,-,0,-,0,термопанели имитация камня,Целевые запросы,Запросы без упоминания брендов,-,,,,,Поиск,Прочее,Не определено,Смартфоны,Android,Wi-Fi,Мужской,45-54 года,6–10%,Не определено,1915800871397818629,Активные,Комбинаторное,Термопанели с клинкером - собственный завод в Выборге,Свое производство в Выборге. Приезжайте на образцы. Бесплатная доставка по району.,https://marmara-pro.ru?utm_content=zavod&utm_term={PHRASE},-,-,-,-,Текстово-графический,Оригинальный,0.00,0,0,-,-,1,-,0.00,0.45,0.00,44.58,8.00,-,-,-
Термопанели в Выборге,712773255,27.08.2026,Группа 2 - Гео (ключевая),5773898865,Автотаргетинг,,-,0,-,0,фасадная плитка,Целевые запросы,Запросы без упоминания брендов,-,,,,,Поиск,Товарная галерея,Не определено,Смартфоны,Android,Мобильная связь,Мужской,25-34 года,Остальные,Не определено,1915800871397818629,Активные,Комбинаторное,Клинкерные термопанели - производство Выборг,Без посредников - завод. 60+ видов декора. Доставка по Ленобласти.,https://marmara-pro.ru?utm_content=zavod&utm_term={PHRASE},http://direct.yandex.ru/images/direct/6195656/qVbV_RGwHrqBiQiD1NgoCw,бейджик (1).jpg,-,-,Текстово-графический,Оригинальный,0.00,0,0,-,-,1,-,0.00,0.32,0.00,31.70,7.00,-,-,-
Термопанели в Выборге,712773255,27.08.2026,Группа 3 - клинкер (продуктовая),5773902142,Фраза,"термопанели с клинкерной плиткой",-,0,-,0,термопанели с клинкерной плиткой,Целевые запросы,Запросы без упоминания брендов,Пословное,,,,,Поиск,Прочее,Не определено,Смартфоны,iOS,Wi-Fi,Мужской,25-34 года,2–5%,Не определено,1915802914729060647,Активные,Комбинаторное,Клинкерные термопанели - производство Выборг,Без посредников - завод. 60+ видов декора. Доставка по Ленобласти.,https://marmara-pro.ru?utm_content=product&utm_term={PHRASE},-,-,-,-,Текстово-графический,Оригинальный,0.00,0,0,-,-,1,-,0.00,0.25,0.00,25.29,12.00,-,-,-
Термопанели в Выборге,712773255,27.08.2026,Группа 3 - клинкер (продуктовая),5773902142,Фраза,"термопанели с клинкерной плиткой",-,0,-,0,термопанели с клинкерной плиткой,Целевые запросы,Запросы без упоминания брендов,Пословное,,,,,Поиск,Прочее,Не определено,Смартфоны,iOS,Wi-Fi,Мужской,25-34 года,2–5%,Не определено,1915802914729060647,Активные,Комбинаторное,Термопанели с клинкером - собственный завод в Выборге,Без посредников - завод. 60+ видов декора. Доставка по Ленобласти.,https://marmara-pro.ru?utm_content=product&utm_term={PHRASE},-,-,-,-,Текстово-графический,Оригинальный,0.00,0,0,-,-,2,-,0.00,0.51,0.00,25.29,12.00,-,-,-
Термопанели в Выборге,712773255,27.08.2026,Группа 3 - клинкер (продуктовая),5773902142,Фраза,"термопанели с клинкерной плиткой",-,0,-,0,термопанели с клинкерной плиткой,Целевые запросы,Запросы без упоминания брендов,Пословное,,,,,Поиск,Прочее,Не определено,Смартфоны,iOS,Wi-Fi,Мужской,25-34 года,2–5%,Не определено,1915802914729060647,Активные,Комбинаторное,Термопанели с клинкером - собственный завод в Выборге,Клинкерная плитка+утеплитель в одной панели. Оплата в два этапа. Звоните!,https://marmara-pro.ru?utm_content=product&utm_term={PHRASE},-,-,-,-,Текстово-графический,Оригинальный,0.00,0,0,-,-,1,-,0.00,0.25,0.00,25.29,12.00,-,-,-
Термопанели в Выборге,712773255,27.08.2026,Группа 3 - клинкер (продуктовая),5773902142,Фраза,"термопанели с клинкерной плиткой",-,0,-,0,термопанели с клинкерной плиткой,Целевые запросы,Запросы без упоминания брендов,Пословное,,,,,Поиск,Прочее,Не определено,Смартфоны,iOS,Wi-Fi,Мужской,25-34 года,2–5%,Не определено,1915802914729060647,Активные,Комбинаторное,Термопанели с клинкером - собственный завод в Выборге,Свое производство в Выборге. Приезжайте на образцы. Бесплатная доставка по району.,https://marmara-pro.ru?utm_content=product&utm_term={PHRASE},-,-,-,-,Текстово-графический,Оригинальный,0.00,0,0,-,-,1,-,0.00,0.25,0.00,25.29,12.00,-,-,-
Термопанели в Выборге,712773255,27.08.2026,Группа 3 - клинкер (продуктовая),5773902142,Фраза,"термопанели с клинкерной плиткой",-,0,-,0,термопанели с клинкерной плиткой,Широкие запросы,Запросы без упоминания брендов,Пословное,,,,,Поиск,Прочее,Не определено,Смартфоны,iOS,Wi-Fi,Мужской,25-34 года,2–5%,Не определено,1915802914729060647,Активные,Комбинаторное,"Термопанели в Выборге - завод на Ленина, 11",Клинкерная плитка+утеплитель в одной панели. Оплата в два этапа. Звоните!,https://marmara-pro.ru?utm_content=product&utm_term={PHRASE},-,-,-,-,Текстово-графический,Оригинальный,0.00,0,0,-,-,1,-,0.00,0.25,0.00,25.29,12.00,-,-,-
Термопанели в Выборге,712773255,27.08.2026,Группа 3 - клинкер (продуктовая),5773902142,Автотаргетинг,,-,0,-,0,,Не определено,-,-,,,,,Сети,Прочее,Не определено,Десктопы,Не определён,Wi-Fi,Мужской,35-44 года,Остальные,Не определено,1915802914729060647,Активные,Комбинаторное,Термопанели с клинкером - собственный завод в Выборге,Без посредников - завод. 60+ видов декора. Доставка по Ленобласти.,https://marmara-pro.ru?utm_content=product&utm_term={PHRASE},http://direct.yandex.ru/images/direct/5442016/qtxMfdimB3EKymbW9TWLzQ,термопанель.png,1163321614,https://avatars.mds.yandex.net/get-media-adv-screenshooter/20873747/75477b03-780e-4e10-adff-81a72fc688af/orig,Видео,Автоматический,0.00,0,0,-,-,5,-,0.00,5.00,0.00,100.00,-,-,-,-
Термопанели в Выборге,712773255,27.08.2026,Группа 3 - клинкер (продуктовая),5773902142,Автотаргетинг,,-,0,-,0,,Не определено,-,-,,,,,Сети,Прочее,Не определено,Десктопы,Не определён,Wi-Fi,Мужской,Старше 55,Остальные,Не определено,1915802914729060647,Активные,Комбинаторное,Термопанели с клинкером - собственный завод в Выборге,Без посредников - завод. 60+ видов декора. Доставка по Ленобласти.,https://marmara-pro.ru?utm_content=product&utm_term={PHRASE},http://direct.yandex.ru/images/direct/5442016/qtxMfdimB3EKymbW9TWLzQ,термопанель.png,1163321614,https://avatars.mds.yandex.net/get-media-adv-screenshooter/20873747/75477b03-780e-4e10-adff-81a72fc688af/orig,Текстово-графический,Оригинальный,0.00,0,0,-,-,1,-,0.00,1.00,0.00,100.00,-,-,-,-
Термопанели в Выборге,712773255,27.08.2026,Группа 3 - клинкер (продуктовая),5773902142,Автотаргетинг,,-,0,-,0,,Не определено,-,-,,,,,Сети,Прочее,Не определено,Десктопы,Не определён,Wi-Fi,Мужской,Старше 55,6–10%,Не определено,1915802914729060647,Активные,Комбинаторное,Термопанели с клинкером - собственный завод в Выборге,Без посредников - завод. 60+ видов декора. Доставка по Ленобласти.,https://marmara-pro.ru?utm_content=product&utm_term={PHRASE},http://direct.yandex.ru/images/direct/4298071/skS6Zjow652PazB91P1Ung,плитка 01.jpg,1163322157,https://avatars.mds.yandex.net/get-media-adv-screenshooter/20941197/1d06a155-09ca-4034-b8a4-ad411694a4d7/orig,Текстово-графический,Оригинальный,0.00,0,0,-,-,1,-,0.00,1.00,0.00,100.00,-,-,-,-
Термопанели в Выборге,712773255,27.08.2026,Группа 3 - клинкер (продуктовая),5773902142,Автотаргетинг,,-,0,-,0,,Не определено,-,-,,,,,Сети,Прочее,Не определено,Десктопы,Не определён,Wi-Fi,Женский,45-54 года,Остальные,Не определено,1915802914729060647,Активные,Комбинаторное,Термопанели с клинкером - собственный завод в Выборге,Без посредников - завод. 60+ видов декора. Доставка по Ленобласти.,https://marmara-pro.ru?utm_content=product&utm_term={PHRASE},http://direct.yandex.ru/images/direct/5442016/qtxMfdimB3EKymbW9TWLzQ,термопанель.png,1163321614,https://avatars.mds.yandex.net/get-media-adv-screenshooter/20873747/75477b03-780e-4e10-adff-81a72fc688af/orig,Видео,Оригинальный,0.00,0,0,-,-,1,-,0.00,1.00,0.00,100.00,-,-,-,-
Термопанели в Выборге,712773255,27.08.2026,Группа 3 - клинкер (продуктовая),5773902142,Автотаргетинг,,-,0,-,0,,Не определено,-,-,,,,,Сети,Прочее,Не определено,Смартфоны,Android,Wi-Fi,Мужской,45-54 года,Остальные,Не определено,1915802914729060647,Активные,Комбинаторное,Термопанели с клинкером - собственный завод в Выборге,Без посредников - завод. 60+ видов декора. Доставка по Ленобласти.,https://marmara-pro.ru?utm_content=product&utm_term={PHRASE},http://direct.yandex.ru/images/direct/5442016/qtxMfdimB3EKymbW9TWLzQ,термопанель.png,1163321614,https://avatars.mds.yandex.net/get-media-adv-screenshooter/20873747/75477b03-780e-4e10-adff-81a72fc688af/orig,Текстово-графический,Оригинальный,0.00,0,0,-,-,1,-,0.00,1.00,0.00,100.00,-,-,-,-
Термопанели в Выборге,712773255,27.08.2026,Группа 3 - клинкер (продуктовая),5773902142,Автотаргетинг,,-,0,-,0,,Не определено,-,-,,,,,Сети,Прочее,Не определено,Смартфоны,Android,Wi-Fi,Мужской,45-54 года,Остальные,Не определено,1915802914729060647,Активные,Комбинаторное,Термопанели с клинкером - собственный завод в Выборге,Без посредников - завод. 60+ видов декора. Доставка по Ленобласти.,https://marmara-pro.ru?utm_content=product&utm_term={PHRASE},http://direct.yandex.ru/images/direct/5442016/qtxMfdimB3EKymbW9TWLzQ,термопанель.png,1163321614,https://avatars.mds.yandex.net/get-media-adv-screenshooter/20873747/75477b03-780e-4e10-adff-81a72fc688af/orig,Видео,Автоматический,0.00,0,0,-,-,1,-,0.00,1.00,0.00,100.00,-,-,-,-
Термопанели в Выборге,712773255,27.08.2026,Группа 3 - клинкер (продуктовая),5773902142,Автотаргетинг,,-,0,-,0,,Не определено,-,-,,,,,Сети,Прочее,Не определено,Смартфоны,Android,Wi-Fi,Женский,45-54 года,Остальные,Не определено,1915802914729060647,Активные,Комбинаторное,Термопанели с клинкером - собственный завод в Выборге,Без посредников - завод. 60+ видов декора. Доставка по Ленобласти.,https://marmara-pro.ru?utm_content=product&utm_term={PHRASE},http://direct.yandex.ru/images/direct/5442016/qtxMfdimB3EKymbW9TWLzQ,термопанель.png,1163321614,https://avatars.mds.yandex.net/get-media-adv-screenshooter/20873747/75477b03-780e-4e10-adff-81a72fc688af/orig,Текстово-графический,Автоматический,0.00,0,0,-,-,1,-,0.00,1.00,0.00,100.00,-,-,-,-
Термопанели в Выборге,712773255,27.08.2026,Группа 3 - клинкер (продуктовая),5773902142,Автотаргетинг,,-,0,-,0,,Не определено,-,-,,,,,Сети,Прочее,Не определено,Смартфоны,Android,Wi-Fi,Женский,45-54 года,Остальные,Не определено,1915802914729060647,Активные,Комбинаторное,Термопанели с клинкером - собственный завод в Выборге,Без посредников - завод. 60+ видов декора. Доставка по Ленобласти.,https://marmara-pro.ru?utm_content=product&utm_term={PHRASE},http://direct.yandex.ru/images/direct/5442016/qtxMfdimB3EKymbW9TWLzQ,термопанель.png,1163321614,https://avatars.mds.yandex.net/get-media-adv-screenshooter/20873747/75477b03-780e-4e10-adff-81a72fc688af/orig,Текстово-графический,Оригинальный,0.00,0,0,-,-,1,-,0.00,1.00,0.00,100.00,-,-,-,-
Термопанели в Выборге,712773255,27.08.2026,Группа 3 - клинкер (продуктовая),5773902142,Автотаргетинг,,-,0,-,0,,Не определено,-,-,,,,,Сети,Прочее,Не определено,Смартфоны,iOS,Wi-Fi,Женский,Старше 55,Остальные,Не определено,1915802914729060647,Активные,Комбинаторное,Термопанели с клинкером - собственный завод в Выборге,Без посредников - завод. 60+ видов декора. Доставка по Ленобласти.,https://marmara-pro.ru?utm_content=product&utm_term={PHRASE},http://direct.yandex.ru/images/direct/5442016/qtxMfdimB3EKymbW9TWLzQ,термопанель.png,1163321614,https://avatars.mds.yandex.net/get-media-adv-screenshooter/20873747/75477b03-780e-4e10-adff-81a72fc688af/orig,Видео,Оригинальный,0.00,0,0,-,-,1,-,0.00,1.00,0.00,100.00,-,-,-,-
Термопанели в Выборге,712773255,27.08.2026,Группа 3 - клинкер (продуктовая),5773902142,Автотаргетинг,,-,0,-,0,,Не определено,-,-,,,,,Сети,Прочее,Не определено,Планшеты,Android,Wi-Fi,Мужской,Старше 55,Остальные,Не определено,1915802914729060647,Активные,Комбинаторное,Термопанели с клинкером - собственный завод в Выборге,Без посредников - завод. 60+ видов декора. Доставка по Ленобласти.,https://marmara-pro.ru?utm_content=product&utm_term={PHRASE},http://direct.yandex.ru/images/direct/5442016/qtxMfdimB3EKymbW9TWLzQ,термопанель.png,1163321614,https://avatars.mds.yandex.net/get-media-adv-screenshooter/20873747/75477b03-780e-4e10-adff-81a72fc688af/orig,Видео,Оригинальный,0.00,0,0,-,-,1,-,0.00,1.00,0.00,100.00,-,-,-,-
Термопанели в Выборге,712773255,27.08.2026,Группа 3 - клинкер (продуктовая),5773902142,Автотаргетинг,,-,0,-,0,купить сэндвич панели в гатчине 40мм,Целевые запросы,Запросы без упоминания брендов,-,,,,,Поиск,Прочее,Не определено,Десктопы,Не определён,Мобильная связь,Мужской,35-44 года,Остальные,Не определено,1915802914729060647,Активные,Комбинаторное,Гарантия до 5 лет на термопанели,Свое производство в Выборге. Приезжайте на образцы. Бесплатная доставка по району.,https://marmara-pro.ru?utm_content=product&utm_term={PHRASE},-,-,-,-,Текстово-графический,Оригинальный,0.00,0,0,-,-,1,-,0.00,0.55,0.00,54.58,7.00,-,-,-
Термопанели в Выборге,712773255,27.08.2026,Группа 3 - клинкер (продуктовая),5773902142,Автотаргетинг,,-,0,-,0,панели для утепления дома под доску,Целевые запросы,Запросы без упоминания брендов,-,,,,,Поиск,Прочее,Не определено,Смартфоны,iOS,Wi-Fi,Женский,25-34 года,Остальные,Не определено,1915802914729060647,Активные,Комбинаторное,Производитель термопанелей в Ленобласти,Свое производство в Выборге. Приезжайте на образцы. Бесплатная доставка по району.,https://marmara-pro.ru?utm_content=product&utm_term={PHRASE},-,-,-,-,Текстово-графический,Оригинальный,0.00,0,0,-,-,1,-,0.00,0.55,0.00,54.58,7.00,-,-,-
Термопанели в Выборге,712773255,27.08.2026,Группа 3 - клинкер (продуктовая),5773902142,Автотаргетинг,,-,0,-,0,термопанели для наружной отделки дома,Целевые запросы,Запросы без упоминания брендов,-,,,,,Поиск,Прочее,Не определено,Смартфоны,Android,Wi-Fi,Женский,Старше 55,Остальные,Не определено,1915802914729060647,Активные,Комбинаторное,"Термопанели в Выборге - завод на Ленина, 11",Без посредников - завод. 60+ видов декора. Доставка по Ленобласти.,https://marmara-pro.ru?utm_content=product&utm_term={PHRASE},-,-,-,-,Текстово-графический,Автоматический,0.00,0,0,-,-,1,-,0.00,0.65,0.00,64.58,6.00,-,-,-
Термопанели в Выборге,712773255,27.08.2026,Группа 3 - клинкер (продуктовая),5773902142,Автотаргетинг,,-,0,-,0,термопанели для наружной отделки дома цена,Узкие запросы,Запросы без упоминания брендов,-,,,,,Поиск,Прочее,Не определено,Десктопы,Не определён,Wi-Fi,Мужской,18-24 года,6–10%,Не определено,1915802914729060647,Активные,Комбинаторное,Производитель термопанелей в Ленобласти,Свое производство в Выборге. Приезжайте на образцы. Бесплатная доставка по району.,https://marmara-pro.ru?utm_content=product&utm_term={PHRASE},-,-,-,-,Текстово-графический,Оригинальный,0.00,0,0,-,-,1,-,0.00,0.05,0.00,5.19,8.00,-,-,-
Термопанели в Выборге,712773255,27.08.2026,Группа 3 - клинкер (продуктовая),5773902142,Автотаргетинг,,-,0,-,0,фасадные термопанели,Целевые запросы,Запросы без упоминания брендов,-,,,,,Поиск,Товарная галерея,Не определено,Десктопы,Не определён,Wi-Fi,Мужской,45-54 года,2–5%,Не определено,1915802914729060647,Активные,Комбинаторное,Термопанели с клинкером - собственный завод в Выборге,Свое производство в Выборге. Приезжайте на образцы. Бесплатная доставка по району.,https://marmara-pro.ru?utm_content=product&utm_term={PHRASE},http://direct.yandex.ru/images/direct/5250956/5XPY7aqvM1xRQF8e4uTrqg,карусель 4-3_06.jpg,-,-,Текстово-графический,Оригинальный,0.00,0,0,-,-,1,-,0.00,0.31,0.00,30.99,8.00,-,-,-
Термопанели в Выборге,712773255,27.08.2026,Группа 3 - клинкер (продуктовая),5773902142,Автотаргетинг,,-,0,-,0,фасадные термопанели ст ивановская,Целевые запросы,Запросы без упоминания брендов,-,,,,,Поиск,Товарная галерея,Не определено,Десктопы,Не определён,Wi-Fi,Мужской,45-54 года,2–5%,Не определено,1915802914729060647,Активные,Комбинаторное,Термопанели с клинкером - собственный завод в Выборге,Свое производство в Выборге. Приезжайте на образцы. Бесплатная доставка по району.,https://marmara-pro.ru?utm_content=product&utm_term={PHRASE},http://direct.yandex.ru/images/direct/6195656/qVbV_RGwHrqBiQiD1NgoCw,бейджик (1).jpg,-,-,Текстово-графический,Оригинальный,0.00,0,0,-,-,1,-,0.00,0.36,0.00,35.97,7.00,-,-,-
Термопанели в Выборге,712773255,27.08.2026,Термопанели (Лен. область),5773097196,Автотаргетинг,,-,0,-,0,,Не определено,-,-,,,,,Сети,Прочее,Не определено,Смартфоны,iOS,Wi-Fi,Женский,25-34 года,Топ 1%,Не определено,1915608023072927866,Активные,Комбинаторное,Термопанели с клинкером. Свое производство в Выборге,"Термопанели с клинкером. Собственное производство, своя цена, нет посредников.",https://marmara-pro.ru?utm_content=geo&utm_term={PHRASE},http://direct.yandex.ru/images/direct/4298071/skS6Zjow652PazB91P1Ung,плитка 01.jpg,1163322157,https://avatars.mds.yandex.net/get-media-adv-screenshooter/20941197/1d06a155-09ca-4034-b8a4-ad411694a4d7/orig,Видео,Оригинальный,0.00,1,0,0.00,-,1,0.00,100.00,1.00,100.00,100.00,-,-,0.00,4.00
Термопанели в Выборге,712773255,27.08.2026,Термопанели (Лен. область),5773097196,Автотаргетинг,,-,0,-,0,виды фасадов для частных домов каркасных,Целевые запросы,Запросы без упоминания брендов,-,,,,,Поиск,Прочее,Не определено,Смартфоны,Android,Wi-Fi,Мужской,45-54 года,Остальные,Не определено,1915608023072927866,Активные,Комбинаторное,Термопанели с клинкерной плиткой. Производство в Выборге,"Термопанели с клинкером. Собственное производство, своя цена, нет посредников.",https://marmara-pro.ru?utm_content=geo&utm_term={PHRASE},-,-,-,-,Текстово-графический,Автоматический,0.00,0,0,-,-,1,-,0.00,0.45,0.00,44.58,8.00,-,-,-
Термопанели в Выборге,712773255,27.08.2026,Термопанели (Лен. область),5773097196,Автотаргетинг,,-,0,-,0,где недорого купить фасадные панели для обивки дома,Целевые запросы,Запросы без упоминания брендов,-,,,,,Поиск,Прочее,Не определено,Смартфоны,Android,Wi-Fi,Женский,Старше 55,Остальные,Не определено,1915608023072927866,Активные,Комбинаторное,Термопанели с клинкерной плиткой. Производство в Выборге,"Термопанели с клинкером. Собственное производство, своя цена, нет посредников.",https://marmara-pro.ru?utm_content=geo&utm_term={PHRASE},-,-,-,-,Текстово-графический,Автоматический,0.00,0,0,-,-,1,-,0.00,0.55,0.00,54.58,7.00,-,-,-
Термопанели в Выборге,712773255,27.08.2026,Термопанели (Лен. область),5773097196,Автотаргетинг,,-,0,-,0,где недорого купить фасадные панели для обивки дома,Целевые запросы,Запросы без упоминания брендов,-,,,,,Поиск,Товарная галерея,Не определено,Смартфоны,Android,Wi-Fi,Женский,Старше 55,Остальные,Не определено,1915608023072927866,Активные,Комбинаторное,Термопанели с клинкерной плиткой. Производство в Выборге,"Термопанели с клинкером. Собственное производство, своя цена, нет посредников.",https://marmara-pro.ru?utm_content=geo&utm_term={PHRASE},http://direct.yandex.ru/images/direct/5250956/5XPY7aqvM1xRQF8e4uTrqg,карусель 4-3_06.jpg,-,-,Текстово-графический,Автоматический,0.00,0,0,-,-,1,-,0.00,0.25,0.00,25.29,9.00,-,-,-
Термопанели в Выборге,712773255,27.08.2026,Термопанели (Лен. область),5773097196,Автотаргетинг,,-,0,-,0,декоративный кирпич для наружной отделки,Целевые запросы,Запросы без упоминания брендов,-,,,,,Поиск,Прочее,Не определено,Смартфоны,Android,Wi-Fi,Мужской,35-44 года,Остальные,Не определено,1915608023072927866,Активные,Комбинаторное,Термопанели с клинкерной плиткой в Выборге!,Собственное производство в Выборге. Экономия на отоплении до 30%. Гарантия 5 лет.,https://marmara-pro.ru?utm_content=geo&utm_term={PHRASE},-,-,-,-,Текстово-графический,Оригинальный,0.00,0,0,-,-,1,-,0.00,0.45,0.00,44.58,8.00,-,-,-
Термопанели в Выборге,712773255,27.08.2026,Термопанели (Лен. область),5773097196,Автотаргетинг,,-,0,-,0,клинкер,Целевые запросы,Запросы без упоминания брендов,-,,,,,Поиск,Прочее,Не определено,Смартфоны,iOS,Wi-Fi,Мужской,45-54 года,Остальные,Не определено,1915608023072927866,Активные,Комбинаторное,Термопанели с клинкерной плиткой. Производство в Выборге,"Термопанели с клинкером. Собственное производство, своя цена, нет посредников.",https://marmara-pro.ru?utm_content=geo&utm_term={PHRASE},-,-,-,-,Текстово-графический,Автоматический,0.00,0,0,-,-,1,-,0.00,0.45,0.00,44.58,8.00,-,-,-
Термопанели в Выборге,712773255,27.08.2026,Термопанели (Лен. область),5773097196,Автотаргетинг,,-,0,-,0,клинкер кирпич на стены,Целевые запросы,Запросы без упоминания брендов,-,,,,,Поиск,Прочее,Не определено,Смартфоны,Android,Wi-Fi,Мужской,45-54 года,Остальные,Не определено,1915608023072927866,Активные,Комбинаторное,Термопанели с клинкерной плиткой. Производство в Выборге,"Термопанели с клинкером. Собственное производство, своя цена, нет посредников.",https://marmara-pro.ru?utm_content=geo&utm_term={PHRASE},-,-,-,-,Текстово-графический,Оригинальный,0.00,0,0,-,-,1,-,0.00,0.85,0.00,84.88,5.00,-,-,-
Термопанели в Выборге,712773255,27.08.2026,Термопанели (Лен. область),5773097196,Автотаргетинг,,-,0,-,0,клинкер кирпич на стены,Целевые запросы,Запросы без упоминания брендов,-,,,,,Поиск,Товарная галерея,Не определено,Смартфоны,Android,Wi-Fi,Мужской,45-54 года,Остальные,Не определено,1915608023072927866,Активные,Комбинаторное,Термопанели с клинкерной плиткой. Производство в Выборге,"Термопанели с клинкером. Собственное производство, своя цена, нет посредников.",https://marmara-pro.ru?utm_content=geo&utm_term={PHRASE},http://direct.yandex.ru/images/direct/5250956/5XPY7aqvM1xRQF8e4uTrqg,карусель 4-3_06.jpg,-,-,Текстово-графический,Оригинальный,0.00,0,0,-,-,1,-,0.00,0.13,0.00,13.42,16.00,-,-,-
Термопанели в Выборге,712773255,27.08.2026,Термопанели (Лен. область),5773097196,Автотаргетинг,,-,0,-,0,клинкерная плитка,Целевые запросы,Запросы без упоминания брендов,-,,,,,Поиск,Прочее,Не определено,Смартфоны,Android,Wi-Fi,Женский,Старше 55,Остальные,Не определено,1915608023072927866,Активные,Комбинаторное,Термопанели с клинкерной плиткой. Производство в Выборге,"Термопанели с клинкером. Собственное производство, своя цена, нет посредников.",https://marmara-pro.ru?utm_content=geo&utm_term={PHRASE},-,-,-,-,Текстово-графический,Автоматический,0.00,0,0,-,-,1,-,0.00,0.45,0.00,44.58,8.00,-,-,-
Термопанели в Выборге,712773255,27.08.2026,Термопанели (Лен. область),5773097196,Автотаргетинг,,-,0,-,0,клинкерная плитка,Целевые запросы,Запросы без упоминания брендов,-,,,,,Поиск,Прочее,Не определено,Смартфоны,iOS,Wi-Fi,Мужской,35-44 года,2–5%,Не определено,1915608023072927866,Активные,Комбинаторное,Термопанели с клинкерной плиткой. Производство в Выборге,"Термопанели с клинкером. Собственное производство, своя цена, нет посредников.",https://marmara-pro.ru?utm_content=geo&utm_term={PHRASE},-,-,-,-,Текстово-графический,Автоматический,0.00,0,0,-,-,1,-,0.00,0.45,0.00,44.58,8.00,-,-,-
Термопанели в Выборге,712773255,27.08.2026,Термопанели (Лен. область),5773097196,Автотаргетинг,,-,0,-,0,клинкерная плитка,Целевые запросы,Запросы без упоминания брендов,-,,,,,Поиск,Прочее,Не определено,Смартфоны,iOS,Wi-Fi,Женский,45-54 года,2–5%,Не определено,1915608023072927866,Активные,Комбинаторное,Термопанели с клинкерной плиткой. Производство в Выборге,"Термопанели с клинкером. Собственное производство, своя цена, нет посредников.",https://marmara-pro.ru?utm_content=geo&utm_term={PHRASE},-,-,-,-,Текстово-графический,Автоматический,0.00,0,0,-,-,1,-,0.00,0.65,0.00,64.58,6.00,-,-,-
Термопанели в Выборге,712773255,27.08.2026,Термопанели (Лен. область),5773097196,Автотаргетинг,,-,0,-,0,клинкерная плитка,Целевые запросы,Запросы без упоминания брендов,-,,,,,Поиск,Товарная галерея,Не определено,Смартфоны,Android,Wi-Fi,Женский,Старше 55,Остальные,Не определено,1915608023072927866,Активные,Комбинаторное,Термопанели с клинкерной плиткой. Производство в Выборге,"Термопанели с клинкером. Собственное производство, своя цена, нет посредников.",https://marmara-pro.ru?utm_content=geo&utm_term={PHRASE},http://direct.yandex.ru/images/direct/5250956/5XPY7aqvM1xRQF8e4uTrqg,карусель 4-3_06.jpg,-,-,Текстово-графический,Автоматический,0.00,0,0,-,-,1,-,0.00,0.14,0.00,13.57,12.00,-,-,-
Термопанели в Выборге,712773255,27.08.2026,Термопанели (Лен. область),5773097196,Автотаргетинг,,-,0,-,0,клинкерная плитка,Целевые запросы,Запросы без упоминания брендов,-,,,,,Поиск,Товарная галерея,Не определено,Смартфоны,iOS,Wi-Fi,Женский,45-54 года,2–5%,Не определено,1915608023072927866,Активные,Комбинаторное,Термопанели с клинкерной плиткой. Производство в Выборге,"Термопанели с клинкером. Собственное производство, своя цена, нет посредников.",https://marmara-pro.ru?utm_content=geo&utm_term={PHRASE},http://direct.yandex.ru/images/direct/5250956/5XPY7aqvM1xRQF8e4uTrqg,карусель 4-3_06.jpg,-,-,Текстово-графический,Автоматический,0.00,0,0,-,-,2,-,0.00,0.51,0.00,25.29,9.00,-,-,-
Термопанели в Выборге,712773255,27.08.2026,Термопанели (Лен. область),5773097196,Автотаргетинг,,-,0,-,0,клинкерная плитка для фасада,Целевые запросы,Запросы без упоминания брендов,-,,,,,Поиск,Прочее,Не определено,Десктопы,Не определён,Wi-Fi,Мужской,Старше 55,Остальные,Не определено,1915608023072927866,Активные,Комбинаторное,Термопанели с клинкерной плиткой. Производство в Выборге,Собственное производство в Выборге. Экономия на отоплении до 30%. Гарантия 5 лет.,https://marmara-pro.ru?utm_content=geo&utm_term={PHRASE},-,-,-,-,Текстово-графический,Оригинальный,0.00,0,0,-,-,1,-,0.00,0.65,0.00,64.58,6.00,-,-,-
Термопанели в Выборге,712773255,27.08.2026,Термопанели (Лен. область),5773097196,Автотаргетинг,,-,0,-,0,клинкерная плитка купить,Целевые запросы,Запросы без упоминания брендов,-,,,,,Поиск,Прочее,Не определено,Смартфоны,iOS,Wi-Fi,Мужской,45-54 года,6–10%,Не определено,1915608023072927866,Активные,Комбинаторное,Термопанели с клинкерной плиткой. Производство в Выборге,"Термопанели с клинкером. Собственное производство, своя цена, нет посредников.",https://marmara-pro.ru?utm_content=geo&utm_term={PHRASE},-,-,-,-,Текстово-графический,Автоматический,0.00,0,0,-,-,1,-,0.00,0.85,0.00,84.88,5.00,-,-,-
Термопанели в Выборге,712773255,27.08.2026,Термопанели (Лен. область),5773097196,Автотаргетинг,,-,0,-,0,клинкерная плитка купить,Целевые запросы,Запросы без упоминания брендов,-,,,,,Поиск,Товарная галерея,Не определено,Смартфоны,iOS,Wi-Fi,Мужской,45-54 года,6–10%,Не определено,1915608023072927866,Активные,Комбинаторное,Термопанели с клинкерной плиткой. Производство в Выборге,"Термопанели с клинкером. Собственное производство, своя цена, нет посредников.",https://marmara-pro.ru?utm_content=geo&utm_term={PHRASE},http://direct.yandex.ru/images/direct/5250956/5XPY7aqvM1xRQF8e4uTrqg,карусель 4-3_06.jpg,-,-,Текстово-графический,Автоматический,0.00,0,0,-,-,1,-,0.00,0.31,0.00,30.50,5.00,-,-,-
Термопанели в Выборге,712773255,27.08.2026,Термопанели (Лен. область),5773097196,Автотаргетинг,,-,0,-,0,клинкерная плитка цена,Целевые запросы,Запросы без упоминания брендов,-,,,,,Поиск,Прочее,Не определено,Смартфоны,Android,Мобильная связь,Мужской,45-54 года,Остальные,Не определено,1915608023072927866,Активные,Комбинаторное,Термопанели с клинкерной плиткой в Выборге!,"Термопанели с клинкером. Собственное производство, своя цена, нет посредников.",https://marmara-pro.ru?utm_content=geo&utm_term={PHRASE},-,-,-,-,Текстово-графический,Оригинальный,0.00,0,0,-,-,1,-,0.00,0.45,0.00,44.58,8.00,-,-,-
Термопанели в Выборге,712773255,27.08.2026,Термопанели (Лен. область),5773097196,Автотаргетинг,,-,0,-,0,клинкерная плитка цена,Целевые запросы,Запросы без упоминания брендов,-,,,,,Поиск,Прочее,Не определено,Смартфоны,Android,Мобильная связь,Мужской,45-54 года,Остальные,Не определено,1915608023072927866,Активные,Комбинаторное,Термопанели с клинкерной плиткой. Производство в Выборге,"Термопанели с клинкером. Собственное производство, своя цена, нет посредников.",https://marmara-pro.ru?utm_content=geo&utm_term={PHRASE},-,-,-,-,Текстово-графический,Автоматический,0.00,0,0,-,-,3,-,0.00,1.16,0.00,38.51,8.33,-,-,-
Термопанели в Выборге,712773255,27.08.2026,Термопанели (Лен. область),5773097196,Автотаргетинг,,-,0,-,0,клинкерные панели,Целевые запросы,Запросы без упоминания брендов,-,,,,,Поиск,Прочее,Не определено,Смартфоны,Android,Wi-Fi,Мужской,Старше 55,6–10%,Не определено,1915608023072927866,Активные,Комбинаторное,Термопанели с клинкерной плиткой. Производство в Выборге,"Термопанели с клинкером. Собственное производство, своя цена, нет посредников.",https://marmara-pro.ru?utm_content=geo&utm_term={PHRASE},-,-,-,-,Текстово-графический,Оригинальный,0.00,0,0,-,-,1,-,0.00,0.55,0.00,54.58,7.00,-,-,-
Термопанели в Выборге,712773255,27.08.2026,Термопанели (Лен. область),5773097196,Автотаргетинг,,-,0,-,0,клинкерные панели,Целевые запросы,Запросы без упоминания брендов,-,,,,,Поиск,Товарная галерея,Не определено,Смартфоны,Android,Wi-Fi,Мужской,Старше 55,6–10%,Не определено,1915608023072927866,Активные,Комбинаторное,Термопанели с клинкерной плиткой. Производство в Выборге,"Термопанели с клинкером. Собственное производство, своя цена, нет посредников.",https://marmara-pro.ru?utm_content=geo&utm_term={PHRASE},http://direct.yandex.ru/images/direct/5250956/5XPY7aqvM1xRQF8e4uTrqg,карусель 4-3_06.jpg,-,-,Текстово-графический,Оригинальный,0.00,0,0,-,-,2,-,0.00,0.27,0.00,13.59,11.50,-,-,-
Термопанели в Выборге,712773255,27.08.2026,Термопанели (Лен. область),5773097196,Автотаргетинг,,-,0,-,0,клинкерные панели,Целевые запросы,Запросы без упоминания брендов,-,,Термопанели с клинкерной плиткой — КлинкерПрофи,,,Поиск,Товарная галерея,Не определено,Смартфоны,Android,Wi-Fi,Мужской,Старше 55,6–10%,Не определено,1918167638897563177,Активные,Страницы каталога,Термопанели с клинкерной плиткой. Производство в Выборге,"Фасадные термопанели с клинкером. Производство в Выборге, доставка по СПб...",https://marmara-pro.ru/termo?utm_content=catalog&utm_term={PHRASE},-,-,-,-,Текстово-графический,Оригинальный,0.00,0,0,-,-,2,-,0.00,0.36,0.00,18.02,9.50,-,-,-
Термопанели в Выборге,712773255,27.08.2026,Термопанели (Лен. область),5773097196,Автотаргетинг,,-,0,-,0,облицовочная плитка,Целевые запросы,Запросы без упоминания брендов,-,,,,,Поиск,Прочее,Не определено,Смартфоны,Android,Wi-Fi,Женский,35-44 года,Остальные,Не определено,1915608023072927866,Активные,Комбинаторное,Термопанели с клинкерной плиткой. Производство в Выборге,"Термопанели с клинкером. Собственное производство, своя цена, нет посредников.",https://marmara-pro.ru?utm_content=geo&utm_term={PHRASE},-,-,-,-,Текстово-графический,Автоматический,0.00,0,0,-,-,1,-,0.00,0.55,0.00,54.58,7.00,-,-,-
Термопанели в Выборге,712773255,27.08.2026,Термопанели (Лен. область),5773097196,Автотаргетинг,,-,0,-,0,облицовочная плитка это,Целевые запросы,Запросы без упоминания брендов,-,,,,,Поиск,Прочее,Не определено,Смартфоны,Android,Wi-Fi,Женский,35-44 года,Остальные,Не определено,1915608023072927866,Активные,Комбинаторное,Термопанели с клинкерной плиткой. Производство в Выборге,"Термопанели с клинкером. Собственное производство, своя цена, нет посредников.",https://marmara-pro.ru?utm_content=geo&utm_term={PHRASE},-,-,-,-,Текстово-графический,Автоматический,0.00,0,0,-,-,1,-,0.00,0.65,0.00,64.58,6.00,-,-,-
Термопанели в Выборге,712773255,27.08.2026,Термопанели (Лен. область),5773097196,Автотаргетинг,,-,0,-,0,панели для жилого дома,Целевые запросы,Запросы без упоминания брендов,-,,,,,Поиск,Прочее,Не определено,Смартфоны,iOS,Wi-Fi,Мужской,35-44 года,Остальные,Не определено,1915608023072927866,Активные,Комбинаторное,Термопанели с клинкерной плиткой. Производство в Выборге,"Термопанели с клинкером. Собственное производство, своя цена, нет посредников.",https://marmara-pro.ru?utm_content=geo&utm_term={PHRASE},-,-,-,-,Текстово-графический,Автоматический,0.00,0,0,-,-,1,-,0.00,0.55,0.00,54.58,7.00,-,-,-
Термопанели в Выборге,712773255,27.08.2026,Термопанели (Лен. область),5773097196,Автотаргетинг,,-,0,-,0,панели для жилого дома,Целевые запросы,Запросы без упоминания брендов,-,,,,,Поиск,Товарная галерея,Не определено,Смартфоны,iOS,Wi-Fi,Мужской,35-44 года,Остальные,Не определено,1915608023072927866,Активные,Комбинаторное,Термопанели с клинкерной плиткой. Производство в Выборге,"Термопанели с клинкером. Собственное производство, своя цена, нет посредников.",https://marmara-pro.ru?utm_content=geo&utm_term={PHRASE},http://direct.yandex.ru/images/direct/5250956/5XPY7aqvM1xRQF8e4uTrqg,карусель 4-3_06.jpg,-,-,Текстово-графический,Автоматический,0.00,0,0,-,-,1,-,0.00,0.19,0.00,19.36,9.00,-,-,-
Термопанели в Выборге,712773255,27.08.2026,Термопанели (Лен. область),5773097196,Автотаргетинг,,-,0,-,0,панели для фасада дома,Целевые запросы,Запросы без упоминания брендов,-,,,,,Поиск,Прочее,Не определено,Смартфоны,Android,Wi-Fi,Мужской,45-54 года,Остальные,Не определено,1915608023072927866,Активные,Комбинаторное,Термопанели с клинкерной плиткой. Производство в Выборге,"Термопанели с клинкером. Собственное производство, своя цена, нет посредников.",https://marmara-pro.ru?utm_content=geo&utm_term={PHRASE},-,-,-,-,Текстово-графический,Оригинальный,0.00,0,0,-,-,1,-,0.00,0.45,0.00,44.58,8.00,-,-,-
Термопанели в Выборге,712773255,27.08.2026,Термопанели (Лен. область),5773097196,Автотаргетинг,,-,0,-,0,панели для фасада дома с утеплителем,Целевые запросы,Запросы без упоминания брендов,-,,,,,Поиск,Прочее,Не определено,Смартфоны,Android,Wi-Fi,Мужской,45-54 года,Остальные,Не определено,1915608023072927866,Активные,Комбинаторное,Термопанели с клинкерной плиткой. Производство в Выборге,"Термопанели с клинкером. Собственное производство, своя цена, нет посредников.",https://marmara-pro.ru?utm_content=geo&utm_term={PHRASE},-,-,-,-,Текстово-графический,Автоматический,0.00,0,0,-,-,1,-,0.00,0.45,0.00,44.58,8.00,-,-,-
Термопанели в Выборге,712773255,27.08.2026,Термопанели (Лен. область),5773097196,Автотаргетинг,,-,0,-,0,панели с утеплителем для фасада,Целевые запросы,Запросы без упоминания брендов,-,,,,,Поиск,Прочее,Не определено,Смартфоны,Android,Wi-Fi,Женский,18-24 года,Остальные,Не определено,1915608023072927866,Активные,Комбинаторное,Термопанели с клинкерной плиткой. Производство в Выборге,"Термопанели с клинкером. Собственное производство, своя цена, нет посредников.",https://marmara-pro.ru?utm_content=geo&utm_term={PHRASE},-,-,-,-,Текстово-графический,Автоматический,0.00,0,0,-,-,1,-,0.00,0.65,0.00,64.58,6.00,-,-,-
Термопанели в Выборге,712773255,27.08.2026,Термопанели (Лен. область),5773097196,Автотаргетинг,,-,0,-,0,панели с утеплителем для фасада,Целевые запросы,Запросы без упоминания брендов,-,,,,,Поиск,Товарная галерея,Не определено,Смартфоны,Android,Wi-Fi,Женский,18-24 года,Остальные,Не определено,1915608023072927866,Активные,Комбинаторное,Термопанели с клинкерной плиткой. Производство в Выборге,"Термопанели с клинкером. Собственное производство, своя цена, нет посредников.",https://marmara-pro.ru?utm_content=geo&utm_term={PHRASE},http://direct.yandex.ru/images/direct/5250956/5XPY7aqvM1xRQF8e4uTrqg,карусель 4-3_06.jpg,-,-,Текстово-графический,Автоматический,0.00,0,0,-,-,1,-,0.00,0.53,0.00,52.59,3.00,-,-,-
Термопанели в Выборге,712773255,27.08.2026,Термопанели (Лен. область),5773097196,Автотаргетинг,,-,0,-,0,плита для фасада каркасного дома,Целевые запросы,Запросы без упоминания брендов,-,,,,,Поиск,Товарная галерея,Не определено,Смартфоны,Android,Wi-Fi,Мужской,45-54 года,6–10%,Не определено,1915608023072927866,Активные,Комбинаторное,Термопанели с клинкерной плиткой. Производство в Выборге,"Термопанели с клинкером. Собственное производство, своя цена, нет посредников.",https://marmara-pro.ru?utm_content=geo&utm_term={PHRASE},http://direct.yandex.ru/images/direct/5250956/5XPY7aqvM1xRQF8e4uTrqg,карусель 4-3_06.jpg,-,-,Текстово-графический,Автоматический,0.00,0,0,-,-,1,-,0.00,0.13,0.00,13.38,17.00,-,-,-
Термопанели в Выборге,712773255,27.08.2026,Термопанели (Лен. область),5773097196,Автотаргетинг,,-,0,-,0,теплопанели,Целевые запросы,Запросы без упоминания брендов,-,,,,,Поиск,Прочее,Не определено,Смартфоны,Android,Wi-Fi,Женский,45-54 года,Остальные,Не определено,1915608023072927866,Активные,Комбинаторное,Термопанели с клинкерной плиткой. Производство в Выборге,"Термопанели с клинкером. Собственное производство, своя цена, нет посредников.",https://marmara-pro.ru?utm_content=geo&utm_term={PHRASE},-,-,-,-,Текстово-графический,Оригинальный,0.00,0,0,-,-,1,-,0.00,0.85,0.00,84.88,5.00,-,-,-
Термопанели в Выборге,712773255,27.08.2026,Термопанели (Лен. область),5773097196,Автотаргетинг,,-,0,-,0,термопанели,Целевые запросы,Запросы без упоминания брендов,-,,,,,Поиск,Прочее,Не определено,Смартфоны,Android,Wi-Fi,Мужской,25-34 года,6–10%,Не определено,1915608023072927866,Активные,Комбинаторное,Термопанели с клинкерной плиткой. Производство в Выборге,"Термопанели с клинкером. Собственное производство, своя цена, нет посредников.",https://marmara-pro.ru?utm_content=geo&utm_term={PHRASE},-,-,-,-,Текстово-графический,Автоматический,0.00,0,0,-,-,1,-,0.00,0.65,0.00,64.58,6.00,-,-,-
Термопанели в Выборге,712773255,27.08.2026,Термопанели (Лен. область),5773097196,Автотаргетинг,,-,0,-,0,термопанели,Целевые запросы,Запросы без упоминания брендов,-,,,,,Поиск,Товарная галерея,Не определено,Смартфоны,Android,Wi-Fi,Мужской,25-34 года,6–10%,Не определено,1915608023072927866,Активные,Комбинаторное,Термопанели с клинкерной плиткой. Производство в Выборге,"Термопанели с клинкером. Собственное производство, своя цена, нет посредников.",https://marmara-pro.ru?utm_content=geo&utm_term={PHRASE},http://direct.yandex.ru/images/direct/5250956/5XPY7aqvM1xRQF8e4uTrqg,карусель 4-3_06.jpg,-,-,Текстово-графический,Автоматический,0.00,0,0,-,-,1,-,0.00,0.28,0.00,28.21,6.00,-,-,-
Термопанели в Выборге,712773255,27.08.2026,Термопанели (Лен. область),5773097196,Автотаргетинг,,-,0,-,0,термопанели для наружной отделки,Целевые запросы,Запросы без упоминания брендов,-,,,,,Поиск,Прочее,Не определено,Смартфоны,Android,Wi-Fi,Женский,Старше 55,Остальные,Не определено,1915608023072927866,Активные,Комбинаторное,Термопанели с клинкерной плиткой. Производство в Выборге,"Термопанели с клинкером. Собственное производство, своя цена, нет посредников.",https://marmara-pro.ru?utm_content=geo&utm_term={PHRASE},-,-,-,-,Текстово-графический,Автоматический,0.00,0,0,-,-,1,-,0.00,0.45,0.00,44.58,8.00,-,-,-
Термопанели в Выборге,712773255,27.08.2026,Термопанели (Лен. область),5773097196,Автотаргетинг,,-,0,-,0,термопанели для наружной отделки деревянного дома цена,Целевые запросы,Запросы без упоминания брендов,-,,,,,Поиск,Прочее,Не определено,Смартфоны,Android,Wi-Fi,Мужской,45-54 года,Остальные,Не определено,1915608023072927866,Активные,Комбинаторное,Термопанели с клинкерной плиткой. Производство в Выборге,"Термопанели с клинкером. Собственное производство, своя цена, нет посредников.",https://marmara-pro.ru?utm_content=geo&utm_term={PHRASE},-,-,-,-,Текстово-графический,Автоматический,0.00,0,0,-,-,1,-,0.00,0.65,0.00,64.58,6.00,-,-,-
Термопанели в Выборге,712773255,27.08.2026,Термопанели (Лен. область),5773097196,Автотаргетинг,,-,0,-,0,термопанели для наружной отделки дома,Целевые запросы,Запросы без упоминания брендов,-,,,,,Поиск,Прочее,Не определено,Смартфоны,Android,Wi-Fi,Женский,Старше 55,Остальные,Не определено,1915608023072927866,Активные,Комбинаторное,Термопанели с клинкерной плиткой. Производство в Выборге,"Термопанели с клинкером. Собственное производство, своя цена, нет посредников.",https://marmara-pro.ru?utm_content=geo&utm_term={PHRASE},-,-,-,-,Текстово-графический,Автоматический,0.00,0,0,-,-,1,-,0.00,0.55,0.00,54.58,7.00,-,-,-
Термопанели в Выборге,712773255,27.08.2026,Термопанели (Лен. область),5773097196,Автотаргетинг,,-,0,-,0,термопанели для наружной отделки дома,Целевые запросы,Запросы без упоминания брендов,-,,,,,Поиск,Товарная галерея,Не определено,Смартфоны,Android,Wi-Fi,Женский,Старше 55,Остальные,Не определено,1915608023072927866,Активные,Комбинаторное,Термопанели с клинкерной плиткой. Производство в Выборге,"Термопанели с клинкером. Собственное производство, своя цена, нет посредников.",https://marmara-pro.ru?utm_content=geo&utm_term={PHRASE},http://direct.yandex.ru/images/direct/5250956/5XPY7aqvM1xRQF8e4uTrqg,карусель 4-3_06.jpg,-,-,Текстово-графический,Автоматический,0.00,0,0,-,-,2,-,0.00,0.51,0.00,25.32,8.00,-,-,-
Термопанели в Выборге,712773255,27.08.2026,Термопанели (Лен. область),5773097196,Автотаргетинг,,-,0,-,0,термопанели для наружной отделки дома в ленинградской области,Целевые запросы,Запросы без упоминания брендов,-,,,,,Поиск,Прочее,Не определено,Смартфоны,Android,Wi-Fi,Мужской,45-54 года,Остальные,Не определено,1915608023072927866,Активные,Комбинаторное,Термопанели с клинкерной плиткой. Производство в Выборге,"Термопанели с клинкером. Собственное производство, своя цена, нет посредников.",https://marmara-pro.ru?utm_content=geo&utm_term={PHRASE},-,-,-,-,Текстово-графический,Автоматический,0.00,0,0,-,-,1,-,0.00,0.45,0.00,44.58,8.00,-,-,-
Термопанели в Выборге,712773255,27.08.2026,Термопанели (Лен. область),5773097196,Автотаргетинг,,-,0,-,0,термопанели для наружной отделки дома цена,Целевые запросы,Запросы без упоминания брендов,-,,,,,Поиск,Прочее,Не определено,Десктопы,Не определён,Wi-Fi,Мужской,Старше 55,Остальные,Не определено,1915608023072927866,Активные,Комбинаторное,Термопанели с клинкерной плиткой. Производство в Выборге,"Термопанели с клинкером. Собственное производство, своя цена, нет посредников.",https://marmara-pro.ru?utm_content=geo&utm_term={PHRASE},-,-,-,-,Текстово-графический,Автоматический,0.00,0,0,-,-,2,-,0.00,1.22,0.00,61.17,7.00,-,-,-
Термопанели в Выборге,712773255,27.08.2026,Термопанели (Лен. область),5773097196,Автотаргетинг,,-,0,-,0,термопанели для наружной отделки дома цена,Целевые запросы,Запросы без упоминания брендов,-,,,,,Поиск,Прочее,Не определено,Смартфоны,Android,Wi-Fi,Мужской,35-44 года,Остальные,Не определено,1915608023072927866,Активные,Комбинаторное,Термопанели с клинкерной плиткой. Производство в Выборге,"Термопанели с клинкером. Собственное производство, своя цена, нет посредников.",https://marmara-pro.ru?utm_content=geo&utm_term={PHRASE},-,-,-,-,Текстово-графический,Автоматический,0.00,0,0,-,-,1,-,0.00,0.45,0.00,44.58,8.00,-,-,-
Термопанели в Выборге,712773255,27.08.2026,Термопанели (Лен. область),5773097196,Автотаргетинг,,-,0,-,0,термопанели для наружной отделки дома цена,Целевые запросы,Запросы без упоминания брендов,-,,,,,Поиск,Товарная галерея,Не определено,Десктопы,Не определён,Wi-Fi,Женский,35-44 года,Остальные,Не определено,1915608023072927866,Активные,Комбинаторное,Термопанели с клинкерной плиткой. Производство в Выборге,"Термопанели с клинкером. Собственное производство, своя цена, нет посредников.",https://marmara-pro.ru?utm_content=geo&utm_term={PHRASE},http://direct.yandex.ru/images/direct/5250956/5XPY7aqvM1xRQF8e4uTrqg,карусель 4-3_06.jpg,-,-,Текстово-графический,Автоматический,0.00,0,0,-,-,1,-,0.00,0.39,0.00,39.22,6.00,-,-,-
Термопанели в Выборге,712773255,27.08.2026,Термопанели (Лен. область),5773097196,Автотаргетинг,,-,0,-,0,термопанели для наружной отделки цена за м2 фасадные,Целевые запросы,Запросы без упоминания брендов,-,,,,,Поиск,Прочее,Не определено,Смартфоны,Android,Wi-Fi,Мужской,35-44 года,Остальные,Не определено,1915608023072927866,Активные,Комбинаторное,Термопанели с клинкерной плиткой. Производство в Выборге,"Термопанели с клинкером. Собственное производство, своя цена, нет посредников.",https://marmara-pro.ru?utm_content=geo&utm_term={PHRASE},-,-,-,-,Текстово-графический,Автоматический,0.00,0,0,-,-,1,-,0.00,0.55,0.00,54.58,7.00,-,-,-
Термопанели в Выборге,712773255,27.08.2026,Термопанели (Лен. область),5773097196,Автотаргетинг,,-,0,-,0,термопанели отзывы владельцев домов,Целевые запросы,Запросы без упоминания брендов,-,,,,,Поиск,Товарная галерея,Не определено,Смартфоны,Android,Wi-Fi,Женский,35-44 года,6–10%,Не определено,1915608023072927866,Активные,Комбинаторное,Термопанели с клинкерной плиткой. Производство в Выборге,"Термопанели с клинкером. Собственное производство, своя цена, нет посредников.",https://marmara-pro.ru?utm_content=geo&utm_term={PHRASE},http://direct.yandex.ru/images/direct/5250956/5XPY7aqvM1xRQF8e4uTrqg,карусель 4-3_06.jpg,-,-,Текстово-графический,Автоматический,0.00,0,0,-,-,1,-,0.00,0.25,0.00,25.29,9.00,-,-,-
Термопанели в Выборге,712773255,27.08.2026,Термопанели (Лен. область),5773097196,Автотаргетинг,,-,0,-,0,термопанели ппс что это,Целевые запросы,Запросы без упоминания брендов,-,,,,,Поиск,Товарная галерея,Не определено,Смартфоны,Android,Wi-Fi,Мужской,Старше 55,Остальные,Не определено,1915608023072927866,Активные,Комбинаторное,Термопанели с клинкерной плиткой. Производство в Выборге,"Термопанели с клинкером. Собственное производство, своя цена, нет посредников.",https://marmara-pro.ru?utm_content=geo&utm_term={PHRASE},http://direct.yandex.ru/images/direct/5250956/5XPY7aqvM1xRQF8e4uTrqg,карусель 4-3_06.jpg,-,-,Текстово-графический,Автоматический,0.00,0,0,-,-,2,-,0.00,0.27,0.00,13.38,17.00,-,-,-
Термопанели в Выборге,712773255,27.08.2026,Термопанели (Лен. область),5773097196,Автотаргетинг,,-,0,-,0,термопанели с клинкерной плиткой,Целевые запросы,Запросы без упоминания брендов,-,,,,,Поиск,Прочее,Не определено,Смартфоны,iOS,Wi-Fi,Мужской,25-34 года,2–5%,Не определено,1915608023072927866,Активные,Комбинаторное,Термопанели с клинкерной плиткой. Производство в Выборге,"Термопанели с клинкером. Собственное производство, своя цена, нет посредников.",https://marmara-pro.ru?utm_content=geo&utm_term={PHRASE},-,-,-,-,Текстово-графический,Автоматический,0.00,0,0,-,-,1,-,0.00,0.45,0.00,44.58,8.00,-,-,-
Термопанели в Выборге,712773255,27.08.2026,Термопанели (Лен. область),5773097196,Автотаргетинг,,-,0,-,0,термопанели цена за м2 фасадные,Целевые запросы,Запросы без упоминания брендов,-,,,,,Поиск,Прочее,Не определено,Смартфоны,Android,Wi-Fi,Женский,Старше 55,Остальные,Не определено,1915608023072927866,Активные,Комбинаторное,Термопанели с клинкерной плиткой. Производство в Выборге,"Термопанели с клинкером. Собственное производство, своя цена, нет посредников.",https://marmara-pro.ru?utm_content=geo&utm_term={PHRASE},-,-,-,-,Текстово-графический,Оригинальный,0.00,0,0,-,-,1,-,0.00,0.45,0.00,44.58,8.00,-,-,-
Термопанели в Выборге,712773255,27.08.2026,Термопанели (Лен. область),5773097196,Автотаргетинг,,-,0,-,0,термопанель,Целевые запросы,Запросы без упоминания брендов,-,,,,,Поиск,Прочее,Не определено,Смартфоны,Android,Wi-Fi,Мужской,45-54 года,6–10%,Не определено,1915608023072927866,Активные,Комбинаторное,Термопанели с клинкерной плиткой. Производство в Выборге,"Термопанели с клинкером. Собственное производство, своя цена, нет посредников.",https://marmara-pro.ru?utm_content=geo&utm_term={PHRASE},-,-,-,-,Текстово-графический,Автоматический,0.00,0,0,-,-,1,-,0.00,0.45,0.00,44.58,8.00,-,-,-
Термопанели в Выборге,712773255,27.08.2026,Термопанели (Лен. область),5773097196,Автотаргетинг,,-,0,-,0,термопанель клинкерная фасадная,Целевые запросы,Запросы без упоминания брендов,-,,,,,Поиск,Прочее,Не определено,Смартфоны,Android,Wi-Fi,Женский,35-44 года,Остальные,Не определено,1915608023072927866,Активные,Комбинаторное,Термопанели с клинкерной плиткой. Производство в Выборге,"Термопанели с клинкером. Собственное производство, своя цена, нет посредников.",https://marmara-pro.ru?utm_content=geo&utm_term={PHRASE},-,-,-,-,Текстово-графический,Автоматический,0.00,0,0,-,-,1,-,0.00,0.45,0.00,44.58,8.00,-,-,-
Термопанели в Выборге,712773255,27.08.2026,Термопанели (Лен. область),5773097196,Автотаргетинг,,-,0,-,0,термопанель клинкерная фасадная,Целевые запросы,Запросы без упоминания брендов,-,,,,,Поиск,Товарная галерея,Не определено,Смартфоны,Android,Wi-Fi,Женский,35-44 года,Остальные,Не определено,1915608023072927866,Активные,Комбинаторное,Термопанели с клинкерной плиткой. Производство в Выборге,"Термопанели с клинкером. Собственное производство, своя цена, нет посредников.",https://marmara-pro.ru?utm_content=geo&utm_term={PHRASE},http://direct.yandex.ru/images/direct/5250956/5XPY7aqvM1xRQF8e4uTrqg,карусель 4-3_06.jpg,-,-,Текстово-графический,Автоматический,0.00,0,0,-,-,1,-,0.00,0.39,0.00,38.70,4.00,-,-,-
Термопанели в Выборге,712773255,27.08.2026,Термопанели (Лен. область),5773097196,Автотаргетинг,,-,0,-,0,термопанель клинкерная фасадная,Целевые запросы,Запросы без упоминания брендов,-,,Термопанели с клинкерной плиткой — КлинкерПрофи,,,Поиск,Товарная галерея,Не определено,Смартфоны,Android,Wi-Fi,Женский,35-44 года,Остальные,Не определено,1918167638897563177,Активные,Страницы каталога,Термопанели с клинкерной плиткой. Производство в Выборге,"Фасадные термопанели с клинкером. Производство в Выборге, доставка по СПб...",https://marmara-pro.ru/termo?utm_content=catalog&utm_term={PHRASE},-,-,-,-,Текстово-графический,Автоматический,0.00,0,0,-,-,1,-,0.00,0.53,0.00,52.59,3.00,-,-,-
Термопанели в Выборге,712773255,27.08.2026,Термопанели (Лен. область),5773097196,Автотаргетинг,,-,0,-,0,термоплита,Целевые запросы,Запросы без упоминания брендов,-,,,,,Поиск,Прочее,Не определено,Десктопы,Не определён,Wi-Fi,Мужской,25-34 года,Остальные,Не определено,1915608023072927866,Активные,Комбинаторное,Термопанели с клинкерной плиткой. Производство в Выборге,"Термопанели с клинкером. Собственное производство, своя цена, нет посредников.",https://marmara-pro.ru?utm_content=geo&utm_term={PHRASE},-,-,-,-,Текстово-графический,Автоматический,0.00,0,0,-,-,1,-,0.00,0.45,0.00,44.58,8.00,-,-,-
Термопанели в Выборге,712773255,27.08.2026,Термопанели (Лен. область),5773097196,Автотаргетинг,,-,0,-,0,фасад под кирпич утеплитель,Целевые запросы,Запросы без упоминания брендов,-,,,,,Поиск,Товарная галерея,Не определено,Смартфоны,Android,Wi-Fi,Мужской,25-34 года,Остальные,Не определено,1915608023072927866,Активные,Комбинаторное,Термопанели с клинкерной плиткой. Производство в Выборге,"Термопанели с клинкером. Собственное производство, своя цена, нет посредников.",https://marmara-pro.ru?utm_content=geo&utm_term={PHRASE},http://direct.yandex.ru/images/direct/5250956/5XPY7aqvM1xRQF8e4uTrqg,карусель 4-3_06.jpg,-,-,Текстово-графический,Автоматический,0.00,0,0,-,-,1,-,0.00,0.36,0.00,36.38,4.00,-,-,-
Термопанели в Выборге,712773255,27.08.2026,Термопанели (Лен. область),5773097196,Автотаргетинг,,-,0,-,0,фасадная облицовка под кирпич с пенопластом,Целевые запросы,Запросы без упоминания брендов,-,,,,,Поиск,Прочее,Не определено,Смартфоны,iOS,Wi-Fi,Мужской,35-44 года,2–5%,Не определено,1915608023072927866,Активные,Комбинаторное,Термопанели с клинкерной плиткой. Производство в Выборге,"Термопанели с клинкером. Собственное производство, своя цена, нет посредников.",https://marmara-pro.ru?utm_content=geo&utm_term={PHRASE},-,-,-,-,Текстово-графический,Автоматический,0.00,0,0,-,-,1,-,0.00,0.55,0.00,54.58,7.00,-,-,-
Термопанели в Выборге,712773255,27.08.2026,Термопанели (Лен. область),5773097196,Автотаргетинг,,-,0,-,0,фасадные панели для наружной отделки,Целевые запросы,Запросы без упоминания брендов,-,,,,,Поиск,Прочее,Не определено,Смартфоны,Android,Wi-Fi,Женский,25-34 года,Остальные,Не определено,1915608023072927866,Активные,Комбинаторное,Термопанели с клинкерной плиткой. Производство в Выборге,"Термопанели с клинкером. Собственное производство, своя цена, нет посредников.",https://marmara-pro.ru?utm_content=geo&utm_term={PHRASE},-,-,-,-,Текстово-графический,Автоматический,0.00,0,0,-,-,1,-,0.00,0.65,0.00,64.58,6.00,-,-,-
Термопанели в Выборге,712773255,27.08.2026,Термопанели (Лен. область),5773097196,Автотаргетинг,,-,0,-,0,фасадные панели для фундамента дома наружной отделки,Целевые запросы,Запросы без упоминания брендов,-,,,,,Поиск,Прочее,Не определено,Смартфоны,Android,Wi-Fi,Мужской,35-44 года,Остальные,Не определено,1915608023072927866,Активные,Комбинаторное,Термопанели с клинкерной плиткой. Производство в Выборге,"Термопанели с клинкером. Собственное производство, своя цена, нет посредников.",https://marmara-pro.ru?utm_content=geo&utm_term={PHRASE},-,-,-,-,Текстово-графический,Автоматический,0.00,0,0,-,-,1,-,0.00,0.65,0.00,64.58,6.00,-,-,-
Термопанели в Выборге,712773255,27.08.2026,Термопанели (Лен. область),5773097196,Автотаргетинг,,-,0,-,0,фасадные панели для фундамента дома наружной отделки,Целевые запросы,Запросы без упоминания брендов,-,,,,,Поиск,Товарная галерея,Не определено,Смартфоны,Android,Wi-Fi,Мужской,35-44 года,Остальные,Не определено,1915608023072927866,Активные,Комбинаторное,Термопанели с клинкерной плиткой. Производство в Выборге,"Термопанели с клинкером. Собственное производство, своя цена, нет посредников.",https://marmara-pro.ru?utm_content=geo&utm_term={PHRASE},http://direct.yandex.ru/images/direct/5250956/5XPY7aqvM1xRQF8e4uTrqg,карусель 4-3_06.jpg,-,-,Текстово-графический,Автоматический,0.00,0,0,-,-,2,-,0.00,1.37,0.00,68.60,2.50,-,-,-
Термопанели в Выборге,712773255,27.08.2026,Термопанели (Лен. область),5773097196,Автотаргетинг,,-,0,-,0,фасадные панели купить,Целевые запросы,Запросы без упоминания брендов,-,,,,,Поиск,Прочее,Не определено,Смартфоны,Android,Wi-Fi,Мужской,Старше 55,Остальные,Не определено,1915608023072927866,Активные,Комбинаторное,Термопанели с клинкерной плиткой. Производство в Выборге,"Термопанели с клинкером. Собственное производство, своя цена, нет посредников.",https://marmara-pro.ru?utm_content=geo&utm_term={PHRASE},-,-,-,-,Текстово-графический,Автоматический,0.00,0,0,-,-,1,-,0.00,0.65,0.00,64.58,6.00,-,-,-
Термопанели в Выборге,712773255,27.08.2026,Термопанели (Лен. область),5773097196,Автотаргетинг,,-,0,-,0,фасадные термопанели для наружной отделки дома,Целевые запросы,Запросы без упоминания брендов,-,,,,,Поиск,Прочее,Не определено,Смартфоны,iOS,Wi-Fi,Мужской,45-54 года,Остальные,Не определено,1915608023072927866,Активные,Комбинаторное,Термопанели с клинкерной плиткой. Производство в Выборге,"Термопанели с клинкером. Собственное производство, своя цена, нет посредников.",https://marmara-pro.ru?utm_content=geo&utm_term={PHRASE},-,-,-,-,Текстово-графический,Оригинальный,0.00,0,0,-,-,1,-,0.00,0.85,0.00,84.88,5.00,-,-,-
Термопанели в Выборге,712773255,27.08.2026,Термопанели (Лен. область),5773097196,Автотаргетинг,,-,0,-,0,фасадные термопанели для наружной отделки дома,Целевые запросы,Запросы без упоминания брендов,-,,,,,Поиск,Товарная галерея,Не определено,Смартфоны,iOS,Wi-Fi,Мужской,45-54 года,Остальные,Не определено,1915608023072927866,Активные,Комбинаторное,Термопанели с клинкерной плиткой. Производство в Выборге,"Термопанели с клинкером. Собственное производство, своя цена, нет посредников.",https://marmara-pro.ru?utm_content=geo&utm_term={PHRASE},http://direct.yandex.ru/images/direct/5250956/5XPY7aqvM1xRQF8e4uTrqg,карусель 4-3_06.jpg,-,-,Текстово-графический,Оригинальный,0.00,0,0,-,-,1,-,0.00,1.24,0.00,124.49,1.00,-,-,-
Термопанели в Выборге,712773255,27.08.2026,Термопанели (Лен. область),5773097196,Автотаргетинг,,-,0,-,0,фасадные термопанели ст ивановская,Целевые запросы,Запросы без упоминания брендов,-,,,,,Поиск,Прочее,Не определено,Десктопы,Не определён,Wi-Fi,Мужской,45-54 года,2–5%,Не определено,1915608023072927866,Активные,Комбинаторное,Термопанели с клинкером. Свое производство в Выборге,Собственное производство в Выборге. Экономия на отоплении до 30%. Гарантия 5 лет.,https://marmara-pro.ru?utm_content=geo&utm_term={PHRASE},-,-,-,-,Текстово-графический,Оригинальный,0.00,0,0,-,-,1,-,0.00,0.55,0.00,54.58,7.00,-,-,-
Термопанели в Выборге,712773255,27.08.2026,Термопанели (Лен. область),5773097196,Автотаргетинг,,-,0,-,0,цветные фасады,Целевые запросы,Запросы без упоминания брендов,-,,,,,Поиск,Прочее,Не определено,Десктопы,Не определён,Wi-Fi,Женский,18-24 года,6–10%,Не определено,1915608023072927866,Активные,Комбинаторное,Термопанели с клинкерной плиткой. Производство в Выборге,"Термопанели с клинкером. Собственное производство, своя цена, нет посредников.",https://marmara-pro.ru?utm_content=geo&utm_term={PHRASE},-,-,-,-,Текстово-графический,Автоматический,0.00,0,0,-,-,1,-,0.00,0.55,0.00,54.58,7.00,-,-,-
"Приозерский район, Поиск   от 25-07-2026",713047408,28.08.2026,Приозерский район,5776633358,Автотаргетинг,,-,0,-,0,как обшить вагончик на даче снаружи,Сопутствующие запросы,Запросы без упоминания брендов,-,,,,,Поиск,Спецразмещение,Не определено,Смартфоны,Android,Wi-Fi,Женский,45-54 года,Остальные,Не определено,1916597733861553174,Активные,Комбинаторное,Термопанели для дома в Приозерске,Клинкерные термопанели с утеплителем. Свой завод в Выборге. Расчёт фасада за 1 день.,https://marmara-pro.ru?utm_source=yandex&utm_medium=cpc&utm_campaign=termopaneli_priozersk_cpa_search&utm_content=search&utm_term={PHRASE},-,-,-,-,Текстово-графический,Автоматический,0.00,0,0,-,-,1,-,0.00,1.13,0.00,112.97,1.00,-,-,-
"Приозерский район, Поиск   от 25-07-2026",713047408,28.08.2026,Приозерский район,5776633358,Автотаргетинг,,-,0,-,0,как обшить вагончик на даче снаружи,Сопутствующие запросы,Запросы без упоминания брендов,-,,,,,Поиск,Прочее,Не определено,Смартфоны,Android,Wi-Fi,Женский,45-54 года,Остальные,Не определено,1916597733861553174,Активные,Комбинаторное,Термопанели для дома в Приозерске,Клинкерные термопанели с утеплителем. Свой завод в Выборге. Расчёт фасада за 1 день.,https://marmara-pro.ru?utm_source=yandex&utm_medium=cpc&utm_campaign=termopaneli_priozersk_cpa_search&utm_content=search&utm_term={PHRASE},-,-,-,-,Текстово-графический,Автоматический,0.00,0,0,-,-,2,-,0.00,2.00,0.00,100.00,5.00,-,-,-
"Приозерский район, Поиск   от 25-07-2026",713047408,28.08.2026,Приозерский район,5776633358,Автотаргетинг,,-,0,-,0,как устанавливают фасадные панели,Сопутствующие запросы,Запросы без упоминания брендов,-,,,,,Поиск,Спецразмещение,Не определено,Десктопы,Не определён,Мобильная связь,Мужской,Старше 55,6–10%,Не определено,1916597733861553174,Активные,Комбинаторное,Фасадные термопанели с клинкером,Клинкерный фасад без мокрых работ. Монтаж зимой до −15 °C. ППС и ППУ. Звоните!,https://marmara-pro.ru?utm_source=yandex&utm_medium=cpc&utm_campaign=termopaneli_priozersk_cpa_search&utm_content=search&utm_term={PHRASE},-,-,-,-,Текстово-графический,Оригинальный,0.00,0,0,-,-,1,-,0.00,1.00,0.00,100.00,-,-,-,-
"Приозерский район, Поиск   от 25-07-2026",713047408,28.08.2026,Приозерский район,5776633358,Автотаргетинг,,-,0,-,0,купить фасадные термопанели 50мм для наружной отделки каркасного дома,Узкие запросы,Запросы без упоминания брендов,-,,,,,Поиск,Спецразмещение,Не определено,Смартфоны,Android,Wi-Fi,Мужской,Старше 55,Остальные,Не определено,1916597733861553174,Активные,Комбинаторное,Термопанели для дома в Приозерске,"Утепление и фасад. Завод в Выборге. Доставка в Приозерск, Сосново, Лосево. От 1 550 ₽",https://marmara-pro.ru?utm_source=yandex&utm_medium=cpc&utm_campaign=termopaneli_priozersk_cpa_search&utm_content=search&utm_term={PHRASE},-,-,-,-,Текстово-графический,Автоматический,0.00,0,0,-,-,1,-,0.00,0.82,0.00,82.48,3.00,-,-,-
"Приозерский район, Поиск   от 25-07-2026",713047408,28.08.2026,Приозерский район,5776633358,Автотаргетинг,,-,0,-,0,купить фасадные термопанели 50мм для наружной отделки каркасного дома,Узкие запросы,Запросы без упоминания брендов,-,,,,,Поиск,Спецразмещение,Не определено,Смартфоны,Android,Wi-Fi,Мужской,Старше 55,Остальные,Не определено,1916597733861553174,Активные,Комбинаторное,Фасадные термопанели с утеплителем от 1 550 ₽/панель,"Утепление и фасад. Завод в Выборге. Доставка в Приозерск, Сосново, Лосево. От 1 550 ₽",https://marmara-pro.ru?utm_source=yandex&utm_medium=cpc&utm_campaign=termopaneli_priozersk_cpa_search&utm_content=search&utm_term={PHRASE},-,-,-,-,Текстово-графический,Автоматический,0.00,0,0,-,-,1,-,0.00,0.52,0.00,52.06,4.00,-,-,-
"Приозерский район, Поиск   от 25-07-2026",713047408,28.08.2026,Приозерский район,5776633358,Автотаргетинг,,-,0,-,0,чем утеплить дом из газобетона снаружи недорого,Сопутствующие запросы,Запросы без упоминания брендов,-,,,,,Поиск,Спецразмещение,Не определено,Смартфоны,Android,Wi-Fi,Мужской,35-44 года,Остальные,Не определено,1916597733861553174,Активные,Комбинаторное,Термопанели для дома в Приозерске,"Утепление и фасад. Завод в Выборге. Доставка в Приозерск, Сосново, Лосево. От 1 550 ₽",https://marmara-pro.ru?utm_source=yandex&utm_medium=cpc&utm_campaign=termopaneli_priozersk_cpa_search&utm_content=search&utm_term={PHRASE},-,-,-,-,Текстово-графический,Автоматический,0.00,1,0,0.00,-,1,0.00,100.00,0.82,122.11,81.89,3.00,3.00,0.00,1.00
"Приозерский район, Поиск   от 25-07-2026",713047408,28.08.2026,Приозерский район,5776633358,Автотаргетинг,,-,0,-,0,что купить для обшивки стен,Сопутствующие запросы,Запросы без упоминания брендов,-,,,,,Поиск,Спецразмещение,Не определено,Смартфоны,iOS,Wi-Fi,Женский,Старше 55,Остальные,Не определено,1916597733861553174,Активные,Комбинаторное,Термопанели для дома в Приозерске,"Утепление и фасад. Завод в Выборге. Доставка в Приозерск, Сосново, Лосево. От 1 550 ₽",https://marmara-pro.ru?utm_source=yandex&utm_medium=cpc&utm_campaign=termopaneli_priozersk_cpa_search&utm_content=search&utm_term={PHRASE},-,-,-,-,Текстово-графический,Автоматический,0.00,1,0,0.00,-,1,0.00,100.00,1.00,99.89,100.11,1.00,1.00,0.00,1.00
"Приозерский район, Поиск   от 25-07-2026",713047408,28.08.2026,Приозерский район,5776633358,Автотаргетинг,,-,0,-,0,эковата утеплитель,Сопутствующие запросы,Запросы без упоминания брендов,-,,Термопанель Колорадо 2 (32 шт),,,Поиск,Спецразмещение,Не определено,Смартфоны,Android,Wi-Fi,Мужской,35-44 года,Остальные,Не определено,1918168175770350076,Активные,Страницы каталога,Термопанель Колорадо 2 (32 шт),Термопанели с клинкерной плиткой. Производство в Выборге. Доставка.,https://marmara-pro.ru/termo/tproduct/2229245581-979993457482-termopanel-kolorado-2-32-sht?utm_source=yandex&utm_medium=cpc&utm_campaign=termopaneli_priozersk_cpa_search&utm_content=search&utm_term={PHRASE},-,-,-,-,Текстово-графический,Автоматический,0.00,0,0,-,-,1,-,0.00,0.74,0.00,74.10,2.00,-,-,-
Термопанели в Выборге,712773255,28.08.2026,Группа 1 - коммерческая,5773901452,Автотаргетинг,,-,0,-,0,клинкерные термопанели для наружной отделки дома,Целевые запросы,Запросы без упоминания брендов,-,,,,,Поиск,Прочее,Не определено,Смартфоны,Android,Wi-Fi,Мужской,Старше 55,Остальные,Не определено,1915802398259215246,Активные,Комбинаторное,Клинкерные термопанели - производство Выборг,Свое производство в Выборге. Приезжайте на образцы. Бесплатная доставка по району.,https://marmara-pro.ru?utm_content=commerce&utm_term={PHRASE},-,-,-,-,Текстово-графический,Оригинальный,0.00,0,0,-,-,1,-,0.00,0.65,0.00,64.58,6.00,-,-,-
Термопанели в Выборге,712773255,28.08.2026,Группа 1 - коммерческая,5773901452,Автотаргетинг,,-,0,-,0,облицовочная панель под кирпич для фасадов,Целевые запросы,Запросы без упоминания брендов,-,,,,,Поиск,Прочее,Не определено,Смартфоны,Android,Wi-Fi,Женский,Старше 55,Остальные,Не определено,1915802398259215246,Активные,Комбинаторное,"Термопанели в Выборге - завод на Ленина, 11",Без посредников - завод. 60+ видов декора. Доставка по Ленобласти.,https://marmara-pro.ru?utm_content=commerce&utm_term={PHRASE},-,-,-,-,Текстово-графический,Оригинальный,0.00,0,0,-,-,1,-,0.00,0.45,0.00,44.58,8.00,-,-,-
Термопанели в Выборге,712773255,28.08.2026,Группа 1 - коммерческая,5773901452,Автотаргетинг,,-,0,-,0,панель с пеноплексом и имитацией кирпича,Целевые запросы,Запросы без упоминания брендов,-,,,,,Поиск,Товарная галерея,Не определено,Смартфоны,iOS,Wi-Fi,Мужской,35-44 года,6–10%,Не определено,1915802398259215246,Активные,Комбинаторное,"Термопанели в Выборге - завод на Ленина, 11",Свое производство в Выборге. Приезжайте на образцы. Бесплатная доставка по району.,https://marmara-pro.ru?utm_content=commerce&utm_term={PHRASE},http://direct.yandex.ru/images/direct/6195656/qVbV_RGwHrqBiQiD1NgoCw,бейджик (1).jpg,-,-,Текстово-графический,Оригинальный,0.00,0,0,-,-,1,-,0.00,1.24,0.00,124.49,1.00,-,-,-
Термопанели в Выборге,712773255,28.08.2026,Группа 1 - коммерческая,5773901452,Автотаргетинг,,-,0,-,0,термопанели для наружной отделки дома в гатчине,Целевые запросы,Запросы без упоминания брендов,-,,,,,Поиск,Прочее,Не определено,Смартфоны,Android,Wi-Fi,Мужской,45-54 года,Остальные,Не определено,1915802398259215246,Активные,Комбинаторное,Гарантия до 5 лет на термопанели,Свое производство в Выборге. Приезжайте на образцы. Бесплатная доставка по району.,https://marmara-pro.ru?utm_content=commerce&utm_term={PHRASE},-,-,-,-,Текстово-графический,Оригинальный,0.00,0,0,-,-,1,-,0.00,0.45,0.00,44.58,8.00,-,-,-
Термопанели в Выборге,712773255,28.08.2026,Группа 1 - коммерческая,5773901452,Автотаргетинг,,-,0,-,0,фасадная плитка в лодейном поле,Целевые запросы,Запросы без упоминания брендов,-,,,,,Поиск,Прочее,Не определено,Смартфоны,Android,Wi-Fi,Мужской,Старше 55,Остальные,Не определено,1915802398259215246,Активные,Комбинаторное,Термопанели с клинкером - собственный завод в Выборге,Свое производство в Выборге. Приезжайте на образцы. Бесплатная доставка по району.,https://marmara-pro.ru?utm_content=commerce&utm_term={PHRASE},-,-,-,-,Текстово-графический,Оригинальный,0.00,0,0,-,-,1,-,0.00,0.85,0.00,84.88,5.00,-,-,-
Термопанели в Выборге,712773255,28.08.2026,Группа 2 - Гео (ключевая),5773898865,Автотаргетинг,,-,0,-,0,,Не определено,-,-,,,,,Сети,Прочее,Не определено,Смартфоны,iOS,Wi-Fi,Женский,Старше 55,Топ 1%,Не определено,1915800871397818629,Активные,Комбинаторное,Термопанели с клинкером - собственный завод в Выборге,Без посредников - завод. 60+ видов декора. Доставка по Ленобласти.,https://marmara-pro.ru?utm_content=zavod&utm_term={PHRASE},http://direct.yandex.ru/images/direct/5250956/5XPY7aqvM1xRQF8e4uTrqg,карусель 4-3_06.jpg,1163322157,https://avatars.mds.yandex.net/get-media-adv-screenshooter/20941197/1d06a155-09ca-4034-b8a4-ad411694a4d7/orig,Текстово-графический,Автоматический,0.00,1,0,0.00,-,1,0.00,100.00,1.00,100.00,100.00,-,-,-,-
Термопанели в Выборге,712773255,28.08.2026,Группа 2 - Гео (ключевая),5773898865,Автотаргетинг,,-,0,-,0,купить пластиковые кирпичики для фасада дома,Целевые запросы,Запросы без упоминания брендов,-,,,,,Поиск,Прочее,Не определено,Десктопы,Не определён,Wi-Fi,Женский,45-54 года,6–10%,Не определено,1915800871397818629,Активные,Комбинаторное,Клинкерные термопанели - производство Выборг,Без посредников - завод. 60+ видов декора. Доставка по Ленобласти.,https://marmara-pro.ru?utm_content=zavod&utm_term={PHRASE},-,-,-,-,Текстово-графический,Оригинальный,0.00,0,0,-,-,1,-,0.00,0.45,0.00,44.58,8.00,-,-,-
Термопанели в Выборге,712773255,28.08.2026,Группа 2 - Гео (ключевая),5773898865,Автотаргетинг,,-,0,-,0,панели под природный камень,Целевые запросы,Запросы без упоминания брендов,-,,,,,Поиск,Прочее,Не определено,Смартфоны,Android,Wi-Fi,Мужской,45-54 года,6–10%,Не определено,1915800871397818629,Активные,Комбинаторное,Производитель термопанелей в Ленобласти,Свое производство в Выборге. Приезжайте на образцы. Бесплатная доставка по району.,https://marmara-pro.ru?utm_content=zavod&utm_term={PHRASE},-,-,-,-,Текстово-графический,Оригинальный,0.00,0,0,-,-,1,-,0.00,0.55,0.00,54.58,7.00,-,-,-
Термопанели в Выборге,712773255,28.08.2026,Группа 2 - Гео (ключевая),5773898865,Автотаргетинг,,-,0,-,0,стройтовары кингисепп,Целевые запросы,Запросы без упоминания брендов,-,,,,,Поиск,Прочее,Не определено,Смартфоны,Android,Wi-Fi,Мужской,45-54 года,Остальные,Не определено,1915800871397818629,Активные,Комбинаторное,Бесплатная доставка по Выборгскому району,Без посредников - завод. 60+ видов декора. Доставка по Ленобласти.,https://marmara-pro.ru?utm_content=zavod&utm_term={PHRASE},-,-,-,-,Текстово-графический,Оригинальный,0.00,0,0,-,-,1,-,0.00,0.65,0.00,64.58,6.00,-,-,-
Термопанели в Выборге,712773255,28.08.2026,Группа 3 - клинкер (продуктовая),5773902142,Автотаргетинг,,-,0,-,0,,Не определено,-,-,,,,,Сети,Прочее,Не определено,Десктопы,Не определён,Wi-Fi,Мужской,45-54 года,Остальные,Не определено,1915802914729060647,Активные,Комбинаторное,Термопанели с клинкером - собственный завод в Выборге,Без посредников - завод. 60+ видов декора. Доставка по Ленобласти.,https://marmara-pro.ru?utm_content=product&utm_term={PHRASE},http://direct.yandex.ru/images/direct/5442016/qtxMfdimB3EKymbW9TWLzQ,термопанель.png,1163321614,https://avatars.mds.yandex.net/get-media-adv-screenshooter/20873747/75477b03-780e-4e10-adff-81a72fc688af/orig,Видео,Автоматический,0.00,0,0,-,-,2,-,0.00,2.00,0.00,100.00,-,-,-,-
Термопанели в Выборге,712773255,28.08.2026,Группа 3 - клинкер (продуктовая),5773902142,Автотаргетинг,,-,0,-,0,,Не определено,-,-,,,,,Сети,Прочее,Не определено,Десктопы,Не определён,Wi-Fi,Женский,Старше 55,Остальные,Не определено,1915802914729060647,Активные,Комбинаторное,"Термопанели в Выборге - завод на Ленина, 11",Без посредников - завод. 60+ видов декора. Доставка по Ленобласти.,https://marmara-pro.ru?utm_content=product&utm_term={PHRASE},http://direct.yandex.ru/images/direct/5245050/6C6d0cQ-RdpqlPYUtMZQkw,пример 2.jpg,1163322157,https://avatars.mds.yandex.net/get-media-adv-screenshooter/20941197/1d06a155-09ca-4034-b8a4-ad411694a4d7/orig,Текстово-графический,Оригинальный,0.00,0,0,-,-,3,-,0.00,3.00,0.00,100.00,-,-,-,-
Термопанели в Выборге,712773255,28.08.2026,Группа 3 - клинкер (продуктовая),5773902142,Автотаргетинг,,-,0,-,0,,Не определено,-,-,,,,,Сети,Прочее,Не определено,Смартфоны,Android,Wi-Fi,Мужской,35-44 года,Остальные,Не определено,1915802914729060647,Активные,Комбинаторное,Термопанели с клинкером - собственный завод в Выборге,Без посредников - завод. 60+ видов декора. Доставка по Ленобласти.,https://marmara-pro.ru?utm_content=product&utm_term={PHRASE},http://direct.yandex.ru/images/direct/5442016/qtxMfdimB3EKymbW9TWLzQ,термопанель.png,1163321614,https://avatars.mds.yandex.net/get-media-adv-screenshooter/20873747/75477b03-780e-4e10-adff-81a72fc688af/orig,Карусель,Автоматический,0.00,0,0,-,-,1,-,0.00,1.00,0.00,100.00,-,-,-,-
Термопанели в Выборге,712773255,28.08.2026,Группа 3 - клинкер (продуктовая),5773902142,Автотаргетинг,,-,0,-,0,,Не определено,-,-,,,,,Сети,Прочее,Не определено,Смартфоны,Android,Wi-Fi,Мужской,45-54 года,Остальные,Не определено,1915802914729060647,Активные,Комбинаторное,Термопанели с клинкером - собственный завод в Выборге,Без посредников - завод. 60+ видов декора. Доставка по Ленобласти.,https://marmara-pro.ru?utm_content=product&utm_term={PHRASE},http://direct.yandex.ru/images/direct/5442016/qtxMfdimB3EKymbW9TWLzQ,термопанель.png,1163321614,https://avatars.mds.yandex.net/get-media-adv-screenshooter/20873747/75477b03-780e-4e10-adff-81a72fc688af/orig,Текстово-графический,Оригинальный,0.00,0,0,-,-,2,-,0.00,2.00,0.00,100.00,-,-,-,-
Термопанели в Выборге,712773255,28.08.2026,Группа 3 - клинкер (продуктовая),5773902142,Автотаргетинг,,-,0,-,0,,Не определено,-,-,,,,,Сети,Прочее,Не определено,Смартфоны,Android,Wi-Fi,Мужской,Старше 55,6–10%,Не определено,1915802914729060647,Активные,Комбинаторное,Термопанели с клинкером - собственный завод в Выборге,Без посредников - завод. 60+ видов декора. Доставка по Ленобласти.,https://marmara-pro.ru?utm_content=product&utm_term={PHRASE},http://direct.yandex.ru/images/direct/5442016/qtxMfdimB3EKymbW9TWLzQ,термопанель.png,1163321614,https://avatars.mds.yandex.net/get-media-adv-screenshooter/20873747/75477b03-780e-4e10-adff-81a72fc688af/orig,Видео,Автоматический,0.00,0,0,-,-,1,-,0.00,1.00,0.00,100.00,-,-,-,-
Термопанели в Выборге,712773255,28.08.2026,Группа 3 - клинкер (продуктовая),5773902142,Автотаргетинг,,-,0,-,0,,Не определено,-,-,,,,,Сети,Прочее,Не определено,Смартфоны,iOS,Wi-Fi,Женский,45-54 года,Топ 1%,Не определено,1915802914729060647,Активные,Комбинаторное,Термопанели с клинкером - собственный завод в Выборге,Без посредников - завод. 60+ видов декора. Доставка по Ленобласти.,https://marmara-pro.ru?utm_content=product&utm_term={PHRASE},http://direct.yandex.ru/images/direct/5442016/qtxMfdimB3EKymbW9TWLzQ,термопанель.png,1163321614,https://avatars.mds.yandex.net/get-media-adv-screenshooter/20873747/75477b03-780e-4e10-adff-81a72fc688af/orig,Видео,Автоматический,0.00,0,0,-,-,1,-,0.00,1.00,0.00,100.00,-,-,-,-
Термопанели в Выборге,712773255,28.08.2026,Группа 3 - клинкер (продуктовая),5773902142,Автотаргетинг,,-,0,-,0,клинкерная плитка,Целевые запросы,Запросы без упоминания брендов,-,,,,,Поиск,Прочее,Не определено,Десктопы,Не определён,Wi-Fi,Женский,45-54 года,Остальные,Не определено,1915802914729060647,Активные,Комбинаторное,Клинкерные термопанели - производство Выборг,Свое производство в Выборге. Приезжайте на образцы. Бесплатная доставка по району.,https://marmara-pro.ru?utm_content=product&utm_term={PHRASE},-,-,-,-,Текстово-графический,Оригинальный,0.00,0,0,-,-,1,-,0.00,0.85,0.00,84.88,5.00,-,-,-
Термопанели в Выборге,712773255,28.08.2026,Группа 3 - клинкер (продуктовая),5773902142,Автотаргетинг,,-,0,-,0,клинкерная плитка,Целевые запросы,Запросы без упоминания брендов,-,,,,,Поиск,Товарная галерея,Не определено,Десктопы,Не определён,Wi-Fi,Женский,45-54 года,Остальные,Не определено,1915802914729060647,Активные,Комбинаторное,Клинкерные термопанели - производство Выборг,Свое производство в Выборге. Приезжайте на образцы. Бесплатная доставка по району.,https://marmara-pro.ru?utm_content=product&utm_term={PHRASE},http://direct.yandex.ru/images/direct/5250956/5XPY7aqvM1xRQF8e4uTrqg,карусель 4-3_06.jpg,-,-,Текстово-графический,Оригинальный,0.00,0,0,-,-,1,-,0.00,0.85,0.00,84.58,2.00,-,-,-
Термопанели в Выборге,712773255,28.08.2026,Группа 3 - клинкер (продуктовая),5773902142,Автотаргетинг,,-,0,-,0,термопанели фасадные,Целевые запросы,Запросы без упоминания брендов,-,,,,,Поиск,Прочее,Не определено,Десктопы,Не определён,Wi-Fi,Мужской,35-44 года,6–10%,Не определено,1915802914729060647,Активные,Комбинаторное,Термопанели с клинкером - собственный завод в Выборге,Клинкерная плитка+утеплитель в одной панели. Оплата в два этапа. Звоните!,https://marmara-pro.ru?utm_content=product&utm_term={PHRASE},-,-,-,-,Текстово-графический,Оригинальный,0.00,0,0,-,-,1,-,0.00,0.45,0.00,44.58,8.00,-,-,-
Термопанели в Выборге,712773255,28.08.2026,Группа 3 - клинкер (продуктовая),5773902142,Автотаргетинг,,-,0,-,0,фасад дома цена,Целевые запросы,Запросы без упоминания брендов,-,,,,,Поиск,Прочее,Не определено,Смартфоны,Android,Wi-Fi,Мужской,25-34 года,Остальные,Не определено,1915802914729060647,Активные,Комбинаторное,Производитель термопанелей в Ленобласти,Свое производство в Выборге. Приезжайте на образцы. Бесплатная доставка по району.,https://marmara-pro.ru?utm_content=product&utm_term={PHRASE},-,-,-,-,Текстово-графический,Оригинальный,0.00,0,0,-,-,1,-,0.00,0.55,0.00,54.58,7.00,-,-,-
Термопанели в Выборге,712773255,28.08.2026,Термопанели (Лен. область),5773097196,Фраза,термопанели с клинкерной плиткой купить в спб,-,0,-,0,термопанели с клинкерной плиткой купить в спб,Не определено,-,Пословное,,Термопанели с клинкерной плиткой — КлинкерПрофи,,,Поиск,Реклама в саджесте,Не определено,Смартфоны,Android,Wi-Fi,Мужской,45-54 года,Остальные,Не определено,1918167638897563177,Активные,Страницы каталога,Термопанели с клинкерной плиткой. Производство в Выборге,"Фасадные термопанели с клинкером. Производство в Выборге, доставка по СПб...",https://marmara-pro.ru/termo?utm_content=catalog&utm_term={PHRASE},-,-,-,-,Текстово-графический,Автоматический,0.00,0,0,-,-,1,-,0.00,1.00,0.00,100.00,1.00,-,-,-
Термопанели в Выборге,712773255,28.08.2026,Термопанели (Лен. область),5773097196,Автотаргетинг,,-,0,-,0,,Не определено,-,-,,,,,Сети,Прочее,Не определено,Смартфоны,Android,Wi-Fi,Мужской,Старше 55,Остальные,Не определено,1915608023072927866,Активные,Комбинаторное,Термопанели с клинкером. Свое производство в Выборге,"Термопанели с клинкером. Собственное производство, своя цена, нет посредников.",https://marmara-pro.ru?utm_content=geo&utm_term={PHRASE},http://direct.yandex.ru/images/direct/4298071/skS6Zjow652PazB91P1Ung,плитка 01.jpg,1163322157,https://avatars.mds.yandex.net/get-media-adv-screenshooter/20941197/1d06a155-09ca-4034-b8a4-ad411694a4d7/orig,Текстово-графический,Оригинальный,0.00,0,0,-,-,1,-,0.00,1.00,0.00,100.00,-,-,-,-
Термопанели в Выборге,712773255,28.08.2026,Термопанели (Лен. область),5773097196,Автотаргетинг,,-,0,-,0,,Не определено,-,-,,,,,Сети,Прочее,Не определено,Смартфоны,Android,Wi-Fi,Мужской,Старше 55,6–10%,Не определено,1915608023072927866,Активные,Комбинаторное,Термопанели с клинкером. Свое производство в Выборге,"Термопанели с клинкером. Собственное производство, своя цена, нет посредников.",https://marmara-pro.ru?utm_content=geo&utm_term={PHRASE},http://direct.yandex.ru/images/direct/4298071/skS6Zjow652PazB91P1Ung,плитка 01.jpg,1163322157,https://avatars.mds.yandex.net/get-media-adv-screenshooter/20941197/1d06a155-09ca-4034-b8a4-ad411694a4d7/orig,Видео,Автоматический,0.00,0,0,-,-,1,-,0.00,1.00,0.00,100.00,-,-,-,-
Термопанели в Выборге,712773255,28.08.2026,Термопанели (Лен. область),5773097196,Автотаргетинг,,-,0,-,0,декоративный фасад для дома,Целевые запросы,Запросы без упоминания брендов,-,,,,,Поиск,Прочее,Не определено,Смартфоны,iOS,Wi-Fi,Женский,35-44 года,Остальные,Не определено,1915608023072927866,Активные,Комбинаторное,Термопанели с клинкерной плиткой. Производство в Выборге,"Термопанели с клинкером. Собственное производство, своя цена, нет посредников.",https://marmara-pro.ru?utm_content=geo&utm_term={PHRASE},-,-,-,-,Текстово-графический,Автоматический,0.00,0,0,-,-,2,-,0.00,1.23,0.00,61.58,6.50,-,-,-
Термопанели в Выборге,712773255,28.08.2026,Термопанели (Лен. область),5773097196,Автотаргетинг,,-,0,-,0,кирпич декоративный для наружной отделки стен,Целевые запросы,Запросы без упоминания брендов,-,,,,,Поиск,Прочее,Не определено,Смартфоны,Android,Wi-Fi,Мужской,25-34 года,Остальные,Не определено,1915608023072927866,Активные,Комбинаторное,Термопанели с клинкерной плиткой. Производство в Выборге,"Термопанели с клинкером. Собственное производство, своя цена, нет посредников.",https://marmara-pro.ru?utm_content=geo&utm_term={PHRASE},-,-,-,-,Текстово-графический,Автоматический,0.00,0,0,-,-,1,-,0.00,0.85,0.00,84.88,5.00,-,-,-
Термопанели в Выборге,712773255,28.08.2026,Термопанели (Лен. область),5773097196,Автотаргетинг,,-,0,-,0,кирпич декоративный для наружной отделки стен,Целевые запросы,Запросы без упоминания брендов,-,,,,,Поиск,Товарная галерея,Не определено,Смартфоны,Android,Wi-Fi,Мужской,25-34 года,Остальные,Не определено,1915608023072927866,Активные,Комбинаторное,Термопанели с клинкерной плиткой. Производство в Выборге,"Термопанели с клинкером. Собственное производство, своя цена, нет посредников.",https://marmara-pro.ru?utm_content=geo&utm_term={PHRASE},http://direct.yandex.ru/images/direct/5250956/5XPY7aqvM1xRQF8e4uTrqg,карусель 4-3_06.jpg,-,-,Текстово-графический,Автоматический,0.00,0,0,-,-,2,-,0.00,0.46,0.00,23.21,7.50,-,-,-
Термопанели в Выборге,712773255,28.08.2026,Термопанели (Лен. область),5773097196,Автотаргетинг,,-,0,-,0,клинкер для фасада,Целевые запросы,Запросы без упоминания брендов,-,,,,,Поиск,Товарная галерея,Не определено,Смартфоны,Android,Wi-Fi,Мужской,45-54 года,Остальные,Не определено,1915608023072927866,Активные,Комбинаторное,Термопанели с клинкерной плиткой. Производство в Выборге,"Термопанели с клинкером. Собственное производство, своя цена, нет посредников.",https://marmara-pro.ru?utm_content=geo&utm_term={PHRASE},http://direct.yandex.ru/images/direct/5250956/5XPY7aqvM1xRQF8e4uTrqg,карусель 4-3_06.jpg,-,-,Текстово-графический,Автоматический,0.00,0,0,-,-,2,-,0.00,0.27,0.00,13.59,11.50,-,-,-
Термопанели в Выборге,712773255,28.08.2026,Термопанели (Лен. область),5773097196,Автотаргетинг,,-,0,-,0,клинкерная плитка,Целевые запросы,Запросы без упоминания брендов,-,,,,,Поиск,Прочее,Не определено,Смартфоны,Android,Wi-Fi,Женский,35-44 года,Остальные,Не определено,1915608023072927866,Активные,Комбинаторное,Термопанели с клинкерной плиткой. Производство в Выборге,"Термопанели с клинкером. Собственное производство, своя цена, нет посредников.",https://marmara-pro.ru?utm_content=geo&utm_term={PHRASE},-,-,-,-,Текстово-графический,Автоматический,0.00,0,0,-,-,1,-,0.00,0.65,0.00,64.58,6.00,-,-,-
Термопанели в Выборге,712773255,28.08.2026,Термопанели (Лен. область),5773097196,Автотаргетинг,,-,0,-,0,клинкерные термопанели,Целевые запросы,Запросы без упоминания брендов,-,,,,,Поиск,Прочее,Не определено,Смартфоны,iOS,Wi-Fi,Мужской,35-44 года,Остальные,Не определено,1915608023072927866,Активные,Комбинаторное,Термопанели с клинкерной плиткой. Производство в Выборге,"Термопанели с клинкером. Собственное производство, своя цена, нет посредников.",https://marmara-pro.ru?utm_content=geo&utm_term={PHRASE},-,-,-,-,Текстово-графический,Автоматический,0.00,0,0,-,-,1,-,0.00,0.45,0.00,44.58,8.00,-,-,-
Термопанели в Выборге,712773255,28.08.2026,Термопанели (Лен. область),5773097196,Автотаргетинг,,-,0,-,0,облицовочная плитка для наружных стен дома,Целевые запросы,Запросы без упоминания брендов,-,,,,,Поиск,Прочее,Не определено,Десктопы,Не определён,Wi-Fi,Женский,Старше 55,Остальные,Не определено,1915608023072927866,Активные,Комбинаторное,Термопанели с клинкерной плиткой. Производство в Выборге,"Термопанели с клинкером. Собственное производство, своя цена, нет посредников.",https://marmara-pro.ru?utm_content=geo&utm_term={PHRASE},-,-,-,-,Текстово-графический,Автоматический,0.00,0,0,-,-,1,-,0.00,0.45,0.00,44.58,8.00,-,-,-
Термопанели в Выборге,712773255,28.08.2026,Термопанели (Лен. область),5773097196,Автотаргетинг,,-,0,-,0,панели для стен для наружной отделки под кирпич с утеплителем цена,Целевые запросы,Запросы без упоминания брендов,-,,,,,Поиск,Прочее,Не определено,Смартфоны,Android,Wi-Fi,Мужской,45-54 года,Остальные,Не определено,1915608023072927866,Активные,Комбинаторное,Термопанели с клинкерной плиткой в Выборге!,Собственное производство в Выборге. Экономия на отоплении до 30%. Гарантия 5 лет.,https://marmara-pro.ru?utm_content=geo&utm_term={PHRASE},-,-,-,-,Текстово-графический,Оригинальный,0.00,0,0,-,-,1,-,0.00,0.55,0.00,54.58,7.00,-,-,-
Термопанели в Выборге,712773255,28.08.2026,Термопанели (Лен. область),5773097196,Автотаргетинг,,-,0,-,0,панели обшивка дом,Целевые запросы,Запросы без упоминания брендов,-,,,,,Поиск,Товарная галерея,Не определено,Смартфоны,iOS,Wi-Fi,Женский,45-54 года,2–5%,Не определено,1915608023072927866,Активные,Комбинаторное,Термопанели с клинкерной плиткой. Производство в Выборге,"Термопанели с клинкером. Собственное производство, своя цена, нет посредников.",https://marmara-pro.ru?utm_content=geo&utm_term={PHRASE},http://direct.yandex.ru/images/direct/5250956/5XPY7aqvM1xRQF8e4uTrqg,карусель 4-3_06.jpg,-,-,Текстово-графический,Автоматический,0.00,0,0,-,-,1,-,0.00,0.14,0.00,13.50,14.00,-,-,-
Термопанели в Выборге,712773255,28.08.2026,Термопанели (Лен. область),5773097196,Автотаргетинг,,-,0,-,0,панели утепленные для отделки дома,Целевые запросы,Запросы без упоминания брендов,-,,,,,Поиск,Прочее,Не определено,Смартфоны,Android,Wi-Fi,Женский,Старше 55,Остальные,Не определено,1915608023072927866,Активные,Комбинаторное,Термопанели с клинкерной плиткой. Производство в Выборге,"Термопанели с клинкером. Собственное производство, своя цена, нет посредников.",https://marmara-pro.ru?utm_content=geo&utm_term={PHRASE},-,-,-,-,Текстово-графический,Автоматический,0.00,0,0,-,-,1,-,0.00,0.45,0.00,44.58,8.00,-,-,-
Термопанели в Выборге,712773255,28.08.2026,Термопанели (Лен. область),5773097196,Автотаргетинг,,-,0,-,0,панель с пеноплексом и имитацией кирпича,Целевые запросы,Запросы без упоминания брендов,-,,,,,Поиск,Прочее,Не определено,Смартфоны,iOS,Wi-Fi,Мужской,35-44 года,6–10%,Не определено,1915608023072927866,Активные,Комбинаторное,Термопанели с клинкерной плиткой. Производство в Выборге,"Термопанели с клинкером. Собственное производство, своя цена, нет посредников.",https://marmara-pro.ru?utm_content=geo&utm_term={PHRASE},-,-,-,-,Текстово-графический,Автоматический,0.00,0,0,-,-,1,-,0.00,0.85,0.00,84.88,5.00,-,-,-
Термопанели в Выборге,712773255,28.08.2026,Термопанели (Лен. область),5773097196,Автотаргетинг,,-,0,-,0,термо панели для стен фасада цена,Целевые запросы,Запросы без упоминания брендов,-,,,,,Поиск,Прочее,Не определено,Смартфоны,Android,Wi-Fi,Мужской,Старше 55,Остальные,Не определено,1915608023072927866,Активные,Комбинаторное,Термопанели с клинкерной плиткой. Производство в Выборге,"Термопанели с клинкером. Собственное производство, своя цена, нет посредников.",https://marmara-pro.ru?utm_content=geo&utm_term={PHRASE},-,-,-,-,Текстово-графический,Автоматический,0.00,0,0,-,-,1,-,0.00,0.65,0.00,64.58,6.00,-,-,-
Термопанели в Выборге,712773255,28.08.2026,Термопанели (Лен. область),5773097196,Автотаргетинг,,-,0,-,0,термо панели для стен фасада цена,Целевые запросы,Запросы без упоминания брендов,-,,,,,Поиск,Товарная галерея,Не определено,Смартфоны,Android,Wi-Fi,Мужской,Старше 55,Остальные,Не определено,1915608023072927866,Активные,Комбинаторное,Термопанели с клинкерной плиткой. Производство в Выборге,"Термопанели с клинкером. Собственное производство, своя цена, нет посредников.",https://marmara-pro.ru?utm_content=geo&utm_term={PHRASE},http://direct.yandex.ru/images/direct/5250956/5XPY7aqvM1xRQF8e4uTrqg,карусель 4-3_06.jpg,-,-,Текстово-графический,Автоматический,0.00,0,0,-,-,1,-,0.00,0.53,0.00,52.59,3.00,-,-,-
Термопанели в Выборге,712773255,28.08.2026,Термопанели (Лен. область),5773097196,Автотаргетинг,,-,0,-,0,термопанели,Целевые запросы,Запросы без упоминания брендов,-,,,,,Поиск,Прочее,Не определено,Смартфоны,Android,Wi-Fi,Женский,35-44 года,Остальные,Не определено,1915608023072927866,Активные,Комбинаторное,Термопанели с клинкерной плиткой. Производство в Выборге,"Термопанели с клинкером. Собственное производство, своя цена, нет посредников.",https://marmara-pro.ru?utm_content=geo&utm_term={PHRASE},-,-,-,-,Текстово-графический,Автоматический,0.00,0,0,-,-,1,-,0.00,0.45,0.00,44.58,8.00,-,-,-
Термопанели в Выборге,712773255,28.08.2026,Термопанели (Лен. область),5773097196,Автотаргетинг,,-,0,-,0,термопанели для наружной отделки,Целевые запросы,Запросы без упоминания брендов,-,,,,,Поиск,Прочее,Не определено,Смартфоны,Android,Wi-Fi,Мужской,35-44 года,Остальные,Не определено,1915608023072927866,Активные,Комбинаторное,Термопанели с клинкерной плиткой. Производство в Выборге,"Термопанели с клинкером. Собственное производство, своя цена, нет посредников.",https://marmara-pro.ru?utm_content=geo&utm_term={PHRASE},-,-,-,-,Текстово-графический,Автоматический,0.00,0,0,-,-,1,-,0.00,0.45,0.00,44.58,8.00,-,-,-
Термопанели в Выборге,712773255,28.08.2026,Термопанели (Лен. область),5773097196,Автотаргетинг,,-,0,-,0,термопанели для наружной отделки,Целевые запросы,Запросы без упоминания брендов,-,,,,,Поиск,Прочее,Не определено,Смартфоны,Android,Wi-Fi,Женский,45-54 года,Остальные,Не определено,1915608023072927866,Активные,Комбинаторное,Термопанели с клинкерной плиткой. Производство в Выборге,"Термопанели с клинкером. Собственное производство, своя цена, нет посредников.",https://marmara-pro.ru?utm_content=geo&utm_term={PHRASE},-,-,-,-,Текстово-графический,Автоматический,0.00,0,0,-,-,1,-,0.00,0.55,0.00,54.58,7.00,-,-,-
Термопанели в Выборге,712773255,28.08.2026,Термопанели (Лен. область),5773097196,Автотаргетинг,,-,0,-,0,термопанели для наружной отделки,Целевые запросы,Запросы без упоминания брендов,-,,,,,Поиск,Прочее,Не определено,Смартфоны,iOS,Wi-Fi,Мужской,35-44 года,2–5%,Не определено,1915608023072927866,Активные,Комбинаторное,Термопанели с клинкерной плиткой. Производство в Выборге,"Термопанели с клинкером. Собственное производство, своя цена, нет посредников.",https://marmara-pro.ru?utm_content=geo&utm_term={PHRASE},-,-,-,-,Текстово-графический,Оригинальный,0.00,0,0,-,-,1,-,0.00,0.85,0.00,84.88,5.00,-,-,-
Термопанели в Выборге,712773255,28.08.2026,Термопанели (Лен. область),5773097196,Автотаргетинг,,-,0,-,0,термопанели для наружной отделки,Целевые запросы,Запросы без упоминания брендов,-,,,,,Поиск,Товарная галерея,Не определено,Смартфоны,Android,Wi-Fi,Мужской,35-44 года,Остальные,Не определено,1915608023072927866,Активные,Комбинаторное,Термопанели с клинкерной плиткой. Производство в Выборге,"Термопанели с клинкером. Собственное производство, своя цена, нет посредников.",https://marmara-pro.ru?utm_content=geo&utm_term={PHRASE},http://direct.yandex.ru/images/direct/5250956/5XPY7aqvM1xRQF8e4uTrqg,карусель 4-3_06.jpg,-,-,Текстово-графический,Автоматический,0.00,0,0,-,-,1,-,0.00,0.14,0.00,13.54,13.00,-,-,-
Термопанели в Выборге,712773255,28.08.2026,Термопанели (Лен. область),5773097196,Автотаргетинг,,-,0,-,0,термопанели с клинкерной плиткой,Целевые запросы,Запросы без упоминания брендов,-,,,,,Поиск,Прочее,Не определено,Смартфоны,Android,Wi-Fi,Мужской,45-54 года,Остальные,Не определено,1915608023072927866,Активные,Комбинаторное,Термопанели с клинкерной плиткой. Производство в Выборге,"Термопанели с клинкером. Собственное производство, своя цена, нет посредников.",https://marmara-pro.ru?utm_content=geo&utm_term={PHRASE},-,-,-,-,Текстово-графический,Оригинальный,0.00,0,0,-,-,1,-,0.00,0.85,0.00,84.88,5.00,-,-,-
Термопанели в Выборге,712773255,28.08.2026,Термопанели (Лен. область),5773097196,Автотаргетинг,,-,0,-,0,термопанели с клинкерной плиткой,Целевые запросы,Запросы без упоминания брендов,-,,,,,Поиск,Товарная галерея,Не определено,Смартфоны,Android,Wi-Fi,Мужской,45-54 года,Остальные,Не определено,1915608023072927866,Активные,Комбинаторное,Термопанели с клинкерной плиткой. Производство в Выборге,"Термопанели с клинкером. Собственное производство, своя цена, нет посредников.",https://marmara-pro.ru?utm_content=geo&utm_term={PHRASE},http://direct.yandex.ru/images/direct/5250956/5XPY7aqvM1xRQF8e4uTrqg,карусель 4-3_06.jpg,-,-,Текстово-графический,Оригинальный,0.00,0,0,-,-,2,-,0.00,0.91,0.00,45.64,3.50,-,-,-
Термопанели в Выборге,712773255,28.08.2026,Термопанели (Лен. область),5773097196,Автотаргетинг,,-,0,-,0,термопанели с клинкерной плиткой,Целевые запросы,Запросы без упоминания брендов,-,,Термопанели с клинкерной плиткой — КлинкерПрофи,,,Поиск,Товарная галерея,Не определено,Смартфоны,Android,Wi-Fi,Мужской,45-54 года,Остальные,Не определено,1918167638897563177,Активные,Страницы каталога,Термопанели с клинкерной плиткой. Производство в Выборге,"Фасадные термопанели с клинкером. Производство в Выборге, доставка по СПб...",https://marmara-pro.ru/termo?utm_content=catalog&utm_term={PHRASE},-,-,-,-,Текстово-графический,Автоматический,0.00,0,0,-,-,2,-,0.00,1.97,0.00,98.59,2.00,-,-,-
Термопанели в Выборге,712773255,28.08.2026,Термопанели (Лен. область),5773097196,Автотаргетинг,,-,0,-,0,термопанели фасадные,Целевые запросы,Запросы без упоминания брендов,-,,,,,Поиск,Товарная галерея,Не определено,Десктопы,Не определён,Wi-Fi,Мужской,45-54 года,2–5%,Не определено,1915608023072927866,Активные,Комбинаторное,Термопанели с клинкерной плиткой. Производство в Выборге,"Термопанели с клинкером. Собственное производство, своя цена, нет посредников.",https://marmara-pro.ru?utm_content=geo&utm_term={PHRASE},http://direct.yandex.ru/images/direct/5250956/5XPY7aqvM1xRQF8e4uTrqg,карусель 4-3_06.jpg,-,-,Текстово-графический,Автоматический,0.00,0,0,-,-,1,-,0.00,0.31,0.00,30.96,9.00,-,-,-
Термопанели в Выборге,712773255,28.08.2026,Термопанели (Лен. область),5773097196,Автотаргетинг,,-,0,-,0,термопанели фасадные 6m,Целевые запросы,Запросы без упоминания брендов,-,,,,,Поиск,Прочее,Не определено,Десктопы,Не определён,Wi-Fi,Мужской,45-54 года,2–5%,Не определено,1915608023072927866,Активные,Комбинаторное,Термопанели с клинкерной плиткой. Производство в Выборге,"Термопанели с клинкером. Собственное производство, своя цена, нет посредников.",https://marmara-pro.ru?utm_content=geo&utm_term={PHRASE},-,-,-,-,Текстово-графический,Автоматический,0.00,0,0,-,-,1,-,0.00,0.65,0.00,64.58,6.00,-,-,-
Термопанели в Выборге,712773255,28.08.2026,Термопанели (Лен. область),5773097196,Автотаргетинг,,-,0,-,0,термопанели фасадные 6m,Целевые запросы,Запросы без упоминания брендов,-,,,,,Поиск,Товарная галерея,Не определено,Десктопы,Не определён,Wi-Fi,Мужской,45-54 года,2–5%,Не определено,1915608023072927866,Активные,Комбинаторное,Термопанели с клинкерной плиткой. Производство в Выборге,"Термопанели с клинкером. Собственное производство, своя цена, нет посредников.",https://marmara-pro.ru?utm_content=geo&utm_term={PHRASE},http://direct.yandex.ru/images/direct/5250956/5XPY7aqvM1xRQF8e4uTrqg,карусель 4-3_06.jpg,-,-,Текстово-графический,Автоматический,0.00,0,0,-,-,1,-,0.00,0.85,0.00,84.58,2.00,-,-,-
Термопанели в Выборге,712773255,28.08.2026,Термопанели (Лен. область),5773097196,Автотаргетинг,,-,0,-,0,термопанели фасадные 6v,Целевые запросы,Запросы без упоминания брендов,-,,,,,Поиск,Прочее,Не определено,Десктопы,Не определён,Wi-Fi,Мужской,45-54 года,2–5%,Не определено,1915608023072927866,Активные,Комбинаторное,Термопанели с клинкерной плиткой. Производство в Выборге,"Термопанели с клинкером. Собственное производство, своя цена, нет посредников.",https://marmara-pro.ru?utm_content=geo&utm_term={PHRASE},-,-,-,-,Текстово-графический,Автоматический,0.00,0,0,-,-,1,-,0.00,0.65,0.00,64.58,6.00,-,-,-
Термопанели в Выборге,712773255,28.08.2026,Термопанели (Лен. область),5773097196,Автотаргетинг,,-,0,-,0,термопанели фасадные 6v,Целевые запросы,Запросы без упоминания брендов,-,,,,,Поиск,Товарная галерея,Не определено,Десктопы,Не определён,Wi-Fi,Мужской,45-54 года,2–5%,Не определено,1915608023072927866,Активные,Комбинаторное,Термопанели с клинкерной плиткой. Производство в Выборге,"Термопанели с клинкером. Собственное производство, своя цена, нет посредников.",https://marmara-pro.ru?utm_content=geo&utm_term={PHRASE},http://direct.yandex.ru/images/direct/5250956/5XPY7aqvM1xRQF8e4uTrqg,карусель 4-3_06.jpg,-,-,Текстово-графический,Автоматический,0.00,0,0,-,-,1,-,0.00,0.68,0.00,67.76,3.00,-,-,-
Термопанели в Выборге,712773255,28.08.2026,Термопанели (Лен. область),5773097196,Автотаргетинг,,-,0,-,0,термопанель,Целевые запросы,Запросы без упоминания брендов,-,,,,,Поиск,Прочее,Не определено,Десктопы,Не определён,Wi-Fi,Мужской,45-54 года,Остальные,Не определено,1915608023072927866,Активные,Комбинаторное,Термопанели с клинкерной плиткой. Производство в Выборге,"Термопанели с клинкером. Собственное производство, своя цена, нет посредников.",https://marmara-pro.ru?utm_content=geo&utm_term={PHRASE},-,-,-,-,Текстово-графический,Автоматический,0.00,0,0,-,-,1,-,0.00,0.85,0.00,84.88,5.00,-,-,-
Термопанели в Выборге,712773255,28.08.2026,Термопанели (Лен. область),5773097196,Автотаргетинг,,-,0,-,0,термопанель,Целевые запросы,Запросы без упоминания брендов,-,,,,,Поиск,Прочее,Не определено,Смартфоны,iOS,Wi-Fi,Мужской,35-44 года,Остальные,Не определено,1915608023072927866,Активные,Комбинаторное,Термопанели с клинкерной плиткой. Производство в Выборге,"Термопанели с клинкером. Собственное производство, своя цена, нет посредников.",https://marmara-pro.ru?utm_content=geo&utm_term={PHRASE},-,-,-,-,Текстово-графический,Автоматический,0.00,0,0,-,-,1,-,0.00,0.55,0.00,54.58,7.00,-,-,-
Термопанели в Выборге,712773255,28.08.2026,Термопанели (Лен. область),5773097196,Автотаргетинг,,-,0,-,0,фасад керамогранит домов,Целевые запросы,Запросы без упоминания брендов,-,,,,,Поиск,Прочее,Не определено,Смартфоны,Android,Wi-Fi,Женский,35-44 года,Остальные,Не определено,1915608023072927866,Активные,Комбинаторное,Термопанели с клинкерной плиткой. Производство в Выборге,"Термопанели с клинкером. Собственное производство, своя цена, нет посредников.",https://marmara-pro.ru?utm_content=geo&utm_term={PHRASE},-,-,-,-,Текстово-графический,Автоматический,0.00,1,0,0.00,-,1,0.00,100.00,0.65,154.86,64.58,6.00,6.00,0.00,1.00
Термопанели в Выборге,712773255,28.08.2026,Термопанели (Лен. область),5773097196,Автотаргетинг,,-,0,-,0,фасадные панели под кирпич для наружной отделки дома,Целевые запросы,Запросы без упоминания брендов,-,,,,,Поиск,Прочее,Не определено,Смартфоны,Android,Wi-Fi,Мужской,18-24 года,Остальные,Не определено,1915608023072927866,Активные,Комбинаторное,Термопанели с клинкерной плиткой. Производство в Выборге,"Термопанели с клинкером. Собственное производство, своя цена, нет посредников.",https://marmara-pro.ru?utm_content=geo&utm_term={PHRASE},-,-,-,-,Текстово-графический,Автоматический,0.00,0,0,-,-,1,-,0.00,0.55,0.00,54.58,7.00,-,-,-
