Название кампании,№ Кампании,День,Название группы,№ Группы,Тип условия показа,Ключевая фраза,Условие подбора аудитории,Условие подбора аудитории,Название корректировки,Корректировки,Поисковый запрос,Категория запроса,Упоминания брендов в запросах,Тип соответствия,Подобранная фраза,№ Объявления,Тип объявления,Заголовок,Название товара или каталога,Производитель товара,Категория товара,Тип площадки,Вид размещения,Тематика телеграм-канала,Тип устройства,Тип операционной системы,Тип связи,Пол,Возраст,Уровень платежеспособности,Уровень трат в категории,"Расход, ₽",Клики,Конверсии,"CR, %","CPA, ₽",Показы,"CPC, ₽","CTR, %",Взвешенные показы,"Взвешенный CTR, %",Ср. объём трафика,Ср. позиция показа,Ср. позиция клика,"Отказы, %",Глубина просмотра
Итого,,,,,,,,,,,,,,,,,,,,,,,,,,,,,,,,59.30,72,1,1.39,59.30,2109,0.82,3.41,1451.76,4.96,68.84,6.03,2.46,26.03,1.48
Термопанели в Выборге,712773255,14.08.2026,Группа 2 - Гео (ключевая),5773898865,Автотаргетинг,,-,0,-,0,,Не определено,-,-,,1915800871397818629,Комбинаторное,Купить термопанели в Выборге напрямую,,,,Сети,Прочее,Не определено,Смартфоны,Android,Мобильная связь,Мужской,45-54 года,Остальные,Не определено,0.00,1,1,100.00,0.00,1,0.00,100.00,1.00,100.00,100.00,-,-,100.00,1.00
"Приозерский район, Поиск   от 25-07-2026",713047408,10.08.2026,Приозерский район,5776633358,Фраза,термопанели для фасада дома,-,0,-,0,термопанели ппу для наружной отделки дома,Целевые запросы,Запросы без упоминания брендов,Семантическое,,1916597733861553174,Комбинаторное,Термопанели для дома в Приозерске,,,,Поиск,Прочее,Не определено,Смартфоны,Android,Wi-Fi,Женский,18-24 года,Остальные,Не определено,0.00,0,0,-,-,1,-,0.00,1.37,0.00,136.96,5.00,-,-,-
"Приозерский район, Поиск   от 25-07-2026",713047408,10.08.2026,Приозерский район,5776633358,Фраза,термопанели с клинкерной плиткой,-,0,-,0,термопанели с клинкерной плиткой,Не определено,-,Пословное,,1916597733861553174,Комбинаторное,"Приозерск, Сосново — термопанели с клинкером",,,,Поиск,Реклама в саджесте,Не определено,Смартфоны,iOS,Мобильная связь,Женский,35-44 года,Остальные,Не определено,0.00,0,0,-,-,1,-,0.00,1.00,0.00,100.00,1.00,-,-,-
"Приозерский район, Поиск   от 25-07-2026",713047408,10.08.2026,Приозерский район,5776633358,Автотаргетинг,,-,0,-,0,,Сопутствующие запросы,Запросы без упоминания брендов,-,,1916597733861553174,Комбинаторное,Клинкерные термопанели — КлинкерПрофи,,,,Поиск,Прочее,Не определено,Смартфоны,Android,Wi-Fi,Мужской,45-54 года,2–5%,Не определено,0.00,0,0,-,-,1,-,0.00,1.00,0.00,100.00,5.00,-,-,-
"Приозерский район, Поиск   от 25-07-2026",713047408,10.08.2026,Приозерский район,5776633358,Автотаргетинг,,-,0,-,0,grand line,Альтернативные запросы,Запросы с упоминанием брендов конкурентов,-,,1916597733861553174,Комбинаторное,Производство в Выборге — доставка в район,,,,Поиск,Прочее,Не определено,Смартфоны,iOS,Мобильная связь,Мужской,35-44 года,6–10%,Не определено,0.00,0,0,-,-,1,-,0.00,1.24,0.00,124.24,5.00,-,-,-
"Приозерский район, Поиск   от 25-07-2026",713047408,10.08.2026,Приозерский район,5776633358,Автотаргетинг,,-,0,-,0,grand line,Альтернативные запросы,Запросы с упоминанием брендов конкурентов,-,,1916597733861553174,Комбинаторное,Фасадные термопанели с клинкером,,,,Поиск,Спецразмещение,Не определено,Смартфоны,iOS,Мобильная связь,Мужской,35-44 года,6–10%,Не определено,0.00,0,0,-,-,1,-,0.00,1.19,0.00,118.94,1.00,-,-,-
"Приозерский район, Поиск   от 25-07-2026",713047408,10.08.2026,Приозерский район,5776633358,Автотаргетинг,,-,0,-,0,white hills,Альтернативные запросы,Запросы с упоминанием брендов конкурентов,-,,1916597733861553174,Комбинаторное,Фасадные термопанели с клинкером,,,,Поиск,Спецразмещение,Не определено,Смартфоны,iOS,Wi-Fi,Мужской,35-44 года,Топ 1%,Не определено,0.00,0,0,-,-,1,-,0.00,1.19,0.00,119.43,1.00,-,-,-
"Приозерский район, Поиск   от 25-07-2026",713047408,10.08.2026,Приозерский район,5776633358,Автотаргетинг,,-,0,-,0,алпан теплопанели приозерск,Альтернативные запросы,Запросы с упоминанием брендов конкурентов,-,,1916597733861553174,Комбинаторное,Термопанели для дома в Приозерске,,,,Поиск,Спецразмещение,Не определено,Смартфоны,Android,Wi-Fi,Мужской,45-54 года,6–10%,Не определено,3.30,1,0,0.00,-,1,3.30,100.00,1.07,93.27,107.22,1.00,1.00,0.00,1.00
"Приозерский район, Поиск   от 25-07-2026",713047408,10.08.2026,Приозерский район,5776633358,Автотаргетинг,,-,0,-,0,алпан теплопанели приозерск,Альтернативные запросы,Запросы с упоминанием брендов конкурентов,-,,1916597733861553174,Комбинаторное,Термопанели для дома в Приозерске,,,,Поиск,Прочее,Не определено,Смартфоны,Android,Wi-Fi,Мужской,45-54 года,6–10%,Не определено,0.00,0,0,-,-,1,-,0.00,1.38,0.00,137.79,5.00,-,-,-
"Приозерский район, Поиск   от 25-07-2026",713047408,10.08.2026,Приозерский район,5776633358,Автотаргетинг,,-,0,-,0,база раздолье сосново стройматериалов,Альтернативные запросы,Запросы с упоминанием брендов конкурентов,-,,1916597733861553174,Комбинаторное,Производство в Выборге — доставка в район,,,,Поиск,Спецразмещение,Не определено,Смартфоны,Android,Wi-Fi,Мужской,45-54 года,Остальные,Не определено,0.00,0,0,-,-,1,-,0.00,1.24,0.00,123.71,1.00,-,-,-
"Приозерский район, Поиск   от 25-07-2026",713047408,10.08.2026,Приозерский район,5776633358,Автотаргетинг,,-,0,-,0,база раздолье сосново стройматериалов,Альтернативные запросы,Запросы с упоминанием брендов конкурентов,-,,1916597733861553174,Комбинаторное,Производство в Выборге — доставка в район,,,,Поиск,Спецразмещение,Не определено,Смартфоны,Android,Wi-Fi,Женский,45-54 года,Остальные,Не определено,0.00,0,0,-,-,1,-,0.00,1.23,0.00,122.57,1.00,-,-,-
"Приозерский район, Поиск   от 25-07-2026",713047408,10.08.2026,Приозерский район,5776633358,Автотаргетинг,,-,0,-,0,база раздолье сосново стройматериалов,Альтернативные запросы,Запросы с упоминанием брендов конкурентов,-,,1916597733861553174,Комбинаторное,Производство в Выборге — доставка в район,,,,Поиск,Прочее,Не определено,Смартфоны,Android,Wi-Fi,Женский,45-54 года,Остальные,Не определено,0.00,0,0,-,-,1,-,0.00,1.00,0.00,100.00,5.00,-,-,-
"Приозерский район, Поиск   от 25-07-2026",713047408,10.08.2026,Приозерский район,5776633358,Автотаргетинг,,-,0,-,0,база раздолье сосново стройматериалов каталог,Широкие запросы,Запросы с упоминанием брендов конкурентов,-,,1916597733861553174,Комбинаторное,Производство в Выборге — доставка в район,,,,Поиск,Спецразмещение,Не определено,Смартфоны,Android,Мобильная связь,Женский,45-54 года,Остальные,Не определено,0.00,0,0,-,-,2,-,0.00,1.97,0.00,98.68,1.00,-,-,-
"Приозерский район, Поиск   от 25-07-2026",713047408,10.08.2026,Приозерский район,5776633358,Автотаргетинг,,-,0,-,0,база раздолье сосново стройматериалов каталог,Широкие запросы,Запросы с упоминанием брендов конкурентов,-,,1916597733861553174,Комбинаторное,Производство в Выборге — доставка в район,,,,Поиск,Прочее,Не определено,Смартфоны,Android,Мобильная связь,Женский,45-54 года,Остальные,Не определено,0.00,0,0,-,-,2,-,0.00,2.42,0.00,120.98,5.00,-,-,-
"Приозерский район, Поиск   от 25-07-2026",713047408,10.08.2026,Приозерский район,5776633358,Автотаргетинг,,-,0,-,0,база строительных материалов в пос громово,Широкие запросы,Запросы без упоминания брендов,-,,1916597733861553174,Комбинаторное,Производство в Выборге — доставка в район,,,,Поиск,Спецразмещение,Не определено,Смартфоны,Android,Wi-Fi,Мужской,Старше 55,Остальные,Не определено,0.00,0,0,-,-,1,-,0.00,0.91,0.00,91.46,1.00,-,-,-
"Приозерский район, Поиск   от 25-07-2026",713047408,10.08.2026,Приозерский район,5776633358,Автотаргетинг,,-,0,-,0,база строительных материалов в пос громово,Широкие запросы,Запросы без упоминания брендов,-,,1916597733861553174,Комбинаторное,Производство в Выборге — доставка в район,,,,Поиск,Прочее,Не определено,Смартфоны,Android,Wi-Fi,Мужской,Старше 55,Остальные,Не определено,0.00,0,0,-,-,1,-,0.00,1.37,0.00,137.31,5.00,-,-,-
"Приозерский район, Поиск   от 25-07-2026",713047408,10.08.2026,Приозерский район,5776633358,Автотаргетинг,,-,0,-,0,база строительных материалов в пос громово приозерского района ленинградской области,Широкие запросы,Запросы без упоминания брендов,-,,1916597733861553174,Комбинаторное,Производство в Выборге — доставка в район,,,,Поиск,Спецразмещение,Не определено,Смартфоны,Android,Wi-Fi,Мужской,Старше 55,Остальные,Не определено,0.00,0,0,-,-,1,-,0.00,0.93,0.00,93.12,1.00,-,-,-
"Приозерский район, Поиск   от 25-07-2026",713047408,10.08.2026,Приозерский район,5776633358,Автотаргетинг,,-,0,-,0,база стройматериалов мельниковой в приозерском районе,Альтернативные запросы,Запросы без упоминания брендов,-,,1916597733861553174,Комбинаторное,Производство в Выборге — доставка в район,,,,Поиск,Спецразмещение,Не определено,Планшеты,Android,Wi-Fi,Не определен,Не определен,Остальные,Не определено,0.00,0,0,-,-,1,-,0.00,1.00,0.00,100.00,1.00,-,-,-
"Приозерский район, Поиск   от 25-07-2026",713047408,10.08.2026,Приозерский район,5776633358,Автотаргетинг,,-,0,-,0,баутекс,Альтернативные запросы,Запросы с упоминанием брендов конкурентов,-,,1916597733861553174,Комбинаторное,Фасадные термопанели с клинкером,,,,Поиск,Спецразмещение,Не определено,Десктопы,Не определён,Wi-Fi,Мужской,45-54 года,Остальные,Не определено,0.00,0,0,-,-,1,-,0.00,0.91,0.00,91.05,1.00,-,-,-
"Приозерский район, Поиск   от 25-07-2026",713047408,10.08.2026,Приозерский район,5776633358,Автотаргетинг,,-,0,-,0,баутекс,Альтернативные запросы,Запросы с упоминанием брендов конкурентов,-,,1916597733861553174,Комбинаторное,Фасадные термопанели с клинкером,,,,Поиск,Прочее,Не определено,Десктопы,Не определён,Wi-Fi,Мужской,45-54 года,Остальные,Не определено,0.00,0,0,-,-,1,-,0.00,1.00,0.00,100.00,5.00,-,-,-
"Приозерский район, Поиск   от 25-07-2026",713047408,10.08.2026,Приозерский район,5776633358,Автотаргетинг,,-,0,-,0,белорусский утеплитель,Альтернативные запросы,Запросы без упоминания брендов,-,,1916597733861553174,Комбинаторное,Термопанели для дома в Приозерске,,,,Поиск,Спецразмещение,Не определено,Смартфоны,Android,Мобильная связь,Мужской,45-54 года,Остальные,Не определено,0.00,0,0,-,-,2,-,0.00,2.02,0.00,101.00,1.00,-,-,-
"Приозерский район, Поиск   от 25-07-2026",713047408,10.08.2026,Приозерский район,5776633358,Автотаргетинг,,-,0,-,0,ближайший магазин стройматериалов,Широкие запросы,Запросы без упоминания брендов,-,,1916597733861553174,Комбинаторное,Производство в Выборге — доставка в район,,,,Поиск,Спецразмещение,Не определено,Смартфоны,Android,Wi-Fi,Мужской,35-44 года,6–10%,Не определено,0.00,0,0,-,-,1,-,0.00,1.48,0.00,147.58,1.00,-,-,-
"Приозерский район, Поиск   от 25-07-2026",713047408,10.08.2026,Приозерский район,5776633358,Автотаргетинг,,-,0,-,0,ближайший магазин стройматериалов,Широкие запросы,Запросы без упоминания брендов,-,,1916597733861553174,Комбинаторное,Производство в Выборге — доставка в район,,,,Поиск,Спецразмещение,Не определено,Смартфоны,Android,Wi-Fi,Мужской,Старше 55,Остальные,Не определено,0.00,0,0,-,-,1,-,0.00,1.51,0.00,150.94,1.00,-,-,-
"Приозерский район, Поиск   от 25-07-2026",713047408,10.08.2026,Приозерский район,5776633358,Автотаргетинг,,-,0,-,0,гранд лайн,Альтернативные запросы,Запросы с упоминанием брендов конкурентов,-,,1916597733861553174,Комбинаторное,Производство в Выборге — доставка в район,,,,Поиск,Прочее,Не определено,Смартфоны,Android,Wi-Fi,Мужской,35-44 года,Остальные,Не определено,0.00,0,0,-,-,1,-,0.00,0.09,0.00,8.50,5.00,-,-,-
"Приозерский район, Поиск   от 25-07-2026",713047408,10.08.2026,Приозерский район,5776633358,Автотаргетинг,,-,0,-,0,дом фасадов официальный сайт,Альтернативные запросы,Запросы с упоминанием брендов конкурентов,-,,1916597733861553174,Комбинаторное,Производство в Выборге — доставка в район,,,,Поиск,Прочее,Не определено,Смартфоны,Android,Wi-Fi,Мужской,35-44 года,Остальные,Не определено,0.00,0,0,-,-,1,-,0.00,1.41,0.00,141.42,5.00,-,-,-
"Приозерский район, Поиск   от 25-07-2026",713047408,10.08.2026,Приозерский район,5776633358,Автотаргетинг,,-,0,-,0,дом фасадов официальный сайт,Альтернативные запросы,Запросы с упоминанием брендов конкурентов,-,,1916597733861553174,Комбинаторное,Производство в Выборге — доставка в район,,,,Поиск,Эксклюзивное размещение,Не определено,Смартфоны,Android,Wi-Fi,Мужской,35-44 года,Остальные,Не определено,0.00,0,0,-,-,1,-,0.00,0.99,0.00,98.95,1.00,-,-,-
"Приозерский район, Поиск   от 25-07-2026",713047408,10.08.2026,Приозерский район,5776633358,Автотаргетинг,,-,0,-,0,если цоколь в каркасном доме получился очень низким что делать,Сопутствующие запросы,Запросы без упоминания брендов,-,,1916597733861553174,Комбинаторное,Клинкерные термопанели — КлинкерПрофи,,,,Поиск,Спецразмещение,Не определено,Смартфоны,iOS,Wi-Fi,Женский,Старше 55,2–5%,Не определено,0.00,0,0,-,-,1,-,0.00,0.79,0.00,78.54,1.00,-,-,-
"Приозерский район, Поиск   от 25-07-2026",713047408,10.08.2026,Приозерский район,5776633358,Автотаргетинг,,-,0,-,0,если цоколь в каркасном доме получился очень низким что делать,Сопутствующие запросы,Запросы без упоминания брендов,-,,1916597733861553174,Комбинаторное,Клинкерные термопанели — КлинкерПрофи,,,,Поиск,Прочее,Не определено,Смартфоны,iOS,Wi-Fi,Женский,Старше 55,2–5%,Не определено,0.00,0,0,-,-,1,-,0.00,1.00,0.00,100.00,5.00,-,-,-
"Приозерский район, Поиск   от 25-07-2026",713047408,10.08.2026,Приозерский район,5776633358,Автотаргетинг,,-,0,-,0,если цоколь в каркасном доме получился очень низким что делать,Сопутствующие запросы,Запросы без упоминания брендов,-,,1916597733861553174,Комбинаторное,Термопанели для дома в Приозерске,,,,Поиск,Прочее,Не определено,Смартфоны,iOS,Wi-Fi,Женский,Старше 55,2–5%,Не определено,0.00,0,0,-,-,1,-,0.00,1.00,0.00,100.00,5.00,-,-,-
"Приозерский район, Поиск   от 25-07-2026",713047408,10.08.2026,Приозерский район,5776633358,Автотаргетинг,,-,0,-,0,зашить цоколь дома на бетонных сваях,Сопутствующие запросы,Запросы без упоминания брендов,-,,1916597733861553174,Комбинаторное,Термопанели для дома в Приозерске,,,,Поиск,Спецразмещение,Не определено,Смартфоны,Android,Wi-Fi,Мужской,35-44 года,Остальные,Не определено,0.00,0,0,-,-,1,-,0.00,1.00,0.00,100.00,-,-,-,-
"Приозерский район, Поиск   от 25-07-2026",713047408,10.08.2026,Приозерский район,5776633358,Автотаргетинг,,-,0,-,0,зашить цоколь дома на бетонных сваях,Сопутствующие запросы,Запросы без упоминания брендов,-,,1916597733861553174,Комбинаторное,Утепление фасада термопанелями,,,,Поиск,Спецразмещение,Не определено,Смартфоны,Android,Wi-Fi,Мужской,35-44 года,Остальные,Не определено,0.00,0,0,-,-,1,-,0.00,1.00,0.00,100.00,-,-,-,-
"Приозерский район, Поиск   от 25-07-2026",713047408,10.08.2026,Приозерский район,5776633358,Автотаргетинг,,-,0,-,0,здание построено с наружной отделкой и кровлей,Сопутствующие запросы,Запросы без упоминания брендов,-,,1916597733861553174,Комбинаторное,Фасадные термопанели с клинкером,,,,Поиск,Прочее,Не определено,Десктопы,Не определён,Wi-Fi,Женский,Старше 55,Остальные,Не определено,0.00,0,0,-,-,1,-,0.00,1.00,0.00,100.00,5.00,-,-,-
"Приозерский район, Поиск   от 25-07-2026",713047408,10.08.2026,Приозерский район,5776633358,Автотаргетинг,,-,0,-,0,как утеплить венец дома из бруса снаружи,Сопутствующие запросы,Запросы без упоминания брендов,-,,1916597733861553174,Комбинаторное,Термопанели для дома в Приозерске,,,,Поиск,Спецразмещение,Не определено,Смартфоны,Android,Wi-Fi,Мужской,35-44 года,Остальные,Не определено,0.00,0,0,-,-,1,-,0.00,1.00,0.00,100.00,-,-,-,-
"Приозерский район, Поиск   от 25-07-2026",713047408,10.08.2026,Приозерский район,5776633358,Автотаргетинг,,-,0,-,0,клинкерные панели,Целевые запросы,Запросы без упоминания брендов,-,,1916597733861553174,Комбинаторное,Клинкерные термопанели — КлинкерПрофи,,,,Поиск,Спецразмещение,Не определено,Смартфоны,iOS,Мобильная связь,Мужской,35-44 года,2–5%,Не определено,0.00,0,0,-,-,1,-,0.00,0.78,0.00,78.17,2.00,-,-,-
"Приозерский район, Поиск   от 25-07-2026",713047408,10.08.2026,Приозерский район,5776633358,Автотаргетинг,,-,0,-,0,клинкерный кирпич для фасада,Альтернативные запросы,Запросы без упоминания брендов,-,,1916597733861553174,Комбинаторное,Клинкерные термопанели — КлинкерПрофи,,,,Поиск,Спецразмещение,Не определено,Смартфоны,iOS,Wi-Fi,Женский,25-34 года,2–5%,Не определено,0.00,0,0,-,-,1,-,0.00,0.79,0.00,78.91,2.00,-,-,-
"Приозерский район, Поиск   от 25-07-2026",713047408,10.08.2026,Приозерский район,5776633358,Автотаргетинг,,-,0,-,0,клинкерный кирпич для фасада,Альтернативные запросы,Запросы без упоминания брендов,-,,1916597733861553174,Комбинаторное,Термопанели с клинкерной плиткой - КлинкерПрофи,,,,Поиск,Спецразмещение,Не определено,Смартфоны,iOS,Wi-Fi,Женский,25-34 года,2–5%,Не определено,0.00,0,0,-,-,1,-,0.00,0.75,0.00,75.28,2.00,-,-,-
"Приозерский район, Поиск   от 25-07-2026",713047408,10.08.2026,Приозерский район,5776633358,Автотаргетинг,,-,0,-,0,купит технониколь с завода выборг,Альтернативные запросы,Запросы с упоминанием брендов конкурентов,-,,1916597733861553174,Комбинаторное,Производство в Выборге — доставка в район,,,,Поиск,Прочее,Не определено,Смартфоны,Android,Wi-Fi,Женский,18-24 года,Остальные,Не определено,0.00,0,0,-,-,1,-,0.00,1.37,0.00,136.90,5.00,-,-,-
"Приозерский район, Поиск   от 25-07-2026",713047408,10.08.2026,Приозерский район,5776633358,Автотаргетинг,,-,0,-,0,купить технониколь с завода выборг,Альтернативные запросы,Запросы с упоминанием брендов конкурентов,-,,1916597733861553174,Комбинаторное,Производство в Выборге — доставка в район,,,,Поиск,Спецразмещение,Не определено,Смартфоны,Android,Wi-Fi,Женский,18-24 года,Остальные,Не определено,0.00,0,0,-,-,1,-,0.00,0.91,0.00,90.80,1.00,-,-,-
"Приозерский район, Поиск   от 25-07-2026",713047408,10.08.2026,Приозерский район,5776633358,Автотаргетинг,,-,0,-,0,куплю панель фасадную альта профиль кирпич рустикальный,Альтернативные запросы,Запросы с упоминанием брендов конкурентов,-,,1916597733861553174,Комбинаторное,Фасадные термопанели с клинкером,,,,Поиск,Спецразмещение,Не определено,Смартфоны,Android,Wi-Fi,Мужской,Старше 55,Остальные,Не определено,0.00,0,0,-,-,1,-,0.00,0.50,0.00,50.44,3.00,-,-,-
"Приозерский район, Поиск   от 25-07-2026",713047408,10.08.2026,Приозерский район,5776633358,Автотаргетинг,,-,0,-,0,легкий уличный плитный материал,Широкие запросы,Запросы без упоминания брендов,-,,1916597733861553174,Комбинаторное,"Приозерск, Сосново — термопанели с клинкером",,,,Поиск,Прочее,Не определено,Смартфоны,iOS,Wi-Fi,Мужской,25-34 года,2–5%,Не определено,0.00,0,0,-,-,1,-,0.00,0.09,0.00,8.50,5.00,-,-,-
"Приозерский район, Поиск   от 25-07-2026",713047408,10.08.2026,Приозерский район,5776633358,Автотаргетинг,,-,0,-,0,можно ли в армопояс закладывать резьбовые прутья горизонтально на уличную сторону для дальнейшего крепления фасадных панелей,Сопутствующие запросы,Запросы без упоминания брендов,-,,1916597733861553174,Комбинаторное,Термопанели для дома в Приозерске,,,,Поиск,Прочее,Не определено,Смартфоны,iOS,Wi-Fi,Мужской,45-54 года,2–5%,Не определено,0.00,0,0,-,-,1,-,0.00,0.42,0.00,41.63,6.00,-,-,-
"Приозерский район, Поиск   от 25-07-2026",713047408,10.08.2026,Приозерский район,5776633358,Автотаргетинг,,-,0,-,0,можно ли в армопояс закладывать резьбовые прутья горизонтально на уличную сторону для дальнейшего крепления фасадных панелей,Сопутствующие запросы,Запросы без упоминания брендов,-,,1916597733861553174,Комбинаторное,Фасадные термопанели с клинкером,,,,Поиск,Прочее,Не определено,Смартфоны,iOS,Wi-Fi,Мужской,45-54 года,2–5%,Не определено,0.00,0,0,-,-,1,-,0.00,0.42,0.00,41.63,6.00,-,-,-
"Приозерский район, Поиск   от 25-07-2026",713047408,10.08.2026,Приозерский район,5776633358,Автотаргетинг,,-,0,-,0,можно ли в армопояс закладывать резьбовые прутья для дальнейшего крепления фасадных панелей,Сопутствующие запросы,Запросы без упоминания брендов,-,,1916597733861553174,Комбинаторное,Фасадные термопанели с клинкером,,,,Поиск,Прочее,Не определено,Смартфоны,iOS,Wi-Fi,Мужской,45-54 года,2–5%,Не определено,0.00,0,0,-,-,1,-,0.00,1.00,0.00,100.00,5.00,-,-,-
"Приозерский район, Поиск   от 25-07-2026",713047408,10.08.2026,Приозерский район,5776633358,Автотаргетинг,,-,0,-,0,обшить дом брусом,Сопутствующие запросы,Запросы без упоминания брендов,-,,1916597733861553174,Комбинаторное,Фасадные термопанели с клинкером,,,,Поиск,Спецразмещение,Не определено,Смартфоны,Android,Wi-Fi,Женский,45-54 года,Остальные,Не определено,0.00,0,0,-,-,2,-,0.00,2.47,0.00,123.66,2.00,-,-,-
"Приозерский район, Поиск   от 25-07-2026",713047408,10.08.2026,Приозерский район,5776633358,Автотаргетинг,,-,0,-,0,отделка под кирпич домов,Широкие запросы,Запросы без упоминания брендов,-,,1916597733861553174,Комбинаторное,Термопанели с клинкерной плиткой - КлинкерПрофи,,,,Поиск,Спецразмещение,Не определено,Смартфоны,Android,Wi-Fi,Мужской,Старше 55,Остальные,Не определено,0.00,0,0,-,-,1,-,0.00,1.00,0.00,100.00,-,-,-,-
"Приозерский район, Поиск   от 25-07-2026",713047408,10.08.2026,Приозерский район,5776633358,Автотаргетинг,,-,0,-,0,отделка под кирпич домов,Широкие запросы,Запросы без упоминания брендов,-,,1916597733861553174,Комбинаторное,Фасадные термопанели с клинкером,,,,Поиск,Спецразмещение,Не определено,Смартфоны,Android,Wi-Fi,Мужской,Старше 55,Остальные,Не определено,0.00,0,0,-,-,2,-,0.00,1.94,0.00,96.85,1.00,-,-,-
"Приозерский район, Поиск   от 25-07-2026",713047408,10.08.2026,Приозерский район,5776633358,Автотаргетинг,,-,0,-,0,отделка под кирпич домов как называется,Сопутствующие запросы,Запросы без упоминания брендов,-,,1916597733861553174,Комбинаторное,Фасадные термопанели с клинкером,,,,Поиск,Спецразмещение,Не определено,Смартфоны,Android,Wi-Fi,Мужской,Старше 55,Остальные,Не определено,0.00,0,0,-,-,1,-,0.00,1.00,0.00,100.00,-,-,-,-
"Приозерский район, Поиск   от 25-07-2026",713047408,10.08.2026,Приозерский район,5776633358,Автотаргетинг,,-,0,-,0,отделка стены с улицы,Сопутствующие запросы,Запросы без упоминания брендов,-,,1916597733861553174,Комбинаторное,Фасадные термопанели с клинкером,,,,Поиск,Спецразмещение,Не определено,Десктопы,Не определён,Wi-Fi,Женский,45-54 года,Остальные,Не определено,3.55,1,0,0.00,-,1,3.55,100.00,1.16,86.28,115.90,1.00,1.00,0.00,2.00
"Приозерский район, Поиск   от 25-07-2026",713047408,10.08.2026,Приозерский район,5776633358,Автотаргетинг,,-,0,-,0,отделка цоколя дпк,Альтернативные запросы,Запросы без упоминания брендов,-,,1916597733861553174,Комбинаторное,Клинкерные термопанели — КлинкерПрофи,,,,Поиск,Прочее,Не определено,Десктопы,Не определён,Wi-Fi,Мужской,35-44 года,6–10%,Не определено,0.00,0,0,-,-,1,-,0.00,0.79,0.00,78.56,5.00,-,-,-
"Приозерский район, Поиск   от 25-07-2026",713047408,10.08.2026,Приозерский район,5776633358,Автотаргетинг,,-,0,-,0,отлив для цоколя 300,Сопутствующие запросы,Запросы без упоминания брендов,-,,1916597733861553174,Комбинаторное,Клинкерные термопанели — КлинкерПрофи,,,,Поиск,Прочее,Не определено,Смартфоны,Android,Wi-Fi,Мужской,45-54 года,Остальные,Не определено,0.00,0,0,-,-,2,-,0.00,1.09,0.00,54.25,5.00,-,-,-
"Приозерский район, Поиск   от 25-07-2026",713047408,10.08.2026,Приозерский район,5776633358,Автотаргетинг,,-,0,-,0,отлив для цоколя 400,Сопутствующие запросы,Запросы без упоминания брендов,-,,1916597733861553174,Комбинаторное,Клинкерные термопанели — КлинкерПрофи,,,,Поиск,Прочее,Не определено,Смартфоны,Android,Wi-Fi,Мужской,45-54 года,Остальные,Не определено,0.00,0,0,-,-,3,-,0.00,1.17,0.00,39.00,5.00,-,-,-
"Приозерский район, Поиск   от 25-07-2026",713047408,10.08.2026,Приозерский район,5776633358,Автотаргетинг,,-,0,-,0,панели для цоколя утепленные,Узкие запросы,Запросы без упоминания брендов,-,,1916597733861553174,Комбинаторное,Термопанели для дома в Приозерске,,,,Поиск,Спецразмещение,Не определено,Смартфоны,Android,Wi-Fi,Мужской,35-44 года,Остальные,Не определено,0.00,0,0,-,-,1,-,0.00,1.00,0.00,100.00,-,-,-,-
"Приозерский район, Поиск   от 25-07-2026",713047408,10.08.2026,Приозерский район,5776633358,Автотаргетинг,,-,0,-,0,панели мдф утепление стен,Альтернативные запросы,Запросы без упоминания брендов,-,,1916597733861553174,Комбинаторное,Клинкерные термопанели — КлинкерПрофи,,,,Поиск,Спецразмещение,Не определено,Смартфоны,Android,Wi-Fi,Мужской,45-54 года,Остальные,Не определено,6.84,1,0,0.00,-,1,6.84,100.00,1.21,82.36,121.42,1.00,1.00,100.00,1.00
"Приозерский район, Поиск   от 25-07-2026",713047408,10.08.2026,Приозерский район,5776633358,Автотаргетинг,,-,0,-,0,панели мдф утепление стен,Альтернативные запросы,Запросы без упоминания брендов,-,,1916597733861553174,Комбинаторное,Клинкерные термопанели — КлинкерПрофи,,,,Поиск,Прочее,Не определено,Смартфоны,Android,Wi-Fi,Мужской,45-54 года,Остальные,Не определено,0.00,0,0,-,-,2,-,0.00,1.09,0.00,54.25,5.00,-,-,-
"Приозерский район, Поиск   от 25-07-2026",713047408,10.08.2026,Приозерский район,5776633358,Автотаргетинг,,-,0,-,0,панели мдф утепление стен,Альтернативные запросы,Запросы без упоминания брендов,-,,1916597733861553174,Комбинаторное,Утепление фасада термопанелями,,,,Поиск,Прочее,Не определено,Смартфоны,Android,Wi-Fi,Мужской,45-54 года,Остальные,Не определено,0.00,0,0,-,-,1,-,0.00,1.00,0.00,100.00,5.00,-,-,-
"Приозерский район, Поиск   от 25-07-2026",713047408,10.08.2026,Приозерский район,5776633358,Автотаргетинг,,-,0,-,0,пенополистирол кнауф про,Альтернативные запросы,Запросы без упоминания брендов,-,,1916597733861553174,Комбинаторное,Утепление фасада термопанелями,,,,Поиск,Прочее,Не определено,Смартфоны,Android,Wi-Fi,Мужской,35-44 года,2–5%,Не определено,0.00,0,0,-,-,1,-,0.00,0.09,0.00,8.50,5.00,-,-,-
"Приозерский район, Поиск   от 25-07-2026",713047408,10.08.2026,Приозерский район,5776633358,Автотаргетинг,,-,0,-,0,петрович строительные материалы,Широкие запросы,Запросы с упоминанием брендов конкурентов,-,,1916597733861553174,Комбинаторное,Производство в Выборге — доставка в район,,,,Поиск,Прочее,Не определено,Смартфоны,Android,Wi-Fi,Женский,Старше 55,6–10%,Не определено,0.00,0,0,-,-,2,-,0.00,0.17,0.00,8.50,5.00,-,-,-
"Приозерский район, Поиск   от 25-07-2026",713047408,10.08.2026,Приозерский район,5776633358,Автотаргетинг,,-,0,-,0,посчитать квадратуру наружных стен дома,Сопутствующие запросы,Запросы без упоминания брендов,-,,1916597733861553174,Комбинаторное,Производство в Выборге — доставка в район,,,,Поиск,Спецразмещение,Не определено,Смартфоны,Android,Wi-Fi,Мужской,45-54 года,Остальные,Не определено,0.00,0,0,-,-,1,-,0.00,0.82,0.00,81.73,1.00,-,-,-
"Приозерский район, Поиск   от 25-07-2026",713047408,10.08.2026,Приозерский район,5776633358,Автотаргетинг,,-,0,-,0,посчитать квадратуру наружных стен дома,Сопутствующие запросы,Запросы без упоминания брендов,-,,1916597733861553174,Комбинаторное,Производство в Выборге — доставка в район,,,,Поиск,Прочее,Не определено,Смартфоны,Android,Wi-Fi,Мужской,45-54 года,Остальные,Не определено,0.00,0,0,-,-,1,-,0.00,1.00,0.00,100.00,5.00,-,-,-
"Приозерский район, Поиск   от 25-07-2026",713047408,10.08.2026,Приозерский район,5776633358,Автотаргетинг,,-,0,-,0,посчитать квадратуру стен дома,Сопутствующие запросы,Запросы без упоминания брендов,-,,1916597733861553174,Комбинаторное,Клинкерные термопанели — КлинкерПрофи,,,,Поиск,Прочее,Не определено,Смартфоны,Android,Wi-Fi,Мужской,45-54 года,Остальные,Не определено,0.00,0,0,-,-,1,-,0.00,0.09,0.00,8.50,5.00,-,-,-
"Приозерский район, Поиск   от 25-07-2026",713047408,10.08.2026,Приозерский район,5776633358,Автотаргетинг,,-,0,-,0,при утеплении фасада сначала штукатурка наносится на утеплитель а потом грунтовка,Сопутствующие запросы,Запросы без упоминания брендов,-,,1916597733861553174,Комбинаторное,Утепление фасада термопанелями,,,,Поиск,Прочее,Не определено,Десктопы,Не определён,Wi-Fi,Женский,45-54 года,Остальные,Не определено,0.00,0,0,-,-,1,-,0.00,1.00,0.00,100.00,5.00,-,-,-
"Приозерский район, Поиск   от 25-07-2026",713047408,10.08.2026,Приозерский район,5776633358,Автотаргетинг,,-,0,-,0,ролики с отделкой стен термопанелями,Сопутствующие запросы,Запросы без упоминания брендов,-,,1916597733861553174,Комбинаторное,Клинкерные термопанели — КлинкерПрофи,,,,Поиск,Спецразмещение,Не определено,Смартфоны,Android,Wi-Fi,Мужской,Старше 55,Остальные,Не определено,0.00,0,0,-,-,3,-,0.00,2.58,0.00,85.87,1.00,-,-,-
"Приозерский район, Поиск   от 25-07-2026",713047408,10.08.2026,Приозерский район,5776633358,Автотаргетинг,,-,0,-,0,ролики с отделкой стен термопанелями,Сопутствующие запросы,Запросы без упоминания брендов,-,,1916597733861553174,Комбинаторное,Клинкерные термопанели — КлинкерПрофи,,,,Поиск,Прочее,Не определено,Смартфоны,Android,Wi-Fi,Мужской,Старше 55,Остальные,Не определено,0.00,0,0,-,-,1,-,0.00,1.37,0.00,137.22,5.00,-,-,-
"Приозерский район, Поиск   от 25-07-2026",713047408,10.08.2026,Приозерский район,5776633358,Автотаргетинг,,-,0,-,0,ролики с отделкой стен термопанелями,Сопутствующие запросы,Запросы без упоминания брендов,-,,1916597733861553174,Комбинаторное,Утепление фасада термопанелями,,,,Поиск,Прочее,Не определено,Смартфоны,Android,Wi-Fi,Мужской,Старше 55,Остальные,Не определено,0.00,0,0,-,-,1,-,0.00,1.37,0.00,137.22,5.00,-,-,-
"Приозерский район, Поиск   от 25-07-2026",713047408,10.08.2026,Приозерский район,5776633358,Автотаргетинг,,-,0,-,0,рулонный утеплитель кнауф,Альтернативные запросы,Запросы без упоминания брендов,-,,1916597733861553174,Комбинаторное,Утепление фасада термопанелями,,,,Поиск,Прочее,Не определено,Смартфоны,Android,Wi-Fi,Мужской,35-44 года,Остальные,Не определено,0.00,0,0,-,-,1,-,0.00,0.09,0.00,8.50,5.00,-,-,-
"Приозерский район, Поиск   от 25-07-2026",713047408,10.08.2026,Приозерский район,5776633358,Автотаргетинг,,-,0,-,0,рулонный утеплитель кнауф,Альтернативные запросы,Запросы с упоминанием брендов конкурентов,-,,1916597733861553174,Комбинаторное,Утепление фасада термопанелями,,,,Поиск,Прочее,Не определено,Смартфоны,Android,Wi-Fi,Мужской,35-44 года,Остальные,Не определено,0.00,0,0,-,-,1,-,0.00,1.00,0.00,100.00,5.00,-,-,-
"Приозерский район, Поиск   от 25-07-2026",713047408,10.08.2026,Приозерский район,5776633358,Автотаргетинг,,-,0,-,0,сосново строительный магазин,Широкие запросы,Запросы без упоминания брендов,-,,1916597733861553174,Комбинаторное,Производство в Выборге — доставка в район,,,,Поиск,Спецразмещение,Не определено,Десктопы,Не определён,Wi-Fi,Женский,Старше 55,Остальные,Не определено,0.00,0,0,-,-,1,-,0.00,0.60,0.00,59.79,1.00,-,-,-
"Приозерский район, Поиск   от 25-07-2026",713047408,10.08.2026,Приозерский район,5776633358,Автотаргетинг,,-,0,-,0,строительная база ларионово,Альтернативные запросы,Запросы без упоминания брендов,-,,1916597733861553174,Комбинаторное,Производство в Выборге — доставка в район,,,,Поиск,Спецразмещение,Не определено,Смартфоны,Android,Wi-Fi,Мужской,45-54 года,6–10%,Не определено,0.00,0,0,-,-,1,-,0.00,0.88,0.00,88.02,1.00,-,-,-
"Приозерский район, Поиск   от 25-07-2026",713047408,10.08.2026,Приозерский район,5776633358,Автотаргетинг,,-,0,-,0,строительные базы приозерска,Широкие запросы,Запросы без упоминания брендов,-,,1916597733861553174,Комбинаторное,Производство в Выборге — доставка в район,,,,Поиск,Спецразмещение,Не определено,Десктопы,Не определён,Мобильная связь,Не определен,45-54 года,2–5%,Не определено,0.00,0,0,-,-,1,-,0.00,0.97,0.00,97.39,1.00,-,-,-
"Приозерский район, Поиск   от 25-07-2026",713047408,10.08.2026,Приозерский район,5776633358,Автотаргетинг,,-,0,-,0,строительные базы приозерска,Широкие запросы,Запросы без упоминания брендов,-,,1916597733861553174,Комбинаторное,Производство в Выборге — доставка в район,,,,Поиск,Спецразмещение,Не определено,Десктопы,Не определён,Мобильная связь,Мужской,Не определен,2–5%,Не определено,0.00,0,0,-,-,1,-,0.00,0.97,0.00,97.38,1.00,-,-,-
"Приозерский район, Поиск   от 25-07-2026",713047408,10.08.2026,Приозерский район,5776633358,Автотаргетинг,,-,0,-,0,строительные магазины в приозерске,Широкие запросы,Запросы без упоминания брендов,-,,1916597733861553174,Комбинаторное,Производство в Выборге — доставка в район,,,,Поиск,Прочее,Не определено,Смартфоны,Android,Wi-Fi,Мужской,35-44 года,2–5%,Не определено,0.00,0,0,-,-,1,-,0.00,0.09,0.00,8.50,5.00,-,-,-
"Приозерский район, Поиск   от 25-07-2026",713047408,10.08.2026,Приозерский район,5776633358,Автотаргетинг,,-,0,-,0,строительные магазины в приозерске адреса,Широкие запросы,Запросы без упоминания брендов,-,,1916597733861553174,Комбинаторное,Производство в Выборге — доставка в район,,,,Поиск,Спецразмещение,Не определено,Смартфоны,Android,Wi-Fi,Мужской,Старше 55,Остальные,Не определено,0.00,0,0,-,-,1,-,0.00,1.12,0.00,111.51,1.00,-,-,-
"Приозерский район, Поиск   от 25-07-2026",713047408,10.08.2026,Приозерский район,5776633358,Автотаргетинг,,-,0,-,0,строительные магазины в сосново,Широкие запросы,Запросы без упоминания брендов,-,,1916597733861553174,Комбинаторное,Производство в Выборге — доставка в район,,,,Поиск,Спецразмещение,Не определено,Смартфоны,iOS,Wi-Fi,Мужской,35-44 года,2–5%,Не определено,0.00,0,0,-,-,1,-,0.00,0.77,0.00,77.49,1.00,-,-,-
"Приозерский район, Поиск   от 25-07-2026",713047408,10.08.2026,Приозерский район,5776633358,Автотаргетинг,,-,0,-,0,строительный магазин,Широкие запросы,Запросы без упоминания брендов,-,,1916597733861553174,Комбинаторное,Производство в Выборге — доставка в район,,,,Поиск,Спецразмещение,Не определено,Смартфоны,Android,Wi-Fi,Женский,45-54 года,Остальные,Не определено,0.00,0,0,-,-,1,-,0.00,0.84,0.00,84.41,1.00,-,-,-
"Приозерский район, Поиск   от 25-07-2026",713047408,10.08.2026,Приозерский район,5776633358,Автотаргетинг,,-,0,-,0,строительный магазин в саперном ленинградской области,Широкие запросы,Запросы без упоминания брендов,-,,1916597733861553174,Комбинаторное,Производство в Выборге — доставка в район,,,,Поиск,Спецразмещение,Не определено,Смартфоны,Android,Wi-Fi,Женский,25-34 года,Остальные,Не определено,0.00,0,0,-,-,1,-,0.00,1.09,0.00,108.66,1.00,-,-,-
"Приозерский район, Поиск   от 25-07-2026",713047408,10.08.2026,Приозерский район,5776633358,Автотаргетинг,,-,0,-,0,стройбаза в сосново,Широкие запросы,Запросы без упоминания брендов,-,,1916597733861553174,Комбинаторное,Производство в Выборге — доставка в район,,,,Поиск,Спецразмещение,Не определено,Смартфоны,Android,Wi-Fi,Мужской,45-54 года,Остальные,Не определено,0.00,0,0,-,-,1,-,0.00,1.31,0.00,130.89,1.00,-,-,-
"Приозерский район, Поиск   от 25-07-2026",713047408,10.08.2026,Приозерский район,5776633358,Автотаргетинг,,-,0,-,0,стройбаза сосново,Широкие запросы,Запросы без упоминания брендов,-,,1916597733861553174,Комбинаторное,Производство в Выборге — доставка в район,,,,Поиск,Спецразмещение,Не определено,Смартфоны,Android,Wi-Fi,Мужской,35-44 года,Остальные,Не определено,0.00,0,0,-,-,1,-,0.00,0.94,0.00,93.75,1.00,-,-,-
"Приозерский район, Поиск   от 25-07-2026",713047408,10.08.2026,Приозерский район,5776633358,Автотаргетинг,,-,0,-,0,стройбаза сосново,Широкие запросы,Запросы без упоминания брендов,-,,1916597733861553174,Комбинаторное,Производство в Выборге — доставка в район,,,,Поиск,Прочее,Не определено,Смартфоны,Android,Wi-Fi,Мужской,35-44 года,Остальные,Не определено,0.00,0,0,-,-,1,-,0.00,1.00,0.00,100.00,5.00,-,-,-
"Приозерский район, Поиск   от 25-07-2026",713047408,10.08.2026,Приозерский район,5776633358,Автотаргетинг,,-,0,-,0,стройматериалы в сосново,Широкие запросы,Запросы без упоминания брендов,-,,1916597733861553174,Комбинаторное,Производство в Выборге — доставка в район,,,,Поиск,Спецразмещение,Не определено,Смартфоны,Android,Wi-Fi,Женский,35-44 года,Остальные,Не определено,0.00,0,0,-,-,1,-,0.00,1.05,0.00,104.66,1.00,-,-,-
"Приозерский район, Поиск   от 25-07-2026",713047408,10.08.2026,Приозерский район,5776633358,Автотаргетинг,,-,0,-,0,теплокнауф,Альтернативные запросы,Запросы с упоминанием брендов конкурентов,-,,1916597733861553174,Комбинаторное,Производство в Выборге — доставка в район,,,,Поиск,Спецразмещение,Не определено,Десктопы,Не определён,Wi-Fi,Женский,Старше 55,2–5%,Не определено,0.00,0,0,-,-,2,-,0.00,1.16,0.00,58.25,1.50,-,-,-
"Приозерский район, Поиск   от 25-07-2026",713047408,10.08.2026,Приозерский район,5776633358,Автотаргетинг,,-,0,-,0,теплокнауф,Альтернативные запросы,Запросы с упоминанием брендов конкурентов,-,,1916597733861553174,Комбинаторное,Производство в Выборге — доставка в район,,,,Поиск,Прочее,Не определено,Десктопы,Не определён,Wi-Fi,Женский,Старше 55,2–5%,Не определено,0.00,0,0,-,-,1,-,0.00,0.79,0.00,78.56,5.00,-,-,-
"Приозерский район, Поиск   от 25-07-2026",713047408,10.08.2026,Приозерский район,5776633358,Автотаргетинг,,-,0,-,0,термопанели для наружной отделки дома цена,Целевые запросы,Запросы без упоминания брендов,-,,1916597733861553174,Комбинаторное,Термопанели для дома в Приозерске,,,,Поиск,Прочее,Не определено,Смартфоны,Android,Wi-Fi,Женский,18-24 года,Остальные,Не определено,9.77,1,0,0.00,-,1,9.77,100.00,1.22,82.13,121.75,5.00,5.00,0.00,7.00
"Приозерский район, Поиск   от 25-07-2026",713047408,10.08.2026,Приозерский район,5776633358,Автотаргетинг,,-,0,-,0,термопанели для наружной отделки дома цена,Широкие запросы,Запросы без упоминания брендов,-,,1916597733861553174,Комбинаторное,Фасадные термопанели с клинкером,,,,Поиск,Спецразмещение,Не определено,Смартфоны,Android,Wi-Fi,Женский,18-24 года,Остальные,Не определено,0.00,0,0,-,-,1,-,0.00,0.94,0.00,93.86,1.00,-,-,-
"Приозерский район, Поиск   от 25-07-2026",713047408,10.08.2026,Приозерский район,5776633358,Автотаргетинг,,-,0,-,0,термопанели с клинкерной плиткой что это,Сопутствующие запросы,Запросы без упоминания брендов,-,,1916597733861553174,Комбинаторное,Термопанели с клинкерной плиткой - КлинкерПрофи,,,,Поиск,Спецразмещение,Не определено,Планшеты,Android,Wi-Fi,Мужской,Старше 55,6–10%,Не определено,0.00,0,0,-,-,1,-,0.00,1.00,0.00,100.00,1.00,-,-,-
"Приозерский район, Поиск   от 25-07-2026",713047408,10.08.2026,Приозерский район,5776633358,Автотаргетинг,,-,0,-,0,технониколь,Альтернативные запросы,Запросы с упоминанием брендов конкурентов,-,,1916597733861553174,Комбинаторное,Производство в Выборге — доставка в район,,,,Поиск,Спецразмещение,Не определено,Десктопы,Не определён,Wi-Fi,Мужской,Старше 55,2–5%,Не определено,0.00,0,0,-,-,1,-,0.00,0.83,0.00,83.34,1.00,-,-,-
"Приозерский район, Поиск   от 25-07-2026",713047408,10.08.2026,Приозерский район,5776633358,Автотаргетинг,,-,0,-,0,технониколь,Альтернативные запросы,Запросы с упоминанием брендов конкурентов,-,,1916597733861553174,Комбинаторное,Производство в Выборге — доставка в район,,,,Поиск,Прочее,Не определено,Смартфоны,Android,Wi-Fi,Мужской,45-54 года,Остальные,Не определено,0.00,0,0,-,-,1,-,0.00,0.09,0.00,8.50,5.00,-,-,-
"Приозерский район, Поиск   от 25-07-2026",713047408,10.08.2026,Приозерский район,5776633358,Автотаргетинг,,-,0,-,0,технониколь,Альтернативные запросы,Запросы с упоминанием брендов конкурентов,-,,1916597733861553174,Комбинаторное,Фасадные термопанели с клинкером,,,,Поиск,Спецразмещение,Не определено,Смартфоны,Android,Wi-Fi,Мужской,45-54 года,Остальные,Не определено,0.00,0,0,-,-,1,-,0.00,0.49,0.00,48.86,2.00,-,-,-
"Приозерский район, Поиск   от 25-07-2026",713047408,10.08.2026,Приозерский район,5776633358,Автотаргетинг,,-,0,-,0,услуги по строительству,Широкие запросы,Запросы без упоминания брендов,-,,1916597733861553174,Комбинаторное,Утепление фасада термопанелями,,,,Поиск,Прочее,Не определено,Смартфоны,Android,Wi-Fi,Женский,35-44 года,Остальные,Не определено,0.00,0,0,-,-,1,-,0.00,0.77,0.00,76.79,5.00,-,-,-
"Приозерский район, Поиск   от 25-07-2026",713047408,10.08.2026,Приозерский район,5776633358,Автотаргетинг,,-,0,-,0,услуги частного мастера в деревне красноозерное по отделке деревянного дома,Сопутствующие запросы,Запросы без упоминания брендов,-,,1916597733861553174,Комбинаторное,Термопанели для дома в Приозерске,,,,Поиск,Прочее,Не определено,Смартфоны,Android,Wi-Fi,Мужской,45-54 года,Остальные,Не определено,0.00,0,0,-,-,1,-,0.00,1.00,0.00,100.00,5.00,-,-,-
"Приозерский район, Поиск   от 25-07-2026",713047408,10.08.2026,Приозерский район,5776633358,Автотаргетинг,,-,0,-,0,утепление стен из зазоботона,Сопутствующие запросы,Запросы без упоминания брендов,-,,1916597733861553174,Комбинаторное,Утепление фасада термопанелями,,,,Поиск,Спецразмещение,Не определено,Смартфоны,iOS,Wi-Fi,Мужской,25-34 года,2–5%,Не определено,17.11,1,0,0.00,-,1,17.11,100.00,1.52,65.88,151.79,1.00,1.00,0.00,3.00
"Приозерский район, Поиск   от 25-07-2026",713047408,10.08.2026,Приозерский район,5776633358,Автотаргетинг,,-,0,-,0,утепление стен из зазоботона,Сопутствующие запросы,Запросы без упоминания брендов,-,,1916597733861553174,Комбинаторное,Утепление фасада термопанелями,,,,Поиск,Прочее,Не определено,Смартфоны,iOS,Wi-Fi,Мужской,25-34 года,2–5%,Не определено,0.00,0,0,-,-,1,-,0.00,0.77,0.00,76.79,5.00,-,-,-
"Приозерский район, Поиск   от 25-07-2026",713047408,10.08.2026,Приозерский район,5776633358,Автотаргетинг,,-,0,-,0,утеплитель,Альтернативные запросы,Запросы без упоминания брендов,-,,1916597733861553174,Комбинаторное,Фасадные термопанели с клинкером,,,,Поиск,Прочее,Не определено,Смартфоны,Android,Wi-Fi,Мужской,Старше 55,Остальные,Не определено,0.00,0,0,-,-,2,-,0.00,1.09,0.00,54.25,5.00,-,-,-
"Приозерский район, Поиск   от 25-07-2026",713047408,10.08.2026,Приозерский район,5776633358,Автотаргетинг,,-,0,-,0,утеплитель 100мм минвата,Альтернативные запросы,Запросы без упоминания брендов,-,,1916597733861553174,Комбинаторное,Утепление фасада термопанелями,,,,Поиск,Прочее,Не определено,Смартфоны,Android,Wi-Fi,Мужской,Старше 55,Остальные,Не определено,0.00,0,0,-,-,1,-,0.00,0.09,0.00,8.50,5.00,-,-,-
"Приозерский район, Поиск   от 25-07-2026",713047408,10.08.2026,Приозерский район,5776633358,Автотаргетинг,,-,0,-,0,фасад дома варианты,Сопутствующие запросы,Запросы без упоминания брендов,-,,1916597733861553174,Комбинаторное,Термопанели для дома в Приозерске,,,,Поиск,Спецразмещение,Не определено,Смартфоны,Android,Wi-Fi,Мужской,35-44 года,Остальные,Не определено,0.00,0,0,-,-,2,-,0.00,2.06,0.00,103.24,1.00,-,-,-
"Приозерский район, Поиск   от 25-07-2026",713047408,10.08.2026,Приозерский район,5776633358,Автотаргетинг,,-,0,-,0,фасад дома варианты,Сопутствующие запросы,Запросы без упоминания брендов,-,,1916597733861553174,Комбинаторное,Термопанели для дома в Приозерске,,,,Поиск,Прочее,Не определено,Смартфоны,Android,Wi-Fi,Мужской,35-44 года,Остальные,Не определено,0.00,0,0,-,-,2,-,0.00,1.42,0.00,70.82,5.50,-,-,-
"Приозерский район, Поиск   от 25-07-2026",713047408,10.08.2026,Приозерский район,5776633358,Автотаргетинг,,-,0,-,0,фасад дома варианты,Сопутствующие запросы,Запросы без упоминания брендов,-,,1916597733861553174,Комбинаторное,Фасадные термопанели с клинкером,,,,Поиск,Спецразмещение,Не определено,Смартфоны,Android,Wi-Fi,Мужской,35-44 года,Остальные,Не определено,0.00,0,0,-,-,1,-,0.00,1.00,0.00,100.00,-,-,-,-
"Приозерский район, Поиск   от 25-07-2026",713047408,10.08.2026,Приозерский район,5776633358,Автотаргетинг,,-,0,-,0,фасад из доски,Альтернативные запросы,Запросы без упоминания брендов,-,,1916597733861553174,Комбинаторное,Утепление фасада термопанелями,,,,Поиск,Спецразмещение,Не определено,Смартфоны,Android,Wi-Fi,Мужской,35-44 года,Остальные,Не определено,0.00,0,0,-,-,1,-,0.00,1.00,0.00,100.00,-,-,-,-
"Приозерский район, Поиск   от 25-07-2026",713047408,10.08.2026,Приозерский район,5776633358,Автотаргетинг,,-,0,-,0,фасад из доски,Альтернативные запросы,Запросы без упоминания брендов,-,,1916597733861553174,Комбинаторное,Фасадные термопанели с клинкером,,,,Поиск,Спецразмещение,Не определено,Смартфоны,Android,Wi-Fi,Мужской,35-44 года,Остальные,Не определено,0.00,0,0,-,-,1,-,0.00,1.00,0.00,100.00,-,-,-,-
"Приозерский район, Поиск   от 25-07-2026",713047408,10.08.2026,Приозерский район,5776633358,Автотаргетинг,,-,0,-,0,фасадные панели docke premium burg деке премиум бург юрский мрамор земляной темно коричневый,Альтернативные запросы,Запросы без упоминания брендов,-,,1916597733861553174,Комбинаторное,Фасадные термопанели с клинкером,,,,Поиск,Спецразмещение,Не определено,Смартфоны,Android,Wi-Fi,Женский,Старше 55,Остальные,Не определено,0.00,0,0,-,-,2,-,0.00,1.99,0.00,99.60,1.00,-,-,-
"Приозерский район, Поиск   от 25-07-2026",713047408,10.08.2026,Приозерский район,5776633358,Автотаргетинг,,-,0,-,0,фасадные панели гранд лайн крупный камень,Альтернативные запросы,Запросы с упоминанием брендов конкурентов,-,,1916597733861553174,Комбинаторное,Клинкерные термопанели — КлинкерПрофи,,,,Поиск,Спецразмещение,Не определено,Смартфоны,Android,Wi-Fi,Женский,Старше 55,Остальные,Не определено,0.00,0,0,-,-,1,-,0.00,0.62,0.00,61.52,2.00,-,-,-
"Приозерский район, Поиск   от 25-07-2026",713047408,10.08.2026,Приозерский район,5776633358,Автотаргетинг,,-,0,-,0,фасадные панели гранд лайн крупный камень,Альтернативные запросы,Запросы с упоминанием брендов конкурентов,-,,1916597733861553174,Комбинаторное,Производство в Выборге — доставка в район,,,,Поиск,Спецразмещение,Не определено,Смартфоны,Android,Wi-Fi,Женский,Старше 55,Остальные,Не определено,0.00,0,0,-,-,2,-,0.00,1.44,0.00,72.18,1.50,-,-,-
"Приозерский район, Поиск   от 25-07-2026",713047408,10.08.2026,Приозерский район,5776633358,Автотаргетинг,,-,0,-,0,фасадные панели гранд лайн крупный камень купить в петровиче,Альтернативные запросы,Запросы с упоминанием брендов конкурентов,-,,1916597733861553174,Комбинаторное,Производство в Выборге — доставка в район,,,,Поиск,Прочее,Не определено,Смартфоны,Android,Wi-Fi,Женский,Старше 55,Остальные,Не определено,0.00,0,0,-,-,2,-,0.00,2.00,0.00,100.00,5.00,-,-,-
"Приозерский район, Поиск   от 25-07-2026",713047408,10.08.2026,Приозерский район,5776633358,Автотаргетинг,,-,0,-,0,фасадные панели для наружной отделки под кирпич без утеплителя,Альтернативные запросы,Запросы без упоминания брендов,-,,1916597733861553174,Комбинаторное,Фасадные термопанели с клинкером,,,,Поиск,Спецразмещение,Не определено,Смартфоны,Android,Wi-Fi,Мужской,Старше 55,Остальные,Не определено,7.35,1,0,0.00,-,1,7.35,100.00,0.95,104.72,95.49,1.00,1.00,0.00,1.00
"Приозерский район, Поиск   от 25-07-2026",713047408,10.08.2026,Приозерский район,5776633358,Автотаргетинг,,-,0,-,0,фасадный декор для наружной отделки дома купить,Сопутствующие запросы,Запросы без упоминания брендов,-,,1916597733861553174,Комбинаторное,Производство в Выборге — доставка в район,,,,Поиск,Прочее,Не определено,Десктопы,Не определён,Wi-Fi,Женский,Старше 55,Остальные,Не определено,0.00,0,0,-,-,2,-,0.00,2.28,0.00,114.17,5.00,-,-,-
"Приозерский район, Поиск   от 25-07-2026",713047408,10.08.2026,Приозерский район,5776633358,Автотаргетинг,,-,0,-,0,фасадный декор для наружной отделки дома купить,Сопутствующие запросы,Запросы без упоминания брендов,-,,1916597733861553174,Комбинаторное,Фасадные термопанели с клинкером,,,,Поиск,Спецразмещение,Не определено,Десктопы,Не определён,Wi-Fi,Женский,Старше 55,Остальные,Не определено,0.00,0,0,-,-,1,-,0.00,0.80,0.00,80.48,1.00,-,-,-
"Приозерский район, Поиск   от 25-07-2026",713047408,10.08.2026,Приозерский район,5776633358,Автотаргетинг,,-,0,-,0,цоколь каркасного дома отделка варианты,Сопутствующие запросы,Запросы без упоминания брендов,-,,1916597733861553174,Комбинаторное,"Приозерск, Сосново — термопанели с клинкером",,,,Поиск,Спецразмещение,Не определено,Десктопы,Не определён,Wi-Fi,Мужской,35-44 года,6–10%,Не определено,0.00,0,0,-,-,1,-,0.00,0.87,0.00,86.89,-,-,-,-
"Приозерский район, Поиск   от 25-07-2026",713047408,10.08.2026,Приозерский район,5776633358,Автотаргетинг,,-,0,-,0,цоколь каркасного дома отделка варианты,Сопутствующие запросы,Запросы без упоминания брендов,-,,1916597733861553174,Комбинаторное,Термопанели для дома в Приозерске,,,,Поиск,Спецразмещение,Не определено,Десктопы,Не определён,Wi-Fi,Мужской,35-44 года,6–10%,Не определено,0.00,0,0,-,-,1,-,0.00,1.03,0.00,102.90,1.00,-,-,-
"Приозерский район, Поиск   от 25-07-2026",713047408,10.08.2026,Приозерский район,5776633358,Автотаргетинг,,-,0,-,0,чем лучше обшить дом из пеноблоков снаружи,Сопутствующие запросы,Запросы без упоминания брендов,-,,1916597733861553174,Комбинаторное,Термопанели для дома в Приозерске,,,,Поиск,Спецразмещение,Не определено,Смартфоны,Android,Wi-Fi,Женский,35-44 года,Остальные,Не определено,0.00,0,0,-,-,1,-,0.00,1.15,0.00,115.46,1.00,-,-,-
"Приозерский район, Поиск   от 25-07-2026",713047408,10.08.2026,Приозерский район,5776633358,Автотаргетинг,,-,0,-,0,чем лучше обшить дом из пеноблоков снаружи,Сопутствующие запросы,Запросы без упоминания брендов,-,,1916597733861553174,Комбинаторное,Термопанели для дома в Приозерске,,,,Поиск,Прочее,Не определено,Смартфоны,Android,Wi-Fi,Женский,35-44 года,Остальные,Не определено,0.00,0,0,-,-,2,-,0.00,2.38,0.00,118.80,5.00,-,-,-
"Приозерский район, Поиск   от 25-07-2026",713047408,10.08.2026,Приозерский район,5776633358,Автотаргетинг,,-,0,-,0,чем обрамить окна на фасаде дома,Сопутствующие запросы,Запросы без упоминания брендов,-,,1916597733861553174,Комбинаторное,Фасадные термопанели с клинкером,,,,Поиск,Спецразмещение,Не определено,Смартфоны,Android,Мобильная связь,Мужской,35-44 года,Остальные,Не определено,0.00,0,0,-,-,1,-,0.00,1.21,0.00,120.51,2.00,-,-,-
Термопанели в Выборге,712773255,10.08.2026,Группа 1 - коммерческая,5773901452,Фраза,термопанели -цена -производитель -купить -заказывать -доставка,-,0,-,0,затирка швов на термопанелях,Сопутствующие запросы,Запросы без упоминания брендов,Семантическое,,1915802398259215246,Комбинаторное,Производитель термопанелей в Ленобласти,,,,Поиск,Спецразмещение,Не определено,Смартфоны,Android,Wi-Fi,Мужской,45-54 года,2–5%,Не определено,0.00,0,0,-,-,1,-,0.00,1.00,0.00,100.00,-,-,-,-
Термопанели в Выборге,712773255,10.08.2026,Группа 1 - коммерческая,5773901452,Фраза,термопанели -цена -производитель -купить -заказывать -доставка,-,0,-,0,затирка швов на термопанелях,Сопутствующие запросы,Запросы без упоминания брендов,Семантическое,,1915802398259215246,Комбинаторное,Термопанели с клинкером - собственный завод в Выборге,,,,Поиск,Спецразмещение,Не определено,Смартфоны,Android,Wi-Fi,Мужской,45-54 года,2–5%,Не определено,0.00,0,0,-,-,1,-,0.00,1.00,0.00,100.00,-,-,-,-
Термопанели в Выборге,712773255,10.08.2026,Группа 1 - коммерческая,5773901452,Фраза,термопанели -цена -производитель -купить -заказывать -доставка,-,0,-,0,инструкция по монтажу термопанелей фасадных с клинкерной плиткой,Сопутствующие запросы,Запросы без упоминания брендов,Пословное,,1915802398259215246,Комбинаторное,Купить термопанели в Выборге напрямую,,,,Поиск,Прочее,Не определено,Смартфоны,Android,Wi-Fi,Мужской,45-54 года,Остальные,Не определено,0.00,0,0,-,-,1,-,0.00,0.09,0.00,8.50,5.00,-,-,-
Термопанели в Выборге,712773255,10.08.2026,Группа 1 - коммерческая,5773901452,Фраза,термопанели -цена -производитель -купить -заказывать -доставка,-,0,-,0,картинки термопанелей,Сопутствующие запросы,Запросы без упоминания брендов,Семантическое,,1915802398259215246,Комбинаторное,Купить термопанели в Выборге напрямую,,,,Поиск,Спецразмещение,Не определено,Смартфоны,Android,Wi-Fi,Мужской,25-34 года,Остальные,Не определено,0.00,0,0,-,-,1,-,0.00,1.00,0.00,100.00,-,-,-,-
Термопанели в Выборге,712773255,10.08.2026,Группа 1 - коммерческая,5773901452,Фраза,термопанели -цена -производитель -купить -заказывать -доставка,-,0,-,0,полифасад термопанели,Альтернативные запросы,Запросы с упоминанием брендов конкурентов,Пословное,,1915802398259215246,Комбинаторное,Купить термопанели в Выборге напрямую,,,,Поиск,Товарная галерея,Не определено,Десктопы,Не определён,Wi-Fi,Мужской,45-54 года,Остальные,Не определено,0.00,0,0,-,-,1,-,0.00,1.25,0.00,124.88,1.00,-,-,-
Термопанели в Выборге,712773255,10.08.2026,Группа 1 - коммерческая,5773901452,Фраза,термопанели -цена -производитель -купить -заказывать -доставка,-,0,-,0,полифасад термопанели,Альтернативные запросы,Запросы с упоминанием брендов конкурентов,Пословное,,1915802398259215246,Комбинаторное,Производитель термопанелей в Ленобласти,,,,Поиск,Товарная галерея,Не определено,Десктопы,Не определён,Wi-Fi,Мужской,45-54 года,Остальные,Не определено,0.00,0,0,-,-,1,-,0.00,1.25,0.00,124.88,1.00,-,-,-
Термопанели в Выборге,712773255,10.08.2026,Группа 1 - коммерческая,5773901452,Фраза,термопанели -цена -производитель -купить -заказывать -доставка,-,0,-,0,полифасад термопанели,Альтернативные запросы,Запросы с упоминанием брендов конкурентов,Пословное,,1915802398259215246,Комбинаторное,Производитель термопанелей в Ленобласти,,,,Поиск,Товарная галерея,Не определено,Смартфоны,Android,Wi-Fi,Женский,35-44 года,Остальные,Не определено,0.00,0,0,-,-,1,-,0.00,0.53,0.00,52.59,3.00,-,-,-
Термопанели в Выборге,712773255,10.08.2026,Группа 1 - коммерческая,5773901452,Фраза,термопанели -цена -производитель -купить -заказывать -доставка,-,0,-,0,полифасад термопанели спб,Альтернативные запросы,Запросы с упоминанием брендов конкурентов,Пословное,,1915802398259215246,Комбинаторное,Купить термопанели в Выборге напрямую,,,,Поиск,Товарная галерея,Не определено,Смартфоны,Android,Wi-Fi,Женский,35-44 года,Остальные,Не определено,0.00,0,0,-,-,1,-,0.00,0.53,0.00,52.59,3.00,-,-,-
Термопанели в Выборге,712773255,10.08.2026,Группа 1 - коммерческая,5773901452,Фраза,термопанели -цена -производитель -купить -заказывать -доставка,-,0,-,0,термопанели в спб,Целевые запросы,Запросы без упоминания брендов,Пословное,,1915802398259215246,Комбинаторное,Купить термопанели в Выборге напрямую,,,,Поиск,Товарная галерея,Не определено,Смартфоны,Android,Wi-Fi,Мужской,Старше 55,Остальные,Не определено,0.00,1,0,0.00,-,1,0.00,100.00,1.24,80.33,124.49,1.00,1.00,0.00,2.00
Термопанели в Выборге,712773255,10.08.2026,Группа 1 - коммерческая,5773901452,Фраза,термопанели -цена -производитель -купить -заказывать -доставка,-,0,-,0,фасадные термопанели в санкт петербурге,Широкие запросы,Запросы без упоминания брендов,Пословное,,1915802398259215246,Комбинаторное,Купить термопанели в Выборге напрямую,,,,Поиск,Товарная галерея,Не определено,Смартфоны,Android,Wi-Fi,Мужской,45-54 года,Остальные,Не определено,0.00,0,0,-,-,1,-,0.00,0.36,0.00,36.38,4.00,-,-,-
Термопанели в Выборге,712773255,10.08.2026,Группа 1 - коммерческая,5773901452,Фраза,фасадные панели для наружной отделки,-,0,-,0,фасадные панели для наружной отделки забора,Широкие запросы,Запросы без упоминания брендов,Пословное,,1915802398259215246,Комбинаторное,"Термопанели в Выборге - завод на Ленина, 11",,,,Поиск,Товарная галерея,Не определено,Смартфоны,Android,Wi-Fi,Мужской,45-54 года,Остальные,Не определено,0.00,0,0,-,-,1,-,0.00,0.36,0.00,36.14,6.00,-,-,-
Термопанели в Выборге,712773255,10.08.2026,Группа 1 - коммерческая,5773901452,Автотаргетинг,,-,0,-,0,,Не определено,-,-,,1915802398259215246,Комбинаторное,Термопанели с клинкером - собственный завод в Выборге,,,,Сети,Прочее,Не определено,Десктопы,Не определён,Wi-Fi,Мужской,Старше 55,Остальные,Не определено,0.00,0,0,-,-,3,-,0.00,3.00,0.00,100.00,-,-,-,-
Термопанели в Выборге,712773255,10.08.2026,Группа 1 - коммерческая,5773901452,Автотаргетинг,,-,0,-,0,knauf nord,Альтернативные запросы,Запросы без упоминания брендов,-,,1915802398259215246,Комбинаторное,"Термопанели в Выборге - завод на Ленина, 11",,,,Поиск,Спецразмещение,Не определено,Смартфоны,iOS,Wi-Fi,Мужской,Старше 55,2–5%,Не определено,0.00,0,0,-,-,1,-,0.00,0.67,0.00,66.55,3.00,-,-,-
Термопанели в Выборге,712773255,10.08.2026,Группа 1 - коммерческая,5773901452,Автотаргетинг,,-,0,-,0,балок утепление 100 уже обшит как сделать 150 200,Сопутствующие запросы,Запросы без упоминания брендов,-,,1915802398259215246,Комбинаторное,Гарантия до 5 лет на термопанели,,,,Поиск,Прочее,Не определено,Смартфоны,Android,Wi-Fi,Мужской,45-54 года,Остальные,Не определено,0.00,0,0,-,-,1,-,0.00,0.42,0.00,41.63,6.00,-,-,-
Термопанели в Выборге,712773255,10.08.2026,Группа 1 - коммерческая,5773901452,Автотаргетинг,,-,0,-,0,блок хаус имитация бревна,Альтернативные запросы,Запросы без упоминания брендов,-,,1915802398259215246,Комбинаторное,"Термопанели в Выборге - завод на Ленина, 11",,,,Поиск,Спецразмещение,Не определено,Смартфоны,iOS,Wi-Fi,Мужской,35-44 года,2–5%,Не определено,0.00,0,0,-,-,1,-,0.00,0.66,0.00,65.75,3.00,-,-,-
Термопанели в Выборге,712773255,10.08.2026,Группа 1 - коммерческая,5773901452,Автотаргетинг,,-,0,-,0,водонепроницаемые керамические панели отопления для ванной,Альтернативные запросы,Запросы без упоминания брендов,-,,1915802398259215246,Комбинаторное,Гарантия до 5 лет на термопанели,,,,Поиск,Прочее,Не определено,Смартфоны,Android,Wi-Fi,Мужской,35-44 года,6–10%,Не определено,0.00,0,0,-,-,1,-,0.00,0.09,0.00,8.50,5.00,-,-,-
Термопанели в Выборге,712773255,10.08.2026,Группа 1 - коммерческая,5773901452,Автотаргетинг,,-,0,-,0,гибкие облицовочные материалы,Целевые запросы,Запросы без упоминания брендов,-,,1915802398259215246,Комбинаторное,Термопанели с клинкером - собственный завод в Выборге,,,,Поиск,Прочее,Не определено,Смартфоны,iOS,Wi-Fi,Женский,35-44 года,6–10%,Не определено,0.00,0,0,-,-,1,-,0.00,0.65,0.00,64.58,6.00,-,-,-
Термопанели в Выборге,712773255,10.08.2026,Группа 1 - коммерческая,5773901452,Автотаргетинг,,-,0,-,0,гибкие облицовочные материалы,Целевые запросы,Запросы без упоминания брендов,-,,1915802398259215246,Комбинаторное,Термопанели с клинкером - собственный завод в Выборге,,,,Поиск,Товарная галерея,Не определено,Смартфоны,iOS,Wi-Fi,Женский,35-44 года,6–10%,Не определено,0.00,0,0,-,-,1,-,0.00,0.25,0.00,25.29,9.00,-,-,-
Термопанели в Выборге,712773255,10.08.2026,Группа 1 - коммерческая,5773901452,Автотаргетинг,,-,0,-,0,кирпичи для утепления,Целевые запросы,Запросы без упоминания брендов,-,,1915802398259215246,Комбинаторное,"Термопанели в Выборге - завод на Ленина, 11",,,,Поиск,Товарная галерея,Не определено,Смартфоны,iOS,Wi-Fi,Мужской,25-34 года,6–10%,Не определено,0.00,0,0,-,-,1,-,0.00,0.03,0.00,3.30,50.00,-,-,-
Термопанели в Выборге,712773255,10.08.2026,Группа 1 - коммерческая,5773901452,Автотаргетинг,,-,0,-,0,клинкерная плитка новый свет гатчина,Целевые запросы,Запросы с упоминанием брендов конкурентов,-,,1915802398259215246,Комбинаторное,Клинкерные термопанели - производство Выборг,,,,Поиск,Прочее,Не определено,Смартфоны,Android,Wi-Fi,Мужской,35-44 года,Остальные,Не определено,0.00,0,0,-,-,2,-,0.00,1.49,0.00,74.73,5.50,-,-,-
Термопанели в Выборге,712773255,10.08.2026,Группа 1 - коммерческая,5773901452,Автотаргетинг,,-,0,-,0,клинкерная плитка новый свет гатчина,Целевые запросы,Запросы с упоминанием брендов конкурентов,-,,1915802398259215246,Комбинаторное,Клинкерные термопанели - производство Выборг,,,,Поиск,Товарная галерея,Не определено,Смартфоны,Android,Wi-Fi,Мужской,35-44 года,Остальные,Не определено,0.00,0,0,-,-,1,-,0.00,0.31,0.00,30.50,5.00,-,-,-
Термопанели в Выборге,712773255,10.08.2026,Группа 1 - коммерческая,5773901452,Автотаргетинг,,-,0,-,0,клинкерная плитка новый свет гатчина,Альтернативные запросы,Запросы без упоминания брендов,-,,1915802398259215246,Комбинаторное,Термопанели с клинкером - собственный завод в Выборге,,,,Поиск,Спецразмещение,Не определено,Смартфоны,Android,Wi-Fi,Мужской,35-44 года,Остальные,Не определено,0.00,0,0,-,-,1,-,0.00,0.73,0.00,73.01,3.00,-,-,-
Термопанели в Выборге,712773255,10.08.2026,Группа 1 - коммерческая,5773901452,Автотаргетинг,,-,0,-,0,купить блок хаус в кингисеппе,Альтернативные запросы,Запросы без упоминания брендов,-,,1915802398259215246,Комбинаторное,"Термопанели в Выборге - завод на Ленина, 11",,,,Поиск,Спецразмещение,Не определено,Смартфоны,Android,Wi-Fi,Мужской,45-54 года,Остальные,Не определено,0.00,1,0,0.00,-,1,0.00,100.00,1.02,97.67,102.38,1.00,1.00,100.00,1.00
Термопанели в Выборге,712773255,10.08.2026,Группа 1 - коммерческая,5773901452,Автотаргетинг,,-,0,-,0,купить гибкую клинкерную плитку,Целевые запросы,Запросы без упоминания брендов,-,,1915802398259215246,Комбинаторное,Производитель термопанелей в Ленобласти,,,,Поиск,Прочее,Не определено,Смартфоны,Android,Wi-Fi,Мужской,35-44 года,2–5%,Не определено,0.00,0,0,-,-,1,-,0.00,0.65,0.00,64.58,6.00,-,-,-
Термопанели в Выборге,712773255,10.08.2026,Группа 1 - коммерческая,5773901452,Автотаргетинг,,-,0,-,0,купить гибкую клинкерную плитку,Целевые запросы,Запросы без упоминания брендов,-,,1915802398259215246,Комбинаторное,Термопанели с клинкером - собственный завод в Выборге,,,,Поиск,Товарная галерея,Не определено,Смартфоны,Android,Wi-Fi,Мужской,35-44 года,2–5%,Не определено,0.00,0,0,-,-,1,-,0.00,0.06,0.00,6.10,19.00,-,-,-
Термопанели в Выборге,712773255,10.08.2026,Группа 1 - коммерческая,5773901452,Автотаргетинг,,-,0,-,0,купить на озоне панель,Целевые запросы,Запросы с упоминанием брендов конкурентов,-,,1915802398259215246,Комбинаторное,"Термопанели в Выборге - завод на Ленина, 11",,,,Поиск,Прочее,Не определено,Смартфоны,Android,Wi-Fi,Женский,18-24 года,Остальные,Не определено,0.00,0,0,-,-,1,-,0.00,0.65,0.00,64.58,6.00,-,-,-
Термопанели в Выборге,712773255,10.08.2026,Группа 1 - коммерческая,5773901452,Автотаргетинг,,-,0,-,0,купить технониколь в выборге,Альтернативные запросы,Запросы с упоминанием брендов конкурентов,-,,1915802398259215246,Комбинаторное,"Термопанели в Выборге - завод на Ленина, 11",,,,Поиск,Спецразмещение,Не определено,Смартфоны,Android,Wi-Fi,Мужской,35-44 года,Остальные,Не определено,0.00,1,0,0.00,-,1,0.00,100.00,0.57,174.42,57.33,2.00,2.00,100.00,1.00
Термопанели в Выборге,712773255,10.08.2026,Группа 1 - коммерческая,5773901452,Автотаргетинг,,-,0,-,0,купить утеплитель для стен внутри дома в выборге,Сопутствующие запросы,Запросы без упоминания брендов,-,,1915802398259215246,Комбинаторное,"Термопанели в Выборге - завод на Ленина, 11",,,,Поиск,Спецразмещение,Не определено,Планшеты,Android,Wi-Fi,Женский,18-24 года,Остальные,Не определено,0.00,0,0,-,-,1,-,0.00,0.77,0.00,76.79,1.00,-,-,-
Термопанели в Выборге,712773255,10.08.2026,Группа 1 - коммерческая,5773901452,Автотаргетинг,,-,0,-,0,лужский район купить обшивку стены,Целевые запросы,Запросы без упоминания брендов,-,,1915802398259215246,Комбинаторное,"Термопанели в Выборге - завод на Ленина, 11",,,,Поиск,Прочее,Не определено,Смартфоны,Android,Wi-Fi,Мужской,Старше 55,Остальные,Не определено,0.00,0,0,-,-,1,-,0.00,0.45,0.00,44.58,8.00,-,-,-
Термопанели в Выборге,712773255,10.08.2026,Группа 1 - коммерческая,5773901452,Автотаргетинг,,-,0,-,0,материал для фасада дома,Целевые запросы,Запросы без упоминания брендов,-,,1915802398259215246,Комбинаторное,"Термопанели в Выборге - завод на Ленина, 11",,,,Поиск,Товарная галерея,Не определено,Смартфоны,Android,Wi-Fi,Мужской,45-54 года,6–10%,Не определено,0.00,0,0,-,-,1,-,0.00,0.03,0.00,3.30,81.00,-,-,-
Термопанели в Выборге,712773255,10.08.2026,Группа 1 - коммерческая,5773901452,Автотаргетинг,,-,0,-,0,панели,Целевые запросы,Запросы без упоминания брендов,-,,1915802398259215246,Комбинаторное,"Термопанели в Выборге - завод на Ленина, 11",,,,Поиск,Товарная галерея,Не определено,Смартфоны,Android,Wi-Fi,Мужской,Старше 55,2–5%,Не определено,0.00,0,0,-,-,1,-,0.00,0.12,0.00,11.50,11.00,-,-,-
Термопанели в Выборге,712773255,10.08.2026,Группа 1 - коммерческая,5773901452,Автотаргетинг,,-,0,-,0,панели karkas,Альтернативные запросы,Запросы с упоминанием брендов конкурентов,-,,1915802398259215246,Комбинаторное,"Термопанели в Выборге - завод на Ленина, 11",,,,Поиск,Спецразмещение,Не определено,Смартфоны,Android,Wi-Fi,Мужской,35-44 года,Остальные,Не определено,0.00,1,0,0.00,-,1,0.00,100.00,0.66,150.83,66.30,3.00,3.00,100.00,1.00
Термопанели в Выборге,712773255,10.08.2026,Группа 1 - коммерческая,5773901452,Автотаргетинг,,-,0,-,0,панель за печку,Целевые запросы,Запросы без упоминания брендов,-,,1915802398259215246,Комбинаторное,"Термопанели в Выборге - завод на Ленина, 11",,,,Поиск,Прочее,Не определено,Смартфоны,iOS,Wi-Fi,Мужской,35-44 года,6–10%,Не определено,0.00,0,0,-,-,1,-,0.00,0.85,0.00,84.88,5.00,-,-,-
Термопанели в Выборге,712773255,10.08.2026,Группа 1 - коммерческая,5773901452,Автотаргетинг,,-,0,-,0,панель из натурального камня лайт кварцит черный,Альтернативные запросы,Запросы без упоминания брендов,-,,1915802398259215246,Комбинаторное,Клинкерные термопанели - производство Выборг,,,,Поиск,Спецразмещение,Не определено,Смартфоны,iOS,Wi-Fi,Мужской,35-44 года,2–5%,Не определено,0.00,0,0,-,-,1,-,0.00,0.89,0.00,89.13,3.00,-,-,-
Термопанели в Выборге,712773255,10.08.2026,Группа 1 - коммерческая,5773901452,Автотаргетинг,,-,0,-,0,пластиковые панели для отделки фундамента дачных домов,Целевые запросы,Запросы без упоминания брендов,-,,1915802398259215246,Комбинаторное,Гарантия до 5 лет на термопанели,,,,Поиск,Прочее,Не определено,Смартфоны,Android,Wi-Fi,Мужской,Старше 55,Остальные,Не определено,0.00,0,0,-,-,1,-,0.00,0.55,0.00,54.58,7.00,-,-,-
Термопанели в Выборге,712773255,10.08.2026,Группа 1 - коммерческая,5773901452,Автотаргетинг,,-,0,-,0,производство плитки селезнево выборгский район,Альтернативные запросы,Запросы без упоминания брендов,-,,1915802398259215246,Комбинаторное,Бесплатная доставка по Выборгскому району,,,,Поиск,Спецразмещение,Не определено,Смартфоны,Android,Wi-Fi,Женский,35-44 года,Остальные,Не определено,0.00,1,0,0.00,-,1,0.00,100.00,0.61,163.82,61.04,3.00,3.00,0.00,1.00
Термопанели в Выборге,712773255,10.08.2026,Группа 1 - коммерческая,5773901452,Автотаргетинг,,-,0,-,0,стабилизированное покрытие выборг,Широкие запросы,Запросы без упоминания брендов,-,,1915802398259215246,Комбинаторное,Заголовок из контента поискового сниппета или настроек объявления,,,,Поиск,Динамические места на поиске,Не определено,Смартфоны,Android,Wi-Fi,Мужской,35-44 года,6–10%,Не определено,0.00,0,0,-,-,1,-,0.00,0.88,0.00,88.10,1.00,-,-,-
Термопанели в Выборге,712773255,10.08.2026,Группа 1 - коммерческая,5773901452,Автотаргетинг,,-,0,-,0,строим наш дом выборг каталог товаров в выборге,Широкие запросы,Запросы с упоминанием брендов конкурентов,-,,1915802398259215246,Комбинаторное,Бесплатная доставка по Выборгскому району,,,,Поиск,Спецразмещение,Не определено,Смартфоны,Android,Wi-Fi,Мужской,45-54 года,Остальные,Не определено,0.00,0,0,-,-,1,-,0.00,1.16,0.00,115.90,1.00,-,-,-
Термопанели в Выборге,712773255,10.08.2026,Группа 1 - коммерческая,5773901452,Автотаргетинг,,-,0,-,0,строим наш дом выборг каталог товаров в выборге,Широкие запросы,Запросы с упоминанием брендов конкурентов,-,,1915802398259215246,Комбинаторное,Бесплатная доставка по Выборгскому району,,,,Поиск,Прочее,Не определено,Смартфоны,Android,Wi-Fi,Мужской,45-54 года,Остальные,Не определено,0.00,0,0,-,-,1,-,0.00,1.21,0.00,120.65,5.00,-,-,-
Термопанели в Выборге,712773255,10.08.2026,Группа 1 - коммерческая,5773901452,Автотаргетинг,,-,0,-,0,стройтовары волхов,Целевые запросы,Запросы без упоминания брендов,-,,1915802398259215246,Комбинаторное,Бесплатная доставка по Выборгскому району,,,,Поиск,Прочее,Не определено,Смартфоны,iOS,Wi-Fi,Женский,25-34 года,Остальные,Не определено,0.00,0,0,-,-,1,-,0.00,0.65,0.00,64.58,6.00,-,-,-
Термопанели в Выборге,712773255,10.08.2026,Группа 1 - коммерческая,5773901452,Автотаргетинг,,-,0,-,0,термосайдинг,Целевые запросы,Запросы без упоминания брендов,-,,1915802398259215246,Комбинаторное,Производитель термопанелей в Ленобласти,,,,Поиск,Прочее,Не определено,Десктопы,Не определён,Wi-Fi,Женский,45-54 года,Остальные,Не определено,0.00,0,0,-,-,1,-,0.00,0.36,0.00,35.97,11.00,-,-,-
Термопанели в Выборге,712773255,10.08.2026,Группа 1 - коммерческая,5773901452,Автотаргетинг,,-,0,-,0,технониколь выборг,Альтернативные запросы,Запросы с упоминанием брендов конкурентов,-,,1915802398259215246,Комбинаторное,"Термопанели в Выборге - завод на Ленина, 11",,,,Поиск,Прочее,Не определено,Смартфоны,iOS,Wi-Fi,Женский,25-34 года,6–10%,Не определено,0.00,0,0,-,-,1,-,0.00,1.00,0.00,100.00,5.00,-,-,-
Термопанели в Выборге,712773255,10.08.2026,Группа 1 - коммерческая,5773901452,Автотаргетинг,,-,0,-,0,фасад дома в выборге,Сопутствующие запросы,Запросы без упоминания брендов,-,,1915802398259215246,Комбинаторное,Купить термопанели в Выборге напрямую,,,,Поиск,Спецразмещение,Не определено,Смартфоны,Android,Wi-Fi,Женский,Старше 55,Остальные,Не определено,0.00,0,0,-,-,1,-,0.00,0.48,0.00,48.47,3.00,-,-,-
Термопанели в Выборге,712773255,10.08.2026,Группа 1 - коммерческая,5773901452,Автотаргетинг,,-,0,-,0,фасад дома в выборге,Сопутствующие запросы,Запросы без упоминания брендов,-,,1915802398259215246,Комбинаторное,Термопанели с клинкером - собственный завод в Выборге,,,,Поиск,Спецразмещение,Не определено,Смартфоны,Android,Wi-Fi,Женский,Старше 55,Остальные,Не определено,0.00,0,0,-,-,1,-,0.00,0.71,0.00,70.95,2.00,-,-,-
Термопанели в Выборге,712773255,10.08.2026,Группа 1 - коммерческая,5773901452,Автотаргетинг,,-,0,-,0,фасадные панели для наружной отделки,Целевые запросы,Запросы без упоминания брендов,-,,1915802398259215246,Комбинаторное,"Термопанели в Выборге - завод на Ленина, 11",,,,Поиск,Товарная галерея,Не определено,Смартфоны,Android,Wi-Fi,Мужской,45-54 года,Остальные,Не определено,0.00,0,0,-,-,1,-,0.00,0.16,0.00,15.69,10.00,-,-,-
Термопанели в Выборге,712773255,10.08.2026,Группа 1 - коммерческая,5773901452,Автотаргетинг,,-,0,-,0,фасадные панели купить в вологде,Целевые запросы,Запросы без упоминания брендов,-,,1915802398259215246,Комбинаторное,"Термопанели в Выборге - завод на Ленина, 11",,,,Поиск,Товарная галерея,Не определено,Смартфоны,Android,Wi-Fi,Мужской,45-54 года,2–5%,Не определено,0.00,0,0,-,-,1,-,0.00,0.36,0.00,36.38,4.00,-,-,-
Термопанели в Выборге,712773255,10.08.2026,Группа 1 - коммерческая,5773901452,Автотаргетинг,,-,0,-,0,чем обшить дом каркасный снаружи,Сопутствующие запросы,Запросы без упоминания брендов,-,,1915802398259215246,Комбинаторное,Гарантия до 5 лет на термопанели,,,,Поиск,Прочее,Не определено,Смартфоны,Android,Wi-Fi,Женский,45-54 года,Остальные,Не определено,0.00,0,0,-,-,1,-,0.00,0.42,0.00,41.63,6.00,-,-,-
Термопанели в Выборге,712773255,10.08.2026,Группа 1 - коммерческая,5773901452,Автотаргетинг,,-,0,-,0,чем обшить стены на веранде в частном доме внутри недорого,Сопутствующие запросы,Запросы без упоминания брендов,-,,1915802398259215246,Комбинаторное,Гарантия до 5 лет на термопанели,,,,Поиск,Спецразмещение,Не определено,Смартфоны,Android,Wi-Fi,Женский,Старше 55,Остальные,Не определено,0.00,0,0,-,-,1,-,0.00,1.41,0.00,140.59,3.00,-,-,-
Термопанели в Выборге,712773255,10.08.2026,Группа 2 - Гео (ключевая),5773898865,Автотаргетинг,,-,0,-,0,,Не определено,-,-,,1915800871397818629,Комбинаторное,Термопанели с клинкером - собственный завод в Выборге,,,,Сети,Прочее,Не определено,Смартфоны,Android,Wi-Fi,Мужской,45-54 года,Остальные,Не определено,0.00,0,0,-,-,2,-,0.00,2.00,0.00,100.00,-,-,-,-
Термопанели в Выборге,712773255,10.08.2026,Группа 2 - Гео (ключевая),5773898865,Автотаргетинг,,-,0,-,0,,Широкие запросы,Запросы без упоминания брендов,-,,1915800871397818629,Комбинаторное,Купить термопанели в Выборге напрямую,,,,Поиск,Прочее,Не определено,Смартфоны,Android,Wi-Fi,Женский,Старше 55,Остальные,Не определено,0.00,0,0,-,-,1,-,0.00,1.00,0.00,100.00,5.00,-,-,-
Термопанели в Выборге,712773255,10.08.2026,Группа 2 - Гео (ключевая),5773898865,Автотаргетинг,,-,0,-,0,безопасная отделка дома от пожара,Сопутствующие запросы,Запросы без упоминания брендов,-,,1915800871397818629,Комбинаторное,Гарантия до 5 лет на термопанели,,,,Поиск,Прочее,Не определено,Смартфоны,iOS,Wi-Fi,Женский,25-34 года,Остальные,Не определено,0.00,0,0,-,-,1,-,0.00,0.77,0.00,76.79,5.00,-,-,-
Термопанели в Выборге,712773255,10.08.2026,Группа 2 - Гео (ключевая),5773898865,Автотаргетинг,,-,0,-,0,белтермо,Альтернативные запросы,Запросы с упоминанием брендов конкурентов,-,,1915800871397818629,Комбинаторное,"Термопанели в Выборге - завод на Ленина, 11",,,,Поиск,Спецразмещение,Не определено,Смартфоны,Android,Wi-Fi,Мужской,45-54 года,Остальные,Не определено,0.00,0,0,-,-,1,-,0.00,1.02,0.00,102.33,1.00,-,-,-
Термопанели в Выборге,712773255,10.08.2026,Группа 2 - Гео (ключевая),5773898865,Автотаргетинг,,-,0,-,0,вибросайден на стену,Альтернативные запросы,Запросы без упоминания брендов,-,,1915800871397818629,Комбинаторное,"Термопанели в Выборге - завод на Ленина, 11",,,,Поиск,Спецразмещение,Не определено,Смартфоны,Android,Wi-Fi,Мужской,35-44 года,Остальные,Не определено,0.00,0,0,-,-,1,-,0.00,0.60,0.00,59.89,3.00,-,-,-
Термопанели в Выборге,712773255,10.08.2026,Группа 2 - Гео (ключевая),5773898865,Автотаргетинг,,-,0,-,0,водонепроницаемые керамические панели отопления для ванной,Альтернативные запросы,Запросы без упоминания брендов,-,,1915800871397818629,Комбинаторное,Гарантия до 5 лет на термопанели,,,,Поиск,Прочее,Не определено,Смартфоны,Android,Wi-Fi,Мужской,35-44 года,6–10%,Не определено,0.00,0,0,-,-,1,-,0.00,1.20,0.00,120.44,5.00,-,-,-
Термопанели в Выборге,712773255,10.08.2026,Группа 2 - Гео (ключевая),5773898865,Автотаргетинг,,-,0,-,0,искусственный камень для фасада,Целевые запросы,Запросы без упоминания брендов,-,,1915800871397818629,Комбинаторное,Производитель термопанелей в Ленобласти,,,,Поиск,Прочее,Не определено,Смартфоны,iOS,Wi-Fi,Мужской,35-44 года,Остальные,Не определено,0.00,0,0,-,-,1,-,0.00,0.45,0.00,44.58,8.00,-,-,-
Термопанели в Выборге,712773255,10.08.2026,Группа 2 - Гео (ключевая),5773898865,Автотаргетинг,,-,0,-,0,каким железом зашить стены хозблока,Сопутствующие запросы,Запросы без упоминания брендов,-,,1915800871397818629,Комбинаторное,"Термопанели в Выборге - завод на Ленина, 11",,,,Поиск,Прочее,Не определено,Смартфоны,iOS,Wi-Fi,Мужской,45-54 года,2–5%,Не определено,0.00,0,0,-,-,1,-,0.00,0.77,0.00,76.79,5.00,-,-,-
Термопанели в Выборге,712773255,10.08.2026,Группа 2 - Гео (ключевая),5773898865,Автотаргетинг,,-,0,-,0,какой размер термопанели,Целевые запросы,Запросы без упоминания брендов,-,,1915800871397818629,Комбинаторное,Производитель термопанелей в Ленобласти,,,,Поиск,Прочее,Не определено,Смартфоны,Android,Wi-Fi,Мужской,25-34 года,Остальные,Не определено,0.00,0,0,-,-,2,-,0.00,1.09,0.00,54.58,7.00,-,-,-
Термопанели в Выборге,712773255,10.08.2026,Группа 2 - Гео (ключевая),5773898865,Автотаргетинг,,-,0,-,0,какой размер термопанели,Целевые запросы,Запросы без упоминания брендов,-,,1915800871397818629,Комбинаторное,Производитель термопанелей в Ленобласти,,,,Поиск,Товарная галерея,Не определено,Смартфоны,Android,Wi-Fi,Мужской,25-34 года,Остальные,Не определено,0.00,0,0,-,-,2,-,0.00,0.78,0.00,38.97,5.00,-,-,-
Термопанели в Выборге,712773255,10.08.2026,Группа 2 - Гео (ключевая),5773898865,Автотаргетинг,,-,0,-,0,какой размер термопанели,Сопутствующие запросы,Запросы без упоминания брендов,-,,1915800871397818629,Комбинаторное,Производитель термопанелей в Ленобласти,,,,Поиск,Спецразмещение,Не определено,Смартфоны,Android,Wi-Fi,Мужской,25-34 года,Остальные,Не определено,0.00,1,0,0.00,-,1,0.00,100.00,1.10,90.73,110.21,2.00,2.00,-,-
Термопанели в Выборге,712773255,10.08.2026,Группа 2 - Гео (ключевая),5773898865,Автотаргетинг,,-,0,-,0,керпичи,Альтернативные запросы,Запросы без упоминания брендов,-,,1915800871397818629,Комбинаторное,Гарантия до 5 лет на термопанели,,,,Поиск,Спецразмещение,Не определено,Смартфоны,Android,Wi-Fi,Мужской,18-24 года,Остальные,Не определено,0.00,0,0,-,-,1,-,0.00,0.40,0.00,40.38,2.00,-,-,-
Термопанели в Выборге,712773255,10.08.2026,Группа 2 - Гео (ключевая),5773898865,Автотаргетинг,,-,0,-,0,кисельня стройматериалы,Широкие запросы,Запросы без упоминания брендов,-,,1915800871397818629,Комбинаторное,Бесплатная доставка по Выборгскому району,,,,Поиск,Прочее,Не определено,Смартфоны,iOS,Wi-Fi,Женский,Не определен,Остальные,Не определено,0.00,0,0,-,-,1,-,0.00,0.09,0.00,8.50,5.00,-,-,-
Термопанели в Выборге,712773255,10.08.2026,Группа 2 - Гео (ключевая),5773898865,Автотаргетинг,,-,0,-,0,клеящие панели на стену технониколь,Альтернативные запросы,Запросы с упоминанием брендов конкурентов,-,,1915800871397818629,Комбинаторное,"Термопанели в Выборге - завод на Ленина, 11",,,,Поиск,Спецразмещение,Не определено,Смартфоны,Android,Wi-Fi,Мужской,45-54 года,Остальные,Не определено,0.00,0,0,-,-,1,-,0.00,0.73,0.00,73.49,2.00,-,-,-
Термопанели в Выборге,712773255,10.08.2026,Группа 2 - Гео (ключевая),5773898865,Автотаргетинг,,-,0,-,0,клинкерные панели,Широкие запросы,Запросы без упоминания брендов,-,,1915800871397818629,Комбинаторное,Клинкерные термопанели - производство Выборг,,,,Поиск,Спецразмещение,Не определено,Смартфоны,iOS,Wi-Fi,Женский,Старше 55,Остальные,Не определено,0.00,0,0,-,-,1,-,0.00,0.61,0.00,61.20,4.00,-,-,-
Термопанели в Выборге,712773255,10.08.2026,Группа 2 - Гео (ключевая),5773898865,Автотаргетинг,,-,0,-,0,купить белтермо красное село,Альтернативные запросы,Запросы без упоминания брендов,-,,1915800871397818629,Комбинаторное,"Термопанели в Выборге - завод на Ленина, 11",,,,Поиск,Спецразмещение,Не определено,Смартфоны,Android,Wi-Fi,Мужской,35-44 года,Остальные,Не определено,0.00,0,0,-,-,1,-,0.00,0.41,0.00,40.94,3.00,-,-,-
Термопанели в Выборге,712773255,10.08.2026,Группа 2 - Гео (ключевая),5773898865,Автотаргетинг,,-,0,-,0,купить дышащий клинкерные термопанели,Целевые запросы,Запросы без упоминания брендов,-,,1915800871397818629,Комбинаторное,Термопанели с клинкером - собственный завод в Выборге,,,,Поиск,Прочее,Не определено,Смартфоны,Android,Wi-Fi,Женский,Старше 55,Остальные,Не определено,0.00,0,0,-,-,1,-,0.00,0.09,0.00,8.50,5.00,-,-,-
Термопанели в Выборге,712773255,10.08.2026,Группа 2 - Гео (ключевая),5773898865,Автотаргетинг,,-,0,-,0,купить термопанели для фасада дома в спб производства беларусь,Альтернативные запросы,Запросы без упоминания брендов,-,,1915800871397818629,Комбинаторное,Клинкерные термопанели - производство Выборг,,,,Поиск,Спецразмещение,Не определено,Смартфоны,iOS,Wi-Fi,Мужской,45-54 года,2–5%,Не определено,0.00,0,0,-,-,1,-,0.00,0.77,0.00,76.84,3.00,-,-,-
Термопанели в Выборге,712773255,10.08.2026,Группа 2 - Гео (ключевая),5773898865,Автотаргетинг,,-,0,-,0,купить фасадные панели для наружной отделки дома от производителя в спб и ленобласти,Целевые запросы,Запросы без упоминания брендов,-,,1915800871397818629,Комбинаторное,Производитель термопанелей в Ленобласти,,,,Поиск,Прочее,Не определено,Смартфоны,Android,Wi-Fi,Мужской,45-54 года,Остальные,Не определено,0.00,0,0,-,-,2,-,0.00,0.99,0.00,49.58,7.50,-,-,-
Термопанели в Выборге,712773255,10.08.2026,Группа 2 - Гео (ключевая),5773898865,Автотаргетинг,,-,0,-,0,купить фасадные панели для наружной отделки дома от производителя в спб и ленобласти,Целевые запросы,Запросы без упоминания брендов,-,,1915800871397818629,Комбинаторное,Производитель термопанелей в Ленобласти,,,,Поиск,Товарная галерея,Не определено,Смартфоны,Android,Wi-Fi,Мужской,45-54 года,Остальные,Не определено,0.00,0,0,-,-,2,-,0.00,0.33,0.00,16.46,10.50,-,-,-
Термопанели в Выборге,712773255,10.08.2026,Группа 2 - Гео (ключевая),5773898865,Автотаргетинг,,-,0,-,0,купить фасадные панели для наружной отделки дома от производителя в спб и ленобласти 3д,Целевые запросы,Запросы без упоминания брендов,-,,1915800871397818629,Комбинаторное,Производитель термопанелей в Ленобласти,,,,Поиск,Прочее,Не определено,Смартфоны,Android,Wi-Fi,Мужской,45-54 года,Остальные,Не определено,0.00,0,0,-,-,1,-,0.00,0.65,0.00,64.58,6.00,-,-,-
Термопанели в Выборге,712773255,10.08.2026,Группа 2 - Гео (ключевая),5773898865,Автотаргетинг,,-,0,-,0,легкие каменные панели для отделки,Целевые запросы,Запросы без упоминания брендов,-,,1915800871397818629,Комбинаторное,Производитель термопанелей в Ленобласти,,,,Поиск,Прочее,Не определено,Смартфоны,Android,Wi-Fi,Мужской,25-34 года,2–5%,Не определено,0.00,0,0,-,-,1,-,0.00,0.55,0.00,54.58,7.00,-,-,-
Термопанели в Выборге,712773255,10.08.2026,Группа 2 - Гео (ключевая),5773898865,Автотаргетинг,,-,0,-,0,лемано про спб котлас фасад,Целевые запросы,Запросы с упоминанием брендов конкурентов,-,,1915800871397818629,Комбинаторное,Термопанели с клинкером - собственный завод в Выборге,,,,Поиск,Товарная галерея,Не определено,Смартфоны,iOS,Wi-Fi,Мужской,18-24 года,Остальные,Не определено,0.00,0,0,-,-,1,-,0.00,0.03,0.00,3.30,48.00,-,-,-
Термопанели в Выборге,712773255,10.08.2026,Группа 2 - Гео (ключевая),5773898865,Автотаргетинг,,-,0,-,0,наборный элемент термопанели,Сопутствующие запросы,Запросы без упоминания брендов,-,,1915800871397818629,Комбинаторное,Производитель термопанелей в Ленобласти,,,,Поиск,Спецразмещение,Не определено,Смартфоны,Android,Wi-Fi,Мужской,18-24 года,6–10%,Не определено,0.00,0,0,-,-,1,-,0.00,0.94,0.00,94.35,1.00,-,-,-
Термопанели в Выборге,712773255,10.08.2026,Группа 2 - Гео (ключевая),5773898865,Автотаргетинг,,-,0,-,0,нефрит керамика клинкерная,Альтернативные запросы,Запросы без упоминания брендов,-,,1915800871397818629,Комбинаторное,Клинкерные термопанели - производство Выборг,,,,Поиск,Спецразмещение,Не определено,Смартфоны,Android,Wi-Fi,Мужской,45-54 года,Остальные,Не определено,0.00,0,0,-,-,1,-,0.00,0.69,0.00,68.59,3.00,-,-,-
Термопанели в Выборге,712773255,10.08.2026,Группа 2 - Гео (ключевая),5773898865,Автотаргетинг,,-,0,-,0,отделочный материал для фасада дооки,Широкие запросы,Запросы без упоминания брендов,-,,1915800871397818629,Комбинаторное,"Термопанели в Выборге - завод на Ленина, 11",,,,Поиск,Спецразмещение,Не определено,Смартфоны,iOS,Wi-Fi,Женский,Старше 55,Остальные,Не определено,0.00,1,0,0.00,-,1,0.00,100.00,1.05,94.91,105.36,2.00,2.00,0.00,2.00
Термопанели в Выборге,712773255,10.08.2026,Группа 2 - Гео (ключевая),5773898865,Автотаргетинг,,-,0,-,0,панели балтимор,Альтернативные запросы,Запросы с упоминанием брендов конкурентов,-,,1915800871397818629,Комбинаторное,Термопанели с клинкером - собственный завод в Выборге,,,,Поиск,Спецразмещение,Не определено,Смартфоны,Android,Wi-Fi,Мужской,45-54 года,Остальные,Не определено,0.00,1,0,0.00,-,1,0.00,100.00,1.04,96.61,103.51,1.00,1.00,100.00,1.00
Термопанели в Выборге,712773255,10.08.2026,Группа 2 - Гео (ключевая),5773898865,Автотаргетинг,,-,0,-,0,панели для каркасного дома стеновые,Целевые запросы,Запросы без упоминания брендов,-,,1915800871397818629,Комбинаторное,Производитель термопанелей в Ленобласти,,,,Поиск,Прочее,Не определено,Смартфоны,Android,Wi-Fi,Мужской,35-44 года,2–5%,Не определено,0.00,0,0,-,-,1,-,0.00,0.55,0.00,54.58,7.00,-,-,-
Термопанели в Выборге,712773255,10.08.2026,Группа 2 - Гео (ключевая),5773898865,Автотаргетинг,,-,0,-,0,панель цокольная утепленная,Целевые запросы,Запросы без упоминания брендов,-,,1915800871397818629,Комбинаторное,Производитель термопанелей в Ленобласти,,,,Поиск,Прочее,Не определено,Смартфоны,Android,Wi-Fi,Мужской,45-54 года,6–10%,Не определено,0.00,0,0,-,-,1,-,0.00,0.85,0.00,84.88,5.00,-,-,-
Термопанели в Выборге,712773255,10.08.2026,Группа 2 - Гео (ключевая),5773898865,Автотаргетинг,,-,0,-,0,панель цокольная утепленная,Целевые запросы,Запросы без упоминания брендов,-,,1915800871397818629,Комбинаторное,Производитель термопанелей в Ленобласти,,,,Поиск,Товарная галерея,Не определено,Смартфоны,Android,Wi-Fi,Мужской,45-54 года,6–10%,Не определено,0.00,0,0,-,-,1,-,0.00,1.24,0.00,124.49,1.00,-,-,-
Термопанели в Выборге,712773255,10.08.2026,Группа 2 - Гео (ключевая),5773898865,Автотаргетинг,,-,0,-,0,пенополистирол кириши,Альтернативные запросы,Запросы без упоминания брендов,-,,1915800871397818629,Комбинаторное,"Термопанели в Выборге - завод на Ленина, 11",,,,Поиск,Спецразмещение,Не определено,Десктопы,Не определён,Wi-Fi,Мужской,Старше 55,6–10%,Не определено,0.00,0,0,-,-,1,-,0.00,0.45,0.00,45.02,3.00,-,-,-
Термопанели в Выборге,712773255,10.08.2026,Группа 2 - Гео (ключевая),5773898865,Автотаргетинг,,-,0,-,0,плиты амк фасадные,Альтернативные запросы,Запросы без упоминания брендов,-,,1915800871397818629,Комбинаторное,"Термопанели в Выборге - завод на Ленина, 11",,,,Поиск,Спецразмещение,Не определено,Смартфоны,Android,Wi-Fi,Мужской,45-54 года,Остальные,Не определено,0.00,0,0,-,-,2,-,0.00,1.84,0.00,92.16,1.50,-,-,-
Термопанели в Выборге,712773255,10.08.2026,Группа 2 - Гео (ключевая),5773898865,Автотаргетинг,,-,0,-,0,полифасад термопанели,Альтернативные запросы,Запросы без упоминания брендов,-,,1915800871397818629,Комбинаторное,Производитель термопанелей в Ленобласти,,,,Поиск,Спецразмещение,Не определено,Десктопы,Не определён,Wi-Fi,Мужской,45-54 года,Остальные,Не определено,0.00,0,0,-,-,1,-,0.00,0.82,0.00,81.97,2.00,-,-,-
Термопанели в Выборге,712773255,10.08.2026,Группа 2 - Гео (ключевая),5773898865,Автотаргетинг,,-,0,-,0,производство термопанели,Целевые запросы,Запросы без упоминания брендов,-,,1915800871397818629,Комбинаторное,Производитель термопанелей в Ленобласти,,,,Поиск,Спецразмещение,Не определено,Смартфоны,Android,Wi-Fi,Мужской,35-44 года,2–5%,Не определено,0.00,0,0,-,-,1,-,0.00,0.65,0.00,64.60,4.00,-,-,-
Термопанели в Выборге,712773255,10.08.2026,Группа 2 - Гео (ключевая),5773898865,Автотаргетинг,,-,0,-,0,самый дешевый и долговечный фасад,Сопутствующие запросы,Запросы без упоминания брендов,-,,1915800871397818629,Комбинаторное,Термопанели с клинкером - собственный завод в Выборге,,,,Поиск,Спецразмещение,Не определено,Смартфоны,Android,Wi-Fi,Мужской,45-54 года,2–5%,Не определено,0.00,0,0,-,-,1,-,0.00,0.65,0.00,65.41,4.00,-,-,-
Термопанели в Выборге,712773255,10.08.2026,Группа 2 - Гео (ключевая),5773898865,Автотаргетинг,,-,0,-,0,скандинавская доска для фасада купить спб,Альтернативные запросы,Запросы без упоминания брендов,-,,1915800871397818629,Комбинаторное,Производитель термопанелей в Ленобласти,,,,Поиск,Спецразмещение,Не определено,Смартфоны,Android,Wi-Fi,Мужской,Старше 55,6–10%,Не определено,0.00,0,0,-,-,1,-,0.00,0.93,0.00,93.10,2.00,-,-,-
Термопанели в Выборге,712773255,10.08.2026,Группа 2 - Гео (ключевая),5773898865,Автотаргетинг,,-,0,-,0,стеновые уличные панели,Целевые запросы,Запросы без упоминания брендов,-,,1915800871397818629,Комбинаторное,Производитель термопанелей в Ленобласти,,,,Поиск,Прочее,Не определено,Смартфоны,Android,Wi-Fi,Мужской,35-44 года,Остальные,Не определено,0.00,0,0,-,-,1,-,0.00,0.65,0.00,64.58,6.00,-,-,-
Термопанели в Выборге,712773255,10.08.2026,Группа 2 - Гео (ключевая),5773898865,Автотаргетинг,,-,0,-,0,стеновые уличные панели,Целевые запросы,Запросы без упоминания брендов,-,,1915800871397818629,Комбинаторное,Производитель термопанелей в Ленобласти,,,,Поиск,Товарная галерея,Не определено,Смартфоны,Android,Wi-Fi,Мужской,35-44 года,Остальные,Не определено,0.00,0,0,-,-,1,-,0.00,0.13,0.00,13.42,16.00,-,-,-
Термопанели в Выборге,712773255,10.08.2026,Группа 2 - Гео (ключевая),5773898865,Автотаргетинг,,-,0,-,0,стройтовары волхов,Целевые запросы,Запросы без упоминания брендов,-,,1915800871397818629,Комбинаторное,Бесплатная доставка по Выборгскому району,,,,Поиск,Товарная галерея,Не определено,Смартфоны,iOS,Wi-Fi,Женский,25-34 года,Остальные,Не определено,0.00,0,0,-,-,1,-,0.00,0.03,0.00,3.30,96.00,-,-,-
Термопанели в Выборге,712773255,10.08.2026,Группа 2 - Гео (ключевая),5773898865,Автотаргетинг,,-,0,-,0,стройтовары волхов володарского,Целевые запросы,Запросы с упоминанием брендов конкурентов,-,,1915800871397818629,Комбинаторное,Бесплатная доставка по Выборгскому району,,,,Поиск,Товарная галерея,Не определено,Смартфоны,iOS,Wi-Fi,Женский,25-34 года,Остальные,Не определено,0.00,0,0,-,-,1,-,0.00,0.03,0.00,3.30,86.00,-,-,-
Термопанели в Выборге,712773255,10.08.2026,Группа 2 - Гео (ключевая),5773898865,Автотаргетинг,,-,0,-,0,стройудача поляны выборгский район каталог,Широкие запросы,Запросы с упоминанием брендов конкурентов,-,,1915800871397818629,Комбинаторное,Бесплатная доставка по Выборгскому району,,,,Поиск,Прочее,Не определено,Смартфоны,Android,Wi-Fi,Женский,45-54 года,Остальные,Не определено,0.00,0,0,-,-,1,-,0.00,0.09,0.00,8.50,5.00,-,-,-
Термопанели в Выборге,712773255,10.08.2026,Группа 2 - Гео (ключевая),5773898865,Автотаргетинг,,-,0,-,0,сэндвич панели из пенопласта,Альтернативные запросы,Запросы без упоминания брендов,-,,1915800871397818629,Комбинаторное,Производитель термопанелей в Ленобласти,,,,Поиск,Спецразмещение,Не определено,Десктопы,Не определён,Wi-Fi,Мужской,45-54 года,6–10%,Не определено,0.00,0,0,-,-,1,-,0.00,0.47,0.00,47.18,4.00,-,-,-
Термопанели в Выборге,712773255,10.08.2026,Группа 2 - Гео (ключевая),5773898865,Автотаргетинг,,-,0,-,0,сэндвич панели из пенопласта 100 мм,Альтернативные запросы,Запросы без упоминания брендов,-,,1915800871397818629,Комбинаторное,Производитель термопанелей в Ленобласти,,,,Поиск,Спецразмещение,Не определено,Десктопы,Не определён,Wi-Fi,Мужской,45-54 года,6–10%,Не определено,0.00,0,0,-,-,1,-,0.00,0.59,0.00,58.91,4.00,-,-,-
Термопанели в Выборге,712773255,10.08.2026,Группа 2 - Гео (ключевая),5773898865,Автотаргетинг,,-,0,-,0,сэндвич панели из пенопласта 100 мм в спб,Альтернативные запросы,Запросы без упоминания брендов,-,,1915800871397818629,Комбинаторное,Производитель термопанелей в Ленобласти,,,,Поиск,Спецразмещение,Не определено,Десктопы,Не определён,Wi-Fi,Мужской,45-54 года,6–10%,Не определено,0.00,0,0,-,-,1,-,0.00,0.55,0.00,55.12,4.00,-,-,-
Термопанели в Выборге,712773255,10.08.2026,Группа 2 - Гео (ключевая),5773898865,Автотаргетинг,,-,0,-,0,тепловые панели для фасада,Целевые запросы,Запросы без упоминания брендов,-,,1915800871397818629,Комбинаторное,Производитель термопанелей в Ленобласти,,,,Поиск,Товарная галерея,Не определено,Смартфоны,Android,Wi-Fi,Женский,Старше 55,Остальные,Не определено,0.00,0,0,-,-,1,-,0.00,0.25,0.00,25.29,9.00,-,-,-
Термопанели в Выборге,712773255,10.08.2026,Группа 2 - Гео (ключевая),5773898865,Автотаргетинг,,-,0,-,0,теплый дом всеволожск термопанели,Целевые запросы,Запросы с упоминанием брендов конкурентов,-,,1915800871397818629,Комбинаторное,Производитель термопанелей в Ленобласти,,,,Поиск,Прочее,Не определено,Смартфоны,Android,Wi-Fi,Мужской,45-54 года,Остальные,Не определено,0.00,0,0,-,-,1,-,0.00,0.09,0.00,8.50,5.00,-,-,-
Термопанели в Выборге,712773255,10.08.2026,Группа 2 - Гео (ключевая),5773898865,Автотаргетинг,,-,0,-,0,термопанели,Целевые запросы,Запросы без упоминания брендов,-,,1915800871397818629,Комбинаторное,Производитель термопанелей в Ленобласти,,,,Поиск,Прочее,Не определено,Смартфоны,iOS,Wi-Fi,Мужской,25-34 года,2–5%,Не определено,0.00,0,0,-,-,1,-,0.00,0.45,0.00,44.58,8.00,-,-,-
Термопанели в Выборге,712773255,10.08.2026,Группа 2 - Гео (ключевая),5773898865,Автотаргетинг,,-,0,-,0,термопанели,Целевые запросы,Запросы без упоминания брендов,-,,1915800871397818629,Комбинаторное,Производитель термопанелей в Ленобласти,,,,Поиск,Товарная галерея,Не определено,Смартфоны,iOS,Wi-Fi,Женский,Старше 55,6–10%,Не определено,0.00,0,0,-,-,2,-,0.00,0.65,0.00,32.27,5.00,-,-,-
Термопанели в Выборге,712773255,10.08.2026,Группа 2 - Гео (ключевая),5773898865,Автотаргетинг,,-,0,-,0,термопанели в коммунаре,Целевые запросы,Запросы без упоминания брендов,-,,1915800871397818629,Комбинаторное,Производитель термопанелей в Ленобласти,,,,Поиск,Спецразмещение,Не определено,Десктопы,Не определён,Мобильная связь,Женский,Старше 55,Остальные,Не определено,0.00,1,0,0.00,-,1,0.00,100.00,0.52,190.67,52.45,4.00,4.00,0.00,1.00
Термопанели в Выборге,712773255,10.08.2026,Группа 2 - Гео (ключевая),5773898865,Автотаргетинг,,-,0,-,0,термопанели для наружной отделки деревянного дома,Целевые запросы,Запросы без упоминания брендов,-,,1915800871397818629,Комбинаторное,Производитель термопанелей в Ленобласти,,,,Поиск,Прочее,Не определено,Смартфоны,Android,Wi-Fi,Женский,45-54 года,Остальные,Не определено,0.00,0,0,-,-,1,-,0.00,0.55,0.00,54.58,7.00,-,-,-
Термопанели в Выборге,712773255,10.08.2026,Группа 2 - Гео (ключевая),5773898865,Автотаргетинг,,-,0,-,0,термопанели для наружной отделки деревянного дома,Целевые запросы,Запросы без упоминания брендов,-,,1915800871397818629,Комбинаторное,Производитель термопанелей в Ленобласти,,,,Поиск,Товарная галерея,Не определено,Смартфоны,Android,Wi-Fi,Женский,45-54 года,Остальные,Не определено,0.00,0,0,-,-,1,-,0.00,0.25,0.00,25.35,7.00,-,-,-
Термопанели в Выборге,712773255,10.08.2026,Группа 2 - Гео (ключевая),5773898865,Автотаргетинг,,-,0,-,0,термопанели для наружной отделки дома цена,Целевые запросы,Запросы без упоминания брендов,-,,1915800871397818629,Комбинаторное,Производитель термопанелей в Ленобласти,,,,Поиск,Прочее,Не определено,Смартфоны,Android,Wi-Fi,Женский,45-54 года,Остальные,Не определено,0.00,0,0,-,-,1,-,0.00,0.55,0.00,54.58,7.00,-,-,-
Термопанели в Выборге,712773255,10.08.2026,Группа 2 - Гео (ключевая),5773898865,Автотаргетинг,,-,0,-,0,термопанели для наружной отделки дома цена,Целевые запросы,Запросы без упоминания брендов,-,,1915800871397818629,Комбинаторное,Производитель термопанелей в Ленобласти,,,,Поиск,Товарная галерея,Не определено,Смартфоны,Android,Wi-Fi,Женский,45-54 года,Остальные,Не определено,0.00,0,0,-,-,2,-,0.00,0.51,0.00,25.30,8.50,-,-,-
Термопанели в Выборге,712773255,10.08.2026,Группа 2 - Гео (ключевая),5773898865,Автотаргетинг,,-,0,-,0,термопанели для наружной отделки дома цена,Узкие запросы,Запросы без упоминания брендов,-,,1915800871397818629,Комбинаторное,Производитель термопанелей в Ленобласти,,,,Поиск,Спецразмещение,Не определено,Смартфоны,Android,Wi-Fi,Женский,45-54 года,Остальные,Не определено,0.00,0,0,-,-,2,-,0.00,1.23,0.00,61.44,3.50,-,-,-
Термопанели в Выборге,712773255,10.08.2026,Группа 2 - Гео (ключевая),5773898865,Автотаргетинг,,-,0,-,0,термопанели для цоколя дома,Целевые запросы,Запросы без упоминания брендов,-,,1915800871397818629,Комбинаторное,Производитель термопанелей в Ленобласти,,,,Поиск,Товарная галерея,Не определено,Смартфоны,Android,Wi-Fi,Мужской,35-44 года,Остальные,Не определено,0.00,0,0,-,-,2,-,0.00,0.51,0.00,25.29,9.00,-,-,-
Термопанели в Выборге,712773255,10.08.2026,Группа 2 - Гео (ключевая),5773898865,Автотаргетинг,,-,0,-,0,термопанели для цоколя дома дома нюансы,Целевые запросы,Запросы без упоминания брендов,-,,1915800871397818629,Комбинаторное,Производитель термопанелей в Ленобласти,,,,Поиск,Прочее,Не определено,Смартфоны,Android,Wi-Fi,Мужской,35-44 года,Остальные,Не определено,0.00,0,0,-,-,1,-,0.00,0.45,0.00,44.58,8.00,-,-,-
Термопанели в Выборге,712773255,10.08.2026,Группа 2 - Гео (ключевая),5773898865,Автотаргетинг,,-,0,-,0,термопанели для цоколя купить,Целевые запросы,Запросы без упоминания брендов,-,,1915800871397818629,Комбинаторное,Производитель термопанелей в Ленобласти,,,,Поиск,Прочее,Не определено,Смартфоны,Android,Wi-Fi,Женский,45-54 года,Остальные,Не определено,0.00,0,0,-,-,1,-,0.00,0.45,0.00,44.58,8.00,-,-,-
Термопанели в Выборге,712773255,10.08.2026,Группа 2 - Гео (ключевая),5773898865,Автотаргетинг,,-,0,-,0,термопанели и точка росы,Целевые запросы,Запросы с упоминанием брендов конкурентов,-,,1915800871397818629,Комбинаторное,Производитель термопанелей в Ленобласти,,,,Поиск,Прочее,Не определено,Смартфоны,Android,Wi-Fi,Мужской,45-54 года,2–5%,Не определено,0.00,0,0,-,-,1,-,0.00,0.55,0.00,54.58,7.00,-,-,-
Термопанели в Выборге,712773255,10.08.2026,Группа 2 - Гео (ключевая),5773898865,Автотаргетинг,,-,0,-,0,термопанели и точка росы,Целевые запросы,Запросы с упоминанием брендов конкурентов,-,,1915800871397818629,Комбинаторное,Производитель термопанелей в Ленобласти,,,,Поиск,Товарная галерея,Не определено,Смартфоны,Android,Wi-Fi,Мужской,45-54 года,2–5%,Не определено,0.00,0,0,-,-,1,-,0.00,0.28,0.00,28.21,6.00,-,-,-
Термопанели в Выборге,712773255,10.08.2026,Группа 2 - Гео (ключевая),5773898865,Автотаргетинг,,-,0,-,0,термосайдинг для наружной отделки дома,Целевые запросы,Запросы без упоминания брендов,-,,1915800871397818629,Комбинаторное,Производитель термопанелей в Ленобласти,,,,Поиск,Прочее,Не определено,Смартфоны,Android,Wi-Fi,Женский,45-54 года,Остальные,Не определено,0.00,0,0,-,-,1,-,0.00,0.65,0.00,64.58,6.00,-,-,-
Термопанели в Выборге,712773255,10.08.2026,Группа 2 - Гео (ключевая),5773898865,Автотаргетинг,,-,0,-,0,термосайдинг для наружной отделки дома,Целевые запросы,Запросы без упоминания брендов,-,,1915800871397818629,Комбинаторное,Производитель термопанелей в Ленобласти,,,,Поиск,Товарная галерея,Не определено,Смартфоны,Android,Wi-Fi,Женский,45-54 года,Остальные,Не определено,0.00,0,0,-,-,1,-,0.00,0.99,0.00,98.59,2.00,-,-,-
Термопанели в Выборге,712773255,10.08.2026,Группа 2 - Гео (ключевая),5773898865,Автотаргетинг,,-,0,-,0,технониколь выборг,Альтернативные запросы,Запросы с упоминанием брендов конкурентов,-,,1915800871397818629,Комбинаторное,"Термопанели в Выборге - завод на Ленина, 11",,,,Поиск,Прочее,Не определено,Смартфоны,iOS,Wi-Fi,Женский,25-34 года,6–10%,Не определено,0.00,0,0,-,-,1,-,0.00,0.09,0.00,8.50,5.00,-,-,-
Термопанели в Выборге,712773255,10.08.2026,Группа 2 - Гео (ключевая),5773898865,Автотаргетинг,,-,0,-,0,фасадная панель,Целевые запросы,Запросы без упоминания брендов,-,,1915800871397818629,Комбинаторное,Производитель термопанелей в Ленобласти,,,,Поиск,Прочее,Не определено,Смартфоны,Android,Wi-Fi,Мужской,35-44 года,Остальные,Не определено,0.00,0,0,-,-,2,-,0.00,1.29,0.00,64.73,6.50,-,-,-
Термопанели в Выборге,712773255,10.08.2026,Группа 2 - Гео (ключевая),5773898865,Автотаргетинг,,-,0,-,0,фасадная панель,Целевые запросы,Запросы без упоминания брендов,-,,1915800871397818629,Комбинаторное,Производитель термопанелей в Ленобласти,,,,Поиск,Товарная галерея,Не определено,Десктопы,Не определён,Wi-Fi,Мужской,45-54 года,Остальные,Не определено,0.00,0,0,-,-,1,-,0.00,0.31,0.00,30.96,9.00,-,-,-
Термопанели в Выборге,712773255,10.08.2026,Группа 2 - Гео (ключевая),5773898865,Автотаргетинг,,-,0,-,0,фасадная панель,Целевые запросы,Запросы без упоминания брендов,-,,1915800871397818629,Комбинаторное,Производитель термопанелей в Ленобласти,,,,Поиск,Товарная галерея,Не определено,Смартфоны,Android,Wi-Fi,Мужской,35-44 года,Остальные,Не определено,0.00,0,0,-,-,2,-,0.00,0.36,0.00,18.02,9.50,-,-,-
Термопанели в Выборге,712773255,10.08.2026,Группа 2 - Гео (ключевая),5773898865,Автотаргетинг,,-,0,-,0,фасадные панели купить,Целевые запросы,Запросы без упоминания брендов,-,,1915800871397818629,Комбинаторное,Производитель термопанелей в Ленобласти,,,,Поиск,Прочее,Не определено,Смартфоны,Android,Wi-Fi,Мужской,Старше 55,Остальные,Не определено,0.00,0,0,-,-,1,-,0.00,0.45,0.00,44.58,8.00,-,-,-
Термопанели в Выборге,712773255,10.08.2026,Группа 2 - Гео (ключевая),5773898865,Автотаргетинг,,-,0,-,0,фасадные панели купить в вологде,Целевые запросы,Запросы без упоминания брендов,-,,1915800871397818629,Комбинаторное,"Термопанели в Выборге - завод на Ленина, 11",,,,Поиск,Прочее,Не определено,Смартфоны,Android,Wi-Fi,Мужской,45-54 года,2–5%,Не определено,0.00,0,0,-,-,1,-,0.00,0.65,0.00,64.58,6.00,-,-,-
Термопанели в Выборге,712773255,10.08.2026,Группа 2 - Гео (ключевая),5773898865,Автотаргетинг,,-,0,-,0,фасадные панели на пеноплексе,Целевые запросы,Запросы без упоминания брендов,-,,1915800871397818629,Комбинаторное,Производитель термопанелей в Ленобласти,,,,Поиск,Товарная галерея,Не определено,Десктопы,Не определён,Wi-Fi,Женский,Старше 55,6–10%,Не определено,0.00,0,0,-,-,2,-,0.00,0.62,0.00,30.98,8.50,-,-,-
Термопанели в Выборге,712773255,10.08.2026,Группа 2 - Гео (ключевая),5773898865,Автотаргетинг,,-,0,-,0,фасадные термопанели,Целевые запросы,Запросы без упоминания брендов,-,,1915800871397818629,Комбинаторное,Производитель термопанелей в Ленобласти,,,,Поиск,Прочее,Не определено,Смартфоны,Android,Wi-Fi,Мужской,35-44 года,Остальные,Не определено,0.00,0,0,-,-,1,-,0.00,0.45,0.00,44.58,8.00,-,-,-
Термопанели в Выборге,712773255,10.08.2026,Группа 2 - Гео (ключевая),5773898865,Автотаргетинг,,-,0,-,0,фасадные термопанели для наружной отделки,Целевые запросы,Запросы без упоминания брендов,-,,1915800871397818629,Комбинаторное,Производитель термопанелей в Ленобласти,,,,Поиск,Прочее,Не определено,Смартфоны,Android,Wi-Fi,Мужской,45-54 года,Остальные,Не определено,0.00,0,0,-,-,1,-,0.00,0.55,0.00,54.58,7.00,-,-,-
Термопанели в Выборге,712773255,10.08.2026,Группа 2 - Гео (ключевая),5773898865,Автотаргетинг,,-,0,-,0,цокольные панели для наружной отделки дома,Целевые запросы,Запросы без упоминания брендов,-,,1915800871397818629,Комбинаторное,Производитель термопанелей в Ленобласти,,,,Поиск,Прочее,Не определено,Смартфоны,Android,Wi-Fi,Мужской,45-54 года,Остальные,Не определено,0.00,0,0,-,-,1,-,0.00,0.45,0.00,44.58,8.00,-,-,-
Термопанели в Выборге,712773255,10.08.2026,Группа 2 - Гео (ключевая),5773898865,Автотаргетинг,,-,0,-,0,цокольные панели для наружной отделки дома,Целевые запросы,Запросы без упоминания брендов,-,,1915800871397818629,Комбинаторное,Производитель термопанелей в Ленобласти,,,,Поиск,Товарная галерея,Не определено,Смартфоны,Android,Wi-Fi,Мужской,45-54 года,Остальные,Не определено,0.00,0,0,-,-,1,-,0.00,0.03,0.00,3.30,82.00,-,-,-
Термопанели в Выборге,712773255,10.08.2026,Группа 2 - Гео (ключевая),5773898865,Автотаргетинг,,-,0,-,0,цокольные панели для наружной отделки фундамента размеры и цены,Целевые запросы,Запросы без упоминания брендов,-,,1915800871397818629,Комбинаторное,Производитель термопанелей в Ленобласти,,,,Поиск,Товарная галерея,Не определено,Смартфоны,Android,Wi-Fi,Мужской,Старше 55,Остальные,Не определено,0.00,0,0,-,-,1,-,0.00,0.25,0.00,25.29,9.00,-,-,-
Термопанели в Выборге,712773255,10.08.2026,Группа 2 - Гео (ключевая),5773898865,Автотаргетинг,,-,0,-,0,чем обделать стены вокруг печи камина,Сопутствующие запросы,Запросы без упоминания брендов,-,,1915800871397818629,Комбинаторное,Гарантия до 5 лет на термопанели,,,,Поиск,Спецразмещение,Не определено,Смартфоны,Android,Wi-Fi,Мужской,Старше 55,Остальные,Не определено,0.00,1,0,0.00,-,1,0.00,100.00,1.06,94.26,106.09,3.00,3.00,0.00,3.00
Термопанели в Выборге,712773255,10.08.2026,Группа 3 - клинкер (продуктовая),5773902142,Автотаргетинг,,-,0,-,0,,Не определено,-,-,,1915802914729060647,Комбинаторное,"Термопанели в Выборге - завод на Ленина, 11",,,,Сети,Прочее,Не определено,Смартфоны,Android,Wi-Fi,Мужской,Старше 55,Остальные,Не определено,0.00,0,0,-,-,1,-,0.00,1.00,0.00,100.00,-,-,-,-
Термопанели в Выборге,712773255,10.08.2026,Группа 3 - клинкер (продуктовая),5773902142,Автотаргетинг,,-,0,-,0,,Не определено,-,-,,1915802914729060647,Комбинаторное,Термопанели с клинкером - собственный завод в Выборге,,,,Сети,Прочее,Не определено,Смартфоны,iOS,Wi-Fi,Женский,Старше 55,6–10%,Не определено,0.00,0,0,-,-,1,-,0.00,1.00,0.00,100.00,-,-,-,-
Термопанели в Выборге,712773255,10.08.2026,Группа 3 - клинкер (продуктовая),5773902142,Автотаргетинг,,-,0,-,0,декоративный утеплитель фундамента,Целевые запросы,Запросы без упоминания брендов,-,,1915802914729060647,Комбинаторное,"Термопанели в Выборге - завод на Ленина, 11",,,,Поиск,Прочее,Не определено,Смартфоны,iOS,Wi-Fi,Женский,25-34 года,2–5%,Не определено,0.00,0,0,-,-,1,-,0.00,0.45,0.00,44.58,8.00,-,-,-
Термопанели в Выборге,712773255,10.08.2026,Группа 3 - клинкер (продуктовая),5773902142,Автотаргетинг,,-,0,-,0,искусственный камень для фасада,Целевые запросы,Запросы без упоминания брендов,-,,1915802914729060647,Комбинаторное,"Термопанели в Выборге - завод на Ленина, 11",,,,Поиск,Товарная галерея,Не определено,Смартфоны,Android,Wi-Fi,Мужской,Старше 55,6–10%,Не определено,0.00,0,0,-,-,1,-,0.00,0.13,0.00,13.34,18.00,-,-,-
Термопанели в Выборге,712773255,10.08.2026,Группа 3 - клинкер (продуктовая),5773902142,Автотаргетинг,,-,0,-,0,керамические панели отопления для ванной,Альтернативные запросы,Запросы без упоминания брендов,-,,1915802914729060647,Комбинаторное,Термопанели с клинкером - собственный завод в Выборге,,,,Поиск,Спецразмещение,Не определено,Смартфоны,Android,Wi-Fi,Мужской,35-44 года,6–10%,Не определено,0.00,0,0,-,-,1,-,0.00,0.86,0.00,86.28,2.00,-,-,-
Термопанели в Выборге,712773255,10.08.2026,Группа 3 - клинкер (продуктовая),5773902142,Автотаргетинг,,-,0,-,0,клинкер,Целевые запросы,Запросы без упоминания брендов,-,,1915802914729060647,Комбинаторное,"Термопанели в Выборге - завод на Ленина, 11",,,,Поиск,Прочее,Не определено,Смартфоны,Android,Wi-Fi,Мужской,18-24 года,Остальные,Не определено,0.00,0,0,-,-,1,-,0.00,0.85,0.00,84.88,5.00,-,-,-
Термопанели в Выборге,712773255,10.08.2026,Группа 3 - клинкер (продуктовая),5773902142,Автотаргетинг,,-,0,-,0,клинкерные панели,Целевые запросы,Запросы без упоминания брендов,-,,1915802914729060647,Комбинаторное,"Термопанели в Выборге - завод на Ленина, 11",,,,Поиск,Прочее,Не определено,Смартфоны,iOS,Wi-Fi,Женский,Старше 55,Остальные,Не определено,0.00,0,0,-,-,1,-,0.00,0.85,0.00,84.88,5.00,-,-,-
Термопанели в Выборге,712773255,10.08.2026,Группа 3 - клинкер (продуктовая),5773902142,Автотаргетинг,,-,0,-,0,купить стеновую панель,Целевые запросы,Запросы без упоминания брендов,-,,1915802914729060647,Комбинаторное,"Термопанели в Выборге - завод на Ленина, 11",,,,Поиск,Товарная галерея,Не определено,Смартфоны,Android,Wi-Fi,Мужской,45-54 года,Остальные,Не определено,0.00,0,0,-,-,1,-,0.00,0.03,0.00,3.30,68.00,-,-,-
Термопанели в Выборге,712773255,10.08.2026,Группа 3 - клинкер (продуктовая),5773902142,Автотаргетинг,,-,0,-,0,купить фасадные панели альта профиль в пскове,Альтернативные запросы,Запросы с упоминанием брендов конкурентов,-,,1915802914729060647,Комбинаторное,"Термопанели в Выборге - завод на Ленина, 11",,,,Поиск,Прочее,Не определено,Смартфоны,Android,Мобильная связь,Мужской,45-54 года,Остальные,Не определено,0.00,0,0,-,-,1,-,0.00,0.09,0.00,8.50,5.00,-,-,-
Термопанели в Выборге,712773255,10.08.2026,Группа 3 - клинкер (продуктовая),5773902142,Автотаргетинг,,-,0,-,0,материал для обшивки фасада,Целевые запросы,Запросы без упоминания брендов,-,,1915802914729060647,Комбинаторное,"Термопанели в Выборге - завод на Ленина, 11",,,,Поиск,Прочее,Не определено,Смартфоны,Android,Wi-Fi,Мужской,35-44 года,Остальные,Не определено,0.00,0,0,-,-,1,-,0.00,0.55,0.00,54.58,7.00,-,-,-
Термопанели в Выборге,712773255,10.08.2026,Группа 3 - клинкер (продуктовая),5773902142,Автотаргетинг,,-,0,-,0,материал для обшивки фасада,Целевые запросы,Запросы без упоминания брендов,-,,1915802914729060647,Комбинаторное,"Термопанели в Выборге - завод на Ленина, 11",,,,Поиск,Прочее,Не определено,Планшеты,Android,Wi-Fi,Мужской,35-44 года,Остальные,Не определено,0.00,0,0,-,-,1,-,0.00,0.55,0.00,54.58,7.00,-,-,-
Термопанели в Выборге,712773255,10.08.2026,Группа 3 - клинкер (продуктовая),5773902142,Автотаргетинг,,-,0,-,0,облицовочные панели газобетона,Целевые запросы,Запросы без упоминания брендов,-,,1915802914729060647,Комбинаторное,"Термопанели в Выборге - завод на Ленина, 11",,,,Поиск,Прочее,Не определено,Смартфоны,Android,Wi-Fi,Женский,Старше 55,Остальные,Не определено,0.00,0,0,-,-,1,-,0.00,0.55,0.00,54.58,7.00,-,-,-
Термопанели в Выборге,712773255,10.08.2026,Группа 3 - клинкер (продуктовая),5773902142,Автотаргетинг,,-,0,-,0,облицовочные панели газобетона,Целевые запросы,Запросы без упоминания брендов,-,,1915802914729060647,Комбинаторное,"Термопанели в Выборге - завод на Ленина, 11",,,,Поиск,Товарная галерея,Не определено,Смартфоны,Android,Wi-Fi,Женский,Старше 55,Остальные,Не определено,0.00,0,0,-,-,1,-,0.00,0.14,0.00,13.57,12.00,-,-,-
Термопанели в Выборге,712773255,10.08.2026,Группа 3 - клинкер (продуктовая),5773902142,Автотаргетинг,,-,0,-,0,облицовочный камень на цоколь сколицки гора,Целевые запросы,Запросы без упоминания брендов,-,,1915802914729060647,Комбинаторное,"Термопанели в Выборге - завод на Ленина, 11",,,,Поиск,Прочее,Не определено,Смартфоны,Android,Wi-Fi,Мужской,45-54 года,Остальные,Не определено,0.00,0,0,-,-,1,-,0.00,0.65,0.00,64.58,6.00,-,-,-
Термопанели в Выборге,712773255,10.08.2026,Группа 3 - клинкер (продуктовая),5773902142,Автотаргетинг,,-,0,-,0,облицовочный камень на цоколь сколицки гора,Целевые запросы,Запросы без упоминания брендов,-,,1915802914729060647,Комбинаторное,"Термопанели в Выборге - завод на Ленина, 11",,,,Поиск,Товарная галерея,Не определено,Смартфоны,Android,Wi-Fi,Мужской,45-54 года,Остальные,Не определено,0.00,0,0,-,-,2,-,0.00,0.25,0.00,12.54,8.50,-,-,-
Термопанели в Выборге,712773255,10.08.2026,Группа 3 - клинкер (продуктовая),5773902142,Автотаргетинг,,-,0,-,0,панель как кирпичек,Целевые запросы,Запросы без упоминания брендов,-,,1915802914729060647,Комбинаторное,"Термопанели в Выборге - завод на Ленина, 11",,,,Поиск,Прочее,Не определено,Смартфоны,Android,Wi-Fi,Женский,25-34 года,Остальные,Не определено,0.00,0,0,-,-,1,-,0.00,0.55,0.00,54.58,7.00,-,-,-
Термопанели в Выборге,712773255,10.08.2026,Группа 3 - клинкер (продуктовая),5773902142,Автотаргетинг,,-,0,-,0,панель как кирпичек,Целевые запросы,Запросы без упоминания брендов,-,,1915802914729060647,Комбинаторное,"Термопанели в Выборге - завод на Ленина, 11",,,,Поиск,Товарная галерея,Не определено,Смартфоны,Android,Wi-Fi,Женский,25-34 года,Остальные,Не определено,0.00,0,0,-,-,1,-,0.00,0.25,0.00,25.35,7.00,-,-,-
Термопанели в Выборге,712773255,10.08.2026,Группа 3 - клинкер (продуктовая),5773902142,Автотаргетинг,,-,0,-,0,панель стеновая уличная,Целевые запросы,Запросы без упоминания брендов,-,,1915802914729060647,Комбинаторное,"Термопанели в Выборге - завод на Ленина, 11",,,,Поиск,Прочее,Не определено,Смартфоны,iOS,Wi-Fi,Мужской,35-44 года,Остальные,Не определено,0.00,0,0,-,-,1,-,0.00,0.39,0.00,38.70,8.00,-,-,-
Термопанели в Выборге,712773255,10.08.2026,Группа 3 - клинкер (продуктовая),5773902142,Автотаргетинг,,-,0,-,0,плиты под камень в отделке фасада,Целевые запросы,Запросы без упоминания брендов,-,,1915802914729060647,Комбинаторное,"Термопанели в Выборге - завод на Ленина, 11",,,,Поиск,Товарная галерея,Не определено,Смартфоны,iOS,Wi-Fi,Женский,35-44 года,6–10%,Не определено,0.00,0,0,-,-,1,-,0.00,0.13,0.00,13.42,16.00,-,-,-
Термопанели в Выборге,712773255,10.08.2026,Группа 3 - клинкер (продуктовая),5773902142,Автотаргетинг,,-,0,-,0,псков купить термопанели для наружной отделки дома цена за штуку в пскове,Широкие запросы,Запросы без упоминания брендов,-,,1915802914729060647,Комбинаторное,"Термопанели в Выборге - завод на Ленина, 11",,,,Поиск,Спецразмещение,Не определено,Смартфоны,Android,Wi-Fi,Мужской,45-54 года,Остальные,Не определено,0.00,0,0,-,-,1,-,0.00,1.00,0.00,99.75,2.00,-,-,-
Термопанели в Выборге,712773255,10.08.2026,Группа 3 - клинкер (продуктовая),5773902142,Автотаргетинг,,-,0,-,0,самый дешевый и долговечный фасад,Целевые запросы,Запросы без упоминания брендов,-,,1915802914729060647,Комбинаторное,"Термопанели в Выборге - завод на Ленина, 11",,,,Поиск,Прочее,Не определено,Смартфоны,Android,Wi-Fi,Мужской,45-54 года,2–5%,Не определено,0.00,0,0,-,-,1,-,0.00,0.45,0.00,44.58,8.00,-,-,-
Термопанели в Выборге,712773255,10.08.2026,Группа 3 - клинкер (продуктовая),5773902142,Автотаргетинг,,-,0,-,0,самый дешевый и долговечный фасад,Целевые запросы,Запросы без упоминания брендов,-,,1915802914729060647,Комбинаторное,"Термопанели в Выборге - завод на Ленина, 11",,,,Поиск,Товарная галерея,Не определено,Смартфоны,Android,Wi-Fi,Мужской,45-54 года,2–5%,Не определено,0.00,0,0,-,-,1,-,0.00,0.36,0.00,36.38,4.00,-,-,-
Термопанели в Выборге,712773255,10.08.2026,Группа 3 - клинкер (продуктовая),5773902142,Автотаргетинг,,-,0,-,0,стеновые панели,Целевые запросы,Запросы без упоминания брендов,-,,1915802914729060647,Комбинаторное,"Термопанели в Выборге - завод на Ленина, 11",,,,Поиск,Прочее,Не определено,Смартфоны,Android,Wi-Fi,Мужской,35-44 года,Остальные,Не определено,0.00,0,0,-,-,2,-,0.00,0.89,0.00,44.58,8.00,-,-,-
Термопанели в Выборге,712773255,10.08.2026,Группа 3 - клинкер (продуктовая),5773902142,Автотаргетинг,,-,0,-,0,стеновые панели,Целевые запросы,Запросы без упоминания брендов,-,,1915802914729060647,Комбинаторное,"Термопанели в Выборге - завод на Ленина, 11",,,,Поиск,Товарная галерея,Не определено,Смартфоны,Android,Wi-Fi,Мужской,35-44 года,Остальные,Не определено,0.00,0,0,-,-,1,-,0.00,0.14,0.00,13.61,11.00,-,-,-
Термопанели в Выборге,712773255,10.08.2026,Группа 3 - клинкер (продуктовая),5773902142,Автотаргетинг,,-,0,-,0,стеновые панели под кирпич,Целевые запросы,Запросы без упоминания брендов,-,,1915802914729060647,Комбинаторное,"Термопанели в Выборге - завод на Ленина, 11",,,,Поиск,Прочее,Не определено,Смартфоны,iOS,Wi-Fi,Мужской,25-34 года,Остальные,Не определено,0.00,0,0,-,-,1,-,0.00,0.45,0.00,44.58,8.00,-,-,-
Термопанели в Выборге,712773255,10.08.2026,Группа 3 - клинкер (продуктовая),5773902142,Автотаргетинг,,-,0,-,0,термопанели,Целевые запросы,Запросы без упоминания брендов,-,,1915802914729060647,Комбинаторное,"Термопанели в Выборге - завод на Ленина, 11",,,,Поиск,Прочее,Не определено,Смартфоны,iOS,Wi-Fi,Женский,Старше 55,6–10%,Не определено,0.00,0,0,-,-,1,-,0.00,0.55,0.00,54.58,7.00,-,-,-
Термопанели в Выборге,712773255,10.08.2026,Группа 3 - клинкер (продуктовая),5773902142,Автотаргетинг,,-,0,-,0,термопанели,Целевые запросы,Запросы без упоминания брендов,-,,1915802914729060647,Комбинаторное,"Термопанели в Выборге - завод на Ленина, 11",,,,Поиск,Товарная галерея,Не определено,Смартфоны,Android,Wi-Fi,Мужской,35-44 года,2–5%,Не определено,0.00,0,0,-,-,1,-,0.00,0.13,0.00,13.46,15.00,-,-,-
Термопанели в Выборге,712773255,10.08.2026,Группа 3 - клинкер (продуктовая),5773902142,Автотаргетинг,,-,0,-,0,фасадная панель,Целевые запросы,Запросы без упоминания брендов,-,,1915802914729060647,Комбинаторное,"Термопанели в Выборге - завод на Ленина, 11",,,,Поиск,Прочее,Не определено,Десктопы,Не определён,Wi-Fi,Мужской,45-54 года,Остальные,Не определено,0.00,0,0,-,-,1,-,0.00,0.55,0.00,54.58,7.00,-,-,-
Термопанели в Выборге,712773255,10.08.2026,Группа 3 - клинкер (продуктовая),5773902142,Автотаргетинг,,-,0,-,0,фасадная панель для наружной отделки,Целевые запросы,Запросы без упоминания брендов,-,,1915802914729060647,Комбинаторное,"Термопанели в Выборге - завод на Ленина, 11",,,,Поиск,Прочее,Не определено,Смартфоны,iOS,Wi-Fi,Женский,35-44 года,Остальные,Не определено,0.00,0,0,-,-,1,-,0.00,0.55,0.00,54.58,7.00,-,-,-
Термопанели в Выборге,712773255,10.08.2026,Группа 3 - клинкер (продуктовая),5773902142,Автотаргетинг,,-,0,-,0,фасадная термопанель под кирпич 30мм,Целевые запросы,Запросы без упоминания брендов,-,,1915802914729060647,Комбинаторное,"Термопанели в Выборге - завод на Ленина, 11",,,,Поиск,Прочее,Не определено,Смартфоны,Android,Wi-Fi,Мужской,35-44 года,Остальные,Не определено,0.00,0,0,-,-,1,-,0.00,0.85,0.00,84.88,5.00,-,-,-
Термопанели в Выборге,712773255,10.08.2026,Группа 3 - клинкер (продуктовая),5773902142,Автотаргетинг,,-,0,-,0,фасадные термопанели купить невинномысск,Целевые запросы,Запросы без упоминания брендов,-,,1915802914729060647,Комбинаторное,"Термопанели в Выборге - завод на Ленина, 11",,,,Поиск,Прочее,Не определено,Смартфоны,Android,Wi-Fi,Мужской,35-44 года,Остальные,Не определено,0.00,0,0,-,-,1,-,0.00,0.45,0.00,44.58,8.00,-,-,-
Термопанели в Выборге,712773255,10.08.2026,Группа 3 - клинкер (продуктовая),5773902142,Автотаргетинг,,-,0,-,0,фасадный материал на частный дом в азербайджане,Целевые запросы,Запросы без упоминания брендов,-,,1915802914729060647,Комбинаторное,"Термопанели в Выборге - завод на Ленина, 11",,,,Поиск,Прочее,Не определено,Смартфоны,Android,Wi-Fi,Мужской,Старше 55,2–5%,Не определено,0.00,0,0,-,-,1,-,0.00,0.55,0.00,54.58,7.00,-,-,-
Термопанели в Выборге,712773255,10.08.2026,Термопанели (Лен. область),5773097196,Автотаргетинг,,-,0,-,0,,Сопутствующие запросы,Запросы без упоминания брендов,-,,1915608023072927866,Комбинаторное,Термопанели с клинкерной плиткой. Производство в Выборге,,,,Поиск,Прочее,Не определено,Смартфоны,Android,Wi-Fi,Мужской,45-54 года,Остальные,Не определено,0.00,0,0,-,-,1,-,0.00,0.77,0.00,76.79,5.00,-,-,-
Термопанели в Выборге,712773255,10.08.2026,Термопанели (Лен. область),5773097196,Автотаргетинг,,-,0,-,0,,Сопутствующие запросы,Запросы без упоминания брендов,-,,1915608023072927866,Комбинаторное,Термопанели с клинкером. Свое производство в Выборге,,,,Поиск,Прочее,Не определено,Смартфоны,iOS,Wi-Fi,Не определен,Не определен,Остальные,Не определено,0.00,0,0,-,-,1,-,0.00,1.00,0.00,100.00,5.00,-,-,-
Термопанели в Выборге,712773255,10.08.2026,Термопанели (Лен. область),5773097196,Автотаргетинг,,-,0,-,0,какие отделочные материалы существуют для сип панелей для стен,Целевые запросы,Запросы без упоминания брендов,-,,1915608023072927866,Комбинаторное,Термопанели с клинкерной плиткой. Производство в Выборге,,,,Поиск,Товарная галерея,Не определено,Смартфоны,Android,Wi-Fi,Женский,45-54 года,Остальные,Не определено,0.00,0,0,-,-,1,-,0.00,0.14,0.00,13.54,13.00,-,-,-
Термопанели в Выборге,712773255,10.08.2026,Термопанели (Лен. область),5773097196,Автотаргетинг,,-,0,-,0,кирпичи для утепления,Целевые запросы,Запросы без упоминания брендов,-,,1915608023072927866,Комбинаторное,Термопанели с клинкерной плиткой. Производство в Выборге,,,,Поиск,Прочее,Не определено,Смартфоны,iOS,Wi-Fi,Мужской,25-34 года,6–10%,Не определено,0.00,0,0,-,-,1,-,0.00,0.45,0.00,44.58,8.00,-,-,-
Термопанели в Выборге,712773255,10.08.2026,Термопанели (Лен. область),5773097196,Автотаргетинг,,-,0,-,0,клинкер для фасада бетонный купить,Целевые запросы,Запросы без упоминания брендов,-,,1915608023072927866,Комбинаторное,Термопанели с клинкерной плиткой. Производство в Выборге,,,,Поиск,Товарная галерея,Не определено,Смартфоны,Android,Мобильная связь,Мужской,35-44 года,Остальные,Не определено,0.00,0,0,-,-,1,-,0.00,0.25,0.00,25.35,7.00,-,-,-
Термопанели в Выборге,712773255,10.08.2026,Термопанели (Лен. область),5773097196,Автотаргетинг,,-,0,-,0,клинкер с пенопластом,Целевые запросы,Запросы без упоминания брендов,-,,1915608023072927866,Комбинаторное,Термопанели с клинкером. Свое производство в Выборге,,,,Поиск,Прочее,Не определено,Смартфоны,iOS,Wi-Fi,Женский,25-34 года,6–10%,Не определено,0.00,1,0,0.00,-,1,0.00,100.00,1.00,100.00,100.00,5.00,5.00,0.00,1.00
Термопанели в Выборге,712773255,10.08.2026,Термопанели (Лен. область),5773097196,Автотаргетинг,,-,0,-,0,клинкерная плитка для фасада,Целевые запросы,Запросы без упоминания брендов,-,,1915608023072927866,Комбинаторное,Термопанели с клинкерной плиткой. Производство в Выборге,,,,Поиск,Прочее,Не определено,Смартфоны,Android,Wi-Fi,Женский,Старше 55,Остальные,Не определено,0.00,0,0,-,-,1,-,0.00,0.45,0.00,44.58,8.00,-,-,-
Термопанели в Выборге,712773255,10.08.2026,Термопанели (Лен. область),5773097196,Автотаргетинг,,-,0,-,0,клинкерная плитка для фасада,Целевые запросы,Запросы без упоминания брендов,-,,1915608023072927866,Комбинаторное,Термопанели с клинкерной плиткой. Производство в Выборге,,,,Поиск,Товарная галерея,Не определено,Смартфоны,Android,Wi-Fi,Женский,Старше 55,Остальные,Не определено,0.00,0,0,-,-,1,-,0.00,0.23,0.00,22.94,7.00,-,-,-
Термопанели в Выборге,712773255,10.08.2026,Термопанели (Лен. область),5773097196,Автотаргетинг,,-,0,-,0,клинкерные панели,Целевые запросы,Запросы без упоминания брендов,-,,1915608023072927866,Комбинаторное,Термопанели с клинкерной плиткой. Производство в Выборге,,,,Поиск,Товарная галерея,Не определено,Смартфоны,iOS,Wi-Fi,Женский,Старше 55,Остальные,Не определено,0.00,0,0,-,-,1,-,0.00,0.49,0.00,48.86,3.00,-,-,-
Термопанели в Выборге,712773255,10.08.2026,Термопанели (Лен. область),5773097196,Автотаргетинг,,-,0,-,0,оформление внутренних углов при монтаже клинкерной плитки,Сопутствующие запросы,Запросы без упоминания брендов,-,,1915608023072927866,Комбинаторное,Термопанели с клинкерной плиткой. Производство в Выборге,,,,Поиск,Прочее,Не определено,Планшеты,iOS,Wi-Fi,Женский,45-54 года,2–5%,Не определено,0.00,0,0,-,-,1,-,0.00,0.80,0.00,79.87,7.00,-,-,-
Термопанели в Выборге,712773255,10.08.2026,Термопанели (Лен. область),5773097196,Автотаргетинг,,-,0,-,0,панели под кирпич,Целевые запросы,Запросы без упоминания брендов,-,,1915608023072927866,Комбинаторное,Термопанели с клинкерной плиткой. Производство в Выборге,,,,Поиск,Товарная галерея,Не определено,Смартфоны,Android,Wi-Fi,Мужской,35-44 года,Остальные,Не определено,0.00,0,0,-,-,1,-,0.00,0.13,0.00,13.42,16.00,-,-,-
Термопанели в Выборге,712773255,10.08.2026,Термопанели (Лен. область),5773097196,Автотаргетинг,,-,0,-,0,плитка для цоколя дома,Целевые запросы,Запросы без упоминания брендов,-,,1915608023072927866,Комбинаторное,Термопанели с клинкерной плиткой. Производство в Выборге,,,,Поиск,Товарная галерея,Не определено,Смартфоны,Android,Wi-Fi,Женский,45-54 года,Остальные,Не определено,0.00,0,0,-,-,1,-,0.00,0.13,0.00,13.34,18.00,-,-,-
Термопанели в Выборге,712773255,10.08.2026,Термопанели (Лен. область),5773097196,Автотаргетинг,,-,0,-,0,производство термопанели,Целевые запросы,Запросы без упоминания брендов,-,,1915608023072927866,Комбинаторное,Термопанели с клинкерной плиткой. Производство в Выборге,,,,Поиск,Прочее,Не определено,Смартфоны,Android,Wi-Fi,Мужской,35-44 года,2–5%,Не определено,0.00,0,0,-,-,1,-,0.00,0.55,0.00,54.58,7.00,-,-,-
Термопанели в Выборге,712773255,10.08.2026,Термопанели (Лен. область),5773097196,Автотаргетинг,,-,0,-,0,производство термопанели,Целевые запросы,Запросы без упоминания брендов,-,,1915608023072927866,Комбинаторное,Термопанели с клинкерной плиткой. Производство в Выборге,,,,Поиск,Товарная галерея,Не определено,Смартфоны,Android,Wi-Fi,Мужской,35-44 года,2–5%,Не определено,0.00,0,0,-,-,1,-,0.00,0.25,0.00,25.32,8.00,-,-,-
Термопанели в Выборге,712773255,10.08.2026,Термопанели (Лен. область),5773097196,Автотаргетинг,,-,0,-,0,размер термопанелей фасадных,Целевые запросы,Запросы без упоминания брендов,-,,1915608023072927866,Комбинаторное,Термопанели с клинкерной плиткой. Производство в Выборге,,,,Поиск,Товарная галерея,Не определено,Смартфоны,iOS,Wi-Fi,Мужской,25-34 года,Остальные,Не определено,0.00,0,0,-,-,1,-,0.00,0.25,0.00,25.29,9.00,-,-,-
Термопанели в Выборге,712773255,10.08.2026,Термопанели (Лен. область),5773097196,Автотаргетинг,,-,0,-,0,ролики с отделкой стен термопанелями,Целевые запросы,Запросы без упоминания брендов,-,,1915608023072927866,Комбинаторное,Термопанели с клинкерной плиткой. Производство в Выборге,,,,Поиск,Товарная галерея,Не определено,Смартфоны,Android,Wi-Fi,Мужской,Старше 55,Остальные,Не определено,0.00,1,0,0.00,-,3,0.00,33.33,2.66,37.66,88.50,2.00,1.00,0.00,1.00
Термопанели в Выборге,712773255,10.08.2026,Термопанели (Лен. область),5773097196,Автотаргетинг,,-,0,-,0,стеновые панели,Целевые запросы,Запросы без упоминания брендов,-,,1915608023072927866,Комбинаторное,Термопанели с клинкерной плиткой. Производство в Выборге,,,,Поиск,Прочее,Не определено,Смартфоны,iOS,Wi-Fi,Женский,35-44 года,2–5%,Не определено,0.00,0,0,-,-,1,-,0.00,0.55,0.00,54.58,7.00,-,-,-
Термопанели в Выборге,712773255,10.08.2026,Термопанели (Лен. область),5773097196,Автотаргетинг,,-,0,-,0,стеновые панели,Целевые запросы,Запросы без упоминания брендов,-,,1915608023072927866,Комбинаторное,Термопанели с клинкерной плиткой. Производство в Выборге,,,,Поиск,Товарная галерея,Не определено,Смартфоны,iOS,Wi-Fi,Женский,35-44 года,2–5%,Не определено,0.00,0,0,-,-,1,-,0.00,0.25,0.00,25.29,9.00,-,-,-
Термопанели в Выборге,712773255,10.08.2026,Термопанели (Лен. область),5773097196,Автотаргетинг,,-,0,-,0,стеновые панели под кирпич,Целевые запросы,Запросы без упоминания брендов,-,,1915608023072927866,Комбинаторное,Термопанели с клинкерной плиткой. Производство в Выборге,,,,Поиск,Товарная галерея,Не определено,Смартфоны,iOS,Wi-Fi,Мужской,25-34 года,Остальные,Не определено,0.00,0,0,-,-,1,-,0.00,0.27,0.00,26.50,6.00,-,-,-
Термопанели в Выборге,712773255,10.08.2026,Термопанели (Лен. область),5773097196,Автотаргетинг,,-,0,-,0,термопанели для наружной отделки,Целевые запросы,Запросы без упоминания брендов,-,,1915608023072927866,Комбинаторное,Термопанели с клинкерной плиткой. Производство в Выборге,,,,Поиск,Товарная галерея,Не определено,Смартфоны,Android,Wi-Fi,Женский,Старше 55,6–10%,Не определено,0.00,0,0,-,-,1,-,0.00,0.32,0.00,32.27,5.00,-,-,-
Термопанели в Выборге,712773255,10.08.2026,Термопанели (Лен. область),5773097196,Автотаргетинг,,-,0,-,0,термопанели под кирпич,Целевые запросы,Запросы без упоминания брендов,-,,1915608023072927866,Комбинаторное,Термопанели с клинкерной плиткой. Производство в Выборге,,,,Поиск,Прочее,Не определено,Смартфоны,Android,Wi-Fi,Мужской,35-44 года,2–5%,Не определено,0.00,0,0,-,-,1,-,0.00,0.45,0.00,44.58,8.00,-,-,-
Термопанели в Выборге,712773255,10.08.2026,Термопанели (Лен. область),5773097196,Автотаргетинг,,-,0,-,0,термопанели с клинкерной плиткой чем затирать швы,Сопутствующие запросы,Запросы без упоминания брендов,-,,1915608023072927866,Комбинаторное,Термопанели с клинкерной плиткой. Производство в Выборге,,,,Поиск,Прочее,Не определено,Смартфоны,iOS,Wi-Fi,Мужской,35-44 года,6–10%,Не определено,0.00,0,0,-,-,1,-,0.00,0.42,0.00,41.63,6.00,-,-,-
Термопанели в Выборге,712773255,10.08.2026,Термопанели (Лен. область),5773097196,Автотаргетинг,,-,0,-,0,утепление газобетона фасадными термопанелями,Сопутствующие запросы,Запросы без упоминания брендов,-,,1915608023072927866,Комбинаторное,Термопанели с клинкером. Свое производство в Выборге,,,,Поиск,Спецразмещение,Не определено,Смартфоны,Android,Wi-Fi,Мужской,45-54 года,Остальные,Не определено,0.00,0,0,-,-,1,-,0.00,1.06,0.00,105.60,2.00,-,-,-
Термопанели в Выборге,712773255,10.08.2026,Термопанели (Лен. область),5773097196,Автотаргетинг,,-,0,-,0,утеплитель для стен внутри дома в выборге купить,Сопутствующие запросы,Запросы без упоминания брендов,-,,1915608023072927866,Комбинаторное,Термопанели с клинкером. Свое производство в Выборге,,,,Поиск,Спецразмещение,Не определено,Смартфоны,iOS,Wi-Fi,Женский,18-24 года,Остальные,Не определено,0.00,0,0,-,-,1,-,0.00,0.65,0.00,65.02,2.00,-,-,-
Термопанели в Выборге,712773255,10.08.2026,Термопанели (Лен. область),5773097196,Автотаргетинг,,-,0,-,0,фасадные панели обшивка стен,Целевые запросы,Запросы без упоминания брендов,-,,1915608023072927866,Комбинаторное,Термопанели с клинкерной плиткой. Производство в Выборге,,,,Поиск,Прочее,Не определено,Смартфоны,Android,Wi-Fi,Не определен,Не определен,Остальные,Не определено,0.00,0,0,-,-,1,-,0.00,0.55,0.00,54.58,7.00,-,-,-
Термопанели в Выборге,712773255,10.08.2026,Термопанели (Лен. область),5773097196,Автотаргетинг,,-,0,-,0,фасадные термопанели с клинкерной плиткой,Целевые запросы,Запросы без упоминания брендов,-,,1915608023072927866,Комбинаторное,Термопанели с клинкерной плиткой. Производство в Выборге,,,,Поиск,Прочее,Не определено,Смартфоны,Android,Wi-Fi,Мужской,45-54 года,Остальные,Не определено,0.00,0,0,-,-,1,-,0.00,0.55,0.00,54.58,7.00,-,-,-
Термопанели в Выборге,712773255,10.08.2026,Термопанели (Лен. область),5773097196,Автотаргетинг,,-,0,-,0,фасадные термопанели с клинкерной плиткой,Целевые запросы,Запросы без упоминания брендов,-,,1915608023072927866,Комбинаторное,Термопанели с клинкерной плиткой. Производство в Выборге,,,,Поиск,Товарная галерея,Не определено,Смартфоны,Android,Wi-Fi,Мужской,45-54 года,Остальные,Не определено,0.00,0,0,-,-,1,-,0.00,0.25,0.00,25.32,8.00,-,-,-
Термопанели в Выборге,712773255,10.08.2026,Термопанели (Лен. область),5773097196,Автотаргетинг,,-,0,-,0,фасадный материал на частный дом в азербайджане,Целевые запросы,Запросы без упоминания брендов,-,,1915608023072927866,Комбинаторное,Термопанели с клинкерной плиткой. Производство в Выборге,,,,Поиск,Товарная галерея,Не определено,Смартфоны,Android,Wi-Fi,Мужской,Старше 55,2–5%,Не определено,0.00,0,0,-,-,1,-,0.00,0.21,0.00,21.07,8.00,-,-,-
Термопанели в Выборге,712773255,10.08.2026,Термопанели (транз),5772834263,Фраза,термопанели с клинкерной плиткой купить в спб,-,0,-,0,термопанели с клинкерной плиткой купить в спб,Целевые запросы,Запросы без упоминания брендов,Пословное,,1915593209731060056,Комбинаторное,Термопанели с клинкером. Производство в Выборге,,,,Поиск,Прочее,Не определено,Смартфоны,iOS,Мобильная связь,Женский,35-44 года,Остальные,Не определено,0.00,0,0,-,-,1,-,0.00,0.47,0.00,46.60,7.00,-,-,-
Термопанели в Выборге,712773255,10.08.2026,Термопанели (транз),5772834263,Фраза,фасадные термопанели для наружной отделки дома -цена,-,0,-,0,фасадные термопанели для наружной отделки дома кирпич силикатный,Целевые запросы,Запросы без упоминания брендов,Пословное,,1915593209731060056,Комбинаторное,Фасадные термопанели под кирпич для наружной отделки.,,,,Поиск,Прочее,Не определено,Десктопы,Не определён,Wi-Fi,Мужской,25-34 года,2–5%,Не определено,0.00,0,0,-,-,1,-,0.00,0.05,0.00,5.19,8.00,-,-,-
Термопанели в Выборге,712773255,10.08.2026,Термопанели (транз),5772834263,Автотаргетинг,,-,0,-,0,3д панели для стен на уличном крыльце,Целевые запросы,Запросы без упоминания брендов,-,,1915593209731060056,Комбинаторное,Термопанели с клинкерной плиткой в Выборге!,,,,Поиск,Прочее,Не определено,Десктопы,Не определён,Мобильная связь,Женский,35-44 года,Остальные,Не определено,0.00,0,0,-,-,1,-,0.00,0.55,0.00,54.58,7.00,-,-,-
Термопанели в Выборге,712773255,10.08.2026,Термопанели (транз),5772834263,Автотаргетинг,,-,0,-,0,бето́нная плита как утеплить этапы,Сопутствующие запросы,Запросы без упоминания брендов,-,,1915593209731060056,Комбинаторное,Клинкерные термопанели для наружной отделки дома.,,,,Поиск,Прочее,Не определено,Смартфоны,Android,Wi-Fi,Женский,45-54 года,Остальные,Не определено,0.00,0,0,-,-,1,-,0.00,0.77,0.00,76.79,5.00,-,-,-
Термопанели в Выборге,712773255,10.08.2026,Термопанели (транз),5772834263,Автотаргетинг,,-,0,-,0,ветонит шуба,Альтернативные запросы,Запросы с упоминанием брендов конкурентов,-,,1915593209731060056,Комбинаторное,Термопанели с клинкером. Производство в Выборге,,,,Поиск,Прочее,Не определено,Смартфоны,Android,Wi-Fi,Женский,45-54 года,Остальные,Не определено,0.00,0,0,-,-,1,-,0.00,0.09,0.00,8.50,5.00,-,-,-
Термопанели в Выборге,712773255,10.08.2026,Термопанели (транз),5772834263,Автотаргетинг,,-,0,-,0,зашивка цоколя свайного,Сопутствующие запросы,Запросы без упоминания брендов,-,,1915593209731060056,Комбинаторное,Клинкерные термопанели для наружной отделки дома.,,,,Поиск,Спецразмещение,Не определено,Смартфоны,Android,Wi-Fi,Женский,Старше 55,Остальные,Не определено,0.00,1,0,0.00,-,1,0.00,100.00,0.74,135.60,73.74,3.00,3.00,0.00,1.00
Термопанели в Выборге,712773255,10.08.2026,Термопанели (транз),5772834263,Автотаргетинг,,-,0,-,0,имитация кирпича для наружной отделки,Целевые запросы,Запросы без упоминания брендов,-,,1915593209731060056,Комбинаторное,Фасадные термопанели под кирпич для наружной отделки.,,,,Поиск,Прочее,Не определено,Смартфоны,Android,Wi-Fi,Женский,35-44 года,6–10%,Не определено,0.00,0,0,-,-,1,-,0.00,0.45,0.00,44.58,8.00,-,-,-
Термопанели в Выборге,712773255,10.08.2026,Термопанели (транз),5772834263,Автотаргетинг,,-,0,-,0,инновационные сайдинговые панели,Целевые запросы,Запросы без упоминания брендов,-,,1915593209731060056,Комбинаторное,Термопанели с клинкерной плиткой в Выборге!,,,,Поиск,Прочее,Не определено,Смартфоны,Android,Wi-Fi,Женский,45-54 года,Остальные,Не определено,0.00,0,0,-,-,1,-,0.00,0.45,0.00,44.58,8.00,-,-,-
Термопанели в Выборге,712773255,10.08.2026,Термопанели (транз),5772834263,Автотаргетинг,,-,0,-,0,инновационные сайдинговые панели,Целевые запросы,Запросы без упоминания брендов,-,,1915593209731060056,Комбинаторное,Термопанели с клинкерной плиткой в Выборге!,,,,Поиск,Товарная галерея,Не определено,Смартфоны,Android,Wi-Fi,Женский,45-54 года,Остальные,Не определено,0.00,0,0,-,-,1,-,0.00,0.13,0.00,13.42,16.00,-,-,-
Термопанели в Выборге,712773255,10.08.2026,Термопанели (транз),5772834263,Автотаргетинг,,-,0,-,0,искусственный камень для отделки стен в лемано,Целевые запросы,Запросы с упоминанием брендов конкурентов,-,,1915593209731060056,Комбинаторное,Термопанели с клинкерной плиткой в Выборге!,,,,Поиск,Прочее,Не определено,Смартфоны,Android,Wi-Fi,Мужской,45-54 года,Остальные,Не определено,0.00,0,0,-,-,1,-,0.00,0.55,0.00,54.58,7.00,-,-,-
Термопанели в Выборге,712773255,10.08.2026,Термопанели (транз),5772834263,Автотаргетинг,,-,0,-,0,искусственный камень для отделки стен в лемано про купить,Целевые запросы,Запросы с упоминанием брендов конкурентов,-,,1915593209731060056,Комбинаторное,Термопанели с клинкерной плиткой в Выборге!,,,,Поиск,Прочее,Не определено,Смартфоны,Android,Wi-Fi,Мужской,45-54 года,Остальные,Не определено,0.00,0,0,-,-,1,-,0.00,0.55,0.00,54.58,7.00,-,-,-
Термопанели в Выборге,712773255,10.08.2026,Термопанели (транз),5772834263,Автотаргетинг,,-,0,-,0,искусственный камень для отделки стен в лемано про купить,Целевые запросы,Запросы с упоминанием брендов конкурентов,-,,1915593209731060056,Комбинаторное,Термопанели с клинкерной плиткой в Выборге!,,,,Поиск,Товарная галерея,Не определено,Смартфоны,Android,Wi-Fi,Мужской,45-54 года,Остальные,Не определено,0.00,0,0,-,-,1,-,0.00,0.25,0.00,25.29,9.00,-,-,-
Термопанели в Выборге,712773255,10.08.2026,Термопанели (транз),5772834263,Автотаргетинг,,-,0,-,0,как кладутся панели стеновые фасадные дееке,Сопутствующие запросы,Запросы без упоминания брендов,-,,1915593209731060056,Комбинаторное,Клинкерные термопанели для наружной отделки дома.,,,,Поиск,Спецразмещение,Не определено,Смартфоны,iOS,Wi-Fi,Женский,35-44 года,2–5%,Не определено,0.00,0,0,-,-,1,-,0.00,1.09,0.00,109.18,2.00,-,-,-
Термопанели в Выборге,712773255,10.08.2026,Термопанели (транз),5772834263,Автотаргетинг,,-,0,-,0,как кладутся панели стеновые фасадные дееке,Сопутствующие запросы,Запросы без упоминания брендов,-,,1915593209731060056,Комбинаторное,Клинкерные термопанели для наружной отделки дома.,,,,Поиск,Прочее,Не определено,Смартфоны,iOS,Wi-Fi,Женский,35-44 года,2–5%,Не определено,0.00,0,0,-,-,1,-,0.00,0.42,0.00,41.63,6.00,-,-,-
Термопанели в Выборге,712773255,10.08.2026,Термопанели (транз),5772834263,Автотаргетинг,,-,0,-,0,как обшить основание у дома если оно выпирает,Сопутствующие запросы,Запросы без упоминания брендов,-,,1915593209731060056,Комбинаторное,Клинкерные термопанели для наружной отделки дома.,,,,Поиск,Спецразмещение,Не определено,Смартфоны,Android,Wi-Fi,Женский,45-54 года,Остальные,Не определено,0.00,0,0,-,-,2,-,0.00,2.42,0.00,121.22,1.00,-,-,-
Термопанели в Выборге,712773255,10.08.2026,Термопанели (транз),5772834263,Автотаргетинг,,-,0,-,0,какой фасадный материал лучше всего для дома из газобетона в ленинградской области,Целевые запросы,Запросы без упоминания брендов,-,,1915593209731060056,Комбинаторное,Клинкерные термопанели для наружной отделки дома.,,,,Поиск,Прочее,Не определено,Смартфоны,Android,Wi-Fi,Мужской,35-44 года,2–5%,Не определено,0.00,0,0,-,-,1,-,0.00,0.65,0.00,64.58,6.00,-,-,-
Термопанели в Выборге,712773255,10.08.2026,Термопанели (транз),5772834263,Автотаргетинг,,-,0,-,0,кирпичная плитка для фасадов,Целевые запросы,Запросы без упоминания брендов,-,,1915593209731060056,Комбинаторное,Термопанели с клинкерной плиткой в Выборге!,,,,Поиск,Прочее,Не определено,Смартфоны,iOS,Wi-Fi,Мужской,35-44 года,Остальные,Не определено,0.00,0,0,-,-,1,-,0.00,0.45,0.00,44.58,8.00,-,-,-
Термопанели в Выборге,712773255,10.08.2026,Термопанели (транз),5772834263,Автотаргетинг,,-,0,-,0,клеящие панели на стену технониколь,Альтернативные запросы,Запросы с упоминанием брендов конкурентов,-,,1915593209731060056,Комбинаторное,Клинкерные термопанели для наружной отделки дома.,,,,Поиск,Спецразмещение,Не определено,Смартфоны,Android,Wi-Fi,Мужской,45-54 года,Остальные,Не определено,0.00,0,0,-,-,1,-,0.00,0.93,0.00,92.72,1.00,-,-,-
Термопанели в Выборге,712773255,10.08.2026,Термопанели (транз),5772834263,Автотаргетинг,,-,0,-,0,клинкер бесшовная на вентфасад для фасада бетонный купить,Целевые запросы,Запросы без упоминания брендов,-,,1915593209731060056,Комбинаторное,Клинкерные термопанели для наружной отделки дома.,,,,Поиск,Прочее,Не определено,Смартфоны,Android,Мобильная связь,Мужской,35-44 года,Остальные,Не определено,0.00,0,0,-,-,2,-,0.00,1.29,0.00,64.58,6.00,-,-,-
Термопанели в Выборге,712773255,10.08.2026,Термопанели (транз),5772834263,Автотаргетинг,,-,0,-,0,клинкер бесшовная на вентфасад для фасада бетонный купить,Целевые запросы,Запросы без упоминания брендов,-,,1915593209731060056,Комбинаторное,Термопанели с клинкерной плиткой в Выборге!,,,,Поиск,Товарная галерея,Не определено,Смартфоны,Android,Мобильная связь,Мужской,35-44 года,Остальные,Не определено,0.00,0,0,-,-,1,-,0.00,0.53,0.00,52.59,3.00,-,-,-
Термопанели в Выборге,712773255,10.08.2026,Термопанели (транз),5772834263,Автотаргетинг,,-,0,-,0,клинкер бесшовная на вентфасад для фасада бетонный купить кладка групп,Целевые запросы,Запросы с упоминанием брендов конкурентов,-,,1915593209731060056,Комбинаторное,"Клинкерные термопанели. Собственное производство, цена",,,,Поиск,Прочее,Не определено,Смартфоны,Android,Мобильная связь,Мужской,35-44 года,Остальные,Не определено,0.00,0,0,-,-,1,-,0.00,0.65,0.00,64.58,6.00,-,-,-
Термопанели в Выборге,712773255,10.08.2026,Термопанели (транз),5772834263,Автотаргетинг,,-,0,-,0,клинкер для фасада бетонный купить,Целевые запросы,Запросы без упоминания брендов,-,,1915593209731060056,Комбинаторное,Клинкерные термопанели для наружной отделки дома.,,,,Поиск,Прочее,Не определено,Смартфоны,Android,Мобильная связь,Мужской,35-44 года,Остальные,Не определено,0.00,0,0,-,-,1,-,0.00,0.55,0.00,54.58,7.00,-,-,-
Термопанели в Выборге,712773255,10.08.2026,Термопанели (транз),5772834263,Автотаргетинг,,-,0,-,0,клинкер с пенопластом,Целевые запросы,Запросы без упоминания брендов,-,,1915593209731060056,Комбинаторное,Термопанели с клинкерной плиткой в Выборге!,,,,Поиск,Прочее,Не определено,Смартфоны,iOS,Wi-Fi,Женский,25-34 года,6–10%,Не определено,0.00,0,0,-,-,1,-,0.00,0.65,0.00,64.58,6.00,-,-,-
Термопанели в Выборге,712773255,10.08.2026,Термопанели (транз),5772834263,Автотаргетинг,,-,0,-,0,клинкер с утеплителем,Целевые запросы,Запросы без упоминания брендов,-,,1915593209731060056,Комбинаторное,Термопанели с клинкерной плиткой в Выборге!,,,,Поиск,Прочее,Не определено,Смартфоны,iOS,Мобильная связь,Мужской,35-44 года,Топ 1%,Не определено,0.00,0,0,-,-,1,-,0.00,0.55,0.00,54.58,7.00,-,-,-
Термопанели в Выборге,712773255,10.08.2026,Термопанели (транз),5772834263,Автотаргетинг,,-,0,-,0,клинкерная плитка,Целевые запросы,Запросы без упоминания брендов,-,,1915593209731060056,Комбинаторное,Термопанели с клинкерной плиткой в Выборге!,,,,Поиск,Прочее,Не определено,Смартфоны,Android,Wi-Fi,Мужской,35-44 года,Остальные,Не определено,0.00,0,0,-,-,2,-,0.00,0.83,0.00,41.64,8.00,-,-,-
Термопанели в Выборге,712773255,10.08.2026,Термопанели (транз),5772834263,Автотаргетинг,,-,0,-,0,клинкерная плитка,Целевые запросы,Запросы без упоминания брендов,-,,1915593209731060056,Комбинаторное,Термопанели с клинкерной плиткой в Выборге!,,,,Поиск,Прочее,Не определено,Смартфоны,Android,Wi-Fi,Женский,Старше 55,Остальные,Не определено,0.00,0,0,-,-,1,-,0.00,0.45,0.00,44.58,8.00,-,-,-
Термопанели в Выборге,712773255,10.08.2026,Термопанели (транз),5772834263,Автотаргетинг,,-,0,-,0,клинкерная плитка,Целевые запросы,Запросы без упоминания брендов,-,,1915593209731060056,Комбинаторное,Термопанели с клинкерной плиткой в Выборге!,,,,Поиск,Прочее,Не определено,Смартфоны,iOS,Wi-Fi,Мужской,25-34 года,2–5%,Не определено,0.00,0,0,-,-,2,-,0.00,1.39,0.00,69.53,6.00,-,-,-
Термопанели в Выборге,712773255,10.08.2026,Термопанели (транз),5772834263,Автотаргетинг,,-,0,-,0,клинкерная плитка,Целевые запросы,Запросы без упоминания брендов,-,,1915593209731060056,Комбинаторное,Термопанели с клинкерной плиткой в Выборге!,,,,Поиск,Прочее,Не определено,Смартфоны,iOS,Wi-Fi,Женский,25-34 года,6–10%,Не определено,0.00,0,0,-,-,1,-,0.00,0.55,0.00,54.58,7.00,-,-,-
Термопанели в Выборге,712773255,10.08.2026,Термопанели (транз),5772834263,Автотаргетинг,,-,0,-,0,клинкерная плитка,Целевые запросы,Запросы без упоминания брендов,-,,1915593209731060056,Комбинаторное,Термопанели с клинкерной плиткой в Выборге!,,,,Поиск,Товарная галерея,Не определено,Смартфоны,Android,Wi-Fi,Мужской,35-44 года,Остальные,Не определено,0.00,0,0,-,-,1,-,0.00,0.13,0.00,13.42,16.00,-,-,-
Термопанели в Выборге,712773255,10.08.2026,Термопанели (транз),5772834263,Автотаргетинг,,-,0,-,0,клинкерная плитка,Целевые запросы,Запросы без упоминания брендов,-,,1915593209731060056,Комбинаторное,Термопанели с клинкерной плиткой в Выборге!,,,,Поиск,Товарная галерея,Не определено,Смартфоны,iOS,Wi-Fi,Мужской,25-34 года,2–5%,Не определено,0.00,0,0,-,-,1,-,0.00,0.28,0.00,28.21,6.00,-,-,-
Термопанели в Выборге,712773255,10.08.2026,Термопанели (транз),5772834263,Автотаргетинг,,-,0,-,0,клинкерная плитка плюсы и минусы,Целевые запросы,Запросы без упоминания брендов,-,,1915593209731060056,Комбинаторное,Термопанели с клинкерной плиткой в Выборге!,,,,Поиск,Товарная галерея,Не определено,Смартфоны,iOS,Wi-Fi,Женский,Старше 55,Остальные,Не определено,0.00,0,0,-,-,1,-,0.00,0.36,0.00,36.38,4.00,-,-,-
Термопанели в Выборге,712773255,10.08.2026,Термопанели (транз),5772834263,Автотаргетинг,,-,0,-,0,клинкерная плитка под кирпич для наружной отделки,Целевые запросы,Запросы без упоминания брендов,-,,1915593209731060056,Комбинаторное,Термопанели с клинкерной плиткой в Выборге!,,,,Поиск,Прочее,Не определено,Смартфоны,iOS,Wi-Fi,Женский,25-34 года,Остальные,Не определено,0.00,0,0,-,-,1,-,0.00,0.85,0.00,84.88,5.00,-,-,-
Термопанели в Выборге,712773255,10.08.2026,Термопанели (транз),5772834263,Автотаргетинг,,-,0,-,0,клинкерная плитка под кирпич для наружной отделки,Целевые запросы,Запросы без упоминания брендов,-,,1915593209731060056,Комбинаторное,Термопанели с клинкерной плиткой в Выборге!,,,,Поиск,Товарная галерея,Не определено,Смартфоны,iOS,Wi-Fi,Женский,25-34 года,Остальные,Не определено,0.00,0,0,-,-,2,-,0.00,2.03,0.00,101.34,1.50,-,-,-
Термопанели в Выборге,712773255,10.08.2026,Термопанели (транз),5772834263,Автотаргетинг,,-,0,-,0,клинкерная плитка поштучно,Целевые запросы,Запросы без упоминания брендов,-,,1915593209731060056,Комбинаторное,"Клинкерные термопанели. Собственное производство, цена",,,,Поиск,Прочее,Не определено,Смартфоны,iOS,Wi-Fi,Женский,45-54 года,2–5%,Не определено,0.00,0,0,-,-,1,-,0.00,0.85,0.00,84.88,5.00,-,-,-
Термопанели в Выборге,712773255,10.08.2026,Термопанели (транз),5772834263,Автотаргетинг,,-,0,-,0,клинкерная плитка поштучно,Целевые запросы,Запросы без упоминания брендов,-,,1915593209731060056,Комбинаторное,"Клинкерные термопанели. Собственное производство, цена",,,,Поиск,Товарная галерея,Не определено,Смартфоны,iOS,Wi-Fi,Женский,45-54 года,2–5%,Не определено,0.00,0,0,-,-,1,-,0.00,0.39,0.00,38.70,4.00,-,-,-
Термопанели в Выборге,712773255,10.08.2026,Термопанели (транз),5772834263,Автотаргетинг,,-,0,-,0,клинкерные термопанели для фасада отзывы,Целевые запросы,Запросы без упоминания брендов,-,,1915593209731060056,Комбинаторное,Термопанели с клинкерной плиткой в Выборге!,,,,Поиск,Прочее,Не определено,Смартфоны,iOS,Wi-Fi,Женский,35-44 года,Остальные,Не определено,0.00,0,0,-,-,2,-,0.00,1.29,0.00,64.58,6.00,-,-,-
Термопанели в Выборге,712773255,10.08.2026,Термопанели (транз),5772834263,Автотаргетинг,,-,0,-,0,клинкерные термопанели для фасада отзывы,Целевые запросы,Запросы без упоминания брендов,-,,1915593209731060056,Комбинаторное,Термопанели с клинкерной плиткой в Выборге!,,,,Поиск,Товарная галерея,Не определено,Смартфоны,iOS,Wi-Fi,Женский,35-44 года,Остальные,Не определено,0.00,0,0,-,-,1,-,0.00,0.99,0.00,98.59,2.00,-,-,-
Термопанели в Выборге,712773255,10.08.2026,Термопанели (транз),5772834263,Автотаргетинг,,-,0,-,0,клинкерный кирпич для фасада,Целевые запросы,Запросы без упоминания брендов,-,,1915593209731060056,Комбинаторное,Клинкерные термопанели для наружной отделки дома.,,,,Поиск,Прочее,Не определено,Смартфоны,Android,Wi-Fi,Женский,35-44 года,Остальные,Не определено,0.00,0,0,-,-,1,-,0.00,0.53,0.00,52.59,7.00,-,-,-
Термопанели в Выборге,712773255,10.08.2026,Термопанели (транз),5772834263,Автотаргетинг,,-,0,-,0,купить дышащий клинкерные термопанели,Целевые запросы,Запросы без упоминания брендов,-,,1915593209731060056,Комбинаторное,Термопанели с клинкерной плиткой в Выборге!,,,,Поиск,Прочее,Не определено,Смартфоны,Android,Wi-Fi,Женский,Старше 55,Остальные,Не определено,0.00,0,0,-,-,1,-,0.00,0.85,0.00,84.88,5.00,-,-,-
Термопанели в Выборге,712773255,10.08.2026,Термопанели (транз),5772834263,Автотаргетинг,,-,0,-,0,купить дышащий клинкерные термопанели,Целевые запросы,Запросы без упоминания брендов,-,,1915593209731060056,Комбинаторное,Термопанели с клинкерной плиткой в Выборге!,,,,Поиск,Товарная галерея,Не определено,Смартфоны,Android,Wi-Fi,Женский,Старше 55,Остальные,Не определено,0.00,0,0,-,-,1,-,0.00,1.14,0.00,114.33,1.00,-,-,-
Термопанели в Выборге,712773255,10.08.2026,Термопанели (транз),5772834263,Автотаргетинг,,-,0,-,0,купить термопанели в красном селе фасадные,Целевые запросы,Запросы без упоминания брендов,-,,1915593209731060056,Комбинаторное,Термопанели с клинкерной плиткой в Выборге!,,,,Поиск,Товарная галерея,Не определено,Смартфоны,Android,Wi-Fi,Мужской,Старше 55,Остальные,Не определено,0.00,0,0,-,-,1,-,0.00,0.27,0.00,26.50,6.00,-,-,-
Термопанели в Выборге,712773255,10.08.2026,Термопанели (транз),5772834263,Автотаргетинг,,-,0,-,0,купить термопанели фасадные с клинкерной плиткой,Целевые запросы,Запросы без упоминания брендов,-,,1915593209731060056,Комбинаторное,Термопанели с клинкерной плиткой в Выборге!,,,,Поиск,Прочее,Не определено,Смартфоны,iOS,Wi-Fi,Женский,35-44 года,Остальные,Не определено,0.00,0,0,-,-,1,-,0.00,0.65,0.00,64.58,6.00,-,-,-
Термопанели в Выборге,712773255,10.08.2026,Термопанели (транз),5772834263,Автотаргетинг,,-,0,-,0,купить фасадные термопанели,Целевые запросы,Запросы без упоминания брендов,-,,1915593209731060056,Комбинаторное,Термопанели с клинкерной плиткой в Выборге!,,,,Поиск,Прочее,Не определено,Смартфоны,Android,Wi-Fi,Женский,35-44 года,Остальные,Не определено,0.00,0,0,-,-,1,-,0.00,0.45,0.00,44.58,8.00,-,-,-
Термопанели в Выборге,712773255,10.08.2026,Термопанели (транз),5772834263,Автотаргетинг,,-,0,-,0,лемано про спб котлас фасад,Целевые запросы,Запросы с упоминанием брендов конкурентов,-,,1915593209731060056,Комбинаторное,Клинкерные термопанели для наружной отделки дома.,,,,Поиск,Товарная галерея,Не определено,Смартфоны,iOS,Wi-Fi,Мужской,18-24 года,Остальные,Не определено,0.00,0,0,-,-,1,-,0.00,0.66,0.00,66.10,2.00,-,-,-
Термопанели в Выборге,712773255,10.08.2026,Термопанели (транз),5772834263,Автотаргетинг,,-,0,-,0,лучшие фасадные материалы для дома из газобетона в ленинградской области,Сопутствующие запросы,Запросы без упоминания брендов,-,,1915593209731060056,Комбинаторное,Клинкерные термопанели для наружной отделки дома.,,,,Поиск,Спецразмещение,Не определено,Планшеты,Android,Wi-Fi,Женский,Не определен,Остальные,Не определено,0.00,0,0,-,-,1,-,0.00,0.06,0.00,5.61,4.00,-,-,-
Термопанели в Выборге,712773255,10.08.2026,Термопанели (транз),5772834263,Автотаргетинг,,-,0,-,0,материалы для дома по теплопроводности,Целевые запросы,Запросы без упоминания брендов,-,,1915593209731060056,Комбинаторное,Клинкерные термопанели для наружной отделки дома.,,,,Поиск,Товарная галерея,Не определено,Смартфоны,iOS,Wi-Fi,Мужской,35-44 года,2–5%,Не определено,0.00,0,0,-,-,2,-,0.00,0.50,0.00,24.98,8.00,-,-,-
Термопанели в Выборге,712773255,10.08.2026,Термопанели (транз),5772834263,Автотаргетинг,,-,0,-,0,облицовочные панели на сваи,Целевые запросы,Запросы без упоминания брендов,-,,1915593209731060056,Комбинаторное,Термопанели с клинкерной плиткой в Выборге!,,,,Поиск,Прочее,Не определено,Смартфоны,Android,Wi-Fi,Женский,35-44 года,6–10%,Не определено,0.00,0,0,-,-,1,-,0.00,0.65,0.00,64.58,6.00,-,-,-
Термопанели в Выборге,712773255,10.08.2026,Термопанели (транз),5772834263,Автотаргетинг,,-,0,-,0,облицовочный камень на цоколь сколицки гора,Целевые запросы,Запросы без упоминания брендов,-,,1915593209731060056,Комбинаторное,Термопанели с клинкерной плиткой в Выборге!,,,,Поиск,Прочее,Не определено,Смартфоны,Android,Wi-Fi,Мужской,45-54 года,Остальные,Не определено,0.00,0,0,-,-,1,-,0.00,0.39,0.00,38.70,8.00,-,-,-
Термопанели в Выборге,712773255,10.08.2026,Термопанели (транз),5772834263,Автотаргетинг,,-,0,-,0,отделочный материал для фасада дооки,Целевые запросы,Запросы без упоминания брендов,-,,1915593209731060056,Комбинаторное,Термопанели с клинкерной плиткой в Выборге!,,,,Поиск,Прочее,Не определено,Смартфоны,iOS,Wi-Fi,Женский,Старше 55,Остальные,Не определено,0.00,0,0,-,-,1,-,0.00,0.85,0.00,84.88,5.00,-,-,-
Термопанели в Выборге,712773255,10.08.2026,Термопанели (транз),5772834263,Автотаргетинг,,-,0,-,0,отделочный материал для фасада дооки,Целевые запросы,Запросы без упоминания брендов,-,,1915593209731060056,Комбинаторное,Термопанели с клинкерной плиткой в Выборге!,,,,Поиск,Товарная галерея,Не определено,Смартфоны,iOS,Wi-Fi,Женский,Старше 55,Остальные,Не определено,0.00,0,0,-,-,1,-,0.00,1.24,0.00,124.49,1.00,-,-,-
Термопанели в Выборге,712773255,10.08.2026,Термопанели (транз),5772834263,Автотаргетинг,,-,0,-,0,отзывы об термопанелях с клинкерным кирпичом,Целевые запросы,Запросы без упоминания брендов,-,,1915593209731060056,Комбинаторное,Термопанели с клинкерной плиткой в Выборге!,,,,Поиск,Прочее,Не определено,Смартфоны,iOS,Wi-Fi,Мужской,35-44 года,2–5%,Не определено,0.00,0,0,-,-,2,-,0.00,2.09,0.00,104.68,5.00,-,-,-
Термопанели в Выборге,712773255,10.08.2026,Термопанели (транз),5772834263,Автотаргетинг,,-,0,-,0,оформление внутренних углов при монтаже клинкерной плитки,Сопутствующие запросы,Запросы без упоминания брендов,-,,1915593209731060056,Комбинаторное,Термопанели с клинкерной плиткой в Выборге!,,,,Поиск,Прочее,Не определено,Планшеты,iOS,Wi-Fi,Женский,45-54 года,2–5%,Не определено,0.00,0,0,-,-,1,-,0.00,0.79,0.00,78.56,5.00,-,-,-
Термопанели в Выборге,712773255,10.08.2026,Термопанели (транз),5772834263,Автотаргетинг,,-,0,-,0,панели для обшивки фасада,Целевые запросы,Запросы без упоминания брендов,-,,1915593209731060056,Комбинаторное,Термопанели с клинкерной плиткой в Выборге!,,,,Поиск,Прочее,Не определено,Смартфоны,iOS,Мобильная связь,Мужской,Старше 55,Топ 1%,Не определено,0.00,0,0,-,-,1,-,0.00,0.45,0.00,44.58,8.00,-,-,-
Термопанели в Выборге,712773255,10.08.2026,Термопанели (транз),5772834263,Автотаргетинг,,-,0,-,0,панели для утепления фундамента дома снаружи декоративные,Целевые запросы,Запросы без упоминания брендов,-,,1915593209731060056,Комбинаторное,Клинкерные термопанели для наружной отделки дома.,,,,Поиск,Прочее,Не определено,Смартфоны,iOS,Wi-Fi,Мужской,25-34 года,2–5%,Не определено,0.00,0,0,-,-,1,-,0.00,0.65,0.00,64.58,6.00,-,-,-
Термопанели в Выборге,712773255,10.08.2026,Термопанели (транз),5772834263,Автотаргетинг,,-,0,-,0,панели для утепления фундамента дома снаружи декоративные,Целевые запросы,Запросы без упоминания брендов,-,,1915593209731060056,Комбинаторное,Клинкерные термопанели для наружной отделки дома.,,,,Поиск,Товарная галерея,Не определено,Смартфоны,iOS,Wi-Fi,Мужской,25-34 года,2–5%,Не определено,0.00,0,0,-,-,1,-,0.00,0.32,0.00,32.27,5.00,-,-,-
Термопанели в Выборге,712773255,10.08.2026,Термопанели (транз),5772834263,Автотаргетинг,,-,0,-,0,панели под камень для наружной отделки,Целевые запросы,Запросы без упоминания брендов,-,,1915593209731060056,Комбинаторное,Клинкерные термопанели для наружной отделки дома.,,,,Поиск,Прочее,Не определено,Смартфоны,Android,Wi-Fi,Мужской,45-54 года,Остальные,Не определено,0.00,0,0,-,-,1,-,0.00,0.45,0.00,44.58,8.00,-,-,-
Термопанели в Выборге,712773255,10.08.2026,Термопанели (транз),5772834263,Автотаргетинг,,-,0,-,0,панели технониколь для наружной отделки дома,Альтернативные запросы,Запросы с упоминанием брендов конкурентов,-,,1915593209731060056,Комбинаторное,Клинкерные термопанели для наружной отделки дома.,,,,Поиск,Спецразмещение,Не определено,Смартфоны,Android,Wi-Fi,Мужской,45-54 года,Остальные,Не определено,0.00,0,0,-,-,1,-,0.00,0.76,0.00,75.93,3.00,-,-,-
Термопанели в Выборге,712773255,10.08.2026,Термопанели (транз),5772834263,Автотаргетинг,,-,0,-,0,панели фасадные для наружной отделки на клей,Целевые запросы,Запросы без упоминания брендов,-,,1915593209731060056,Комбинаторное,Клинкерные термопанели для наружной отделки дома.,,,,Поиск,Прочее,Не определено,Смартфоны,Android,Wi-Fi,Женский,35-44 года,Остальные,Не определено,0.00,0,0,-,-,1,-,0.00,0.55,0.00,54.58,7.00,-,-,-
Термопанели в Выборге,712773255,10.08.2026,Термопанели (транз),5772834263,Автотаргетинг,,-,0,-,0,панель под кирпич прямоугольная,Целевые запросы,Запросы без упоминания брендов,-,,1915593209731060056,Комбинаторное,Термопанели с клинкерной плиткой в Выборге!,,,,Поиск,Прочее,Не определено,Смартфоны,Android,Wi-Fi,Женский,45-54 года,Остальные,Не определено,0.00,0,0,-,-,1,-,0.00,0.69,0.00,68.59,6.00,-,-,-
Термопанели в Выборге,712773255,10.08.2026,Термопанели (транз),5772834263,Автотаргетинг,,-,0,-,0,петрович панель фасадная,Целевые запросы,Запросы с упоминанием брендов конкурентов,-,,1915593209731060056,Комбинаторное,Термопанели с клинкерной плиткой в Выборге!,,,,Поиск,Прочее,Не определено,Смартфоны,iOS,Wi-Fi,Женский,35-44 года,6–10%,Не определено,0.00,0,0,-,-,1,-,0.00,0.45,0.00,44.58,8.00,-,-,-
Термопанели в Выборге,712773255,10.08.2026,Термопанели (транз),5772834263,Автотаргетинг,,-,0,-,0,псков купить термопанели для наружной отделки дома цена за штуку в пскове,Целевые запросы,Запросы без упоминания брендов,-,,1915593209731060056,Комбинаторное,Термопанели с клинкерной плиткой в Выборге!,,,,Поиск,Прочее,Не определено,Смартфоны,Android,Wi-Fi,Мужской,45-54 года,Остальные,Не определено,0.00,0,0,-,-,1,-,0.00,0.85,0.00,84.88,5.00,-,-,-
Термопанели в Выборге,712773255,10.08.2026,Термопанели (транз),5772834263,Автотаргетинг,,-,0,-,0,размер термопанелей фасадных,Целевые запросы,Запросы без упоминания брендов,-,,1915593209731060056,Комбинаторное,Фасадные термопанели под кирпич для наружной отделки.,,,,Поиск,Прочее,Не определено,Смартфоны,iOS,Wi-Fi,Мужской,25-34 года,Остальные,Не определено,0.00,0,0,-,-,1,-,0.00,0.55,0.00,54.58,7.00,-,-,-
Термопанели в Выборге,712773255,10.08.2026,Термопанели (транз),5772834263,Автотаргетинг,,-,0,-,0,реальные отзывы о термопанелях для фасада каркасного дома,Целевые запросы,Запросы без упоминания брендов,-,,1915593209731060056,Комбинаторное,Клинкерные термопанели для наружной отделки дома.,,,,Поиск,Товарная галерея,Не определено,Смартфоны,Android,Wi-Fi,Женский,35-44 года,Остальные,Не определено,0.00,0,0,-,-,2,-,0.00,0.51,0.00,25.29,9.00,-,-,-
Термопанели в Выборге,712773255,10.08.2026,Термопанели (транз),5772834263,Автотаргетинг,,-,0,-,0,ролики с отделкой стен термопанелями,Целевые запросы,Запросы без упоминания брендов,-,,1915593209731060056,Комбинаторное,Клинкерные термопанели для наружной отделки дома.,,,,Поиск,Прочее,Не определено,Смартфоны,Android,Wi-Fi,Мужской,Старше 55,Остальные,Не определено,0.00,0,0,-,-,1,-,0.00,0.65,0.00,64.58,6.00,-,-,-
Термопанели в Выборге,712773255,10.08.2026,Термопанели (транз),5772834263,Автотаргетинг,,-,0,-,0,ролики с отделкой стен термопанелями,Целевые запросы,Запросы без упоминания брендов,-,,1915593209731060056,Комбинаторное,Термопанели с клинкерной плиткой в Выборге!,,,,Поиск,Прочее,Не определено,Смартфоны,Android,Wi-Fi,Мужской,Старше 55,Остальные,Не определено,0.00,0,0,-,-,3,-,0.00,1.94,0.00,64.68,6.33,-,-,-
Термопанели в Выборге,712773255,10.08.2026,Термопанели (транз),5772834263,Автотаргетинг,,-,0,-,0,самая дешевая облицовка дома,Сопутствующие запросы,Запросы без упоминания брендов,-,,1915593209731060056,Комбинаторное,Клинкерные термопанели для наружной отделки дома.,,,,Поиск,Реклама в саджесте,Не определено,Смартфоны,iOS,Wi-Fi,Женский,35-44 года,Остальные,Не определено,0.00,0,0,-,-,1,-,0.00,1.00,0.00,100.00,1.00,-,-,-
Термопанели в Выборге,712773255,10.08.2026,Термопанели (транз),5772834263,Автотаргетинг,,-,0,-,0,самый дешевый материал для фасада,Целевые запросы,Запросы без упоминания брендов,-,,1915593209731060056,Комбинаторное,Термопанели с клинкерной плиткой в Выборге!,,,,Поиск,Прочее,Не определено,Смартфоны,Android,Wi-Fi,Мужской,Старше 55,Остальные,Не определено,0.00,0,0,-,-,1,-,0.00,0.55,0.00,54.58,7.00,-,-,-
Термопанели в Выборге,712773255,10.08.2026,Термопанели (транз),5772834263,Автотаргетинг,,-,0,-,0,стеновые панели под кирпич,Целевые запросы,Запросы без упоминания брендов,-,,1915593209731060056,Комбинаторное,Клинкерные термопанели для наружной отделки дома.,,,,Поиск,Товарная галерея,Не определено,Смартфоны,iOS,Wi-Fi,Мужской,25-34 года,Остальные,Не определено,0.00,0,0,-,-,1,-,0.00,0.53,0.00,52.59,3.00,-,-,-
Термопанели в Выборге,712773255,10.08.2026,Термопанели (транз),5772834263,Автотаргетинг,,-,0,-,0,теплый дом всеволожск термопанели,Целевые запросы,Запросы с упоминанием брендов конкурентов,-,,1915593209731060056,Комбинаторное,Клинкерные термопанели для наружной отделки дома.,,,,Поиск,Прочее,Не определено,Смартфоны,Android,Wi-Fi,Мужской,45-54 года,Остальные,Не определено,0.00,0,0,-,-,1,-,0.00,0.85,0.00,84.88,5.00,-,-,-
Термопанели в Выборге,712773255,10.08.2026,Термопанели (транз),5772834263,Автотаргетинг,,-,0,-,0,теплый дом всеволожск термопанели,Целевые запросы,Запросы с упоминанием брендов конкурентов,-,,1915593209731060056,Комбинаторное,Клинкерные термопанели для наружной отделки дома.,,,,Поиск,Товарная галерея,Не определено,Смартфоны,Android,Wi-Fi,Мужской,45-54 года,Остальные,Не определено,0.00,0,0,-,-,1,-,0.00,0.39,0.00,38.70,4.00,-,-,-
Термопанели в Выборге,712773255,10.08.2026,Термопанели (транз),5772834263,Автотаргетинг,,-,0,-,0,термопанели,Целевые запросы,Запросы без упоминания брендов,-,,1915593209731060056,Комбинаторное,Клинкерные термопанели для наружной отделки дома.,,,,Поиск,Прочее,Не определено,Смартфоны,Android,Wi-Fi,Женский,Старше 55,Остальные,Не определено,0.00,0,0,-,-,1,-,0.00,0.65,0.00,64.58,6.00,-,-,-
Термопанели в Выборге,712773255,10.08.2026,Термопанели (транз),5772834263,Автотаргетинг,,-,0,-,0,термопанели,Целевые запросы,Запросы без упоминания брендов,-,,1915593209731060056,Комбинаторное,Клинкерные термопанели для наружной отделки дома.,,,,Поиск,Товарная галерея,Не определено,Смартфоны,Android,Wi-Fi,Женский,Старше 55,Остальные,Не определено,0.00,0,0,-,-,1,-,0.00,0.25,0.00,25.32,8.00,-,-,-
Термопанели в Выборге,712773255,10.08.2026,Термопанели (транз),5772834263,Автотаргетинг,,-,0,-,0,термопанели для наружной отделки,Целевые запросы,Запросы без упоминания брендов,-,,1915593209731060056,Комбинаторное,Клинкерные термопанели для наружной отделки дома.,,,,Поиск,Прочее,Не определено,Смартфоны,Android,Wi-Fi,Женский,Старше 55,6–10%,Не определено,0.00,0,0,-,-,1,-,0.00,0.55,0.00,54.58,7.00,-,-,-
Термопанели в Выборге,712773255,10.08.2026,Термопанели (транз),5772834263,Автотаргетинг,,-,0,-,0,термопанели для наружной отделки,Целевые запросы,Запросы без упоминания брендов,-,,1915593209731060056,Комбинаторное,Клинкерные термопанели для наружной отделки дома.,,,,Поиск,Товарная галерея,Не определено,Смартфоны,Android,Wi-Fi,Мужской,35-44 года,Остальные,Не определено,0.00,0,0,-,-,1,-,0.00,0.32,0.00,32.27,5.00,-,-,-
Термопанели в Выборге,712773255,10.08.2026,Термопанели (транз),5772834263,Автотаргетинг,,-,0,-,0,термопанели для наружной отделки,Целевые запросы,Запросы без упоминания брендов,-,,1915593209731060056,Комбинаторное,Клинкерные термопанели для наружной отделки дома.,,,,Поиск,Товарная галерея,Не определено,Смартфоны,Android,Wi-Fi,Женский,Старше 55,6–10%,Не определено,0.00,0,0,-,-,2,-,0.00,0.60,0.00,30.24,5.50,-,-,-
Термопанели в Выборге,712773255,10.08.2026,Термопанели (транз),5772834263,Автотаргетинг,,-,0,-,0,термопанели для наружной отделки дома цена,Целевые запросы,Запросы без упоминания брендов,-,,1915593209731060056,Комбинаторное,Клинкерные термопанели для наружной отделки дома.,,,,Поиск,Прочее,Не определено,Смартфоны,Android,Wi-Fi,Женский,45-54 года,Остальные,Не определено,0.00,0,0,-,-,1,-,0.00,0.45,0.00,44.58,8.00,-,-,-
Термопанели в Выборге,712773255,10.08.2026,Термопанели (транз),5772834263,Автотаргетинг,,-,0,-,0,термопанели для наружной отделки клинкер,Целевые запросы,Запросы без упоминания брендов,-,,1915593209731060056,Комбинаторное,Термопанели с клинкерной плиткой в Выборге!,,,,Поиск,Прочее,Не определено,Смартфоны,Android,Wi-Fi,Мужской,45-54 года,Остальные,Не определено,0.00,0,0,-,-,1,-,0.00,0.55,0.00,54.58,7.00,-,-,-
Термопанели в Выборге,712773255,10.08.2026,Термопанели (транз),5772834263,Автотаргетинг,,-,0,-,0,термопанели для наружной отделки клинкер,Целевые запросы,Запросы без упоминания брендов,-,,1915593209731060056,Комбинаторное,Термопанели с клинкерной плиткой в Выборге!,,,,Поиск,Товарная галерея,Не определено,Смартфоны,Android,Wi-Fi,Мужской,45-54 года,Остальные,Не определено,0.00,0,0,-,-,1,-,0.00,0.25,0.00,25.32,8.00,-,-,-
Термопанели в Выборге,712773255,10.08.2026,Термопанели (транз),5772834263,Автотаргетинг,,-,0,-,0,термопанели для цоколя,Целевые запросы,Запросы без упоминания брендов,-,,1915593209731060056,Комбинаторное,Термопанели с клинкерной плиткой в Выборге!,,,,Поиск,Прочее,Не определено,Смартфоны,Android,Wi-Fi,Женский,18-24 года,Остальные,Не определено,0.00,0,0,-,-,1,-,0.00,0.65,0.00,64.58,6.00,-,-,-
Термопанели в Выборге,712773255,10.08.2026,Термопанели (транз),5772834263,Автотаргетинг,,-,0,-,0,термопанели для цоколя,Целевые запросы,Запросы без упоминания брендов,-,,1915593209731060056,Комбинаторное,Термопанели с клинкерной плиткой в Выборге!,,,,Поиск,Товарная галерея,Не определено,Смартфоны,Android,Wi-Fi,Женский,18-24 года,Остальные,Не определено,0.00,0,0,-,-,2,-,0.00,0.77,0.00,38.70,4.00,-,-,-
Термопанели в Выборге,712773255,10.08.2026,Термопанели (транз),5772834263,Автотаргетинг,,-,0,-,0,термопанели с клинкерной плиткой для фасада цена в спб,Целевые запросы,Запросы без упоминания брендов,-,,1915593209731060056,Комбинаторное,"Клинкерные термопанели. Собственное производство, цена",,,,Поиск,Спецразмещение,Не определено,Смартфоны,iOS,Wi-Fi,Женский,45-54 года,2–5%,Не определено,0.00,0,0,-,-,1,-,0.00,0.71,0.00,71.37,4.00,-,-,-
Термопанели в Выборге,712773255,10.08.2026,Термопанели (транз),5772834263,Автотаргетинг,,-,0,-,0,термопанели фасадные,Целевые запросы,Запросы без упоминания брендов,-,,1915593209731060056,Комбинаторное,Клинкерные термопанели для наружной отделки дома.,,,,Поиск,Прочее,Не определено,Смартфоны,Android,Wi-Fi,Мужской,18-24 года,6–10%,Не определено,0.00,0,0,-,-,3,-,0.00,1.44,0.00,47.91,7.67,-,-,-
Термопанели в Выборге,712773255,10.08.2026,Термопанели (транз),5772834263,Автотаргетинг,,-,0,-,0,термопанели фасадные,Целевые запросы,Запросы без упоминания брендов,-,,1915593209731060056,Комбинаторное,Клинкерные термопанели для наружной отделки дома.,,,,Поиск,Товарная галерея,Не определено,Смартфоны,Android,Wi-Fi,Мужской,18-24 года,6–10%,Не определено,0.00,0,0,-,-,2,-,0.00,0.53,0.00,26.75,7.50,-,-,-
Термопанели в Выборге,712773255,10.08.2026,Термопанели (транз),5772834263,Автотаргетинг,,-,0,-,0,термопанели фасадные рейлинговые,Целевые запросы,Запросы без упоминания брендов,-,,1915593209731060056,Комбинаторное,Термопанели с клинкерной плиткой в Выборге!,,,,Поиск,Прочее,Не определено,Смартфоны,iOS,Wi-Fi,Мужской,25-34 года,2–5%,Не определено,0.00,0,0,-,-,1,-,0.00,0.85,0.00,84.88,5.00,-,-,-
Термопанели в Выборге,712773255,10.08.2026,Термопанели (транз),5772834263,Автотаргетинг,,-,0,-,0,термопанели фасадные рейлинговые,Целевые запросы,Запросы без упоминания брендов,-,,1915593209731060056,Комбинаторное,Термопанели с клинкерной плиткой в Выборге!,,,,Поиск,Товарная галерея,Не определено,Смартфоны,iOS,Wi-Fi,Мужской,25-34 года,2–5%,Не определено,0.00,0,0,-,-,1,-,0.00,2.57,0.00,257.11,1.00,-,-,-
Термопанели в Выборге,712773255,10.08.2026,Термопанели (транз),5772834263,Автотаргетинг,,-,0,-,0,термопанель фасадная под камень,Целевые запросы,Запросы без упоминания брендов,-,,1915593209731060056,Комбинаторное,Фасадные термопанели под кирпич для наружной отделки.,,,,Поиск,Прочее,Не определено,Смартфоны,Android,Wi-Fi,Женский,35-44 года,6–10%,Не определено,0.00,0,0,-,-,1,-,0.00,0.85,0.00,84.88,5.00,-,-,-
Термопанели в Выборге,712773255,10.08.2026,Термопанели (транз),5772834263,Автотаргетинг,,-,0,-,0,термопанель фасадная под камень,Целевые запросы,Запросы без упоминания брендов,-,,1915593209731060056,Комбинаторное,Фасадные термопанели под кирпич для наружной отделки.,,,,Поиск,Товарная галерея,Не определено,Смартфоны,Android,Wi-Fi,Женский,35-44 года,6–10%,Не определено,0.00,0,0,-,-,2,-,0.00,2.29,0.00,114.33,1.00,-,-,-
Термопанели в Выборге,712773255,10.08.2026,Термопанели (транз),5772834263,Автотаргетинг,,-,0,-,0,у меня куб и колонна хорошо утеплена не закрытые участки менее 0.2 м2 сколько это может составлять теплопотерь,Сопутствующие запросы,Запросы без упоминания брендов,-,,1915593209731060056,Комбинаторное,Термопанели с клинкером. Производство в Выборге,,,,Поиск,Прочее,Не определено,Смартфоны,Android,Wi-Fi,Мужской,45-54 года,Остальные,Не определено,0.00,0,0,-,-,1,-,0.00,0.42,0.00,41.63,6.00,-,-,-
Термопанели в Выборге,712773255,10.08.2026,Термопанели (транз),5772834263,Автотаргетинг,,-,0,-,0,утепление дома из газобетона пеноплексом снаружи,Сопутствующие запросы,Запросы без упоминания брендов,-,,1915593209731060056,Комбинаторное,Клинкерные термопанели для наружной отделки дома.,,,,Поиск,Спецразмещение,Не определено,Смартфоны,Android,Wi-Fi,Мужской,18-24 года,Остальные,Не определено,0.00,0,0,-,-,2,-,0.00,2.12,0.00,105.78,1.50,-,-,-
Термопанели в Выборге,712773255,10.08.2026,Термопанели (транз),5772834263,Автотаргетинг,,-,0,-,0,утеплитель для фундамента дома снаружи какой лучше,Целевые запросы,Запросы без упоминания брендов,-,,1915593209731060056,Комбинаторное,Термопанели с клинкерной плиткой в Выборге!,,,,Поиск,Прочее,Не определено,Смартфоны,iOS,Wi-Fi,Мужской,35-44 года,Остальные,Не определено,0.00,0,0,-,-,1,-,0.00,0.65,0.00,64.58,6.00,-,-,-
Термопанели в Выборге,712773255,10.08.2026,Термопанели (транз),5772834263,Автотаргетинг,,-,0,-,0,утеплитель для фундамента дома снаружи какой лучше,Целевые запросы,Запросы без упоминания брендов,-,,1915593209731060056,Комбинаторное,Термопанели с клинкерной плиткой в Выборге!,,,,Поиск,Товарная галерея,Не определено,Смартфоны,iOS,Wi-Fi,Мужской,35-44 года,Остальные,Не определено,0.00,0,0,-,-,1,-,0.00,0.53,0.00,52.59,3.00,-,-,-
Термопанели в Выборге,712773255,10.08.2026,Термопанели (транз),5772834263,Автотаргетинг,,-,0,-,0,фасадные мраморные термопанели для наружной отделки цены,Целевые запросы,Запросы без упоминания брендов,-,,1915593209731060056,Комбинаторное,Клинкерные термопанели для наружной отделки дома.,,,,Поиск,Прочее,Не определено,Смартфоны,Android,Wi-Fi,Женский,35-44 года,Остальные,Не определено,0.00,0,0,-,-,1,-,0.00,0.55,0.00,54.58,7.00,-,-,-
Термопанели в Выборге,712773255,10.08.2026,Термопанели (транз),5772834263,Автотаргетинг,,-,0,-,0,фасадные мраморные термопанели для наружной отделки цены,Целевые запросы,Запросы без упоминания брендов,-,,1915593209731060056,Комбинаторное,Клинкерные термопанели для наружной отделки дома.,,,,Поиск,Товарная галерея,Не определено,Смартфоны,Android,Wi-Fi,Женский,35-44 года,Остальные,Не определено,0.00,0,0,-,-,1,-,0.00,0.28,0.00,28.21,6.00,-,-,-
Термопанели в Выборге,712773255,10.08.2026,Термопанели (транз),5772834263,Автотаргетинг,,-,0,-,0,фасадные панели для наружной отделки,Целевые запросы,Запросы без упоминания брендов,-,,1915593209731060056,Комбинаторное,Клинкерные термопанели для наружной отделки дома.,,,,Поиск,Прочее,Не определено,Смартфоны,Android,Wi-Fi,Мужской,45-54 года,Остальные,Не определено,0.00,0,0,-,-,1,-,0.00,0.55,0.00,54.58,7.00,-,-,-
Термопанели в Выборге,712773255,10.08.2026,Термопанели (транз),5772834263,Автотаргетинг,,-,0,-,0,фасадные панели для наружной отделки дома,Целевые запросы,Запросы без упоминания брендов,-,,1915593209731060056,Комбинаторное,Клинкерные термопанели для наружной отделки дома.,,,,Поиск,Прочее,Не определено,Смартфоны,Android,Wi-Fi,Мужской,45-54 года,Остальные,Не определено,0.00,0,0,-,-,1,-,0.00,0.45,0.00,44.58,8.00,-,-,-
Термопанели в Выборге,712773255,10.08.2026,Термопанели (транз),5772834263,Автотаргетинг,,-,0,-,0,фасадные панели для наружной отделки дома,Целевые запросы,Запросы без упоминания брендов,-,,1915593209731060056,Комбинаторное,Клинкерные термопанели для наружной отделки дома.,,,,Поиск,Товарная галерея,Не определено,Смартфоны,Android,Wi-Fi,Мужской,35-44 года,Остальные,Не определено,0.00,0,0,-,-,1,-,0.00,0.13,0.00,13.34,18.00,-,-,-
Термопанели в Выборге,712773255,10.08.2026,Термопанели (транз),5772834263,Автотаргетинг,,-,0,-,0,фасадные панели для наружной отделки дома кирпич силикатный,Целевые запросы,Запросы без упоминания брендов,-,,1915593209731060056,Комбинаторное,Фасадные термопанели под кирпич для наружной отделки.,,,,Поиск,Товарная галерея,Не определено,Десктопы,Не определён,Wi-Fi,Мужской,25-34 года,2–5%,Не определено,0.00,0,0,-,-,1,-,0.00,0.36,0.00,35.97,7.00,-,-,-
Термопанели в Выборге,712773255,10.08.2026,Термопанели (транз),5772834263,Автотаргетинг,,-,0,-,0,фасадные панели купить,Целевые запросы,Запросы без упоминания брендов,-,,1915593209731060056,Комбинаторное,Клинкерные термопанели для наружной отделки дома.,,,,Поиск,Прочее,Не определено,Смартфоны,Android,Wi-Fi,Женский,35-44 года,Остальные,Не определено,0.00,0,0,-,-,1,-,0.00,0.65,0.00,64.58,6.00,-,-,-
Термопанели в Выборге,712773255,10.08.2026,Термопанели (транз),5772834263,Автотаргетинг,,-,0,-,0,фасадные панели купить,Целевые запросы,Запросы без упоминания брендов,-,,1915593209731060056,Комбинаторное,Клинкерные термопанели для наружной отделки дома.,,,,Поиск,Товарная галерея,Не определено,Смартфоны,Android,Wi-Fi,Мужской,35-44 года,Остальные,Не определено,0.00,0,0,-,-,1,-,0.00,0.03,0.00,3.30,77.00,-,-,-
Термопанели в Выборге,712773255,10.08.2026,Термопанели (транз),5772834263,Автотаргетинг,,-,0,-,0,фасадные панели купить,Целевые запросы,Запросы без упоминания брендов,-,,1915593209731060056,Комбинаторное,Клинкерные термопанели для наружной отделки дома.,,,,Поиск,Товарная галерея,Не определено,Смартфоны,Android,Wi-Fi,Женский,35-44 года,Остальные,Не определено,0.00,0,0,-,-,1,-,0.00,0.36,0.00,36.38,4.00,-,-,-
Термопанели в Выборге,712773255,10.08.2026,Термопанели (транз),5772834263,Автотаргетинг,,-,0,-,0,фасадные панели купить,Целевые запросы,Запросы без упоминания брендов,-,,1915593209731060056,Комбинаторное,Термопанели с клинкерной плиткой в Выборге!,,,,Поиск,Прочее,Не определено,Смартфоны,Android,Wi-Fi,Мужской,35-44 года,Остальные,Не определено,0.00,0,0,-,-,2,-,0.00,0.89,0.00,44.58,8.00,-,-,-
Термопанели в Выборге,712773255,10.08.2026,Термопанели (транз),5772834263,Автотаргетинг,,-,0,-,0,фасадные термопанели,Целевые запросы,Запросы без упоминания брендов,-,,1915593209731060056,Комбинаторное,Клинкерные термопанели для наружной отделки дома.,,,,Поиск,Прочее,Не определено,Смартфоны,Android,Wi-Fi,Женский,45-54 года,Остальные,Не определено,0.00,0,0,-,-,1,-,0.00,0.55,0.00,54.58,7.00,-,-,-
Термопанели в Выборге,712773255,10.08.2026,Термопанели (транз),5772834263,Автотаргетинг,,-,0,-,0,фасадные термопанели,Целевые запросы,Запросы без упоминания брендов,-,,1915593209731060056,Комбинаторное,Клинкерные термопанели для наружной отделки дома.,,,,Поиск,Прочее,Не определено,Смартфоны,iOS,Мобильная связь,Мужской,35-44 года,Топ 1%,Не определено,0.00,0,0,-,-,1,-,0.00,0.55,0.00,54.58,7.00,-,-,-
Термопанели в Выборге,712773255,10.08.2026,Термопанели (транз),5772834263,Автотаргетинг,,-,0,-,0,фасадные термопанели,Целевые запросы,Запросы без упоминания брендов,-,,1915593209731060056,Комбинаторное,Клинкерные термопанели для наружной отделки дома.,,,,Поиск,Товарная галерея,Не определено,Смартфоны,Android,Wi-Fi,Женский,45-54 года,Остальные,Не определено,0.00,0,0,-,-,1,-,0.00,0.25,0.00,25.29,9.00,-,-,-
Термопанели в Выборге,712773255,10.08.2026,Термопанели (транз),5772834263,Автотаргетинг,,-,0,-,0,фасадные термопанели для наружной отделки,Целевые запросы,Запросы без упоминания брендов,-,,1915593209731060056,Комбинаторное,Клинкерные термопанели для наружной отделки дома.,,,,Поиск,Прочее,Не определено,Смартфоны,Android,Wi-Fi,Мужской,45-54 года,Остальные,Не определено,0.00,0,0,-,-,1,-,0.00,0.55,0.00,54.58,7.00,-,-,-
Термопанели в Выборге,712773255,10.08.2026,Термопанели (транз),5772834263,Автотаргетинг,,-,0,-,0,фасадные термопанели для наружной отделки дома кирпич силикатный,Целевые запросы,Запросы без упоминания брендов,-,,1915593209731060056,Комбинаторное,Фасадные термопанели под кирпич для наружной отделки.,,,,Поиск,Товарная галерея,Не определено,Десктопы,Не определён,Wi-Fi,Мужской,25-34 года,2–5%,Не определено,0.00,0,0,-,-,1,-,0.00,0.40,0.00,39.81,-,-,-,-
Термопанели в Выборге,712773255,10.08.2026,Термопанели (транз),5772834263,Автотаргетинг,,-,0,-,0,фасадные термопанели для наружной отделки дома кирпич силикатный,Альтернативные запросы,Запросы без упоминания брендов,-,,1915593209731060056,Комбинаторное,Фасадные термопанели под кирпич для наружной отделки.,,,,Поиск,Прочее,Не определено,Десктопы,Не определён,Wi-Fi,Мужской,25-34 года,2–5%,Не определено,0.00,0,0,-,-,1,-,0.00,0.05,0.00,5.19,-,-,-,-
Термопанели в Выборге,712773255,10.08.2026,Термопанели (транз),5772834263,Автотаргетинг,,-,0,-,0,фасадные термопанели с клинкерной плиткой,Целевые запросы,Запросы без упоминания брендов,-,,1915593209731060056,Комбинаторное,Термопанели с клинкерной плиткой в Выборге!,,,,Поиск,Товарная галерея,Не определено,Смартфоны,Android,Wi-Fi,Мужской,45-54 года,Остальные,Не определено,0.00,0,0,-,-,2,-,0.00,1.57,0.00,78.38,3.00,-,-,-
Термопанели в Выборге,712773255,10.08.2026,Термопанели (транз),5772834263,Автотаргетинг,,-,0,-,0,чем обшить дом каркасный снаружи,Сопутствующие запросы,Запросы без упоминания брендов,-,,1915593209731060056,Комбинаторное,Клинкерные термопанели для наружной отделки дома.,,,,Поиск,Спецразмещение,Не определено,Смартфоны,Android,Wi-Fi,Женский,45-54 года,Остальные,Не определено,0.00,1,0,0.00,-,1,0.00,100.00,1.07,93.65,106.78,1.00,1.00,0.00,2.00
"Приозерский район, Поиск   от 25-07-2026",713047408,11.08.2026,Приозерский район,5776633358,Фраза,термопанели с клинкерной плиткой,-,0,-,0,какой краской можно подкрасить термопанели с клинкерной плиткой на фасаде,Сопутствующие запросы,Запросы без упоминания брендов,Пословное,,1918168175770350076,Страницы каталога,Термопанели с клинкерной плиткой. Производство в Выборге,Термопанели с клинкерной плиткой — КлинкерПрофи,,,Поиск,Спецразмещение,Не определено,Смартфоны,iOS,Wi-Fi,Мужской,25-34 года,Остальные,Не определено,0.00,0,0,-,-,1,-,0.00,1.12,0.00,111.52,1.00,-,-,-
"Приозерский район, Поиск   от 25-07-2026",713047408,11.08.2026,Приозерский район,5776633358,Фраза,термопанели с клинкерной плиткой,-,0,-,0,какой краской можно подкрасить термопанели с клинкерной плиткой на фасаде,Сопутствующие запросы,Запросы без упоминания брендов,Пословное,,1918168175770350076,Страницы каталога,Термопанели с клинкерной плиткой. Производство в Выборге,Термопанели с клинкерной плиткой — КлинкерПрофи,,,Поиск,Прочее,Не определено,Смартфоны,iOS,Wi-Fi,Мужской,25-34 года,Остальные,Не определено,0.00,0,0,-,-,1,-,0.00,1.00,0.00,100.00,5.00,-,-,-
"Приозерский район, Поиск   от 25-07-2026",713047408,11.08.2026,Приозерский район,5776633358,Автотаргетинг,,-,0,-,0,white hills,Альтернативные запросы,Запросы с упоминанием брендов конкурентов,-,,1916597733861553174,Комбинаторное,Производство в Выборге — доставка в район,,,,Поиск,Спецразмещение,Не определено,Десктопы,Не определён,Wi-Fi,Женский,45-54 года,6–10%,Не определено,0.00,0,0,-,-,1,-,0.00,0.94,0.00,93.87,1.00,-,-,-
"Приозерский район, Поиск   от 25-07-2026",713047408,11.08.2026,Приозерский район,5776633358,Автотаргетинг,,-,0,-,0,альтернативы пеноплэкс экстрим материалы для теплоизоляции,Сопутствующие запросы,Запросы без упоминания брендов,-,,1918168175770350076,Страницы каталога,Термопанель Колорадо 1 (32 шт),Термопанель Колорадо 1 (32 шт),,,Поиск,Спецразмещение,Не определено,Планшеты,Android,Wi-Fi,Не определен,45-54 года,Остальные,Не определено,0.00,0,0,-,-,1,-,0.00,1.00,0.00,100.00,1.00,-,-,-
"Приозерский район, Поиск   от 25-07-2026",713047408,11.08.2026,Приозерский район,5776633358,Автотаргетинг,,-,0,-,0,алюминиевые композитные панели,Альтернативные запросы,Запросы без упоминания брендов,-,,1916597733861553174,Комбинаторное,Термопанели с клинкерной плиткой - КлинкерПрофи,,,,Поиск,Спецразмещение,Не определено,Смартфоны,iOS,Wi-Fi,Мужской,25-34 года,6–10%,Не определено,0.00,0,0,-,-,1,-,0.00,0.91,0.00,91.19,1.00,-,-,-
"Приозерский район, Поиск   от 25-07-2026",713047408,11.08.2026,Приозерский район,5776633358,Автотаргетинг,,-,0,-,0,база раздолье сосново стройматериалов каталог,Широкие запросы,Запросы с упоминанием брендов конкурентов,-,,1916597733861553174,Комбинаторное,Производство в Выборге — доставка в район,,,,Поиск,Спецразмещение,Не определено,Смартфоны,Android,Wi-Fi,Женский,Старше 55,Остальные,Не определено,0.00,0,0,-,-,1,-,0.00,1.11,0.00,110.90,1.00,-,-,-
"Приозерский район, Поиск   от 25-07-2026",713047408,11.08.2026,Приозерский район,5776633358,Автотаргетинг,,-,0,-,0,база раздолье сосново стройматериалов каталог,Широкие запросы,Запросы с упоминанием брендов конкурентов,-,,1916597733861553174,Комбинаторное,Производство в Выборге — доставка в район,,,,Поиск,Прочее,Не определено,Смартфоны,Android,Wi-Fi,Женский,Старше 55,Остальные,Не определено,0.00,0,0,-,-,1,-,0.00,1.21,0.00,120.98,5.00,-,-,-
"Приозерский район, Поиск   от 25-07-2026",713047408,11.08.2026,Приозерский район,5776633358,Автотаргетинг,,-,0,-,0,база раздолье сосново стройматериалов каталог с ценами,Широкие запросы,Запросы с упоминанием брендов конкурентов,-,,1916597733861553174,Комбинаторное,Производство в Выборге — доставка в район,,,,Поиск,Спецразмещение,Не определено,Смартфоны,Android,Wi-Fi,Мужской,Старше 55,Остальные,Не определено,0.00,0,0,-,-,1,-,0.00,0.95,0.00,95.46,1.00,-,-,-
"Приозерский район, Поиск   от 25-07-2026",713047408,11.08.2026,Приозерский район,5776633358,Автотаргетинг,,-,0,-,0,база раздолье сосново стройматериалов приозерский район,Альтернативные запросы,Запросы с упоминанием брендов конкурентов,-,,1916597733861553174,Комбинаторное,Производство в Выборге — доставка в район,,,,Поиск,Спецразмещение,Не определено,Смартфоны,Android,Wi-Fi,Мужской,Старше 55,Остальные,Не определено,0.00,0,0,-,-,1,-,0.00,0.83,0.00,82.55,1.00,-,-,-
"Приозерский район, Поиск   от 25-07-2026",713047408,11.08.2026,Приозерский район,5776633358,Автотаргетинг,,-,0,-,0,ближайший строительный магазин рядом,Широкие запросы,Запросы без упоминания брендов,-,,1916597733861553174,Комбинаторное,Производство в Выборге — доставка в район,,,,Поиск,Спецразмещение,Не определено,Смартфоны,Android,Wi-Fi,Мужской,45-54 года,2–5%,Не определено,0.00,0,0,-,-,1,-,0.00,0.93,0.00,92.55,1.00,-,-,-
"Приозерский район, Поиск   от 25-07-2026",713047408,11.08.2026,Приозерский район,5776633358,Автотаргетинг,,-,0,-,0,бюджетный фасад для дома из газобетона,Сопутствующие запросы,Запросы без упоминания брендов,-,,1916597733861553174,Комбинаторное,Фасадные термопанели с клинкером,,,,Поиск,Спецразмещение,Не определено,Смартфоны,Android,Wi-Fi,Женский,Старше 55,Остальные,Не определено,0.00,0,0,-,-,1,-,0.00,0.83,0.00,83.14,1.00,-,-,-
"Приозерский район, Поиск   от 25-07-2026",713047408,11.08.2026,Приозерский район,5776633358,Автотаргетинг,,-,0,-,0,бюджетный фасад для дома из газобетона,Сопутствующие запросы,Запросы без упоминания брендов,-,,1916597733861553174,Комбинаторное,Фасадные термопанели с клинкером,,,,Поиск,Прочее,Не определено,Смартфоны,Android,Wi-Fi,Женский,Старше 55,Остальные,Не определено,0.00,0,0,-,-,1,-,0.00,1.00,0.00,100.00,5.00,-,-,-
"Приозерский район, Поиск   от 25-07-2026",713047408,11.08.2026,Приозерский район,5776633358,Автотаргетинг,,-,0,-,0,варианты пристроек к дому,Сопутствующие запросы,Запросы без упоминания брендов,-,,1916597733861553174,Комбинаторное,Клинкерные термопанели — КлинкерПрофи,,,,Поиск,Спецразмещение,Не определено,Смартфоны,Android,Wi-Fi,Женский,45-54 года,Остальные,Не определено,0.00,0,0,-,-,2,-,0.00,2.00,0.00,100.00,-,-,-,-
"Приозерский район, Поиск   от 25-07-2026",713047408,11.08.2026,Приозерский район,5776633358,Автотаргетинг,,-,0,-,0,варианты пристроек к дому,Сопутствующие запросы,Запросы без упоминания брендов,-,,1916597733861553174,Комбинаторное,Производство в Выборге — доставка в район,,,,Поиск,Спецразмещение,Не определено,Смартфоны,Android,Wi-Fi,Женский,Старше 55,Остальные,Не определено,0.00,0,0,-,-,1,-,0.00,1.27,0.00,126.93,1.00,-,-,-
"Приозерский район, Поиск   от 25-07-2026",713047408,11.08.2026,Приозерский район,5776633358,Автотаргетинг,,-,0,-,0,варианты пристроек к дому,Сопутствующие запросы,Запросы без упоминания брендов,-,,1916597733861553174,Комбинаторное,Производство в Выборге — доставка в район,,,,Поиск,Прочее,Не определено,Смартфоны,Android,Wi-Fi,Женский,Старше 55,Остальные,Не определено,0.00,0,0,-,-,1,-,0.00,1.00,0.00,100.00,5.00,-,-,-
"Приозерский район, Поиск   от 25-07-2026",713047408,11.08.2026,Приозерский район,5776633358,Автотаргетинг,,-,0,-,0,вимос в приозерске каталог,Широкие запросы,Запросы с упоминанием брендов конкурентов,-,,1916597733861553174,Комбинаторное,Производство в Выборге — доставка в район,,,,Поиск,Спецразмещение,Не определено,Смартфоны,iOS,Wi-Fi,Мужской,25-34 года,Остальные,Не определено,0.00,0,0,-,-,1,-,0.00,0.82,0.00,82.09,1.00,-,-,-
"Приозерский район, Поиск   от 25-07-2026",713047408,11.08.2026,Приозерский район,5776633358,Автотаргетинг,,-,0,-,0,вимос в приозерске каталог товаров,Широкие запросы,Запросы с упоминанием брендов конкурентов,-,,1916597733861553174,Комбинаторное,Производство в Выборге — доставка в район,,,,Поиск,Прочее,Не определено,Смартфоны,iOS,Wi-Fi,Мужской,25-34 года,Остальные,Не определено,0.00,0,0,-,-,1,-,0.00,0.09,0.00,8.50,5.00,-,-,-
"Приозерский район, Поиск   от 25-07-2026",713047408,11.08.2026,Приозерский район,5776633358,Автотаргетинг,,-,0,-,0,вимос онлайн заказ,Альтернативные запросы,Запросы с упоминанием брендов конкурентов,-,,1916597733861553174,Комбинаторное,Производство в Выборге — доставка в район,,,,Поиск,Прочее,Не определено,Смартфоны,Android,Wi-Fi,Женский,45-54 года,Остальные,Не определено,0.00,0,0,-,-,1,-,0.00,0.09,0.00,8.50,5.00,-,-,-
"Приозерский район, Поиск   от 25-07-2026",713047408,11.08.2026,Приозерский район,5776633358,Автотаргетинг,,-,0,-,0,вимос приозерск каталог товаров и цены,Широкие запросы,Запросы с упоминанием брендов конкурентов,-,,1916597733861553174,Комбинаторное,Производство в Выборге — доставка в район,,,,Поиск,Спецразмещение,Не определено,Десктопы,Не определён,Wi-Fi,Женский,Старше 55,Остальные,Не определено,0.00,0,0,-,-,1,-,0.00,0.77,0.00,77.05,1.00,-,-,-
"Приозерский район, Поиск   от 25-07-2026",713047408,11.08.2026,Приозерский район,5776633358,Автотаргетинг,,-,0,-,0,вимос приозерск каталог товаров и цены,Широкие запросы,Запросы с упоминанием брендов конкурентов,-,,1916597733861553174,Комбинаторное,Производство в Выборге — доставка в район,,,,Поиск,Прочее,Не определено,Десктопы,Не определён,Wi-Fi,Женский,Старше 55,Остальные,Не определено,0.00,0,0,-,-,1,-,0.00,1.15,0.00,115.23,5.00,-,-,-
"Приозерский район, Поиск   от 25-07-2026",713047408,11.08.2026,Приозерский район,5776633358,Автотаргетинг,,-,0,-,0,внешняя отделка каркасного дома,Широкие запросы,Запросы без упоминания брендов,-,,1918168175770350076,Страницы каталога,Термопанели с клинкерной плиткой. Производство в Выборге,Термопанели с клинкерной плиткой — КлинкерПрофи,,,Поиск,Спецразмещение,Не определено,Смартфоны,iOS,Wi-Fi,Мужской,45-54 года,Топ 1%,Не определено,0.00,0,0,-,-,1,-,0.00,1.00,0.00,100.00,-,-,-,-
"Приозерский район, Поиск   от 25-07-2026",713047408,11.08.2026,Приозерский район,5776633358,Автотаргетинг,,-,0,-,0,гибкий камень,Альтернативные запросы,Запросы без упоминания брендов,-,,1916597733861553174,Комбинаторное,Термопанели с клинкерной плиткой - КлинкерПрофи,,,,Поиск,Спецразмещение,Не определено,Смартфоны,Android,Wi-Fi,Женский,45-54 года,Остальные,Не определено,0.00,0,0,-,-,1,-,0.00,0.79,0.00,79.03,2.00,-,-,-
"Приозерский район, Поиск   от 25-07-2026",713047408,11.08.2026,Приозерский район,5776633358,Автотаргетинг,,-,0,-,0,гранд лайн официальный сайт,Альтернативные запросы,Запросы с упоминанием брендов конкурентов,-,,1916597733861553174,Комбинаторное,Производство в Выборге — доставка в район,,,,Поиск,Прочее,Не определено,Смартфоны,Android,Wi-Fi,Мужской,35-44 года,Остальные,Не определено,0.00,0,0,-,-,1,-,0.00,0.09,0.00,8.50,5.00,-,-,-
"Приозерский район, Поиск   от 25-07-2026",713047408,11.08.2026,Приозерский район,5776633358,Автотаргетинг,,-,0,-,0,дизайн фасада из старой дюймовки,Сопутствующие запросы,Запросы без упоминания брендов,-,,1916597733861553174,Комбинаторное,"Приозерск, Сосново — термопанели с клинкером",,,,Поиск,Прочее,Не определено,Десктопы,Не определён,Wi-Fi,Мужской,45-54 года,Остальные,Не определено,0.00,0,0,-,-,1,-,0.00,0.44,0.00,44.42,6.00,-,-,-
"Приозерский район, Поиск   от 25-07-2026",713047408,11.08.2026,Приозерский район,5776633358,Автотаргетинг,,-,0,-,0,для утепления стен снаружи,Широкие запросы,Запросы без упоминания брендов,-,,1918168175770350076,Страницы каталога,Термопанель Колорадо 3 (32 шт),Термопанель Колорадо 3 (32 шт),,,Поиск,Спецразмещение,Не определено,Смартфоны,Android,Wi-Fi,Мужской,Старше 55,Остальные,Не определено,0.00,0,0,-,-,1,-,0.00,0.82,0.00,81.94,2.00,-,-,-
"Приозерский район, Поиск   от 25-07-2026",713047408,11.08.2026,Приозерский район,5776633358,Автотаргетинг,,-,0,-,0,доска широкая для обшивки дома,Альтернативные запросы,Запросы без упоминания брендов,-,,1916597733861553174,Комбинаторное,Термопанели для дома в Приозерске,,,,Поиск,Спецразмещение,Не определено,Смартфоны,iOS,Wi-Fi,Женский,Старше 55,Остальные,Не определено,0.00,1,0,0.00,-,1,0.00,100.00,0.93,107.29,93.21,1.00,1.00,0.00,1.00
"Приозерский район, Поиск   от 25-07-2026",713047408,11.08.2026,Приозерский район,5776633358,Автотаргетинг,,-,0,-,0,икопал эпп,Альтернативные запросы,Запросы без упоминания брендов,-,,1916597733861553174,Комбинаторное,Утепление фасада термопанелями,,,,Поиск,Спецразмещение,Не определено,Смартфоны,Android,Wi-Fi,Мужской,45-54 года,6–10%,Не определено,0.00,0,0,-,-,1,-,0.00,0.57,0.00,57.48,3.00,-,-,-
"Приозерский район, Поиск   от 25-07-2026",713047408,11.08.2026,Приозерский район,5776633358,Автотаргетинг,,-,0,-,0,икопал эпп,Альтернативные запросы,Запросы без упоминания брендов,-,,1916597733861553174,Комбинаторное,Утепление фасада термопанелями,,,,Поиск,Прочее,Не определено,Смартфоны,Android,Wi-Fi,Мужской,45-54 года,6–10%,Не определено,0.00,0,0,-,-,1,-,0.00,0.42,0.00,41.63,6.00,-,-,-
"Приозерский район, Поиск   от 25-07-2026",713047408,11.08.2026,Приозерский район,5776633358,Автотаргетинг,,-,0,-,0,как делать монтаж термопанели,Сопутствующие запросы,Запросы без упоминания брендов,-,,1916597733861553174,Комбинаторное,Термопанели для дома в Приозерске,,,,Поиск,Спецразмещение,Не определено,Смартфоны,Android,Wi-Fi,Мужской,45-54 года,Остальные,Не определено,0.00,0,0,-,-,1,-,0.00,1.16,0.00,116.15,2.00,-,-,-
"Приозерский район, Поиск   от 25-07-2026",713047408,11.08.2026,Приозерский район,5776633358,Автотаргетинг,,-,0,-,0,как делать монтаж термопанели,Сопутствующие запросы,Запросы без упоминания брендов,-,,1918168175770350076,Страницы каталога,Термопанели с клинкерной плиткой. Производство в Выборге,Термопанели с клинкерной плиткой — КлинкерПрофи,,,Поиск,Прочее,Не определено,Смартфоны,Android,Wi-Fi,Мужской,45-54 года,Остальные,Не определено,0.00,0,0,-,-,1,-,0.00,1.37,0.00,137.44,5.00,-,-,-
"Приозерский район, Поиск   от 25-07-2026",713047408,11.08.2026,Приозерский район,5776633358,Автотаргетинг,,-,0,-,0,как лучше утеплять дом изнутри или снаружи,Сопутствующие запросы,Запросы без упоминания брендов,-,,1916597733861553174,Комбинаторное,Термопанели для дома в Приозерске,,,,Поиск,Спецразмещение,Не определено,Смартфоны,Android,Wi-Fi,Мужской,Старше 55,Остальные,Не определено,0.00,0,0,-,-,1,-,0.00,1.05,0.00,104.63,1.00,-,-,-
"Приозерский район, Поиск   от 25-07-2026",713047408,11.08.2026,Приозерский район,5776633358,Автотаргетинг,,-,0,-,0,как недорого отделать цоколь дома на жб сваях,Сопутствующие запросы,Запросы без упоминания брендов,-,,1916597733861553174,Комбинаторное,Фасадные термопанели с клинкером,,,,Поиск,Спецразмещение,Не определено,Смартфоны,Android,Wi-Fi,Мужской,45-54 года,Остальные,Не определено,0.00,0,0,-,-,1,-,0.00,0.81,0.00,81.03,1.00,-,-,-
"Приозерский район, Поиск   от 25-07-2026",713047408,11.08.2026,Приозерский район,5776633358,Автотаргетинг,,-,0,-,0,как утеплить каркасный дом для зимнего проживания,Сопутствующие запросы,Запросы без упоминания брендов,-,,1916597733861553174,Комбинаторное,Термопанели для дома в Приозерске,,,,Поиск,Спецразмещение,Не определено,Смартфоны,iOS,Wi-Fi,Мужской,25-34 года,Остальные,Не определено,0.00,1,0,0.00,-,1,0.00,100.00,1.12,89.03,112.32,2.00,2.00,0.00,1.00
"Приозерский район, Поиск   от 25-07-2026",713047408,11.08.2026,Приозерский район,5776633358,Автотаргетинг,,-,0,-,0,как утеплить каркасный дом для зимнего проживания,Сопутствующие запросы,Запросы без упоминания брендов,-,,1916597733861553174,Комбинаторное,Термопанели для дома в Приозерске,,,,Поиск,Прочее,Не определено,Смартфоны,iOS,Wi-Fi,Мужской,25-34 года,Остальные,Не определено,0.00,0,0,-,-,1,-,0.00,1.00,0.00,100.00,5.00,-,-,-
"Приозерский район, Поиск   от 25-07-2026",713047408,11.08.2026,Приозерский район,5776633358,Автотаргетинг,,-,0,-,0,какие есть варианты надстройки старого дома,Сопутствующие запросы,Запросы без упоминания брендов,-,,1916597733861553174,Комбинаторное,Клинкерные термопанели — КлинкерПрофи,,,,Поиск,Прочее,Не определено,Смартфоны,Android,Wi-Fi,Женский,45-54 года,6–10%,Не определено,0.00,0,0,-,-,1,-,0.00,0.42,0.00,41.63,6.00,-,-,-
"Приозерский район, Поиск   от 25-07-2026",713047408,11.08.2026,Приозерский район,5776633358,Автотаргетинг,,-,0,-,0,какое утепление нужно для стены из газобетон d600 300мм,Сопутствующие запросы,Запросы без упоминания брендов,-,,1916597733861553174,Комбинаторное,Термопанели для дома в Приозерске,,,,Поиск,Прочее,Не определено,Смартфоны,iOS,Wi-Fi,Мужской,Старше 55,2–5%,Не определено,0.00,0,0,-,-,1,-,0.00,1.00,0.00,100.00,5.00,-,-,-
"Приозерский район, Поиск   от 25-07-2026",713047408,11.08.2026,Приозерский район,5776633358,Автотаргетинг,,-,0,-,0,какой ватой утепляется дом из пеноблоков,Сопутствующие запросы,Запросы без упоминания брендов,-,,1916597733861553174,Комбинаторное,Фасадные термопанели с клинкером,,,,Поиск,Прочее,Не определено,Десктопы,Не определён,Wi-Fi,Мужской,45-54 года,6–10%,Не определено,0.00,0,0,-,-,1,-,0.00,1.00,0.00,100.00,5.00,-,-,-
"Приозерский район, Поиск   от 25-07-2026",713047408,11.08.2026,Приозерский район,5776633358,Автотаргетинг,,-,0,-,0,какую плитку выбрать для костровой зоны,Сопутствующие запросы,Запросы без упоминания брендов,-,,1918168175770350076,Страницы каталога,Клинкерная плитка фасадная KAYLOS,Клинкерная плитка фасадная KAYLOS,,,Поиск,Прочее,Не определено,Смартфоны,iOS,Wi-Fi,Женский,35-44 года,6–10%,Не определено,0.00,0,0,-,-,1,-,0.00,1.00,0.00,100.00,5.00,-,-,-
"Приозерский район, Поиск   от 25-07-2026",713047408,11.08.2026,Приозерский район,5776633358,Автотаргетинг,,-,0,-,0,каменногорск ленинградская область строительный магазин,Широкие запросы,Запросы без упоминания брендов,-,,1916597733861553174,Комбинаторное,Производство в Выборге — доставка в район,,,,Поиск,Спецразмещение,Не определено,Смартфоны,Android,Wi-Fi,Женский,45-54 года,Остальные,Не определено,0.00,0,0,-,-,2,-,0.00,1.54,0.00,76.78,1.00,-,-,-
"Приозерский район, Поиск   от 25-07-2026",713047408,11.08.2026,Приозерский район,5776633358,Автотаргетинг,,-,0,-,0,каменногорск ленинградская область строительный магазин,Широкие запросы,Запросы без упоминания брендов,-,,1916597733861553174,Комбинаторное,Производство в Выборге — доставка в район,,,,Поиск,Прочее,Не определено,Смартфоны,Android,Wi-Fi,Женский,45-54 года,Остальные,Не определено,0.00,0,0,-,-,2,-,0.00,2.38,0.00,118.99,5.00,-,-,-
"Приозерский район, Поиск   от 25-07-2026",713047408,11.08.2026,Приозерский район,5776633358,Автотаргетинг,,-,0,-,0,магазин стройматериалов громово в ленобласти,Широкие запросы,Запросы без упоминания брендов,-,,1916597733861553174,Комбинаторное,Производство в Выборге — доставка в район,,,,Поиск,Прочее,Не определено,Десктопы,Не определён,Wi-Fi,Мужской,Старше 55,2–5%,Не определено,0.00,0,0,-,-,1,-,0.00,1.25,0.00,124.92,5.00,-,-,-
"Приозерский район, Поиск   от 25-07-2026",713047408,11.08.2026,Приозерский район,5776633358,Автотаргетинг,,-,0,-,0,наружная отделка каркасного дома серый с деревянным цветом,Сопутствующие запросы,Запросы без упоминания брендов,-,,1918168175770350076,Страницы каталога,Термопанели с клинкерной плиткой. Производство в Выборге,Термопанели с клинкерной плиткой — КлинкерПрофи,,,Поиск,Спецразмещение,Не определено,Смартфоны,iOS,Wi-Fi,Мужской,45-54 года,2–5%,Не определено,0.00,0,0,-,-,1,-,0.00,1.00,0.00,100.00,-,-,-,-
"Приозерский район, Поиск   от 25-07-2026",713047408,11.08.2026,Приозерский район,5776633358,Автотаргетинг,,-,0,-,0,несъемная опалубка для стен,Сопутствующие запросы,Запросы без упоминания брендов,-,,1916597733861553174,Комбинаторное,Клинкерные термопанели — КлинкерПрофи,,,,Поиск,Спецразмещение,Не определено,Десктопы,Не определён,Wi-Fi,Мужской,45-54 года,2–5%,Не определено,0.00,0,0,-,-,1,-,0.00,0.57,0.00,56.99,4.00,-,-,-
"Приозерский район, Поиск   от 25-07-2026",713047408,11.08.2026,Приозерский район,5776633358,Автотаргетинг,,-,0,-,0,облицовка дома варианты,Сопутствующие запросы,Запросы без упоминания брендов,-,,1916597733861553174,Комбинаторное,Термопанели для дома в Приозерске,,,,Поиск,Спецразмещение,Не определено,Смартфоны,Android,Wi-Fi,Женский,35-44 года,Остальные,Не определено,0.00,0,0,-,-,1,-,0.00,0.89,0.00,89.11,2.00,-,-,-
"Приозерский район, Поиск   от 25-07-2026",713047408,11.08.2026,Приозерский район,5776633358,Автотаргетинг,,-,0,-,0,облицовка дома варианты,Сопутствующие запросы,Запросы без упоминания брендов,-,,1916597733861553174,Комбинаторное,Фасадные термопанели с клинкером,,,,Поиск,Спецразмещение,Не определено,Смартфоны,Android,Wi-Fi,Женский,35-44 года,Остальные,Не определено,0.00,0,0,-,-,1,-,0.00,1.00,0.00,100.00,-,-,-,-
"Приозерский район, Поиск   от 25-07-2026",713047408,11.08.2026,Приозерский район,5776633358,Автотаргетинг,,-,0,-,0,обрешетка под контур утеплитель,Сопутствующие запросы,Запросы без упоминания брендов,-,,1918168175770350076,Страницы каталога,Термопанель Колорадо 1 (32 шт),Термопанель Колорадо 1 (32 шт),,,Поиск,Прочее,Не определено,Смартфоны,Android,Wi-Fi,Мужской,45-54 года,Остальные,Не определено,0.00,0,0,-,-,1,-,0.00,1.00,0.00,100.00,5.00,-,-,-
"Приозерский район, Поиск   от 25-07-2026",713047408,11.08.2026,Приозерский район,5776633358,Автотаргетинг,,-,0,-,0,обрешетка под контур утеплитель,Сопутствующие запросы,Запросы без упоминания брендов,-,,1918168175770350076,Страницы каталога,Термопанель Колорадо 3 (32 шт),Термопанель Колорадо 3 (32 шт),,,Поиск,Прочее,Не определено,Смартфоны,Android,Wi-Fi,Мужской,45-54 года,Остальные,Не определено,0.00,0,0,-,-,2,-,0.00,0.17,0.00,8.50,5.00,-,-,-
"Приозерский район, Поиск   от 25-07-2026",713047408,11.08.2026,Приозерский район,5776633358,Автотаргетинг,,-,0,-,0,обшивка фасада дома,Сопутствующие запросы,Запросы без упоминания брендов,-,,1916597733861553174,Комбинаторное,Термопанели для дома в Приозерске,,,,Поиск,Спецразмещение,Не определено,Смартфоны,Android,Мобильная связь,Женский,Старше 55,Остальные,Не определено,0.00,0,0,-,-,1,-,0.00,0.59,0.00,59.20,3.00,-,-,-
"Приозерский район, Поиск   от 25-07-2026",713047408,11.08.2026,Приозерский район,5776633358,Автотаргетинг,,-,0,-,0,отделка каркасного дома снаружи варианты фасада,Сопутствующие запросы,Запросы без упоминания брендов,-,,1916597733861553174,Комбинаторное,Термопанели для дома в Приозерске,,,,Поиск,Спецразмещение,Не определено,Десктопы,Не определён,Wi-Fi,Женский,45-54 года,Остальные,Не определено,0.00,0,0,-,-,1,-,0.00,1.42,0.00,141.60,2.00,-,-,-
"Приозерский район, Поиск   от 25-07-2026",713047408,11.08.2026,Приозерский район,5776633358,Автотаргетинг,,-,0,-,0,отделка каркасного дома снаружи варианты фасада,Сопутствующие запросы,Запросы без упоминания брендов,-,,1916597733861553174,Комбинаторное,Термопанели для дома в Приозерске,,,,Поиск,Прочее,Не определено,Десктопы,Не определён,Wi-Fi,Женский,45-54 года,Остальные,Не определено,0.00,0,0,-,-,1,-,0.00,0.79,0.00,78.56,5.00,-,-,-
"Приозерский район, Поиск   от 25-07-2026",713047408,11.08.2026,Приозерский район,5776633358,Автотаргетинг,,-,0,-,0,отделка каркасного дома снаружи варианты фасада,Сопутствующие запросы,Запросы без упоминания брендов,-,,1916597733861553174,Комбинаторное,Фасадные термопанели с клинкером,,,,Поиск,Спецразмещение,Не определено,Десктопы,Не определён,Wi-Fi,Женский,45-54 года,Остальные,Не определено,0.00,0,0,-,-,1,-,0.00,0.90,0.00,89.90,-,-,-,-
"Приозерский район, Поиск   от 25-07-2026",713047408,11.08.2026,Приозерский район,5776633358,Автотаргетинг,,-,0,-,0,панели для отделки загородного дома варианты,Сопутствующие запросы,Запросы без упоминания брендов,-,,1916597733861553174,Комбинаторное,Термопанели для дома в Приозерске,,,,Поиск,Спецразмещение,Не определено,Смартфоны,Android,Мобильная связь,Женский,45-54 года,6–10%,Не определено,0.00,0,0,-,-,1,-,0.00,0.89,0.00,89.01,1.00,-,-,-
"Приозерский район, Поиск   от 25-07-2026",713047408,11.08.2026,Приозерский район,5776633358,Автотаргетинг,,-,0,-,0,панели для отделки загородного дома варианты,Сопутствующие запросы,Запросы без упоминания брендов,-,,1916597733861553174,Комбинаторное,Термопанели для дома в Приозерске,,,,Поиск,Прочее,Не определено,Смартфоны,Android,Мобильная связь,Женский,45-54 года,6–10%,Не определено,0.00,0,0,-,-,1,-,0.00,1.37,0.00,137.10,5.00,-,-,-
"Приозерский район, Поиск   от 25-07-2026",713047408,11.08.2026,Приозерский район,5776633358,Автотаргетинг,,-,0,-,0,панели для стен вимос,Широкие запросы,Запросы с упоминанием брендов конкурентов,-,,1918168175770350076,Страницы каталога,Термопанель Колорадо 5 (32 шт),Термопанель Колорадо 5 (32 шт),,,Поиск,Спецразмещение,Не определено,Смартфоны,Android,Wi-Fi,Мужской,Старше 55,2–5%,Не определено,0.00,0,0,-,-,1,-,0.00,0.56,0.00,56.32,3.00,-,-,-
"Приозерский район, Поиск   от 25-07-2026",713047408,11.08.2026,Приозерский район,5776633358,Автотаргетинг,,-,0,-,0,пеноплекс,Сопутствующие запросы,Запросы без упоминания брендов,-,,1916597733861553174,Комбинаторное,Клинкерные термопанели — КлинкерПрофи,,,,Поиск,Прочее,Не определено,Смартфоны,Android,Wi-Fi,Мужской,35-44 года,2–5%,Не определено,0.00,0,0,-,-,1,-,0.00,0.42,0.00,41.63,6.00,-,-,-
"Приозерский район, Поиск   от 25-07-2026",713047408,11.08.2026,Приозерский район,5776633358,Автотаргетинг,,-,0,-,0,пеноплекс кириши,Альтернативные запросы,Запросы без упоминания брендов,-,,1916597733861553174,Комбинаторное,Производство в Выборге — доставка в район,,,,Поиск,Спецразмещение,Не определено,Смартфоны,Android,Wi-Fi,Женский,45-54 года,Остальные,Не определено,0.00,0,0,-,-,1,-,0.00,0.80,0.00,80.34,1.00,-,-,-
"Приозерский район, Поиск   от 25-07-2026",713047408,11.08.2026,Приозерский район,5776633358,Автотаргетинг,,-,0,-,0,петрович строительные материалы ленобласть,Широкие запросы,Запросы с упоминанием брендов конкурентов,-,,1916597733861553174,Комбинаторное,Производство в Выборге — доставка в район,,,,Поиск,Спецразмещение,Не определено,Смартфоны,Android,Wi-Fi,Мужской,35-44 года,Остальные,Не определено,0.00,0,0,-,-,1,-,0.00,0.54,0.00,54.46,2.00,-,-,-
"Приозерский район, Поиск   от 25-07-2026",713047408,11.08.2026,Приозерский район,5776633358,Автотаргетинг,,-,0,-,0,планкен скошенный,Альтернативные запросы,Запросы без упоминания брендов,-,,1918168175770350076,Страницы каталога,Термопанель Колорадо 2 (32 шт),Термопанель Колорадо 2 (32 шт),,,Поиск,Спецразмещение,Не определено,Смартфоны,iOS,Wi-Fi,Женский,35-44 года,2–5%,Не определено,0.00,0,0,-,-,1,-,0.00,0.32,0.00,32.31,4.00,-,-,-
"Приозерский район, Поиск   от 25-07-2026",713047408,11.08.2026,Приозерский район,5776633358,Автотаргетинг,,-,0,-,0,плитка морозостойкая,Альтернативные запросы,Запросы без упоминания брендов,-,,1918168175770350076,Страницы каталога,Термопанели с клинкерной плиткой. Производство в Выборге,Термопанели с клинкерной плиткой — КлинкерПрофи,,,Поиск,Спецразмещение,Не определено,Смартфоны,Android,Wi-Fi,Мужской,35-44 года,Остальные,Не определено,0.00,0,0,-,-,2,-,0.00,1.46,0.00,73.00,2.50,-,-,-
"Приозерский район, Поиск   от 25-07-2026",713047408,11.08.2026,Приозерский район,5776633358,Автотаргетинг,,-,0,-,0,поблизости строительный магазин,Широкие запросы,Запросы без упоминания брендов,-,,1916597733861553174,Комбинаторное,Производство в Выборге — доставка в район,,,,Поиск,Спецразмещение,Не определено,Смартфоны,Android,Wi-Fi,Женский,35-44 года,Остальные,Не определено,0.00,0,0,-,-,1,-,0.00,1.16,0.00,116.26,1.00,-,-,-
"Приозерский район, Поиск   от 25-07-2026",713047408,11.08.2026,Приозерский район,5776633358,Автотаргетинг,,-,0,-,0,поблизости строительный магазин,Широкие запросы,Запросы без упоминания брендов,-,,1916597733861553174,Комбинаторное,Производство в Выборге — доставка в район,,,,Поиск,Прочее,Не определено,Смартфоны,Android,Wi-Fi,Женский,35-44 года,Остальные,Не определено,0.00,0,0,-,-,1,-,0.00,1.21,0.00,121.18,5.00,-,-,-
"Приозерский район, Поиск   от 25-07-2026",713047408,11.08.2026,Приозерский район,5776633358,Автотаргетинг,,-,0,-,0,природние камен на стена,Альтернативные запросы,Запросы без упоминания брендов,-,,1918168175770350076,Страницы каталога,Клинкерная плитка фасадная STONE (графитовый),Клинкерная плитка фасадная STONE (графитовый),,,Поиск,Спецразмещение,Не определено,Смартфоны,Android,Wi-Fi,Мужской,25-34 года,Остальные,Не определено,0.00,0,0,-,-,1,-,0.00,1.00,0.00,100.00,-,-,-,-
"Приозерский район, Поиск   от 25-07-2026",713047408,11.08.2026,Приозерский район,5776633358,Автотаргетинг,,-,0,-,0,пробковая штукатурка для фасада,Альтернативные запросы,Запросы без упоминания брендов,-,,1918168175770350076,Страницы каталога,Клинкерная плитка фасадная KAYLOS,Клинкерная плитка фасадная KAYLOS,,,Поиск,Спецразмещение,Не определено,Десктопы,Не определён,Wi-Fi,Мужской,Старше 55,6–10%,Не определено,0.00,0,0,-,-,1,-,0.00,0.64,0.00,63.66,3.00,-,-,-
"Приозерский район, Поиск   от 25-07-2026",713047408,11.08.2026,Приозерский район,5776633358,Автотаргетинг,,-,0,-,0,профлист узкий,Альтернативные запросы,Запросы без упоминания брендов,-,,1916597733861553174,Комбинаторное,Производство в Выборге — доставка в район,,,,Поиск,Спецразмещение,Не определено,Смартфоны,Android,Wi-Fi,Мужской,Старше 55,6–10%,Не определено,0.00,0,0,-,-,1,-,0.00,0.66,0.00,65.78,2.00,-,-,-
"Приозерский район, Поиск   от 25-07-2026",713047408,11.08.2026,Приозерский район,5776633358,Автотаргетинг,,-,0,-,0,реечные панели sand,Альтернативные запросы,Запросы без упоминания брендов,-,,1918168175770350076,Страницы каталога,Термопанель Колорадо 1 (32 шт),Термопанель Колорадо 1 (32 шт),,,Поиск,Спецразмещение,Не определено,Десктопы,Не определён,Wi-Fi,Мужской,35-44 года,Топ 1%,Не определено,0.00,0,0,-,-,1,-,0.00,0.40,0.00,40.22,3.00,-,-,-
"Приозерский район, Поиск   от 25-07-2026",713047408,11.08.2026,Приозерский район,5776633358,Автотаргетинг,,-,0,-,0,список товаров стройматериалы в поселке громово,Широкие запросы,Запросы без упоминания брендов,-,,1916597733861553174,Комбинаторное,Производство в Выборге — доставка в район,,,,Поиск,Спецразмещение,Не определено,Планшеты,Android,Wi-Fi,Мужской,Старше 55,Остальные,Не определено,0.00,0,0,-,-,1,-,0.00,0.06,0.00,5.61,4.00,-,-,-
"Приозерский район, Поиск   от 25-07-2026",713047408,11.08.2026,Приозерский район,5776633358,Автотаргетинг,,-,0,-,0,стартовый профиль для термопанелей,Сопутствующие запросы,Запросы без упоминания брендов,-,,1916597733861553174,Комбинаторное,Клинкерные термопанели — КлинкерПрофи,,,,Поиск,Спецразмещение,Не определено,Смартфоны,iOS,Wi-Fi,Мужской,25-34 года,Остальные,Не определено,0.00,0,0,-,-,1,-,0.00,0.67,0.00,67.15,2.00,-,-,-
"Приозерский район, Поиск   от 25-07-2026",713047408,11.08.2026,Приозерский район,5776633358,Автотаргетинг,,-,0,-,0,строительная база в снегиревке,Широкие запросы,Запросы без упоминания брендов,-,,1916597733861553174,Комбинаторное,Производство в Выборге — доставка в район,,,,Поиск,Спецразмещение,Не определено,Планшеты,Android,Wi-Fi,Мужской,Не определен,Остальные,Не определено,0.00,0,0,-,-,1,-,0.00,1.00,0.00,100.00,1.00,-,-,-
"Приозерский район, Поиск   от 25-07-2026",713047408,11.08.2026,Приозерский район,5776633358,Автотаргетинг,,-,0,-,0,строительная база ларионово,Альтернативные запросы,Запросы без упоминания брендов,-,,1916597733861553174,Комбинаторное,Производство в Выборге — доставка в район,,,,Поиск,Спецразмещение,Не определено,Смартфоны,Android,Wi-Fi,Мужской,Старше 55,Остальные,Не определено,0.00,0,0,-,-,1,-,0.00,1.00,0.00,100.48,1.00,-,-,-
"Приозерский район, Поиск   от 25-07-2026",713047408,11.08.2026,Приозерский район,5776633358,Автотаргетинг,,-,0,-,0,строительная база ларионово,Альтернативные запросы,Запросы без упоминания брендов,-,,1916597733861553174,Комбинаторное,Производство в Выборге — доставка в район,,,,Поиск,Прочее,Не определено,Смартфоны,Android,Wi-Fi,Мужской,Старше 55,Остальные,Не определено,0.00,0,0,-,-,1,-,0.00,1.21,0.00,121.09,5.00,-,-,-
"Приозерский район, Поиск   от 25-07-2026",713047408,11.08.2026,Приозерский район,5776633358,Автотаргетинг,,-,0,-,0,строительные магазины в выборге,Широкие запросы,Запросы без упоминания брендов,-,,1916597733861553174,Комбинаторное,Производство в Выборге — доставка в район,,,,Поиск,Спецразмещение,Не определено,Десктопы,Не определён,Wi-Fi,Женский,45-54 года,Остальные,Не определено,0.00,0,0,-,-,1,-,0.00,0.78,0.00,77.57,3.00,-,-,-
"Приозерский район, Поиск   от 25-07-2026",713047408,11.08.2026,Приозерский район,5776633358,Автотаргетинг,,-,0,-,0,строительные магазины в сосново,Широкие запросы,Запросы без упоминания брендов,-,,1916597733861553174,Комбинаторное,Производство в Выборге — доставка в район,,,,Поиск,Спецразмещение,Не определено,Смартфоны,Android,Wi-Fi,Женский,45-54 года,Остальные,Не определено,0.00,0,0,-,-,1,-,0.00,0.81,0.00,81.08,3.00,-,-,-
"Приозерский район, Поиск   от 25-07-2026",713047408,11.08.2026,Приозерский район,5776633358,Автотаргетинг,,-,0,-,0,строительные магазины в сосново,Широкие запросы,Запросы без упоминания брендов,-,,1916597733861553174,Комбинаторное,Производство в Выборге — доставка в район,,,,Поиск,Прочее,Не определено,Смартфоны,Android,Wi-Fi,Женский,45-54 года,Остальные,Не определено,0.00,0,0,-,-,1,-,0.00,1.21,0.00,121.09,5.00,-,-,-
"Приозерский район, Поиск   от 25-07-2026",713047408,11.08.2026,Приозерский район,5776633358,Автотаргетинг,,-,0,-,0,строительные рынки сосново лен обл,Альтернативные запросы,Запросы без упоминания брендов,-,,1916597733861553174,Комбинаторное,Производство в Выборге — доставка в район,,,,Поиск,Спецразмещение,Не определено,Смартфоны,Android,Wi-Fi,Мужской,Старше 55,2–5%,Не определено,0.00,0,0,-,-,1,-,0.00,0.87,0.00,87.25,1.00,-,-,-
"Приозерский район, Поиск   от 25-07-2026",713047408,11.08.2026,Приозерский район,5776633358,Автотаргетинг,,-,0,-,0,строительные рынки сосново лен обл,Альтернативные запросы,Запросы без упоминания брендов,-,,1916597733861553174,Комбинаторное,Производство в Выборге — доставка в район,,,,Поиск,Прочее,Не определено,Смартфоны,Android,Wi-Fi,Мужской,Старше 55,2–5%,Не определено,0.00,0,0,-,-,1,-,0.00,0.09,0.00,8.50,5.00,-,-,-
"Приозерский район, Поиск   от 25-07-2026",713047408,11.08.2026,Приозерский район,5776633358,Автотаргетинг,,-,0,-,0,строительный магазин в приозерске рядом с вокзалом,Альтернативные запросы,Запросы без упоминания брендов,-,,1916597733861553174,Комбинаторное,Производство в Выборге — доставка в район,,,,Поиск,Спецразмещение,Не определено,Планшеты,Android,Wi-Fi,Женский,Не определен,Остальные,Не определено,0.00,0,0,-,-,1,-,0.00,1.00,0.00,100.00,1.00,-,-,-
"Приозерский район, Поиск   от 25-07-2026",713047408,11.08.2026,Приозерский район,5776633358,Автотаргетинг,,-,0,-,0,строительный магазин на пионерской,Альтернативные запросы,Запросы без упоминания брендов,-,,1916597733861553174,Комбинаторное,Производство в Выборге — доставка в район,,,,Поиск,Спецразмещение,Не определено,Смартфоны,Android,Wi-Fi,Женский,Старше 55,Остальные,Не определено,0.00,0,0,-,-,1,-,0.00,0.86,0.00,86.40,1.00,-,-,-
"Приозерский район, Поиск   от 25-07-2026",713047408,11.08.2026,Приозерский район,5776633358,Автотаргетинг,,-,0,-,0,стройбаза,Широкие запросы,Запросы без упоминания брендов,-,,1916597733861553174,Комбинаторное,Производство в Выборге — доставка в район,,,,Поиск,Спецразмещение,Не определено,Смартфоны,iOS,Wi-Fi,Мужской,Старше 55,2–5%,Не определено,0.00,0,0,-,-,1,-,0.00,0.87,0.00,87.15,1.00,-,-,-
"Приозерский район, Поиск   от 25-07-2026",713047408,11.08.2026,Приозерский район,5776633358,Автотаргетинг,,-,0,-,0,стройбаза,Широкие запросы,Запросы без упоминания брендов,-,,1916597733861553174,Комбинаторное,Производство в Выборге — доставка в район,,,,Поиск,Прочее,Не определено,Смартфоны,iOS,Wi-Fi,Мужской,Старше 55,2–5%,Не определено,0.00,0,0,-,-,1,-,0.00,1.00,0.00,100.00,5.00,-,-,-
"Приозерский район, Поиск   от 25-07-2026",713047408,11.08.2026,Приозерский район,5776633358,Автотаргетинг,,-,0,-,0,стройбаза в ларионово приозерский,Альтернативные запросы,Запросы без упоминания брендов,-,,1916597733861553174,Комбинаторное,Производство в Выборге — доставка в район,,,,Поиск,Спецразмещение,Не определено,Смартфоны,Android,Мобильная связь,Мужской,45-54 года,Остальные,Не определено,0.00,0,0,-,-,1,-,0.00,0.82,0.00,81.67,1.00,-,-,-
"Приозерский район, Поиск   от 25-07-2026",713047408,11.08.2026,Приозерский район,5776633358,Автотаргетинг,,-,0,-,0,стройбаза в ларионово приозерский район,Альтернативные запросы,Запросы без упоминания брендов,-,,1916597733861553174,Комбинаторное,Производство в Выборге — доставка в район,,,,Поиск,Спецразмещение,Не определено,Смартфоны,Android,Wi-Fi,Мужской,Старше 55,Остальные,Не определено,0.00,0,0,-,-,2,-,0.00,1.59,0.00,79.31,1.00,-,-,-
"Приозерский район, Поиск   от 25-07-2026",713047408,11.08.2026,Приозерский район,5776633358,Автотаргетинг,,-,0,-,0,стройбаза в ларионово приозерский район,Альтернативные запросы,Запросы без упоминания брендов,-,,1916597733861553174,Комбинаторное,Производство в Выборге — доставка в район,,,,Поиск,Прочее,Не определено,Смартфоны,Android,Wi-Fi,Мужской,Старше 55,Остальные,Не определено,0.00,0,0,-,-,3,-,0.00,3.00,0.00,100.00,5.00,-,-,-
"Приозерский район, Поиск   от 25-07-2026",713047408,11.08.2026,Приозерский район,5776633358,Автотаргетинг,,-,0,-,0,стройбаза раздолье в сосново приозерского района каталог,Широкие запросы,Запросы с упоминанием брендов конкурентов,-,,1916597733861553174,Комбинаторное,Производство в Выборге — доставка в район,,,,Поиск,Прочее,Не определено,Смартфоны,Android,Wi-Fi,Мужской,45-54 года,Остальные,Не определено,0.00,0,0,-,-,1,-,0.00,0.09,0.00,8.50,5.00,-,-,-
"Приозерский район, Поиск   от 25-07-2026",713047408,11.08.2026,Приозерский район,5776633358,Автотаргетинг,,-,0,-,0,стройудача сосново каталог товаров,Широкие запросы,Запросы с упоминанием брендов конкурентов,-,,1916597733861553174,Комбинаторное,Производство в Выборге — доставка в район,,,,Поиск,Спецразмещение,Не определено,Смартфоны,Android,Wi-Fi,Мужской,25-34 года,Остальные,Не определено,0.00,0,0,-,-,1,-,0.00,1.38,0.00,137.52,1.00,-,-,-
"Приозерский район, Поиск   от 25-07-2026",713047408,11.08.2026,Приозерский район,5776633358,Автотаргетинг,,-,0,-,0,стройудача сосново каталог товаров,Широкие запросы,Запросы с упоминанием брендов конкурентов,-,,1916597733861553174,Комбинаторное,Производство в Выборге — доставка в район,,,,Поиск,Спецразмещение,Не определено,Смартфоны,Android,Wi-Fi,Мужской,45-54 года,Остальные,Не определено,0.00,0,0,-,-,1,-,0.00,0.91,0.00,90.86,1.00,-,-,-
"Приозерский район, Поиск   от 25-07-2026",713047408,11.08.2026,Приозерский район,5776633358,Автотаргетинг,,-,0,-,0,стройудача сосново каталог товаров,Широкие запросы,Запросы с упоминанием брендов конкурентов,-,,1916597733861553174,Комбинаторное,Производство в Выборге — доставка в район,,,,Поиск,Прочее,Не определено,Смартфоны,Android,Wi-Fi,Мужской,45-54 года,Остальные,Не определено,0.00,0,0,-,-,1,-,0.00,1.21,0.00,120.90,5.00,-,-,-
"Приозерский район, Поиск   от 25-07-2026",713047408,11.08.2026,Приозерский район,5776633358,Автотаргетинг,,-,0,-,0,сэндвич панели,Альтернативные запросы,Запросы без упоминания брендов,-,,1916597733861553174,Комбинаторное,Клинкерные термопанели — КлинкерПрофи,,,,Поиск,Прочее,Не определено,Смартфоны,Android,Wi-Fi,Мужской,35-44 года,2–5%,Не определено,0.00,0,0,-,-,1,-,0.00,1.00,0.00,100.00,5.00,-,-,-
"Приозерский район, Поиск   от 25-07-2026",713047408,11.08.2026,Приозерский район,5776633358,Автотаргетинг,,-,0,-,0,сэндвич панели,Альтернативные запросы,Запросы без упоминания брендов,-,,1916597733861553174,Комбинаторное,Клинкерные термопанели — КлинкерПрофи,,,,Поиск,Прочее,Не определено,Смартфоны,Android,Wi-Fi,Женский,Старше 55,Остальные,Не определено,0.00,0,0,-,-,1,-,0.00,0.09,0.00,8.50,5.00,-,-,-
"Приозерский район, Поиск   от 25-07-2026",713047408,11.08.2026,Приозерский район,5776633358,Автотаргетинг,,-,0,-,0,сэндвич панели,Альтернативные запросы,Запросы без упоминания брендов,-,,1918168175770350076,Страницы каталога,Термопанель Колорадо 4 (32 шт),Термопанель Колорадо 4 (32 шт),,,Поиск,Спецразмещение,Не определено,Смартфоны,Android,Wi-Fi,Мужской,35-44 года,2–5%,Не определено,0.00,0,0,-,-,1,-,0.00,0.47,0.00,47.48,3.00,-,-,-
"Приозерский район, Поиск   от 25-07-2026",713047408,11.08.2026,Приозерский район,5776633358,Автотаргетинг,,-,0,-,0,сэндвич панели,Альтернативные запросы,Запросы без упоминания брендов,-,,1918168175770350076,Страницы каталога,Термопанель Колорадо 4 (32 шт),Термопанель Колорадо 4 (32 шт),,,Поиск,Прочее,Не определено,Смартфоны,Android,Wi-Fi,Мужской,35-44 года,2–5%,Не определено,0.00,0,0,-,-,1,-,0.00,1.00,0.00,100.00,5.00,-,-,-
"Приозерский район, Поиск   от 25-07-2026",713047408,11.08.2026,Приозерский район,5776633358,Автотаргетинг,,-,0,-,0,сэндвич панели,Сопутствующие запросы,Запросы без упоминания брендов,-,,1916597733861553174,Комбинаторное,Утепление фасада термопанелями,,,,Поиск,Спецразмещение,Не определено,Смартфоны,Android,Wi-Fi,Женский,Старше 55,Остальные,Не определено,0.00,0,0,-,-,1,-,0.00,0.93,0.00,92.60,1.00,-,-,-
"Приозерский район, Поиск   от 25-07-2026",713047408,11.08.2026,Приозерский район,5776633358,Автотаргетинг,,-,0,-,0,тепло и теплоизоляционные материалы в рулонах,Альтернативные запросы,Запросы без упоминания брендов,-,,1916597733861553174,Комбинаторное,Утепление фасада термопанелями,,,,Поиск,Спецразмещение,Не определено,Планшеты,Android,Wi-Fi,Женский,Старше 55,Остальные,Не определено,0.00,0,0,-,-,1,-,0.00,0.15,0.00,14.73,2.00,-,-,-
"Приозерский район, Поиск   от 25-07-2026",713047408,11.08.2026,Приозерский район,5776633358,Автотаргетинг,,-,0,-,0,услуги мастера по ремонту деревянного дома в коробицыно,Сопутствующие запросы,Запросы без упоминания брендов,-,,1916597733861553174,Комбинаторное,Производство в Выборге — доставка в район,,,,Поиск,Прочее,Не определено,Смартфоны,Android,Wi-Fi,Мужской,45-54 года,Остальные,Не определено,0.00,0,0,-,-,1,-,0.00,0.77,0.00,76.79,5.00,-,-,-
"Приозерский район, Поиск   от 25-07-2026",713047408,11.08.2026,Приозерский район,5776633358,Автотаргетинг,,-,0,-,0,фасадная панель технониколь под кирпич,Альтернативные запросы,Запросы с упоминанием брендов конкурентов,-,,1918168175770350076,Страницы каталога,Термопанели с клинкерной плиткой. Производство в Выборге,Термопанели с клинкерной плиткой — КлинкерПрофи,,,Поиск,Спецразмещение,Не определено,Смартфоны,Android,Wi-Fi,Мужской,Старше 55,Остальные,Не определено,0.00,0,0,-,-,1,-,0.00,0.85,0.00,84.55,1.00,-,-,-
"Приозерский район, Поиск   от 25-07-2026",713047408,11.08.2026,Приозерский район,5776633358,Автотаргетинг,,-,0,-,0,фасадные панели для наружной отделки не под кирпич,Широкие запросы,Запросы без упоминания брендов,-,,1918168175770350076,Страницы каталога,Термопанели с клинкерной плиткой. Производство в Выборге,Термопанели с клинкерной плиткой — КлинкерПрофи,,,Поиск,Спецразмещение,Не определено,Смартфоны,iOS,Wi-Fi,Мужской,25-34 года,Топ 1%,Не определено,0.00,0,0,-,-,1,-,0.00,0.70,0.00,69.68,2.00,-,-,-
"Приозерский район, Поиск   от 25-07-2026",713047408,11.08.2026,Приозерский район,5776633358,Автотаргетинг,,-,0,-,0,фасадные панели для наружной отделки реечные,Альтернативные запросы,Запросы без упоминания брендов,-,,1916597733861553174,Комбинаторное,Фасадные термопанели с клинкером,,,,Поиск,Спецразмещение,Не определено,Смартфоны,iOS,Wi-Fi,Мужской,25-34 года,Топ 1%,Не определено,0.00,0,0,-,-,1,-,0.00,0.63,0.00,62.64,2.00,-,-,-
"Приозерский район, Поиск   от 25-07-2026",713047408,11.08.2026,Приозерский район,5776633358,Автотаргетинг,,-,0,-,0,фасадные панели под кирпич,Альтернативные запросы,Запросы без упоминания брендов,-,,1918168175770350076,Страницы каталога,Термопанели с клинкерной плиткой. Производство в Выборге,Термопанели с клинкерной плиткой — КлинкерПрофи,,,Поиск,Спецразмещение,Не определено,Смартфоны,Android,Wi-Fi,Мужской,Старше 55,Остальные,Не определено,0.00,0,0,-,-,1,-,0.00,0.75,0.00,74.61,2.00,-,-,-
"Приозерский район, Поиск   от 25-07-2026",713047408,11.08.2026,Приозерский район,5776633358,Автотаргетинг,,-,0,-,0,фасадные панели под кирпич,Альтернативные запросы,Запросы без упоминания брендов,-,,1918168175770350076,Страницы каталога,Термопанели с клинкерной плиткой. Производство в Выборге,Термопанели с клинкерной плиткой — КлинкерПрофи,,,Поиск,Прочее,Не определено,Смартфоны,Android,Wi-Fi,Мужской,Старше 55,Остальные,Не определено,0.00,0,0,-,-,1,-,0.00,0.09,0.00,8.50,5.00,-,-,-
"Приозерский район, Поиск   от 25-07-2026",713047408,11.08.2026,Приозерский район,5776633358,Автотаргетинг,,-,0,-,0,фасадные панели цсп металлокассеты hpl панели,Альтернативные запросы,Запросы без упоминания брендов,-,,1918168175770350076,Страницы каталога,Термопанели с клинкерной плиткой. Производство в Выборге,Термопанели с клинкерной плиткой — КлинкерПрофи,,,Поиск,Спецразмещение,Не определено,Смартфоны,iOS,Wi-Fi,Мужской,35-44 года,Топ 1%,Не определено,0.00,0,0,-,-,1,-,0.00,0.57,0.00,57.20,3.00,-,-,-
"Приозерский район, Поиск   от 25-07-2026",713047408,11.08.2026,Приозерский район,5776633358,Автотаргетинг,,-,0,-,0,цоколь панели,Широкие запросы,Запросы без упоминания брендов,-,,1918168175770350076,Страницы каталога,Термопанель Колорадо 3 (32 шт),Термопанель Колорадо 3 (32 шт),,,Поиск,Спецразмещение,Не определено,Десктопы,Не определён,Wi-Fi,Мужской,35-44 года,Топ 1%,Не определено,0.00,1,0,0.00,-,1,0.00,100.00,0.41,242.36,41.26,4.00,4.00,0.00,5.00
"Приозерский район, Поиск   от 25-07-2026",713047408,11.08.2026,Приозерский район,5776633358,Автотаргетинг,,-,0,-,0,чем можно отделать газоблок снаружи какие варианты,Сопутствующие запросы,Запросы без упоминания брендов,-,,1916597733861553174,Комбинаторное,Клинкерные термопанели — КлинкерПрофи,,,,Поиск,Прочее,Не определено,Смартфоны,iOS,Wi-Fi,Мужской,35-44 года,Топ 1%,Не определено,0.00,0,0,-,-,1,-,0.00,0.77,0.00,76.79,5.00,-,-,-
"Приозерский район, Поиск   от 25-07-2026",713047408,11.08.2026,Приозерский район,5776633358,Автотаргетинг,,-,0,-,0,чем можно отделать газоблок снаружи какие варианты,Сопутствующие запросы,Запросы без упоминания брендов,-,,1916597733861553174,Комбинаторное,Фасадные термопанели с клинкером,,,,Поиск,Прочее,Не определено,Смартфоны,iOS,Wi-Fi,Мужской,35-44 года,Топ 1%,Не определено,0.00,0,0,-,-,1,-,0.00,0.09,0.00,8.50,5.00,-,-,-
"Приозерский район, Поиск   от 25-07-2026",713047408,11.08.2026,Приозерский район,5776633358,Автотаргетинг,,-,0,-,0,чем обшить дом,Сопутствующие запросы,Запросы без упоминания брендов,-,,1916597733861553174,Комбинаторное,Термопанели для дома в Приозерске,,,,Поиск,Спецразмещение,Не определено,Десктопы,Не определён,Wi-Fi,Женский,45-54 года,Остальные,Не определено,0.00,0,0,-,-,1,-,0.00,1.20,0.00,120.48,1.00,-,-,-
"Приозерский район, Поиск   от 25-07-2026",713047408,11.08.2026,Приозерский район,5776633358,Автотаргетинг,,-,0,-,0,чем обшить дом,Сопутствующие запросы,Запросы без упоминания брендов,-,,1916597733861553174,Комбинаторное,Термопанели для дома в Приозерске,,,,Поиск,Прочее,Не определено,Десктопы,Не определён,Wi-Fi,Женский,45-54 года,Остальные,Не определено,0.00,0,0,-,-,1,-,0.00,1.00,0.00,100.00,5.00,-,-,-
"Приозерский район, Поиск   от 25-07-2026",713047408,11.08.2026,Приозерский район,5776633358,Автотаргетинг,,-,0,-,0,чем отделать нижний край термопанелей с клинкерной плиткой,Сопутствующие запросы,Запросы без упоминания брендов,-,,1916597733861553174,Комбинаторное,Термопанели с клинкерной плиткой - КлинкерПрофи,,,,Поиск,Спецразмещение,Не определено,Смартфоны,iOS,Wi-Fi,Мужской,25-34 года,Остальные,Не определено,11.38,1,0,0.00,-,1,11.38,100.00,1.25,79.79,125.32,1.00,1.00,100.00,1.00
"Приозерский район, Поиск   от 25-07-2026",713047408,11.08.2026,Приозерский район,5776633358,Автотаргетинг,,-,0,-,0,чем отделать нижний край термопанелей с клинкерной плиткой,Сопутствующие запросы,Запросы без упоминания брендов,-,,1916597733861553174,Комбинаторное,Термопанели с клинкерной плиткой - КлинкерПрофи,,,,Поиск,Прочее,Не определено,Смартфоны,iOS,Wi-Fi,Мужской,25-34 года,Остальные,Не определено,0.00,0,0,-,-,1,-,0.00,1.00,0.00,100.00,5.00,-,-,-
Термопанели в Выборге,712773255,11.08.2026,Группа 1 - коммерческая,5773901452,Фраза,купить термопанели для дома,-,0,-,0,термопанели для дома купить спб,Целевые запросы,Запросы без упоминания брендов,Пословное,,1915802398259215246,Комбинаторное,Купить термопанели в Выборге напрямую,,,,Поиск,Товарная галерея,Не определено,Смартфоны,Android,Wi-Fi,Мужской,Старше 55,Остальные,Не определено,0.00,0,0,-,-,1,-,0.00,0.03,0.00,3.30,38.00,-,-,-
Термопанели в Выборге,712773255,11.08.2026,Группа 1 - коммерческая,5773901452,Фраза,термопанели -цена -производитель -купить -заказывать -доставка,-,0,-,0,декоративные термопанели для внутренней отделки стен,Широкие запросы,Запросы без упоминания брендов,Пословное,,1915802398259215246,Комбинаторное,Купить термопанели в Выборге напрямую,,,,Поиск,Прочее,Не определено,Смартфоны,Android,Wi-Fi,Женский,Старше 55,Остальные,Не определено,0.00,0,0,-,-,1,-,0.00,0.80,0.00,80.24,6.00,-,-,-
Термопанели в Выборге,712773255,11.08.2026,Группа 1 - коммерческая,5773901452,Фраза,термопанели -цена -производитель -купить -заказывать -доставка,-,0,-,0,полифасад термопанели спб,Альтернативные запросы,Запросы с упоминанием брендов конкурентов,Пословное,,1915802398259215246,Комбинаторное,Купить термопанели в Выборге напрямую,,,,Поиск,Товарная галерея,Не определено,Смартфоны,Android,Wi-Fi,Женский,35-44 года,Остальные,Не определено,0.00,0,0,-,-,1,-,0.00,2.57,0.00,257.11,1.00,-,-,-
Термопанели в Выборге,712773255,11.08.2026,Группа 1 - коммерческая,5773901452,Фраза,термопанели -цена -производитель -купить -заказывать -доставка,-,0,-,0,термопанели для газобетона,Целевые запросы,Запросы без упоминания брендов,Пословное,,1915802398259215246,Комбинаторное,Производитель термопанелей в Ленобласти,,,,Поиск,Прочее,Не определено,Смартфоны,iOS,Wi-Fi,Мужской,35-44 года,2–5%,Не определено,0.00,0,0,-,-,1,-,0.00,0.47,0.00,46.60,7.00,-,-,-
Термопанели в Выборге,712773255,11.08.2026,Группа 1 - коммерческая,5773901452,Фраза,термопанели -цена -производитель -купить -заказывать -доставка,-,0,-,0,термопанели для наружной,Целевые запросы,Запросы без упоминания брендов,Пословное,,1915802398259215246,Комбинаторное,Производитель термопанелей в Ленобласти,,,,Поиск,Прочее,Не определено,Смартфоны,Android,Wi-Fi,Мужской,35-44 года,6–10%,Не определено,0.00,0,0,-,-,1,-,0.00,0.47,0.00,46.60,7.00,-,-,-
Термопанели в Выборге,712773255,11.08.2026,Группа 1 - коммерческая,5773901452,Фраза,термопанели -цена -производитель -купить -заказывать -доставка,-,0,-,0,термопанели для наружной,Широкие запросы,Запросы без упоминания брендов,Пословное,,1915802398259215246,Комбинаторное,Купить термопанели в Выборге напрямую,,,,Поиск,Прочее,Не определено,Смартфоны,Android,Wi-Fi,Мужской,35-44 года,6–10%,Не определено,0.00,0,0,-,-,1,-,0.00,0.47,0.00,46.60,7.00,-,-,-
Термопанели в Выборге,712773255,11.08.2026,Группа 1 - коммерческая,5773901452,Фраза,термопанели -цена -производитель -купить -заказывать -доставка,-,0,-,0,термопанели для наружной отделки,Широкие запросы,Запросы без упоминания брендов,Пословное,,1915802398259215246,Комбинаторное,Купить термопанели в Выборге напрямую,,,,Поиск,Прочее,Не определено,Смартфоны,Android,Wi-Fi,Мужской,35-44 года,Остальные,Не определено,0.00,0,0,-,-,1,-,0.00,0.38,0.00,37.78,8.00,-,-,-
Термопанели в Выборге,712773255,11.08.2026,Группа 1 - коммерческая,5773901452,Фраза,термопанели -цена -производитель -купить -заказывать -доставка,-,0,-,0,термопанели для наружной отделки,Широкие запросы,Запросы без упоминания брендов,Пословное,,1915802398259215246,Комбинаторное,Купить термопанели в Выборге напрямую,,,,Поиск,Товарная галерея,Не определено,Смартфоны,Android,Wi-Fi,Мужской,35-44 года,Остальные,Не определено,0.00,0,0,-,-,1,-,0.00,0.32,0.00,32.27,5.00,-,-,-
Термопанели в Выборге,712773255,11.08.2026,Группа 1 - коммерческая,5773901452,Фраза,термопанели -цена -производитель -купить -заказывать -доставка,-,0,-,0,термопанели керамин,Альтернативные запросы,Запросы с упоминанием брендов конкурентов,Пословное,,1915802398259215246,Комбинаторное,Купить термопанели в Выборге напрямую,,,,Поиск,Товарная галерея,Не определено,Смартфоны,iOS,Wi-Fi,Мужской,25-34 года,Остальные,Не определено,0.00,0,0,-,-,1,-,0.00,0.40,0.00,40.00,5.00,-,-,-
Термопанели в Выборге,712773255,11.08.2026,Группа 1 - коммерческая,5773901452,Фраза,термопанели -цена -производитель -купить -заказывать -доставка,-,0,-,0,фасад спб термопанели,Альтернативные запросы,Запросы с упоминанием брендов конкурентов,Пословное,,1915802398259215246,Комбинаторное,Купить термопанели в Выборге напрямую,,,,Поиск,Товарная галерея,Не определено,Смартфоны,Android,Wi-Fi,Женский,35-44 года,Остальные,Не определено,0.00,0,0,-,-,2,-,0.00,0.51,0.00,25.30,8.50,-,-,-
Термопанели в Выборге,712773255,11.08.2026,Группа 1 - коммерческая,5773901452,Автотаргетинг,,-,0,-,0,амк завод,Альтернативные запросы,Запросы с упоминанием брендов конкурентов,-,,1915802398259215246,Комбинаторное,"Термопанели в Выборге - завод на Ленина, 11",,,,Поиск,Спецразмещение,Не определено,Смартфоны,Android,Wi-Fi,Мужской,35-44 года,Остальные,Не определено,0.00,0,0,-,-,1,-,0.00,0.33,0.00,32.78,2.00,-,-,-
Термопанели в Выборге,712773255,11.08.2026,Группа 1 - коммерческая,5773901452,Автотаргетинг,,-,0,-,0,искусственный камень для отделки стен в лемано,Целевые запросы,Запросы с упоминанием брендов конкурентов,-,,1915802398259215246,Комбинаторное,"Термопанели в Выборге - завод на Ленина, 11",,,,Поиск,Прочее,Не определено,Смартфоны,Android,Wi-Fi,Мужской,45-54 года,Остальные,Не определено,0.00,0,0,-,-,1,-,0.00,0.85,0.00,84.88,5.00,-,-,-
Термопанели в Выборге,712773255,11.08.2026,Группа 1 - коммерческая,5773901452,Автотаргетинг,,-,0,-,0,искуственный камень уличный,Альтернативные запросы,Запросы без упоминания брендов,-,,1915802398259215246,Комбинаторное,Термопанели с клинкером - собственный завод в Выборге,,,,Поиск,Прочее,Не определено,Смартфоны,Android,Wi-Fi,Мужской,35-44 года,Остальные,Не определено,0.00,0,0,-,-,1,-,0.00,0.09,0.00,8.50,5.00,-,-,-
Термопанели в Выборге,712773255,11.08.2026,Группа 1 - коммерческая,5773901452,Автотаргетинг,,-,0,-,0,клинкерная плитка купить в топ хаус,Целевые запросы,Запросы с упоминанием брендов конкурентов,-,,1915802398259215246,Комбинаторное,Термопанели с клинкером - собственный завод в Выборге,,,,Поиск,Товарная галерея,Не определено,Смартфоны,Android,Wi-Fi,Мужской,45-54 года,2–5%,Не определено,0.00,0,0,-,-,1,-,0.00,0.32,0.00,32.27,5.00,-,-,-
Термопанели в Выборге,712773255,11.08.2026,Группа 1 - коммерческая,5773901452,Автотаргетинг,,-,0,-,0,листы теплоизоляции полифас,Альтернативные запросы,Запросы без упоминания брендов,-,,1915802398259215246,Комбинаторное,"Термопанели в Выборге - завод на Ленина, 11",,,,Поиск,Спецразмещение,Не определено,Десктопы,Не определён,Wi-Fi,Мужской,45-54 года,6–10%,Не определено,0.00,0,0,-,-,1,-,0.00,0.45,0.00,45.49,4.00,-,-,-
Термопанели в Выборге,712773255,11.08.2026,Группа 1 - коммерческая,5773901452,Автотаргетинг,,-,0,-,0,панели в мурино,Целевые запросы,Запросы без упоминания брендов,-,,1915802398259215246,Комбинаторное,"Термопанели в Выборге - завод на Ленина, 11",,,,Поиск,Прочее,Не определено,Смартфоны,Android,Wi-Fi,Мужской,Старше 55,Остальные,Не определено,0.00,0,0,-,-,1,-,0.00,0.45,0.00,44.58,8.00,-,-,-
Термопанели в Выборге,712773255,11.08.2026,Группа 1 - коммерческая,5773901452,Автотаргетинг,,-,0,-,0,панели наружные под камень,Целевые запросы,Запросы без упоминания брендов,-,,1915802398259215246,Комбинаторное,Термопанели с клинкером - собственный завод в Выборге,,,,Поиск,Товарная галерея,Не определено,Смартфоны,iOS,Wi-Fi,Мужской,25-34 года,6–10%,Не определено,0.00,0,0,-,-,1,-,0.00,0.03,0.00,3.30,42.00,-,-,-
Термопанели в Выборге,712773255,11.08.2026,Группа 1 - коммерческая,5773901452,Автотаргетинг,,-,0,-,0,панели наружные под камень,Широкие запросы,Запросы без упоминания брендов,-,,1915802398259215246,Комбинаторное,"Термопанели в Выборге - завод на Ленина, 11",,,,Поиск,Спецразмещение,Не определено,Смартфоны,iOS,Wi-Fi,Мужской,25-34 года,6–10%,Не определено,0.00,0,0,-,-,1,-,0.00,0.96,0.00,96.08,1.00,-,-,-
Термопанели в Выборге,712773255,11.08.2026,Группа 1 - коммерческая,5773901452,Автотаргетинг,,-,0,-,0,самый дешевый ремонт на даче,Сопутствующие запросы,Запросы без упоминания брендов,-,,1915802398259215246,Комбинаторное,Гарантия до 5 лет на термопанели,,,,Поиск,Спецразмещение,Не определено,Смартфоны,Android,Wi-Fi,Женский,Старше 55,Остальные,Не определено,0.00,0,0,-,-,1,-,0.00,0.98,0.00,98.08,1.00,-,-,-
Термопанели в Выборге,712773255,11.08.2026,Группа 1 - коммерческая,5773901452,Автотаргетинг,,-,0,-,0,строим наш дом выборг купить панели,Целевые запросы,Запросы с упоминанием брендов конкурентов,-,,1915802398259215246,Комбинаторное,"Термопанели в Выборге - завод на Ленина, 11",,,,Поиск,Прочее,Не определено,Смартфоны,Android,Wi-Fi,Женский,Старше 55,Остальные,Не определено,0.00,0,0,-,-,1,-,0.00,0.85,0.00,84.88,5.00,-,-,-
Термопанели в Выборге,712773255,11.08.2026,Группа 1 - коммерческая,5773901452,Автотаргетинг,,-,0,-,0,строим наш дом выборг купить панели,Широкие запросы,Запросы с упоминанием брендов конкурентов,-,,1915802398259215246,Комбинаторное,Купить термопанели в Выборге напрямую,,,,Поиск,Спецразмещение,Не определено,Смартфоны,Android,Wi-Fi,Женский,Старше 55,Остальные,Не определено,0.00,0,0,-,-,1,-,0.00,1.14,0.00,113.84,1.00,-,-,-
Термопанели в Выборге,712773255,11.08.2026,Группа 1 - коммерческая,5773901452,Автотаргетинг,,-,0,-,0,стройбаща на черной речке,Альтернативные запросы,Запросы с упоминанием брендов конкурентов,-,,1915802398259215246,Комбинаторное,Бесплатная доставка по Выборгскому району,,,,Поиск,Прочее,Не определено,Смартфоны,Android,Wi-Fi,Женский,35-44 года,Остальные,Не определено,0.00,0,0,-,-,1,-,0.00,0.42,0.00,41.63,6.00,-,-,-
Термопанели в Выборге,712773255,11.08.2026,Группа 1 - коммерческая,5773901452,Автотаргетинг,,-,0,-,0,сэндвич панели для утепления стен,Целевые запросы,Запросы без упоминания брендов,-,,1915802398259215246,Комбинаторное,Термопанели с клинкером - собственный завод в Выборге,,,,Поиск,Прочее,Не определено,Смартфоны,Android,Wi-Fi,Мужской,35-44 года,Остальные,Не определено,0.00,0,0,-,-,1,-,0.00,0.65,0.00,64.58,6.00,-,-,-
Термопанели в Выборге,712773255,11.08.2026,Группа 1 - коммерческая,5773901452,Автотаргетинг,,-,0,-,0,термопанели в лепсари,Целевые запросы,Запросы с упоминанием брендов конкурентов,-,,1915802398259215246,Комбинаторное,Термопанели с клинкером - собственный завод в Выборге,,,,Поиск,Товарная галерея,Не определено,Смартфоны,iOS,Wi-Fi,Мужской,45-54 года,2–5%,Не определено,0.00,0,0,-,-,1,-,0.00,0.04,0.00,4.43,28.00,-,-,-
Термопанели в Выборге,712773255,11.08.2026,Группа 1 - коммерческая,5773901452,Автотаргетинг,,-,0,-,0,термопанели в лепсари завод,Целевые запросы,Запросы с упоминанием брендов конкурентов,-,,1915802398259215246,Комбинаторное,Производитель термопанелей в Ленобласти,,,,Поиск,Товарная галерея,Не определено,Смартфоны,iOS,Wi-Fi,Мужской,45-54 года,2–5%,Не определено,0.00,0,0,-,-,2,-,0.00,0.26,0.00,12.83,13.00,-,-,-
Термопанели в Выборге,712773255,11.08.2026,Группа 1 - коммерческая,5773901452,Автотаргетинг,,-,0,-,0,термопанели для цоколя,Узкие запросы,Запросы без упоминания брендов,-,,1915802398259215246,Комбинаторное,Купить термопанели в Выборге напрямую,,,,Поиск,Прочее,Не определено,Смартфоны,Android,Wi-Fi,Мужской,Старше 55,Остальные,Не определено,0.00,0,0,-,-,1,-,0.00,0.09,0.00,8.50,5.00,-,-,-
Термопанели в Выборге,712773255,11.08.2026,Группа 1 - коммерческая,5773901452,Автотаргетинг,,-,0,-,0,технониколь некондиция,Альтернативные запросы,Запросы без упоминания брендов,-,,1915802398259215246,Комбинаторное,"Термопанели в Выборге - завод на Ленина, 11",,,,Поиск,Спецразмещение,Не определено,Смартфоны,Android,Wi-Fi,Мужской,35-44 года,Остальные,Не определено,0.00,0,0,-,-,1,-,0.00,0.71,0.00,70.50,3.00,-,-,-
Термопанели в Выборге,712773255,11.08.2026,Группа 1 - коммерческая,5773901452,Автотаргетинг,,-,0,-,0,утепление дома из контейнеров,Сопутствующие запросы,Запросы без упоминания брендов,-,,1915802398259215246,Комбинаторное,Купить термопанели в Выборге напрямую,,,,Поиск,Прочее,Не определено,Смартфоны,Android,Wi-Fi,Мужской,45-54 года,6–10%,Не определено,0.00,0,0,-,-,1,-,0.00,1.00,0.00,100.00,5.00,-,-,-
Термопанели в Выборге,712773255,11.08.2026,Группа 1 - коммерческая,5773901452,Автотаргетинг,,-,0,-,0,утеплитель рулонный тиос на стены,Альтернативные запросы,Запросы без упоминания брендов,-,,1915802398259215246,Комбинаторное,Гарантия до 5 лет на термопанели,,,,Поиск,Спецразмещение,Не определено,Десктопы,Не определён,Wi-Fi,Мужской,45-54 года,2–5%,Не определено,0.00,0,0,-,-,1,-,0.00,0.85,0.00,84.70,1.00,-,-,-
Термопанели в Выборге,712773255,11.08.2026,Группа 1 - коммерческая,5773901452,Автотаргетинг,,-,0,-,0,фасад газобетона,Сопутствующие запросы,Запросы без упоминания брендов,-,,1915802398259215246,Комбинаторное,"Термопанели в Выборге - завод на Ленина, 11",,,,Поиск,Спецразмещение,Не определено,Смартфоны,iOS,Wi-Fi,Женский,45-54 года,Остальные,Не определено,0.00,0,0,-,-,1,-,0.00,1.05,0.00,105.40,1.00,-,-,-
Термопанели в Выборге,712773255,11.08.2026,Группа 1 - коммерческая,5773901452,Автотаргетинг,,-,0,-,0,шурик стройматериалы санкт петербург,Широкие запросы,Запросы с упоминанием брендов конкурентов,-,,1915802398259215246,Комбинаторное,Бесплатная доставка по Выборгскому району,,,,Поиск,Спецразмещение,Не определено,Смартфоны,Android,Wi-Fi,Мужской,45-54 года,Остальные,Не определено,0.00,0,0,-,-,1,-,0.00,0.24,0.00,23.83,3.00,-,-,-
Термопанели в Выборге,712773255,11.08.2026,Группа 2 - Гео (ключевая),5773898865,Автотаргетинг,,-,0,-,0,,Не определено,-,-,,1915800871397818629,Комбинаторное,Производитель термопанелей в Ленобласти,,,,Сети,Прочее,Не определено,Смартфоны,Android,Wi-Fi,Женский,25-34 года,Остальные,Не определено,0.00,0,0,-,-,1,-,0.00,1.00,0.00,100.00,-,-,-,-
Термопанели в Выборге,712773255,11.08.2026,Группа 2 - Гео (ключевая),5773898865,Автотаргетинг,,-,0,-,0,,Не определено,-,-,,1915800871397818629,Комбинаторное,Производитель термопанелей в Ленобласти,,,,Сети,Прочее,Не определено,Смартфоны,iOS,Wi-Fi,Мужской,25-34 года,Остальные,Не определено,0.00,0,0,-,-,1,-,0.00,1.00,0.00,100.00,-,-,-,-
Термопанели в Выборге,712773255,11.08.2026,Группа 2 - Гео (ключевая),5773898865,Автотаргетинг,,-,0,-,0,,Не определено,-,-,,1915800871397818629,Комбинаторное,"Термопанели в Выборге - завод на Ленина, 11",,,,Сети,Прочее,Не определено,Смартфоны,iOS,Wi-Fi,Женский,45-54 года,6–10%,Не определено,0.00,0,0,-,-,1,-,0.00,1.00,0.00,100.00,-,-,-,-
Термопанели в Выборге,712773255,11.08.2026,Группа 2 - Гео (ключевая),5773898865,Автотаргетинг,,-,0,-,0,,Не определено,-,-,,1915800871397818629,Комбинаторное,Термопанели с клинкером - собственный завод в Выборге,,,,Сети,Прочее,Не определено,Смартфоны,Android,Wi-Fi,Мужской,Старше 55,Остальные,Не определено,0.00,0,0,-,-,1,-,0.00,1.00,0.00,100.00,-,-,-,-
Термопанели в Выборге,712773255,11.08.2026,Группа 2 - Гео (ключевая),5773898865,Автотаргетинг,,-,0,-,0,балкон на даче чем покрыть,Сопутствующие запросы,Запросы без упоминания брендов,-,,1915800871397818629,Комбинаторное,Купить термопанели в Выборге напрямую,,,,Поиск,Прочее,Не определено,Смартфоны,Android,Wi-Fi,Мужской,45-54 года,6–10%,Не определено,0.00,0,0,-,-,1,-,0.00,0.42,0.00,41.63,6.00,-,-,-
Термопанели в Выборге,712773255,11.08.2026,Группа 2 - Гео (ключевая),5773898865,Автотаргетинг,,-,0,-,0,изовер насыпной утеплитель,Альтернативные запросы,Запросы без упоминания брендов,-,,1915800871397818629,Комбинаторное,Производитель термопанелей в Ленобласти,,,,Поиск,Спецразмещение,Не определено,Смартфоны,iOS,Wi-Fi,Мужской,35-44 года,Остальные,Не определено,0.00,0,0,-,-,1,-,0.00,0.52,0.00,52.40,3.00,-,-,-
Термопанели в Выборге,712773255,11.08.2026,Группа 2 - Гео (ключевая),5773898865,Автотаргетинг,,-,0,-,0,имитация камня на стене,Целевые запросы,Запросы без упоминания брендов,-,,1915800871397818629,Комбинаторное,"Термопанели в Выборге - завод на Ленина, 11",,,,Поиск,Прочее,Не определено,Смартфоны,iOS,Wi-Fi,Мужской,45-54 года,Топ 1%,Не определено,0.00,0,0,-,-,1,-,0.00,0.85,0.00,84.88,5.00,-,-,-
Термопанели в Выборге,712773255,11.08.2026,Группа 2 - Гео (ключевая),5773898865,Автотаргетинг,,-,0,-,0,камень декоративный фасадный,Целевые запросы,Запросы без упоминания брендов,-,,1915800871397818629,Комбинаторное,"Термопанели в Выборге - завод на Ленина, 11",,,,Поиск,Прочее,Не определено,Смартфоны,iOS,Мобильная связь,Мужской,45-54 года,2–5%,Не определено,0.00,0,0,-,-,1,-,0.00,0.65,0.00,64.58,6.00,-,-,-
Термопанели в Выборге,712773255,11.08.2026,Группа 2 - Гео (ключевая),5773898865,Автотаргетинг,,-,0,-,0,клинкерные термопанели для фасада купить,Целевые запросы,Запросы без упоминания брендов,-,,1915800871397818629,Комбинаторное,Клинкерные термопанели - производство Выборг,,,,Поиск,Товарная галерея,Не определено,Смартфоны,Android,Мобильная связь,Мужской,45-54 года,Остальные,Не определено,0.00,0,0,-,-,1,-,0.00,0.17,0.00,16.68,10.00,-,-,-
Термопанели в Выборге,712773255,11.08.2026,Группа 2 - Гео (ключевая),5773898865,Автотаргетинг,,-,0,-,0,компания амк,Альтернативные запросы,Запросы с упоминанием брендов конкурентов,-,,1915800871397818629,Комбинаторное,Производитель термопанелей в Ленобласти,,,,Поиск,Прочее,Не определено,Смартфоны,Android,Wi-Fi,Мужской,45-54 года,Остальные,Не определено,0.00,0,0,-,-,1,-,0.00,0.42,0.00,41.63,6.00,-,-,-
Термопанели в Выборге,712773255,11.08.2026,Группа 2 - Гео (ключевая),5773898865,Автотаргетинг,,-,0,-,0,купить фасадные панели из дпк в спб,Альтернативные запросы,Запросы без упоминания брендов,-,,1915800871397818629,Комбинаторное,Производитель термопанелей в Ленобласти,,,,Поиск,Спецразмещение,Не определено,Смартфоны,Android,Wi-Fi,Мужской,45-54 года,Остальные,Не определено,0.00,0,0,-,-,1,-,0.00,0.69,0.00,68.85,4.00,-,-,-
Термопанели в Выборге,712773255,11.08.2026,Группа 2 - Гео (ключевая),5773898865,Автотаргетинг,,-,0,-,0,обшить дом вертикально или горизонтально,Сопутствующие запросы,Запросы без упоминания брендов,-,,1915800871397818629,Комбинаторное,Производитель термопанелей в Ленобласти,,,,Поиск,Спецразмещение,Не определено,Смартфоны,Android,Wi-Fi,Мужской,Старше 55,6–10%,Не определено,0.00,0,0,-,-,1,-,0.00,1.02,0.00,101.60,3.00,-,-,-
Термопанели в Выборге,712773255,11.08.2026,Группа 2 - Гео (ключевая),5773898865,Автотаргетинг,,-,0,-,0,панели в мурино,Целевые запросы,Запросы без упоминания брендов,-,,1915800871397818629,Комбинаторное,Производитель термопанелей в Ленобласти,,,,Поиск,Товарная галерея,Не определено,Смартфоны,Android,Wi-Fi,Мужской,Старше 55,Остальные,Не определено,0.00,0,0,-,-,1,-,0.00,0.13,0.00,13.38,17.00,-,-,-
Термопанели в Выборге,712773255,11.08.2026,Группа 2 - Гео (ключевая),5773898865,Автотаргетинг,,-,0,-,0,панели наружные под камень,Целевые запросы,Запросы без упоминания брендов,-,,1915800871397818629,Комбинаторное,Производитель термопанелей в Ленобласти,,,,Поиск,Прочее,Не определено,Смартфоны,iOS,Wi-Fi,Мужской,25-34 года,6–10%,Не определено,0.00,0,0,-,-,1,-,0.00,0.85,0.00,84.88,5.00,-,-,-
Термопанели в Выборге,712773255,11.08.2026,Группа 2 - Гео (ключевая),5773898865,Автотаргетинг,,-,0,-,0,панель с утеплителем,Целевые запросы,Запросы без упоминания брендов,-,,1915800871397818629,Комбинаторное,Производитель термопанелей в Ленобласти,,,,Поиск,Прочее,Не определено,Десктопы,Не определён,Wi-Fi,Женский,25-34 года,Остальные,Не определено,0.00,0,0,-,-,1,-,0.00,0.85,0.00,84.88,5.00,-,-,-
Термопанели в Выборге,712773255,11.08.2026,Группа 2 - Гео (ключевая),5773898865,Автотаргетинг,,-,0,-,0,панель с утеплителем,Целевые запросы,Запросы без упоминания брендов,-,,1915800871397818629,Комбинаторное,Производитель термопанелей в Ленобласти,,,,Поиск,Товарная галерея,Не определено,Десктопы,Не определён,Wi-Fi,Женский,25-34 года,Остальные,Не определено,0.00,0,0,-,-,2,-,0.00,2.09,0.00,104.73,1.50,-,-,-
Термопанели в Выборге,712773255,11.08.2026,Группа 2 - Гео (ключевая),5773898865,Автотаргетинг,,-,0,-,0,пластиковые панели под кирпич для наружной отделки дома,Целевые запросы,Запросы без упоминания брендов,-,,1915800871397818629,Комбинаторное,Производитель термопанелей в Ленобласти,,,,Поиск,Прочее,Не определено,Смартфоны,Android,Wi-Fi,Мужской,35-44 года,Остальные,Не определено,0.00,0,0,-,-,1,-,0.00,0.45,0.00,44.58,8.00,-,-,-
Термопанели в Выборге,712773255,11.08.2026,Группа 2 - Гео (ключевая),5773898865,Автотаргетинг,,-,0,-,0,продажа панелей в мурино,Целевые запросы,Запросы без упоминания брендов,-,,1915800871397818629,Комбинаторное,Производитель термопанелей в Ленобласти,,,,Поиск,Прочее,Не определено,Смартфоны,Android,Wi-Fi,Мужской,Старше 55,Остальные,Не определено,0.00,0,0,-,-,1,-,0.00,0.45,0.00,44.58,8.00,-,-,-
Термопанели в Выборге,712773255,11.08.2026,Группа 2 - Гео (ключевая),5773898865,Автотаргетинг,,-,0,-,0,профстроймаркет санкт петербург,Альтернативные запросы,Запросы с упоминанием брендов конкурентов,-,,1915800871397818629,Комбинаторное,Бесплатная доставка по Выборгскому району,,,,Поиск,Прочее,Не определено,Десктопы,Не определён,Wi-Fi,Мужской,35-44 года,6–10%,Не определено,0.00,0,0,-,-,1,-,0.00,0.44,0.00,44.42,6.00,-,-,-
Термопанели в Выборге,712773255,11.08.2026,Группа 2 - Гео (ключевая),5773898865,Автотаргетинг,,-,0,-,0,роквул утеплитель,Альтернативные запросы,Запросы с упоминанием брендов конкурентов,-,,1915800871397818629,Комбинаторное,Производитель термопанелей в Ленобласти,,,,Поиск,Прочее,Не определено,Смартфоны,iOS,Wi-Fi,Мужской,35-44 года,Остальные,Не определено,0.00,0,0,-,-,1,-,0.00,0.09,0.00,8.50,5.00,-,-,-
Термопанели в Выборге,712773255,11.08.2026,Группа 2 - Гео (ключевая),5773898865,Автотаргетинг,,-,0,-,0,стеновые термопанели,Целевые запросы,Запросы без упоминания брендов,-,,1915800871397818629,Комбинаторное,Производитель термопанелей в Ленобласти,,,,Поиск,Прочее,Не определено,Смартфоны,Android,Wi-Fi,Мужской,Старше 55,Остальные,Не определено,0.00,0,0,-,-,1,-,0.00,0.55,0.00,54.58,7.00,-,-,-
Термопанели в Выборге,712773255,11.08.2026,Группа 2 - Гео (ключевая),5773898865,Автотаргетинг,,-,0,-,0,стеновые термопанели,Целевые запросы,Запросы без упоминания брендов,-,,1915800871397818629,Комбинаторное,Производитель термопанелей в Ленобласти,,,,Поиск,Товарная галерея,Не определено,Смартфоны,Android,Wi-Fi,Мужской,Старше 55,Остальные,Не определено,0.00,0,0,-,-,1,-,0.00,0.88,0.00,88.34,2.00,-,-,-
Термопанели в Выборге,712773255,11.08.2026,Группа 2 - Гео (ключевая),5773898865,Автотаргетинг,,-,0,-,0,строим наш дом выборг каталог,Широкие запросы,Запросы с упоминанием брендов конкурентов,-,,1915800871397818629,Комбинаторное,Бесплатная доставка по Выборгскому району,,,,Поиск,Прочее,Не определено,Смартфоны,Android,Wi-Fi,Мужской,45-54 года,Остальные,Не определено,0.00,0,0,-,-,1,-,0.00,0.09,0.00,8.50,5.00,-,-,-
Термопанели в Выборге,712773255,11.08.2026,Группа 2 - Гео (ключевая),5773898865,Автотаргетинг,,-,0,-,0,сэндвич панели в ленинградской области,Альтернативные запросы,Запросы без упоминания брендов,-,,1915800871397818629,Комбинаторное,Производитель термопанелей в Ленобласти,,,,Поиск,Спецразмещение,Не определено,Смартфоны,Android,Wi-Fi,Мужской,Старше 55,Остальные,Не определено,0.00,0,0,-,-,1,-,0.00,0.83,0.00,82.78,2.00,-,-,-
Термопанели в Выборге,712773255,11.08.2026,Группа 2 - Гео (ключевая),5773898865,Автотаргетинг,,-,0,-,0,тепловые панели для фасада,Целевые запросы,Запросы без упоминания брендов,-,,1915800871397818629,Комбинаторное,Производитель термопанелей в Ленобласти,,,,Поиск,Прочее,Не определено,Смартфоны,Android,Wi-Fi,Женский,45-54 года,Остальные,Не определено,0.00,0,0,-,-,1,-,0.00,0.45,0.00,44.58,8.00,-,-,-
Термопанели в Выборге,712773255,11.08.2026,Группа 2 - Гео (ключевая),5773898865,Автотаргетинг,,-,0,-,0,термопанели,Целевые запросы,Запросы без упоминания брендов,-,,1915800871397818629,Комбинаторное,Гарантия до 5 лет на термопанели,,,,Поиск,Прочее,Не определено,Смартфоны,Android,Wi-Fi,Мужской,45-54 года,2–5%,Не определено,0.00,0,0,-,-,1,-,0.00,0.45,0.00,44.58,8.00,-,-,-
Термопанели в Выборге,712773255,11.08.2026,Группа 2 - Гео (ключевая),5773898865,Автотаргетинг,,-,0,-,0,термопанели,Целевые запросы,Запросы без упоминания брендов,-,,1915800871397818629,Комбинаторное,Производитель термопанелей в Ленобласти,,,,Поиск,Прочее,Не определено,Смартфоны,Android,Wi-Fi,Женский,Старше 55,Остальные,Не определено,0.00,0,0,-,-,1,-,0.00,0.45,0.00,44.58,8.00,-,-,-
Термопанели в Выборге,712773255,11.08.2026,Группа 2 - Гео (ключевая),5773898865,Автотаргетинг,,-,0,-,0,термопанели в лепсари,Целевые запросы,Запросы без упоминания брендов,-,,1915800871397818629,Комбинаторное,Производитель термопанелей в Ленобласти,,,,Поиск,Спецразмещение,Не определено,Смартфоны,iOS,Wi-Fi,Мужской,45-54 года,2–5%,Не определено,0.00,0,0,-,-,1,-,0.00,0.60,0.00,60.27,3.00,-,-,-
Термопанели в Выборге,712773255,11.08.2026,Группа 2 - Гео (ключевая),5773898865,Автотаргетинг,,-,0,-,0,термопанели в лепсари,Целевые запросы,Запросы с упоминанием брендов конкурентов,-,,1915800871397818629,Комбинаторное,Производитель термопанелей в Ленобласти,,,,Поиск,Прочее,Не определено,Смартфоны,iOS,Wi-Fi,Мужской,45-54 года,2–5%,Не определено,0.00,0,0,-,-,1,-,0.00,0.85,0.00,84.88,5.00,-,-,-
Термопанели в Выборге,712773255,11.08.2026,Группа 2 - Гео (ключевая),5773898865,Автотаргетинг,,-,0,-,0,термопанели в лепсари завод,Целевые запросы,Запросы с упоминанием брендов конкурентов,-,,1915800871397818629,Комбинаторное,Производитель термопанелей в Ленобласти,,,,Поиск,Прочее,Не определено,Смартфоны,iOS,Wi-Fi,Мужской,45-54 года,2–5%,Не определено,0.00,0,0,-,-,2,-,0.00,1.49,0.00,74.73,5.50,-,-,-
Термопанели в Выборге,712773255,11.08.2026,Группа 2 - Гео (ключевая),5773898865,Автотаргетинг,,-,0,-,0,термопанели в лепсари завод,Альтернативные запросы,Запросы без упоминания брендов,-,,1915800871397818629,Комбинаторное,Производитель термопанелей в Ленобласти,,,,Поиск,Спецразмещение,Не определено,Смартфоны,iOS,Wi-Fi,Мужской,45-54 года,2–5%,Не определено,0.00,1,0,0.00,-,2,0.00,50.00,1.60,62.63,79.83,1.50,1.00,100.00,1.00
Термопанели в Выборге,712773255,11.08.2026,Группа 2 - Гео (ключевая),5773898865,Автотаргетинг,,-,0,-,0,термопанели для наружной отделки дома цена,Целевые запросы,Запросы без упоминания брендов,-,,1915800871397818629,Комбинаторное,Производитель термопанелей в Ленобласти,,,,Поиск,Прочее,Не определено,Десктопы,Не определён,Wi-Fi,Женский,45-54 года,Остальные,Не определено,0.00,0,0,-,-,1,-,0.00,0.55,0.00,54.58,7.00,-,-,-
Термопанели в Выборге,712773255,11.08.2026,Группа 2 - Гео (ключевая),5773898865,Автотаргетинг,,-,0,-,0,термопанели для наружной отделки дома цена,Целевые запросы,Запросы без упоминания брендов,-,,1915800871397818629,Комбинаторное,Производитель термопанелей в Ленобласти,,,,Поиск,Товарная галерея,Не определено,Десктопы,Не определён,Wi-Fi,Женский,45-54 года,Остальные,Не определено,0.00,0,0,-,-,1,-,0.00,0.03,0.00,3.30,76.00,-,-,-
Термопанели в Выборге,712773255,11.08.2026,Группа 2 - Гео (ключевая),5773898865,Автотаргетинг,,-,0,-,0,термопанели для наружной отделки дома цена в сланцах,Целевые запросы,Запросы без упоминания брендов,-,,1915800871397818629,Комбинаторное,Производитель термопанелей в Ленобласти,,,,Поиск,Прочее,Не определено,Десктопы,Не определён,Wi-Fi,Мужской,35-44 года,6–10%,Не определено,0.00,0,0,-,-,1,-,0.00,0.55,0.00,54.58,7.00,-,-,-
Термопанели в Выборге,712773255,11.08.2026,Группа 2 - Гео (ключевая),5773898865,Автотаргетинг,,-,0,-,0,термопанели для утепления дома снаружи,Целевые запросы,Запросы без упоминания брендов,-,,1915800871397818629,Комбинаторное,Производитель термопанелей в Ленобласти,,,,Поиск,Прочее,Не определено,Смартфоны,Android,Wi-Fi,Женский,Старше 55,Остальные,Не определено,0.00,0,0,-,-,1,-,0.00,0.55,0.00,54.58,7.00,-,-,-
Термопанели в Выборге,712773255,11.08.2026,Группа 2 - Гео (ключевая),5773898865,Автотаргетинг,,-,0,-,0,термопанели для утепления дома снаружи,Целевые запросы,Запросы без упоминания брендов,-,,1915800871397818629,Комбинаторное,Производитель термопанелей в Ленобласти,,,,Поиск,Товарная галерея,Не определено,Смартфоны,Android,Wi-Fi,Женский,Старше 55,Остальные,Не определено,0.00,0,0,-,-,4,-,0.00,0.54,0.00,13.53,13.25,-,-,-
Термопанели в Выборге,712773255,11.08.2026,Группа 2 - Гео (ключевая),5773898865,Автотаргетинг,,-,0,-,0,термопанели для цоколя дома,Целевые запросы,Запросы без упоминания брендов,-,,1915800871397818629,Комбинаторное,Производитель термопанелей в Ленобласти,,,,Поиск,Товарная галерея,Не определено,Смартфоны,Android,Wi-Fi,Мужской,45-54 года,2–5%,Не определено,0.00,0,0,-,-,2,-,0.00,0.45,0.00,22.32,9.00,-,-,-
Термопанели в Выборге,712773255,11.08.2026,Группа 2 - Гео (ключевая),5773898865,Автотаргетинг,,-,0,-,0,термопанели с клинкерной,Целевые запросы,Запросы без упоминания брендов,-,,1915800871397818629,Комбинаторное,Клинкерные термопанели - производство Выборг,,,,Поиск,Прочее,Не определено,Смартфоны,Android,Wi-Fi,Женский,Старше 55,Остальные,Не определено,0.00,0,0,-,-,1,-,0.00,0.45,0.00,44.58,8.00,-,-,-
Термопанели в Выборге,712773255,11.08.2026,Группа 2 - Гео (ключевая),5773898865,Автотаргетинг,,-,0,-,0,термопанель под кирпич,Целевые запросы,Запросы без упоминания брендов,-,,1915800871397818629,Комбинаторное,Производитель термопанелей в Ленобласти,,,,Поиск,Прочее,Не определено,Смартфоны,iOS,Wi-Fi,Женский,Старше 55,Остальные,Не определено,0.00,0,0,-,-,1,-,0.00,0.65,0.00,64.58,6.00,-,-,-
Термопанели в Выборге,712773255,11.08.2026,Группа 2 - Гео (ключевая),5773898865,Автотаргетинг,,-,0,-,0,термосайдинг,Целевые запросы,Запросы без упоминания брендов,-,,1915800871397818629,Комбинаторное,Производитель термопанелей в Ленобласти,,,,Поиск,Прочее,Не определено,Смартфоны,Android,Wi-Fi,Мужской,35-44 года,Остальные,Не определено,0.00,0,0,-,-,1,-,0.00,0.65,0.00,64.58,6.00,-,-,-
Термопанели в Выборге,712773255,11.08.2026,Группа 2 - Гео (ключевая),5773898865,Автотаргетинг,,-,0,-,0,техно николь спб,Альтернативные запросы,Запросы с упоминанием брендов конкурентов,-,,1915800871397818629,Комбинаторное,Производитель термопанелей в Ленобласти,,,,Поиск,Прочее,Не определено,Смартфоны,Android,Wi-Fi,Женский,Старше 55,Остальные,Не определено,0.00,0,0,-,-,1,-,0.00,0.77,0.00,76.79,5.00,-,-,-
Термопанели в Выборге,712773255,11.08.2026,Группа 2 - Гео (ключевая),5773898865,Автотаргетинг,,-,0,-,0,утеплитель кнауф проф 34,Альтернативные запросы,Запросы без упоминания брендов,-,,1915800871397818629,Комбинаторное,Термопанели с клинкером - собственный завод в Выборге,,,,Поиск,Спецразмещение,Не определено,Смартфоны,iOS,Wi-Fi,Мужской,25-34 года,6–10%,Не определено,0.00,0,0,-,-,1,-,0.00,0.66,0.00,66.28,4.00,-,-,-
Термопанели в Выборге,712773255,11.08.2026,Группа 2 - Гео (ключевая),5773898865,Автотаргетинг,,-,0,-,0,фасадные панели,Целевые запросы,Запросы без упоминания брендов,-,,1915800871397818629,Комбинаторное,Производитель термопанелей в Ленобласти,,,,Поиск,Товарная галерея,Не определено,Смартфоны,Android,Wi-Fi,Мужской,45-54 года,Остальные,Не определено,0.00,0,0,-,-,1,-,0.00,0.13,0.00,13.34,18.00,-,-,-
Термопанели в Выборге,712773255,11.08.2026,Группа 2 - Гео (ключевая),5773898865,Автотаргетинг,,-,0,-,0,фасадные панели под кирпич,Целевые запросы,Запросы без упоминания брендов,-,,1915800871397818629,Комбинаторное,Производитель термопанелей в Ленобласти,,,,Поиск,Прочее,Не определено,Смартфоны,Android,Wi-Fi,Мужской,Старше 55,Остальные,Не определено,0.00,0,0,-,-,1,-,0.00,0.45,0.00,44.58,8.00,-,-,-
Термопанели в Выборге,712773255,11.08.2026,Группа 2 - Гео (ключевая),5773898865,Автотаргетинг,,-,0,-,0,фасадные панели под кирпич,Целевые запросы,Запросы без упоминания брендов,-,,1915800871397818629,Комбинаторное,Производитель термопанелей в Ленобласти,,,,Поиск,Товарная галерея,Не определено,Смартфоны,Android,Wi-Fi,Мужской,Старше 55,Остальные,Не определено,0.00,0,0,-,-,1,-,0.00,0.25,0.00,25.29,9.00,-,-,-
Термопанели в Выборге,712773255,11.08.2026,Группа 2 - Гео (ключевая),5773898865,Автотаргетинг,,-,0,-,0,фасадные панели технониколь,Альтернативные запросы,Запросы с упоминанием брендов конкурентов,-,,1915800871397818629,Комбинаторное,Производитель термопанелей в Ленобласти,,,,Поиск,Спецразмещение,Не определено,Смартфоны,Android,Wi-Fi,Женский,Старше 55,Остальные,Не определено,0.00,0,0,-,-,1,-,0.00,0.82,0.00,82.02,2.00,-,-,-
Термопанели в Выборге,712773255,11.08.2026,Группа 2 - Гео (ключевая),5773898865,Автотаргетинг,,-,0,-,0,фасадные термопанели для наружной отделки дома,Целевые запросы,Запросы без упоминания брендов,-,,1915800871397818629,Комбинаторное,Производитель термопанелей в Ленобласти,,,,Поиск,Прочее,Не определено,Смартфоны,Android,Wi-Fi,Мужской,25-34 года,Остальные,Не определено,0.00,0,0,-,-,2,-,0.00,0.89,0.00,44.58,8.00,-,-,-
Термопанели в Выборге,712773255,11.08.2026,Группа 2 - Гео (ключевая),5773898865,Автотаргетинг,,-,0,-,0,фасадные термопанели для наружной отделки дома,Целевые запросы,Запросы без упоминания брендов,-,,1915800871397818629,Комбинаторное,Производитель термопанелей в Ленобласти,,,,Поиск,Товарная галерея,Не определено,Смартфоны,Android,Wi-Fi,Мужской,25-34 года,Остальные,Не определено,0.00,0,0,-,-,2,-,0.00,0.65,0.00,32.27,5.00,-,-,-
Термопанели в Выборге,712773255,11.08.2026,Группа 2 - Гео (ключевая),5773898865,Автотаргетинг,,-,0,-,0,чем отличается гибкая черепица от фасадных панелей,Целевые запросы,Запросы без упоминания брендов,-,,1915800871397818629,Комбинаторное,Производитель термопанелей в Ленобласти,,,,Поиск,Прочее,Не определено,Смартфоны,Android,Wi-Fi,Женский,45-54 года,Остальные,Не определено,0.00,0,0,-,-,1,-,0.00,0.45,0.00,44.58,8.00,-,-,-
Термопанели в Выборге,712773255,11.08.2026,Группа 3 - клинкер (продуктовая),5773902142,Автотаргетинг,,-,0,-,0,амбар строй санкт петербург,Альтернативные запросы,Запросы с упоминанием брендов конкурентов,-,,1915802914729060647,Комбинаторное,Бесплатная доставка по Выборгскому району,,,,Поиск,Прочее,Не определено,Смартфоны,iOS,Wi-Fi,Мужской,45-54 года,Топ 1%,Не определено,0.00,0,0,-,-,1,-,0.00,1.00,0.00,100.00,5.00,-,-,-
Термопанели в Выборге,712773255,11.08.2026,Группа 3 - клинкер (продуктовая),5773902142,Автотаргетинг,,-,0,-,0,вентфасад и цена,Целевые запросы,Запросы без упоминания брендов,-,,1915802914729060647,Комбинаторное,"Термопанели в Выборге - завод на Ленина, 11",,,,Поиск,Прочее,Не определено,Смартфоны,Android,Wi-Fi,Женский,Старше 55,Остальные,Не определено,0.00,0,0,-,-,1,-,0.00,0.55,0.00,54.58,7.00,-,-,-
Термопанели в Выборге,712773255,11.08.2026,Группа 3 - клинкер (продуктовая),5773902142,Автотаргетинг,,-,0,-,0,декоративные термопанели для внутренней отделки стен,Целевые запросы,Запросы без упоминания брендов,-,,1915802914729060647,Комбинаторное,"Термопанели в Выборге - завод на Ленина, 11",,,,Поиск,Прочее,Не определено,Смартфоны,Android,Wi-Fi,Женский,Старше 55,Остальные,Не определено,0.00,0,0,-,-,1,-,0.00,0.65,0.00,64.58,6.00,-,-,-
Термопанели в Выборге,712773255,11.08.2026,Группа 3 - клинкер (продуктовая),5773902142,Автотаргетинг,,-,0,-,0,декоративные термопанели для внутренней отделки стен,Целевые запросы,Запросы без упоминания брендов,-,,1915802914729060647,Комбинаторное,"Термопанели в Выборге - завод на Ленина, 11",,,,Поиск,Товарная галерея,Не определено,Смартфоны,Android,Wi-Fi,Женский,Старше 55,Остальные,Не определено,0.00,0,0,-,-,2,-,0.00,0.58,0.00,28.78,7.00,-,-,-
Термопанели в Выборге,712773255,11.08.2026,Группа 3 - клинкер (продуктовая),5773902142,Автотаргетинг,,-,0,-,0,искусственный камень,Целевые запросы,Запросы без упоминания брендов,-,,1915802914729060647,Комбинаторное,"Термопанели в Выборге - завод на Ленина, 11",,,,Поиск,Прочее,Не определено,Смартфоны,Android,Wi-Fi,Женский,45-54 года,2–5%,Не определено,0.00,0,0,-,-,1,-,0.00,0.65,0.00,64.58,6.00,-,-,-
Термопанели в Выборге,712773255,11.08.2026,Группа 3 - клинкер (продуктовая),5773902142,Автотаргетинг,,-,0,-,0,искусственный камень,Целевые запросы,Запросы без упоминания брендов,-,,1915802914729060647,Комбинаторное,"Термопанели в Выборге - завод на Ленина, 11",,,,Поиск,Товарная галерея,Не определено,Смартфоны,Android,Wi-Fi,Женский,Старше 55,Остальные,Не определено,0.00,0,0,-,-,1,-,0.00,0.19,0.00,19.36,9.00,-,-,-
Термопанели в Выборге,712773255,11.08.2026,Группа 3 - клинкер (продуктовая),5773902142,Автотаргетинг,,-,0,-,0,искусственный камень для отделки стен,Целевые запросы,Запросы без упоминания брендов,-,,1915802914729060647,Комбинаторное,"Термопанели в Выборге - завод на Ленина, 11",,,,Поиск,Прочее,Не определено,Смартфоны,Android,Wi-Fi,Мужской,45-54 года,Остальные,Не определено,0.00,0,0,-,-,1,-,0.00,0.65,0.00,64.58,6.00,-,-,-
Термопанели в Выборге,712773255,11.08.2026,Группа 3 - клинкер (продуктовая),5773902142,Автотаргетинг,,-,0,-,0,искусственный камень для отделки стен в лемано про купить,Целевые запросы,Запросы с упоминанием брендов конкурентов,-,,1915802914729060647,Комбинаторное,"Термопанели в Выборге - завод на Ленина, 11",,,,Поиск,Прочее,Не определено,Смартфоны,Android,Wi-Fi,Мужской,45-54 года,Остальные,Не определено,0.00,0,0,-,-,1,-,0.00,0.65,0.00,64.58,6.00,-,-,-
Термопанели в Выборге,712773255,11.08.2026,Группа 3 - клинкер (продуктовая),5773902142,Автотаргетинг,,-,0,-,0,клинкерные термопанели для фасада купить,Целевые запросы,Запросы без упоминания брендов,-,,1915802914729060647,Комбинаторное,"Термопанели в Выборге - завод на Ленина, 11",,,,Поиск,Прочее,Не определено,Смартфоны,Android,Мобильная связь,Мужской,45-54 года,Остальные,Не определено,0.00,0,0,-,-,2,-,0.00,0.99,0.00,49.58,7.50,-,-,-
Термопанели в Выборге,712773255,11.08.2026,Группа 3 - клинкер (продуктовая),5773902142,Автотаргетинг,,-,0,-,0,материалы для обшивки наружных стен дома с утеплителем,Целевые запросы,Запросы без упоминания брендов,-,,1915802914729060647,Комбинаторное,"Термопанели в Выборге - завод на Ленина, 11",,,,Поиск,Прочее,Не определено,Десктопы,Не определён,Wi-Fi,Женский,45-54 года,Остальные,Не определено,0.00,0,0,-,-,1,-,0.00,0.45,0.00,44.58,8.00,-,-,-
Термопанели в Выборге,712773255,11.08.2026,Группа 3 - клинкер (продуктовая),5773902142,Автотаргетинг,,-,0,-,0,панели какие панели панели с 2 сторон его,Целевые запросы,Запросы без упоминания брендов,-,,1915802914729060647,Комбинаторное,"Термопанели в Выборге - завод на Ленина, 11",,,,Поиск,Прочее,Не определено,Смартфоны,Android,Wi-Fi,Мужской,Старше 55,Остальные,Не определено,0.00,0,0,-,-,1,-,0.00,0.65,0.00,64.58,6.00,-,-,-
Термопанели в Выборге,712773255,11.08.2026,Группа 3 - клинкер (продуктовая),5773902142,Автотаргетинг,,-,0,-,0,панели какие панели панели с 2 сторон его,Целевые запросы,Запросы без упоминания брендов,-,,1915802914729060647,Комбинаторное,"Термопанели в Выборге - завод на Ленина, 11",,,,Поиск,Товарная галерея,Не определено,Смартфоны,Android,Wi-Fi,Мужской,Старше 55,Остальные,Не определено,0.00,0,0,-,-,2,-,0.00,1.02,0.00,50.94,29.50,-,-,-
Термопанели в Выборге,712773255,11.08.2026,Группа 3 - клинкер (продуктовая),5773902142,Автотаргетинг,,-,0,-,0,стеновые панели,Целевые запросы,Запросы без упоминания брендов,-,,1915802914729060647,Комбинаторное,"Термопанели в Выборге - завод на Ленина, 11",,,,Поиск,Прочее,Не определено,Смартфоны,iOS,Wi-Fi,Женский,18-24 года,Остальные,Не определено,0.00,0,0,-,-,1,-,0.00,0.55,0.00,54.58,7.00,-,-,-
Термопанели в Выборге,712773255,11.08.2026,Группа 3 - клинкер (продуктовая),5773902142,Автотаргетинг,,-,0,-,0,термопанели,Целевые запросы,Запросы без упоминания брендов,-,,1915802914729060647,Комбинаторное,"Термопанели в Выборге - завод на Ленина, 11",,,,Поиск,Прочее,Не определено,Десктопы,Не определён,Wi-Fi,Мужской,35-44 года,Остальные,Не определено,0.00,0,0,-,-,1,-,0.00,0.45,0.00,44.58,8.00,-,-,-
Термопанели в Выборге,712773255,11.08.2026,Группа 3 - клинкер (продуктовая),5773902142,Автотаргетинг,,-,0,-,0,термопанели,Целевые запросы,Запросы без упоминания брендов,-,,1915802914729060647,Комбинаторное,"Термопанели в Выборге - завод на Ленина, 11",,,,Поиск,Прочее,Не определено,Смартфоны,Android,Wi-Fi,Мужской,35-44 года,2–5%,Не определено,0.00,0,0,-,-,1,-,0.00,0.45,0.00,44.58,8.00,-,-,-
Термопанели в Выборге,712773255,11.08.2026,Группа 3 - клинкер (продуктовая),5773902142,Автотаргетинг,,-,0,-,0,термопанели,Целевые запросы,Запросы без упоминания брендов,-,,1915802914729060647,Комбинаторное,"Термопанели в Выборге - завод на Ленина, 11",,,,Поиск,Товарная галерея,Не определено,Десктопы,Не определён,Wi-Fi,Мужской,35-44 года,Остальные,Не определено,0.00,0,0,-,-,1,-,0.00,0.68,0.00,67.76,3.00,-,-,-
Термопанели в Выборге,712773255,11.08.2026,Группа 3 - клинкер (продуктовая),5773902142,Автотаргетинг,,-,0,-,0,термопанели,Целевые запросы,Запросы без упоминания брендов,-,,1915802914729060647,Комбинаторное,"Термопанели в Выборге - завод на Ленина, 11",,,,Поиск,Товарная галерея,Не определено,Смартфоны,Android,Wi-Fi,Мужской,35-44 года,2–5%,Не определено,0.00,0,0,-,-,1,-,0.00,0.14,0.00,13.61,11.00,-,-,-
Термопанели в Выборге,712773255,11.08.2026,Термопанели (Лен. область),5773097196,Автотаргетинг,,-,0,-,0,,Не определено,-,-,,1915608023072927866,Комбинаторное,Термопанели с клинкерной плиткой. Производство в Выборге,,,,Сети,Прочее,Не определено,Смартфоны,iOS,Wi-Fi,Мужской,25-34 года,Остальные,Не определено,0.00,0,0,-,-,1,-,0.00,1.00,0.00,100.00,-,-,-,-
Термопанели в Выборге,712773255,11.08.2026,Термопанели (Лен. область),5773097196,Автотаргетинг,,-,0,-,0,большие фасадные панели негорючие,Целевые запросы,Запросы без упоминания брендов,-,,1915608023072927866,Комбинаторное,Термопанели с клинкерной плиткой. Производство в Выборге,,,,Поиск,Прочее,Не определено,Смартфоны,iOS,Wi-Fi,Мужской,45-54 года,Топ 1%,Не определено,0.00,0,0,-,-,1,-,0.00,0.45,0.00,44.58,8.00,-,-,-
Термопанели в Выборге,712773255,11.08.2026,Термопанели (Лен. область),5773097196,Автотаргетинг,,-,0,-,0,большие фасадные панели негорючие,Целевые запросы,Запросы без упоминания брендов,-,,1915608023072927866,Комбинаторное,Термопанели с клинкерной плиткой. Производство в Выборге,,,,Поиск,Товарная галерея,Не определено,Смартфоны,iOS,Wi-Fi,Мужской,45-54 года,Топ 1%,Не определено,0.00,0,0,-,-,1,-,0.00,0.25,0.00,25.29,9.00,-,-,-
Термопанели в Выборге,712773255,11.08.2026,Термопанели (Лен. область),5773097196,Автотаргетинг,,-,0,-,0,бывают ли под кирпич плитки,Целевые запросы,Запросы без упоминания брендов,-,,1915608023072927866,Комбинаторное,Термопанели с клинкерной плиткой. Производство в Выборге,,,,Поиск,Товарная галерея,Не определено,Смартфоны,Android,Wi-Fi,Женский,35-44 года,Остальные,Не определено,0.00,0,0,-,-,1,-,0.00,0.14,0.00,13.54,13.00,-,-,-
Термопанели в Выборге,712773255,11.08.2026,Термопанели (Лен. область),5773097196,Автотаргетинг,,-,0,-,0,бюджетный фасад для дома из газобетона,Целевые запросы,Запросы без упоминания брендов,-,,1915608023072927866,Комбинаторное,Термопанели с клинкерной плиткой. Производство в Выборге,,,,Поиск,Прочее,Не определено,Смартфоны,Android,Wi-Fi,Женский,Старше 55,Остальные,Не определено,0.00,0,0,-,-,1,-,0.00,0.85,0.00,84.88,5.00,-,-,-
Термопанели в Выборге,712773255,11.08.2026,Термопанели (Лен. область),5773097196,Автотаргетинг,,-,0,-,0,бюджетный фасад для дома из газобетона,Целевые запросы,Запросы без упоминания брендов,-,,1915608023072927866,Комбинаторное,Термопанели с клинкерной плиткой. Производство в Выборге,,,,Поиск,Товарная галерея,Не определено,Смартфоны,Android,Wi-Fi,Женский,Старше 55,Остальные,Не определено,0.00,0,0,-,-,1,-,0.00,0.25,0.00,25.29,9.00,-,-,-
Термопанели в Выборге,712773255,11.08.2026,Термопанели (Лен. область),5773097196,Автотаргетинг,,-,0,-,0,имитация камня на стене,Целевые запросы,Запросы без упоминания брендов,-,,1915608023072927866,Комбинаторное,Термопанели с клинкерной плиткой. Производство в Выборге,,,,Поиск,Товарная галерея,Не определено,Смартфоны,iOS,Wi-Fi,Мужской,45-54 года,Топ 1%,Не определено,0.00,1,0,0.00,-,1,0.00,100.00,0.14,738.74,13.54,13.00,13.00,0.00,1.00
Термопанели в Выборге,712773255,11.08.2026,Термопанели (Лен. область),5773097196,Автотаргетинг,,-,0,-,0,имитация кирпича с утеплителем,Целевые запросы,Запросы без упоминания брендов,-,,1915608023072927866,Комбинаторное,Термопанели с клинкерной плиткой. Производство в Выборге,,,,Поиск,Прочее,Не определено,Смартфоны,Android,Wi-Fi,Мужской,Старше 55,Остальные,Не определено,0.00,0,0,-,-,1,-,0.00,0.85,0.00,84.88,5.00,-,-,-
Термопанели в Выборге,712773255,11.08.2026,Термопанели (Лен. область),5773097196,Автотаргетинг,,-,0,-,0,имитация кирпича с утеплителем,Целевые запросы,Запросы без упоминания брендов,-,,1915608023072927866,Комбинаторное,Термопанели с клинкерной плиткой. Производство в Выборге,,,,Поиск,Товарная галерея,Не определено,Смартфоны,Android,Wi-Fi,Мужской,Старше 55,Остальные,Не определено,0.00,1,0,0.00,-,2,0.00,50.00,2.39,41.87,119.41,1.00,1.00,0.00,1.00
Термопанели в Выборге,712773255,11.08.2026,Термопанели (Лен. область),5773097196,Автотаргетинг,,-,0,-,0,искусственный камень для отделки,Целевые запросы,Запросы без упоминания брендов,-,,1915608023072927866,Комбинаторное,Термопанели с клинкерной плиткой. Производство в Выборге,,,,Поиск,Прочее,Не определено,Смартфоны,iOS,Wi-Fi,Женский,18-24 года,Остальные,Не определено,0.00,0,0,-,-,1,-,0.00,0.45,0.00,44.58,8.00,-,-,-
Термопанели в Выборге,712773255,11.08.2026,Термопанели (Лен. область),5773097196,Автотаргетинг,,-,0,-,0,клинкер,Целевые запросы,Запросы без упоминания брендов,-,,1915608023072927866,Комбинаторное,Термопанели с клинкерной плиткой. Производство в Выборге,,,,Поиск,Товарная галерея,Не определено,Смартфоны,Android,Мобильная связь,Женский,45-54 года,Остальные,Не определено,0.00,0,0,-,-,1,-,0.00,0.32,0.00,32.27,5.00,-,-,-
Термопанели в Выборге,712773255,11.08.2026,Термопанели (Лен. область),5773097196,Автотаргетинг,,-,0,-,0,обшить дом цементной плитой,Альтернативные запросы,Запросы без упоминания брендов,-,,1918167638897563177,Страницы каталога,Термопанели с клинкерной плиткой. Производство в Выборге,Термопанели с клинкерной плиткой — КлинкерПрофи,,,Поиск,Прочее,Не определено,Смартфоны,iOS,Wi-Fi,Мужской,35-44 года,6–10%,Не определено,0.00,0,0,-,-,1,-,0.00,1.00,0.00,100.00,5.00,-,-,-
Термопанели в Выборге,712773255,11.08.2026,Термопанели (Лен. область),5773097196,Автотаргетинг,,-,0,-,0,отделочные панели для наружных стен дома,Целевые запросы,Запросы без упоминания брендов,-,,1915608023072927866,Комбинаторное,Термопанели с клинкерной плиткой. Производство в Выборге,,,,Поиск,Товарная галерея,Не определено,Смартфоны,Android,Wi-Fi,Мужской,Старше 55,6–10%,Не определено,0.00,1,0,0.00,-,1,0.00,100.00,0.88,113.20,88.34,2.00,2.00,0.00,4.00
Термопанели в Выборге,712773255,11.08.2026,Термопанели (Лен. область),5773097196,Автотаргетинг,,-,0,-,0,панель фасадная технониколь,Альтернативные запросы,Запросы с упоминанием брендов конкурентов,-,,1918167638897563177,Страницы каталога,Термопанели с клинкерной плиткой. Производство в Выборге,Термопанели с клинкерной плиткой — КлинкерПрофи,,,Поиск,Спецразмещение,Не определено,Десктопы,Не определён,Wi-Fi,Женский,Старше 55,6–10%,Не определено,0.00,0,0,-,-,1,-,0.00,0.30,0.00,29.67,4.00,-,-,-
Термопанели в Выборге,712773255,11.08.2026,Термопанели (Лен. область),5773097196,Автотаргетинг,,-,0,-,0,размер пачки утеплителя,Сопутствующие запросы,Запросы без упоминания брендов,-,,1918167638897563177,Страницы каталога,Термопанель Колорадо 2 (32 шт),Термопанель Колорадо 2 (32 шт),,,Поиск,Прочее,Не определено,Смартфоны,iOS,Wi-Fi,Мужской,35-44 года,Остальные,Не определено,0.00,0,0,-,-,1,-,0.00,0.09,0.00,8.50,5.00,-,-,-
Термопанели в Выборге,712773255,11.08.2026,Термопанели (Лен. область),5773097196,Автотаргетинг,,-,0,-,0,стеновые термопанели,Целевые запросы,Запросы без упоминания брендов,-,,1915608023072927866,Комбинаторное,Термопанели с клинкером. Свое производство в Выборге,,,,Поиск,Товарная галерея,Не определено,Смартфоны,Android,Wi-Fi,Мужской,Старше 55,Остальные,Не определено,0.00,0,0,-,-,1,-,0.00,0.03,0.00,3.30,70.00,-,-,-
Термопанели в Выборге,712773255,11.08.2026,Термопанели (Лен. область),5773097196,Автотаргетинг,,-,0,-,0,термопанели для газобетона,Целевые запросы,Запросы без упоминания брендов,-,,1915608023072927866,Комбинаторное,Термопанели с клинкерной плиткой. Производство в Выборге,,,,Поиск,Прочее,Не определено,Смартфоны,iOS,Wi-Fi,Мужской,35-44 года,2–5%,Не определено,0.00,0,0,-,-,1,-,0.00,0.55,0.00,54.58,7.00,-,-,-
Термопанели в Выборге,712773255,11.08.2026,Термопанели (Лен. область),5773097196,Автотаргетинг,,-,0,-,0,термопанели для газобетона,Целевые запросы,Запросы без упоминания брендов,-,,1915608023072927866,Комбинаторное,Термопанели с клинкерной плиткой. Производство в Выборге,,,,Поиск,Товарная галерея,Не определено,Смартфоны,iOS,Wi-Fi,Мужской,35-44 года,2–5%,Не определено,0.00,0,0,-,-,1,-,0.00,0.25,0.00,25.32,8.00,-,-,-
Термопанели в Выборге,712773255,11.08.2026,Термопанели (Лен. область),5773097196,Автотаргетинг,,-,0,-,0,термопанели для наружной,Целевые запросы,Запросы без упоминания брендов,-,,1915608023072927866,Комбинаторное,Термопанели с клинкерной плиткой. Производство в Выборге,,,,Поиск,Товарная галерея,Не определено,Смартфоны,Android,Wi-Fi,Мужской,35-44 года,6–10%,Не определено,0.00,0,0,-,-,1,-,0.00,0.28,0.00,28.21,6.00,-,-,-
Термопанели в Выборге,712773255,11.08.2026,Термопанели (Лен. область),5773097196,Автотаргетинг,,-,0,-,0,термопанели для наружной отделки,Целевые запросы,Запросы без упоминания брендов,-,,1915608023072927866,Комбинаторное,Термопанели с клинкерной плиткой. Производство в Выборге,,,,Поиск,Прочее,Не определено,Смартфоны,Android,Wi-Fi,Мужской,35-44 года,Остальные,Не определено,0.00,0,0,-,-,1,-,0.00,0.45,0.00,44.58,8.00,-,-,-
Термопанели в Выборге,712773255,11.08.2026,Термопанели (Лен. область),5773097196,Автотаргетинг,,-,0,-,0,термопанели для цоколя,Целевые запросы,Запросы без упоминания брендов,-,,1915608023072927866,Комбинаторное,Термопанели с клинкерной плиткой. Производство в Выборге,,,,Поиск,Товарная галерея,Не определено,Смартфоны,Android,Wi-Fi,Мужской,Старше 55,Остальные,Не определено,0.00,0,0,-,-,1,-,0.00,0.39,0.00,38.70,4.00,-,-,-
Термопанели в Выборге,712773255,11.08.2026,Термопанели (Лен. область),5773097196,Автотаргетинг,,-,0,-,0,термопанели на цоколь,Целевые запросы,Запросы без упоминания брендов,-,,1915608023072927866,Комбинаторное,Термопанели с клинкерной плиткой. Производство в Выборге,,,,Поиск,Прочее,Не определено,Смартфоны,Android,Wi-Fi,Мужской,Старше 55,Остальные,Не определено,0.00,0,0,-,-,1,-,0.00,0.65,0.00,64.58,6.00,-,-,-
Термопанели в Выборге,712773255,11.08.2026,Термопанели (Лен. область),5773097196,Автотаргетинг,,-,0,-,0,термопанели на цоколь,Целевые запросы,Запросы без упоминания брендов,-,,1915608023072927866,Комбинаторное,Термопанели с клинкерной плиткой. Производство в Выборге,,,,Поиск,Товарная галерея,Не определено,Смартфоны,Android,Wi-Fi,Мужской,Старше 55,Остальные,Не определено,0.00,0,0,-,-,2,-,0.00,0.67,0.00,33.45,5.00,-,-,-
Термопанели в Выборге,712773255,11.08.2026,Термопанели (Лен. область),5773097196,Автотаргетинг,,-,0,-,0,термопанели от производителя из вологды,Целевые запросы,Запросы с упоминанием брендов конкурентов,-,,1915608023072927866,Комбинаторное,Термопанели с клинкерной плиткой. Производство в Выборге,,,,Поиск,Прочее,Не определено,Смартфоны,Android,Wi-Fi,Женский,45-54 года,Остальные,Не определено,0.00,0,0,-,-,1,-,0.00,0.55,0.00,54.58,7.00,-,-,-
Термопанели в Выборге,712773255,11.08.2026,Термопанели (Лен. область),5773097196,Автотаргетинг,,-,0,-,0,термопанели плюсы и минусы для наружной отделки дома,Целевые запросы,Запросы без упоминания брендов,-,,1915608023072927866,Комбинаторное,Термопанели с клинкерной плиткой. Производство в Выборге,,,,Поиск,Прочее,Не определено,Десктопы,Не определён,Wi-Fi,Мужской,45-54 года,2–5%,Не определено,0.00,0,0,-,-,1,-,0.00,0.45,0.00,44.58,8.00,-,-,-
Термопанели в Выборге,712773255,11.08.2026,Термопанели (Лен. область),5773097196,Автотаргетинг,,-,0,-,0,термопанели ппс фасадные,Целевые запросы,Запросы без упоминания брендов,-,,1915608023072927866,Комбинаторное,Термопанели с клинкерной плиткой. Производство в Выборге,,,,Поиск,Товарная галерея,Не определено,Смартфоны,Android,Wi-Fi,Мужской,18-24 года,6–10%,Не определено,0.00,0,0,-,-,1,-,0.00,0.25,0.00,25.29,9.00,-,-,-
Термопанели в Выборге,712773255,11.08.2026,Термопанели (Лен. область),5773097196,Автотаргетинг,,-,0,-,0,термопанели с клинкерной,Целевые запросы,Запросы без упоминания брендов,-,,1915608023072927866,Комбинаторное,Термопанели с клинкерной плиткой. Производство в Выборге,,,,Поиск,Товарная галерея,Не определено,Смартфоны,Android,Wi-Fi,Женский,Старше 55,Остальные,Не определено,0.00,0,0,-,-,1,-,0.00,0.25,0.00,25.32,8.00,-,-,-
Термопанели в Выборге,712773255,11.08.2026,Термопанели (Лен. область),5773097196,Автотаргетинг,,-,0,-,0,что лучше клинкер или гибкая керамика для фасада дома,Целевые запросы,Запросы без упоминания брендов,-,,1915608023072927866,Комбинаторное,Термопанели с клинкерной плиткой. Производство в Выборге,,,,Поиск,Товарная галерея,Не определено,Десктопы,Не определён,Wi-Fi,Женский,35-44 года,Остальные,Не определено,0.00,0,0,-,-,1,-,0.00,0.39,0.00,39.22,6.00,-,-,-
Термопанели в Выборге,712773255,11.08.2026,Термопанели (транз),5772834263,Автотаргетинг,,-,0,-,0,,Не определено,-,-,,1915593209731060056,Комбинаторное,"Клинкерные термопанели. Собственное производство, цена",,,,Сети,Прочее,Не определено,Планшеты,iOS,Wi-Fi,Мужской,45-54 года,Остальные,Не определено,0.00,0,0,-,-,1,-,0.00,1.00,0.00,100.00,-,-,-,-
Термопанели в Выборге,712773255,11.08.2026,Термопанели (транз),5772834263,Автотаргетинг,,-,0,-,0,бывают ли под кирпич плитки,Целевые запросы,Запросы без упоминания брендов,-,,1915593209731060056,Комбинаторное,Термопанели с клинкерной плиткой в Выборге!,,,,Поиск,Прочее,Не определено,Смартфоны,Android,Wi-Fi,Женский,35-44 года,Остальные,Не определено,0.00,0,0,-,-,1,-,0.00,0.45,0.00,44.58,8.00,-,-,-
Термопанели в Выборге,712773255,11.08.2026,Термопанели (транз),5772834263,Автотаргетинг,,-,0,-,0,варианты обшивки дома из газобетона,Сопутствующие запросы,Запросы без упоминания брендов,-,,1915593209731060056,Комбинаторное,Клинкерные термопанели для наружной отделки дома.,,,,Поиск,Спецразмещение,Не определено,Смартфоны,Android,Wi-Fi,Женский,Старше 55,Остальные,Не определено,0.00,0,0,-,-,1,-,0.00,1.16,0.00,116.05,2.00,-,-,-
Термопанели в Выборге,712773255,11.08.2026,Термопанели (транз),5772834263,Автотаргетинг,,-,0,-,0,вентилируемый фасад из керамогранита,Альтернативные запросы,Запросы без упоминания брендов,-,,1915593209731060056,Комбинаторное,Клинкерные термопанели для наружной отделки дома.,,,,Поиск,Спецразмещение,Не определено,Смартфоны,Android,Wi-Fi,Мужской,45-54 года,Остальные,Не определено,0.00,0,0,-,-,1,-,0.00,0.94,0.00,93.74,3.00,-,-,-
Термопанели в Выборге,712773255,11.08.2026,Термопанели (транз),5772834263,Автотаргетинг,,-,0,-,0,вентфасад и цена,Целевые запросы,Запросы без упоминания брендов,-,,1915593209731060056,Комбинаторное,Термопанели с клинкерной плиткой в Выборге!,,,,Поиск,Товарная галерея,Не определено,Смартфоны,Android,Wi-Fi,Женский,Старше 55,Остальные,Не определено,0.00,0,0,-,-,1,-,0.00,0.25,0.00,25.32,8.00,-,-,-
Термопанели в Выборге,712773255,11.08.2026,Термопанели (транз),5772834263,Автотаргетинг,,-,0,-,0,виды фасадные панели для наружной отделки дома,Сопутствующие запросы,Запросы без упоминания брендов,-,,1915593209731060056,Комбинаторное,Клинкерные термопанели для наружной отделки дома.,,,,Поиск,Спецразмещение,Не определено,Десктопы,Не определён,Wi-Fi,Мужской,Старше 55,2–5%,Не определено,0.00,0,0,-,-,1,-,0.00,0.68,0.00,68.28,3.00,-,-,-
Термопанели в Выборге,712773255,11.08.2026,Термопанели (транз),5772834263,Автотаргетинг,,-,0,-,0,декоративные термопанели для внутренней отделки стен,Целевые запросы,Запросы без упоминания брендов,-,,1915593209731060056,Комбинаторное,"Клинкерные термопанели. Собственное производство, цена",,,,Поиск,Прочее,Не определено,Смартфоны,Android,Wi-Fi,Женский,Старше 55,Остальные,Не определено,0.00,0,0,-,-,1,-,0.00,0.65,0.00,64.58,6.00,-,-,-
Термопанели в Выборге,712773255,11.08.2026,Термопанели (транз),5772834263,Автотаргетинг,,-,0,-,0,имитация камня на стене,Целевые запросы,Запросы без упоминания брендов,-,,1915593209731060056,Комбинаторное,Термопанели с клинкерной плиткой в Выборге!,,,,Поиск,Товарная галерея,Не определено,Смартфоны,iOS,Wi-Fi,Мужской,45-54 года,Топ 1%,Не определено,0.00,0,0,-,-,1,-,0.00,0.17,0.00,16.68,10.00,-,-,-
Термопанели в Выборге,712773255,11.08.2026,Термопанели (транз),5772834263,Автотаргетинг,,-,0,-,0,имитация кирпича с утеплителем,Широкие запросы,Запросы без упоминания брендов,-,,1915593209731060056,Комбинаторное,Фасадные термопанели под кирпич для наружной отделки.,,,,Поиск,Спецразмещение,Не определено,Смартфоны,Android,Wi-Fi,Мужской,Старше 55,Остальные,Не определено,0.00,0,0,-,-,1,-,0.00,0.68,0.00,67.82,4.00,-,-,-
Термопанели в Выборге,712773255,11.08.2026,Термопанели (транз),5772834263,Автотаргетинг,,-,0,-,0,искусственный камень,Целевые запросы,Запросы без упоминания брендов,-,,1915593209731060056,Комбинаторное,Термопанели с клинкерной плиткой в Выборге!,,,,Поиск,Прочее,Не определено,Смартфоны,iOS,Wi-Fi,Женский,25-34 года,2–5%,Не определено,0.00,0,0,-,-,1,-,0.00,0.55,0.00,54.58,7.00,-,-,-
Термопанели в Выборге,712773255,11.08.2026,Термопанели (транз),5772834263,Автотаргетинг,,-,0,-,0,искусственный камень для отделки,Целевые запросы,Запросы без упоминания брендов,-,,1915593209731060056,Комбинаторное,Термопанели с клинкерной плиткой в Выборге!,,,,Поиск,Товарная галерея,Не определено,Смартфоны,iOS,Wi-Fi,Женский,18-24 года,Остальные,Не определено,0.00,0,0,-,-,1,-,0.00,0.13,0.00,13.42,16.00,-,-,-
Термопанели в Выборге,712773255,11.08.2026,Термопанели (транз),5772834263,Автотаргетинг,,-,0,-,0,искусственный камень для отделки стен в лемано,Целевые запросы,Запросы с упоминанием брендов конкурентов,-,,1915593209731060056,Комбинаторное,Термопанели с клинкерной плиткой в Выборге!,,,,Поиск,Товарная галерея,Не определено,Смартфоны,Android,Wi-Fi,Мужской,45-54 года,Остальные,Не определено,0.00,0,0,-,-,1,-,0.00,0.28,0.00,28.21,6.00,-,-,-
Термопанели в Выборге,712773255,11.08.2026,Термопанели (транз),5772834263,Автотаргетинг,,-,0,-,0,искусственный камень для отделки стен в лемано про купить,Целевые запросы,Запросы с упоминанием брендов конкурентов,-,,1915593209731060056,Комбинаторное,Термопанели с клинкерной плиткой в Выборге!,,,,Поиск,Товарная галерея,Не определено,Смартфоны,Android,Wi-Fi,Мужской,45-54 года,Остальные,Не определено,0.00,0,0,-,-,1,-,0.00,0.25,0.00,25.29,9.00,-,-,-
Термопанели в Выборге,712773255,11.08.2026,Термопанели (транз),5772834263,Автотаргетинг,,-,0,-,0,искуственный камень уличный,Целевые запросы,Запросы без упоминания брендов,-,,1915593209731060056,Комбинаторное,Клинкерные термопанели для наружной отделки дома.,,,,Поиск,Прочее,Не определено,Смартфоны,Android,Wi-Fi,Мужской,35-44 года,Остальные,Не определено,0.00,0,0,-,-,1,-,0.00,0.85,0.00,84.88,5.00,-,-,-
Термопанели в Выборге,712773255,11.08.2026,Термопанели (транз),5772834263,Автотаргетинг,,-,0,-,0,клинкерная плитка для фасада,Целевые запросы,Запросы без упоминания брендов,-,,1915593209731060056,Комбинаторное,Термопанели с клинкерной плиткой в Выборге!,,,,Поиск,Товарная галерея,Не определено,Смартфоны,Android,Wi-Fi,Мужской,45-54 года,Остальные,Не определено,0.00,0,0,-,-,1,-,0.00,0.13,0.00,13.42,16.00,-,-,-
Термопанели в Выборге,712773255,11.08.2026,Термопанели (транз),5772834263,Автотаргетинг,,-,0,-,0,купить термопанели с клинкерной плиткой,Целевые запросы,Запросы без упоминания брендов,-,,1915593209731060056,Комбинаторное,Термопанели с клинкерной плиткой в Выборге!,,,,Поиск,Прочее,Не определено,Смартфоны,Android,Wi-Fi,Мужской,45-54 года,Остальные,Не определено,0.00,0,0,-,-,1,-,0.00,0.55,0.00,54.58,7.00,-,-,-
Термопанели в Выборге,712773255,11.08.2026,Термопанели (транз),5772834263,Автотаргетинг,,-,0,-,0,купить термопанели с клинкерной плиткой,Целевые запросы,Запросы без упоминания брендов,-,,1915593209731060056,Комбинаторное,Термопанели с клинкерной плиткой в Выборге!,,,,Поиск,Товарная галерея,Не определено,Смартфоны,Android,Wi-Fi,Мужской,45-54 года,Остальные,Не определено,0.00,0,0,-,-,1,-,0.00,0.88,0.00,88.34,2.00,-,-,-
Термопанели в Выборге,712773255,11.08.2026,Термопанели (транз),5772834263,Автотаргетинг,,-,0,-,0,можно ли установить клинкерные панели на брусовой дом,Сопутствующие запросы,Запросы без упоминания брендов,-,,1915593209731060056,Комбинаторное,Клинкерные термопанели для наружной отделки дома.,,,,Поиск,Спецразмещение,Не определено,Смартфоны,Android,Мобильная связь,Мужской,Старше 55,Остальные,Не определено,0.00,1,0,0.00,-,1,0.00,100.00,1.26,79.55,125.70,3.00,3.00,0.00,2.00
Термопанели в Выборге,712773255,11.08.2026,Термопанели (транз),5772834263,Автотаргетинг,,-,0,-,0,можно ли установить клинкерные панели на брусовой дом,Сопутствующие запросы,Запросы без упоминания брендов,-,,1915593209731060056,Комбинаторное,Клинкерные термопанели для наружной отделки дома.,,,,Поиск,Прочее,Не определено,Смартфоны,Android,Мобильная связь,Мужской,Старше 55,Остальные,Не определено,0.00,0,0,-,-,1,-,0.00,1.00,0.00,100.00,5.00,-,-,-
Термопанели в Выборге,712773255,11.08.2026,Термопанели (транз),5772834263,Автотаргетинг,,-,0,-,0,облицовочный камень купить,Целевые запросы,Запросы без упоминания брендов,-,,1915593209731060056,Комбинаторное,Клинкерные термопанели для наружной отделки дома.,,,,Поиск,Прочее,Не определено,Смартфоны,iOS,Wi-Fi,Мужской,25-34 года,2–5%,Не определено,0.00,0,0,-,-,1,-,0.00,0.45,0.00,44.58,8.00,-,-,-
Термопанели в Выборге,712773255,11.08.2026,Термопанели (транз),5772834263,Автотаргетинг,,-,0,-,0,обшивка дома вертикальной доской,Альтернативные запросы,Запросы без упоминания брендов,-,,1915593209731060056,Комбинаторное,Клинкерные термопанели для наружной отделки дома.,,,,Поиск,Реклама в саджесте,Не определено,Смартфоны,Android,Wi-Fi,Мужской,Старше 55,6–10%,Не определено,0.00,0,0,-,-,1,-,0.00,1.00,0.00,100.00,1.00,-,-,-
Термопанели в Выборге,712773255,11.08.2026,Термопанели (транз),5772834263,Автотаргетинг,,-,0,-,0,обшить дом вертикально или горизонтально,Сопутствующие запросы,Запросы без упоминания брендов,-,,1915593209731060056,Комбинаторное,Клинкерные термопанели для наружной отделки дома.,,,,Поиск,Спецразмещение,Не определено,Смартфоны,Android,Wi-Fi,Мужской,Старше 55,6–10%,Не определено,0.00,0,0,-,-,1,-,0.00,0.94,0.00,93.71,3.00,-,-,-
Термопанели в Выборге,712773255,11.08.2026,Термопанели (транз),5772834263,Автотаргетинг,,-,0,-,0,отделка клинкерной плиткой фасада,Сопутствующие запросы,Запросы без упоминания брендов,-,,1915593209731060056,Комбинаторное,Термопанели с клинкерной плиткой в Выборге!,,,,Поиск,Прочее,Не определено,Смартфоны,iOS,Wi-Fi,Мужской,Старше 55,2–5%,Не определено,0.00,0,0,-,-,1,-,0.00,0.09,0.00,8.50,5.00,-,-,-
Термопанели в Выборге,712773255,11.08.2026,Термопанели (транз),5772834263,Автотаргетинг,,-,0,-,0,отделочные панели для наружных стен дома,Целевые запросы,Запросы без упоминания брендов,-,,1915593209731060056,Комбинаторное,Клинкерные термопанели для наружной отделки дома.,,,,Поиск,Прочее,Не определено,Смартфоны,Android,Wi-Fi,Мужской,Старше 55,6–10%,Не определено,0.00,0,0,-,-,1,-,0.00,0.85,0.00,84.88,5.00,-,-,-
Термопанели в Выборге,712773255,11.08.2026,Термопанели (транз),5772834263,Автотаргетинг,,-,0,-,0,отделочные панели для наружных стен дома,Целевые запросы,Запросы без упоминания брендов,-,,1915593209731060056,Комбинаторное,Клинкерные термопанели для наружной отделки дома.,,,,Поиск,Товарная галерея,Не определено,Смартфоны,Android,Wi-Fi,Мужской,Старше 55,6–10%,Не определено,0.00,0,0,-,-,1,-,0.00,0.36,0.00,36.38,4.00,-,-,-
Термопанели в Выборге,712773255,11.08.2026,Термопанели (транз),5772834263,Автотаргетинг,,-,0,-,0,панели для отделки загородного дома варианты,Целевые запросы,Запросы без упоминания брендов,-,,1915593209731060056,Комбинаторное,Клинкерные термопанели для наружной отделки дома.,,,,Поиск,Прочее,Не определено,Смартфоны,Android,Мобильная связь,Женский,45-54 года,6–10%,Не определено,0.00,0,0,-,-,1,-,0.00,0.45,0.00,44.58,8.00,-,-,-
Термопанели в Выборге,712773255,11.08.2026,Термопанели (транз),5772834263,Автотаргетинг,,-,0,-,0,панели с утеплителем для наружной отделки дома,Целевые запросы,Запросы без упоминания брендов,-,,1915593209731060056,Комбинаторное,Клинкерные термопанели для наружной отделки дома.,,,,Поиск,Товарная галерея,Не определено,Смартфоны,iOS,Wi-Fi,Мужской,25-34 года,Остальные,Не определено,0.00,0,0,-,-,1,-,0.00,0.25,0.00,25.29,9.00,-,-,-
Термопанели в Выборге,712773255,11.08.2026,Термопанели (транз),5772834263,Автотаргетинг,,-,0,-,0,панель фасадная с утеплителем,Целевые запросы,Запросы без упоминания брендов,-,,1915593209731060056,Комбинаторное,Клинкерные термопанели для наружной отделки дома.,,,,Поиск,Прочее,Не определено,Смартфоны,Android,Wi-Fi,Женский,35-44 года,Остальные,Не определено,0.00,0,0,-,-,1,-,0.00,0.45,0.00,44.58,8.00,-,-,-
Термопанели в Выборге,712773255,11.08.2026,Термопанели (транз),5772834263,Автотаргетинг,,-,0,-,0,пирог каркасной стены,Сопутствующие запросы,Запросы без упоминания брендов,-,,1915593209731060056,Комбинаторное,Клинкерные термопанели для наружной отделки дома.,,,,Поиск,Прочее,Не определено,Смартфоны,Android,Wi-Fi,Мужской,35-44 года,Остальные,Не определено,0.00,0,0,-,-,1,-,0.00,0.42,0.00,41.63,6.00,-,-,-
Термопанели в Выборге,712773255,11.08.2026,Термопанели (транз),5772834263,Автотаргетинг,,-,0,-,0,плитка на цоколь дома под камень для фасада,Целевые запросы,Запросы без упоминания брендов,-,,1915593209731060056,Комбинаторное,Клинкерные термопанели для наружной отделки дома.,,,,Поиск,Прочее,Не определено,Смартфоны,Android,Мобильная связь,Мужской,25-34 года,Остальные,Не определено,0.00,0,0,-,-,1,-,0.00,0.85,0.00,84.88,5.00,-,-,-
Термопанели в Выборге,712773255,11.08.2026,Термопанели (транз),5772834263,Автотаргетинг,,-,0,-,0,производство технониколя в выборге,Альтернативные запросы,Запросы с упоминанием брендов конкурентов,-,,1915593209731060056,Комбинаторное,Термопанели с клинкером. Производство в Выборге,,,,Поиск,Спецразмещение,Не определено,Смартфоны,Android,Wi-Fi,Мужской,25-34 года,Остальные,Не определено,0.00,1,0,0.00,-,1,0.00,100.00,1.22,81.96,122.02,1.00,1.00,0.00,2.00
Термопанели в Выборге,712773255,11.08.2026,Термопанели (транз),5772834263,Автотаргетинг,,-,0,-,0,размеры цокольных панелей для фундамента,Целевые запросы,Запросы без упоминания брендов,-,,1915593209731060056,Комбинаторное,Клинкерные термопанели для наружной отделки дома.,,,,Поиск,Прочее,Не определено,Смартфоны,Android,Wi-Fi,Мужской,Старше 55,Остальные,Не определено,0.00,0,0,-,-,1,-,0.00,0.65,0.00,64.58,6.00,-,-,-
Термопанели в Выборге,712773255,11.08.2026,Термопанели (транз),5772834263,Автотаргетинг,,-,0,-,0,самые дешевые теплые стены для одноэтажного дома,Целевые запросы,Запросы без упоминания брендов,-,,1915593209731060056,Комбинаторное,Термопанели с клинкерной плиткой в Выборге!,,,,Поиск,Товарная галерея,Не определено,Смартфоны,Android,Wi-Fi,Мужской,45-54 года,6–10%,Не определено,0.00,0,0,-,-,1,-,0.00,0.25,0.00,25.32,8.00,-,-,-
Термопанели в Выборге,712773255,11.08.2026,Термопанели (транз),5772834263,Автотаргетинг,,-,0,-,0,сип панели клинкерные,Целевые запросы,Запросы без упоминания брендов,-,,1915593209731060056,Комбинаторное,Клинкерные термопанели для наружной отделки дома.,,,,Поиск,Прочее,Не определено,Смартфоны,iOS,Wi-Fi,Мужской,35-44 года,Остальные,Не определено,0.00,0,0,-,-,1,-,0.00,0.55,0.00,54.58,7.00,-,-,-
Термопанели в Выборге,712773255,11.08.2026,Термопанели (транз),5772834263,Автотаргетинг,,-,0,-,0,сип панели клинкерные,Целевые запросы,Запросы без упоминания брендов,-,,1915593209731060056,Комбинаторное,Клинкерные термопанели для наружной отделки дома.,,,,Поиск,Товарная галерея,Не определено,Смартфоны,iOS,Wi-Fi,Мужской,35-44 года,Остальные,Не определено,0.00,0,0,-,-,1,-,0.00,0.25,0.00,25.29,9.00,-,-,-
Термопанели в Выборге,712773255,11.08.2026,Термопанели (транз),5772834263,Автотаргетинг,,-,0,-,0,стеновая панель,Целевые запросы,Запросы без упоминания брендов,-,,1915593209731060056,Комбинаторное,Термопанели с клинкерной плиткой в Выборге!,,,,Поиск,Прочее,Не определено,Десктопы,Не определён,Wi-Fi,Женский,18-24 года,2–5%,Не определено,0.00,0,0,-,-,1,-,0.00,0.55,0.00,54.58,7.00,-,-,-
Термопанели в Выборге,712773255,11.08.2026,Термопанели (транз),5772834263,Автотаргетинг,,-,0,-,0,термопанели,Целевые запросы,Запросы без упоминания брендов,-,,1915593209731060056,Комбинаторное,"Клинкерные термопанели. Собственное производство, цена",,,,Поиск,Товарная галерея,Не определено,Смартфоны,Android,Wi-Fi,Мужской,45-54 года,2–5%,Не определено,0.00,0,0,-,-,1,-,0.00,0.28,0.00,28.21,6.00,-,-,-
Термопанели в Выборге,712773255,11.08.2026,Термопанели (транз),5772834263,Автотаргетинг,,-,0,-,0,термопанели,Целевые запросы,Запросы без упоминания брендов,-,,1915593209731060056,Комбинаторное,Термопанели с клинкерной плиткой в Выборге!,,,,Поиск,Товарная галерея,Не определено,Connected TV,Android,Wi-Fi,Не определен,25-34 года,Остальные,Не определено,0.00,0,0,-,-,1,-,0.00,0.19,0.00,19.40,4.00,-,-,-
Термопанели в Выборге,712773255,11.08.2026,Термопанели (транз),5772834263,Автотаргетинг,,-,0,-,0,термопанели для наружной,Целевые запросы,Запросы без упоминания брендов,-,,1915593209731060056,Комбинаторное,Клинкерные термопанели для наружной отделки дома.,,,,Поиск,Прочее,Не определено,Смартфоны,Android,Wi-Fi,Мужской,35-44 года,6–10%,Не определено,0.00,0,0,-,-,1,-,0.00,0.45,0.00,44.58,8.00,-,-,-
Термопанели в Выборге,712773255,11.08.2026,Термопанели (транз),5772834263,Автотаргетинг,,-,0,-,0,термопанели для наружной,Целевые запросы,Запросы без упоминания брендов,-,,1915593209731060056,Комбинаторное,Клинкерные термопанели для наружной отделки дома.,,,,Поиск,Товарная галерея,Не определено,Смартфоны,Android,Wi-Fi,Мужской,35-44 года,6–10%,Не определено,0.00,0,0,-,-,1,-,0.00,0.28,0.00,28.21,6.00,-,-,-
Термопанели в Выборге,712773255,11.08.2026,Термопанели (транз),5772834263,Автотаргетинг,,-,0,-,0,термопанели для утепления дома снаружи,Целевые запросы,Запросы без упоминания брендов,-,,1915593209731060056,Комбинаторное,Клинкерные термопанели для наружной отделки дома.,,,,Поиск,Прочее,Не определено,Смартфоны,Android,Wi-Fi,Женский,Старше 55,Остальные,Не определено,0.00,0,0,-,-,1,-,0.00,0.55,0.00,54.58,7.00,-,-,-
Термопанели в Выборге,712773255,11.08.2026,Термопанели (транз),5772834263,Автотаргетинг,,-,0,-,0,термопанели для цоколя,Целевые запросы,Запросы без упоминания брендов,-,,1915593209731060056,Комбинаторное,Термопанели с клинкерной плиткой в Выборге!,,,,Поиск,Прочее,Не определено,Смартфоны,Android,Wi-Fi,Мужской,Старше 55,Остальные,Не определено,0.00,0,0,-,-,2,-,0.00,1.19,0.00,59.58,6.50,-,-,-
Термопанели в Выборге,712773255,11.08.2026,Термопанели (транз),5772834263,Автотаргетинг,,-,0,-,0,термопанели для цоколя,Целевые запросы,Запросы без упоминания брендов,-,,1915593209731060056,Комбинаторное,Термопанели с клинкерной плиткой в Выборге!,,,,Поиск,Товарная галерея,Не определено,Смартфоны,Android,Wi-Fi,Мужской,Старше 55,Остальные,Не определено,0.00,0,0,-,-,1,-,0.00,0.32,0.00,32.27,5.00,-,-,-
Термопанели в Выборге,712773255,11.08.2026,Термопанели (транз),5772834263,Автотаргетинг,,-,0,-,0,термопанели ппс фасадные,Целевые запросы,Запросы без упоминания брендов,-,,1915593209731060056,Комбинаторное,Клинкерные термопанели для наружной отделки дома.,,,,Поиск,Прочее,Не определено,Смартфоны,Android,Wi-Fi,Мужской,18-24 года,6–10%,Не определено,0.00,0,0,-,-,2,-,0.00,1.19,0.00,59.58,6.50,-,-,-
Термопанели в Выборге,712773255,11.08.2026,Термопанели (транз),5772834263,Автотаргетинг,,-,0,-,0,термопанели с клинкерной плиткой для фасада купить,Целевые запросы,Запросы без упоминания брендов,-,,1915593209731060056,Комбинаторное,Термопанели с клинкерной плиткой в Выборге!,,,,Поиск,Прочее,Не определено,Смартфоны,Android,Wi-Fi,Мужской,45-54 года,Остальные,Не определено,0.00,0,0,-,-,1,-,0.00,0.85,0.00,84.88,5.00,-,-,-
Термопанели в Выборге,712773255,11.08.2026,Термопанели (транз),5772834263,Автотаргетинг,,-,0,-,0,термопанели фасадные,Целевые запросы,Запросы без упоминания брендов,-,,1915593209731060056,Комбинаторное,Клинкерные термопанели для наружной отделки дома.,,,,Поиск,Прочее,Не определено,Смартфоны,Android,Wi-Fi,Мужской,18-24 года,6–10%,Не определено,0.00,0,0,-,-,1,-,0.00,0.45,0.00,44.58,8.00,-,-,-
Термопанели в Выборге,712773255,11.08.2026,Термопанели (транз),5772834263,Автотаргетинг,,-,0,-,0,термосайдинг для наружной отделки дома,Целевые запросы,Запросы без упоминания брендов,-,,1915593209731060056,Комбинаторное,Клинкерные термопанели для наружной отделки дома.,,,,Поиск,Прочее,Не определено,Смартфоны,Android,Wi-Fi,Мужской,35-44 года,Остальные,Не определено,0.00,0,0,-,-,1,-,0.00,0.65,0.00,64.58,6.00,-,-,-
Термопанели в Выборге,712773255,11.08.2026,Термопанели (транз),5772834263,Автотаргетинг,,-,0,-,0,термосайдинг для наружной отделки дома цена за м2,Целевые запросы,Запросы без упоминания брендов,-,,1915593209731060056,Комбинаторное,Клинкерные термопанели для наружной отделки дома.,,,,Поиск,Прочее,Не определено,Смартфоны,Android,Wi-Fi,Мужской,Старше 55,Остальные,Не определено,0.00,0,0,-,-,1,-,0.00,0.55,0.00,54.58,7.00,-,-,-
Термопанели в Выборге,712773255,11.08.2026,Термопанели (транз),5772834263,Автотаргетинг,,-,0,-,0,термосайдинг для наружной отделки дома цена за м2,Целевые запросы,Запросы без упоминания брендов,-,,1915593209731060056,Комбинаторное,Клинкерные термопанели для наружной отделки дома.,,,,Поиск,Товарная галерея,Не определено,Смартфоны,Android,Wi-Fi,Мужской,Старше 55,Остальные,Не определено,0.00,0,0,-,-,1,-,0.00,0.39,0.00,38.70,4.00,-,-,-
Термопанели в Выборге,712773255,11.08.2026,Термопанели (транз),5772834263,Автотаргетинг,,-,0,-,0,топ фасадов из клинкерной плитки 2026,Целевые запросы,Запросы без упоминания брендов,-,,1915593209731060056,Комбинаторное,Термопанели с клинкерной плиткой в Выборге!,,,,Поиск,Прочее,Не определено,Смартфоны,iOS,Мобильная связь,Женский,25-34 года,6–10%,Не определено,0.00,0,0,-,-,1,-,0.00,0.55,0.00,54.58,7.00,-,-,-
Термопанели в Выборге,712773255,11.08.2026,Термопанели (транз),5772834263,Автотаргетинг,,-,0,-,0,топ фасадов из клинкерной плитки 2026,Целевые запросы,Запросы без упоминания брендов,-,,1915593209731060056,Комбинаторное,Термопанели с клинкерной плиткой в Выборге!,,,,Поиск,Товарная галерея,Не определено,Смартфоны,iOS,Мобильная связь,Женский,25-34 года,6–10%,Не определено,0.00,0,0,-,-,2,-,0.00,1.05,0.00,52.59,3.00,-,-,-
Термопанели в Выборге,712773255,11.08.2026,Термопанели (транз),5772834263,Автотаргетинг,,-,0,-,0,топ хаус плитка клинкерная,Целевые запросы,Запросы с упоминанием брендов конкурентов,-,,1915593209731060056,Комбинаторное,"Клинкерные термопанели. Собственное производство, цена",,,,Поиск,Прочее,Не определено,Смартфоны,iOS,Wi-Fi,Мужской,35-44 года,2–5%,Не определено,0.00,0,0,-,-,1,-,0.00,0.65,0.00,64.58,6.00,-,-,-
Термопанели в Выборге,712773255,11.08.2026,Термопанели (транз),5772834263,Автотаргетинг,,-,0,-,0,утепление и обшивка деревянного дома снаружи,Сопутствующие запросы,Запросы без упоминания брендов,-,,1915593209731060056,Комбинаторное,Клинкерные термопанели для наружной отделки дома.,,,,Поиск,Спецразмещение,Не определено,Смартфоны,iOS,Wi-Fi,Женский,25-34 года,Остальные,Не определено,0.00,0,0,-,-,1,-,0.00,0.94,0.00,93.65,3.00,-,-,-
Термопанели в Выборге,712773255,11.08.2026,Термопанели (транз),5772834263,Автотаргетинг,,-,0,-,0,фасад газобетона,Сопутствующие запросы,Запросы без упоминания брендов,-,,1915593209731060056,Комбинаторное,Клинкерные термопанели для наружной отделки дома.,,,,Поиск,Прочее,Не определено,Смартфоны,iOS,Wi-Fi,Женский,45-54 года,Остальные,Не определено,0.00,0,0,-,-,1,-,0.00,1.00,0.00,100.00,5.00,-,-,-
Термопанели в Выборге,712773255,11.08.2026,Термопанели (транз),5772834263,Автотаргетинг,,-,0,-,0,фасад под камень,Целевые запросы,Запросы без упоминания брендов,-,,1915593209731060056,Комбинаторное,Клинкерные термопанели для наружной отделки дома.,,,,Поиск,Прочее,Не определено,Смартфоны,Android,Wi-Fi,Мужской,45-54 года,Остальные,Не определено,0.00,0,0,-,-,1,-,0.00,0.45,0.00,44.58,8.00,-,-,-
Термопанели в Выборге,712773255,11.08.2026,Термопанели (транз),5772834263,Автотаргетинг,,-,0,-,0,фасадные панели в сиверской,Целевые запросы,Запросы без упоминания брендов,-,,1915593209731060056,Комбинаторное,Клинкерные термопанели для наружной отделки дома.,,,,Поиск,Товарная галерея,Не определено,Смартфоны,Android,Wi-Fi,Женский,Старше 55,Остальные,Не определено,0.00,0,0,-,-,1,-,0.00,0.13,0.00,13.46,15.00,-,-,-
Термопанели в Выборге,712773255,11.08.2026,Термопанели (транз),5772834263,Автотаргетинг,,-,0,-,0,фасадные панели для наружной отделки дома,Целевые запросы,Запросы без упоминания брендов,-,,1915593209731060056,Комбинаторное,Клинкерные термопанели для наружной отделки дома.,,,,Поиск,Прочее,Не определено,Смартфоны,Android,Wi-Fi,Мужской,35-44 года,Остальные,Не определено,0.00,0,0,-,-,1,-,0.00,0.65,0.00,64.58,6.00,-,-,-
Термопанели в Выборге,712773255,11.08.2026,Термопанели (транз),5772834263,Автотаргетинг,,-,0,-,0,фасадные панели для наружной отделки дома,Целевые запросы,Запросы без упоминания брендов,-,,1915593209731060056,Комбинаторное,Клинкерные термопанели для наружной отделки дома.,,,,Поиск,Товарная галерея,Не определено,Смартфоны,Android,Wi-Fi,Мужской,35-44 года,Остальные,Не определено,0.00,0,0,-,-,1,-,0.00,0.49,0.00,48.86,3.00,-,-,-
Термопанели в Выборге,712773255,11.08.2026,Термопанели (транз),5772834263,Автотаргетинг,,-,0,-,0,фасадные термопанели,Целевые запросы,Запросы без упоминания брендов,-,,1915593209731060056,Комбинаторное,Фасадные термопанели под кирпич для наружной отделки.,,,,Поиск,Прочее,Не определено,Смартфоны,Android,Wi-Fi,Мужской,Старше 55,Остальные,Не определено,0.00,0,0,-,-,1,-,0.00,0.55,0.00,54.58,7.00,-,-,-
Термопанели в Выборге,712773255,11.08.2026,Термопанели (транз),5772834263,Автотаргетинг,,-,0,-,0,чем заделываю треугольный фасад дома,Сопутствующие запросы,Запросы без упоминания брендов,-,,1915593209731060056,Комбинаторное,Клинкерные термопанели для наружной отделки дома.,,,,Поиск,Спецразмещение,Не определено,Десктопы,Не определён,Wi-Fi,Не определен,Не определен,Остальные,Не определено,0.00,0,0,-,-,2,-,0.00,2.20,0.00,110.16,2.00,-,-,-
Термопанели в Выборге,712773255,11.08.2026,Термопанели (транз),5772834263,Автотаргетинг,,-,0,-,0,чем закрыть цоколь с сваями,Сопутствующие запросы,Запросы без упоминания брендов,-,,1915593209731060056,Комбинаторное,Клинкерные термопанели для наружной отделки дома.,,,,Поиск,Прочее,Не определено,Смартфоны,Android,Wi-Fi,Женский,45-54 года,Остальные,Не определено,0.00,0,0,-,-,1,-,0.00,0.77,0.00,76.79,5.00,-,-,-
Термопанели в Выборге,712773255,11.08.2026,Термопанели (транз),5772834263,Автотаргетинг,,-,0,-,0,чем лучше обшить деревянный дом снаружи,Сопутствующие запросы,Запросы без упоминания брендов,-,,1915593209731060056,Комбинаторное,Клинкерные термопанели для наружной отделки дома.,,,,Поиск,Реклама в саджесте,Не определено,Смартфоны,Android,Wi-Fi,Мужской,Старше 55,Остальные,Не определено,0.00,0,0,-,-,1,-,0.00,1.00,0.00,100.00,1.00,-,-,-
Термопанели в Выборге,712773255,11.08.2026,Термопанели (транз),5772834263,Автотаргетинг,,-,0,-,0,чем обшить балкон снаружи,Сопутствующие запросы,Запросы без упоминания брендов,-,,1915593209731060056,Комбинаторное,Клинкерные термопанели для наружной отделки дома.,,,,Поиск,Реклама в саджесте,Не определено,Смартфоны,Android,Wi-Fi,Не определен,45-54 года,Остальные,Не определено,0.00,0,0,-,-,1,-,0.00,1.00,0.00,100.00,1.00,-,-,-
Термопанели в Выборге,712773255,11.08.2026,Термопанели (транз),5772834263,Автотаргетинг,,-,0,-,0,чем обшить дом снаружи,Сопутствующие запросы,Запросы без упоминания брендов,-,,1915593209731060056,Комбинаторное,Клинкерные термопанели для наружной отделки дома.,,,,Поиск,Реклама в саджесте,Не определено,Смартфоны,Android,Wi-Fi,Мужской,35-44 года,Остальные,Не определено,0.00,0,0,-,-,1,-,0.00,1.00,0.00,100.00,1.00,-,-,-
Термопанели в Выборге,712773255,11.08.2026,Термопанели (транз),5772834263,Автотаргетинг,,-,0,-,0,чем обшить столбы от свай,Сопутствующие запросы,Запросы без упоминания брендов,-,,1915593209731060056,Комбинаторное,Клинкерные термопанели для наружной отделки дома.,,,,Поиск,Прочее,Не определено,Смартфоны,Android,Wi-Fi,Женский,35-44 года,Остальные,Не определено,0.00,0,0,-,-,1,-,0.00,0.42,0.00,41.63,6.00,-,-,-
Термопанели в Выборге,712773255,11.08.2026,Термопанели (транз),5772834263,Автотаргетинг,,-,0,-,0,чем сейчас обычно отделывают дома,Сопутствующие запросы,Запросы без упоминания брендов,-,,1915593209731060056,Комбинаторное,Клинкерные термопанели для наружной отделки дома.,,,,Поиск,Спецразмещение,Не определено,Смартфоны,Android,Wi-Fi,Женский,25-34 года,Остальные,Не определено,0.00,0,0,-,-,1,-,0.00,0.84,0.00,84.25,3.00,-,-,-
Термопанели в Выборге,712773255,11.08.2026,Термопанели (транз),5772834263,Автотаргетинг,,-,0,-,0,юматекс термо официальный сайт,Альтернативные запросы,Запросы без упоминания брендов,-,,1915593209731060056,Комбинаторное,Собственное производство термопанелей-клинкер-плитка,,,,Поиск,Спецразмещение,Не определено,Десктопы,Не определён,Wi-Fi,Мужской,25-34 года,Остальные,Не определено,0.00,0,0,-,-,1,-,0.00,0.20,0.00,20.33,3.00,-,-,-
Термопанели в Выборге,712773255,11.08.2026,Термопанели (транз),5772834263,Автотаргетинг,,-,0,-,0,я-фасад официальный сайт,Альтернативные запросы,Запросы с упоминанием брендов конкурентов,-,,1915593209731060056,Комбинаторное,Клинкерные термопанели для наружной отделки дома.,,,,Поиск,Реклама в саджесте,Не определено,Смартфоны,Android,Wi-Fi,Мужской,Старше 55,Остальные,Не определено,0.00,0,0,-,-,1,-,0.00,1.00,0.00,100.00,1.00,-,-,-
"Приозерский район, Поиск   от 25-07-2026",713047408,12.08.2026,Приозерский район,5776633358,Автотаргетинг,,-,0,-,0,sip панели,Альтернативные запросы,Запросы без упоминания брендов,-,,1918168175770350076,Страницы каталога,Термопанель Колорадо 4 (32 шт),Термопанель Колорадо 4 (32 шт),,,Поиск,Спецразмещение,Не определено,Смартфоны,Android,Wi-Fi,Мужской,Старше 55,Остальные,Не определено,0.00,0,0,-,-,1,-,0.00,0.90,0.00,89.75,1.00,-,-,-
"Приозерский район, Поиск   от 25-07-2026",713047408,12.08.2026,Приозерский район,5776633358,Автотаргетинг,,-,0,-,0,альта профиль приозерск,Альтернативные запросы,Запросы с упоминанием брендов конкурентов,-,,1916597733861553174,Комбинаторное,Производство в Выборге — доставка в район,,,,Поиск,Спецразмещение,Не определено,Десктопы,Не определён,Мобильная связь,Женский,25-34 года,2–5%,Не определено,0.00,0,0,-,-,1,-,0.00,1.06,0.00,106.24,1.00,-,-,-
"Приозерский район, Поиск   от 25-07-2026",713047408,12.08.2026,Приозерский район,5776633358,Автотаргетинг,,-,0,-,0,альта профиль рр квадрапт,Альтернативные запросы,Запросы без упоминания брендов,-,,1918168175770350076,Страницы каталога,Термопанель Колорадо 3 (32 шт),Термопанель Колорадо 3 (32 шт),,,Поиск,Спецразмещение,Не определено,Десктопы,Не определён,Wi-Fi,Женский,45-54 года,Остальные,Не определено,0.00,0,0,-,-,1,-,0.00,0.81,0.00,80.84,1.00,-,-,-
"Приозерский район, Поиск   от 25-07-2026",713047408,12.08.2026,Приозерский район,5776633358,Автотаргетинг,,-,0,-,0,анкерная плитка для фасада,Широкие запросы,Запросы без упоминания брендов,-,,1918168175770350076,Страницы каталога,Клинкерная плитка фасадная ALARCON,Клинкерная плитка фасадная ALARCON,,,Поиск,Спецразмещение,Не определено,Смартфоны,Android,Wi-Fi,Женский,35-44 года,Остальные,Не определено,0.00,0,0,-,-,1,-,0.00,0.97,0.00,96.94,1.00,-,-,-
"Приозерский район, Поиск   от 25-07-2026",713047408,12.08.2026,Приозерский район,5776633358,Автотаргетинг,,-,0,-,0,база раздолье ларионово строительная каталог товаров и цены,Широкие запросы,Запросы с упоминанием брендов конкурентов,-,,1916597733861553174,Комбинаторное,Производство в Выборге — доставка в район,,,,Поиск,Спецразмещение,Не определено,Смартфоны,Android,Wi-Fi,Мужской,Старше 55,Остальные,Не определено,0.00,0,0,-,-,1,-,0.00,0.92,0.00,92.15,1.00,-,-,-
"Приозерский район, Поиск   от 25-07-2026",713047408,12.08.2026,Приозерский район,5776633358,Автотаргетинг,,-,0,-,0,база раздолье ларионово строительная каталог товаров и цены,Широкие запросы,Запросы с упоминанием брендов конкурентов,-,,1916597733861553174,Комбинаторное,Производство в Выборге — доставка в район,,,,Поиск,Прочее,Не определено,Смартфоны,Android,Wi-Fi,Мужской,Старше 55,Остальные,Не определено,0.00,0,0,-,-,4,-,0.00,3.09,0.00,77.13,5.00,-,-,-
"Приозерский район, Поиск   от 25-07-2026",713047408,12.08.2026,Приозерский район,5776633358,Автотаргетинг,,-,0,-,0,база раздолье сосново стройматериалов,Альтернативные запросы,Запросы с упоминанием брендов конкурентов,-,,1916597733861553174,Комбинаторное,Производство в Выборге — доставка в район,,,,Поиск,Спецразмещение,Не определено,Смартфоны,Android,Wi-Fi,Мужской,35-44 года,Остальные,Не определено,0.00,0,0,-,-,1,-,0.00,0.27,0.00,27.28,3.00,-,-,-
"Приозерский район, Поиск   от 25-07-2026",713047408,12.08.2026,Приозерский район,5776633358,Автотаргетинг,,-,0,-,0,варианты цоколя в каркасном доме,Сопутствующие запросы,Запросы без упоминания брендов,-,,1916597733861553174,Комбинаторное,Термопанели для дома в Приозерске,,,,Поиск,Прочее,Не определено,Смартфоны,iOS,Wi-Fi,Мужской,Старше 55,2–5%,Не определено,0.00,0,0,-,-,1,-,0.00,1.00,0.00,100.00,5.00,-,-,-
"Приозерский район, Поиск   от 25-07-2026",713047408,12.08.2026,Приозерский район,5776633358,Автотаргетинг,,-,0,-,0,варианты цоколя в каркасном доме,Сопутствующие запросы,Запросы без упоминания брендов,-,,1916597733861553174,Комбинаторное,Фасадные термопанели с клинкером,,,,Поиск,Прочее,Не определено,Смартфоны,iOS,Wi-Fi,Мужской,Старше 55,2–5%,Не определено,0.00,0,0,-,-,1,-,0.00,0.09,0.00,8.50,5.00,-,-,-
"Приозерский район, Поиск   от 25-07-2026",713047408,12.08.2026,Приозерский район,5776633358,Автотаргетинг,,-,0,-,0,вимос лосево каталог,Широкие запросы,Запросы с упоминанием брендов конкурентов,-,,1916597733861553174,Комбинаторное,Производство в Выборге — доставка в район,,,,Поиск,Прочее,Не определено,Смартфоны,Android,Wi-Fi,Мужской,45-54 года,Остальные,Не определено,0.00,0,0,-,-,1,-,0.00,0.09,0.00,8.50,5.00,-,-,-
"Приозерский район, Поиск   от 25-07-2026",713047408,12.08.2026,Приозерский район,5776633358,Автотаргетинг,,-,0,-,0,вимос приозерск каталог,Широкие запросы,Запросы с упоминанием брендов конкурентов,-,,1916597733861553174,Комбинаторное,Производство в Выборге — доставка в район,,,,Поиск,Спецразмещение,Не определено,Смартфоны,iOS,Wi-Fi,Женский,Старше 55,Остальные,Не определено,0.00,0,0,-,-,1,-,0.00,1.40,0.00,139.66,1.00,-,-,-
"Приозерский район, Поиск   от 25-07-2026",713047408,12.08.2026,Приозерский район,5776633358,Автотаргетинг,,-,0,-,0,вимос приозерск каталог товаров,Широкие запросы,Запросы с упоминанием брендов конкурентов,-,,1916597733861553174,Комбинаторное,Производство в Выборге — доставка в район,,,,Поиск,Спецразмещение,Не определено,Смартфоны,iOS,Wi-Fi,Женский,Старше 55,Остальные,Не определено,0.00,0,0,-,-,1,-,0.00,1.15,0.00,114.69,1.00,-,-,-
"Приозерский район, Поиск   от 25-07-2026",713047408,12.08.2026,Приозерский район,5776633358,Автотаргетинг,,-,0,-,0,вимос приозерск каталог товаров,Широкие запросы,Запросы с упоминанием брендов конкурентов,-,,1916597733861553174,Комбинаторное,Производство в Выборге — доставка в район,,,,Поиск,Прочее,Не определено,Смартфоны,Android,Wi-Fi,Мужской,Старше 55,Остальные,Не определено,0.00,0,0,-,-,1,-,0.00,0.09,0.00,8.50,5.00,-,-,-
"Приозерский район, Поиск   от 25-07-2026",713047408,12.08.2026,Приозерский район,5776633358,Автотаргетинг,,-,0,-,0,вимос приозерск каталог товаров и цены,Широкие запросы,Запросы с упоминанием брендов конкурентов,-,,1916597733861553174,Комбинаторное,Производство в Выборге — доставка в район,,,,Поиск,Спецразмещение,Не определено,Десктопы,Не определён,Wi-Fi,Женский,45-54 года,Остальные,Не определено,0.00,0,0,-,-,1,-,0.00,1.07,0.00,106.70,1.00,-,-,-
"Приозерский район, Поиск   от 25-07-2026",713047408,12.08.2026,Приозерский район,5776633358,Автотаргетинг,,-,0,-,0,вимос сосново приозерского района ленинградской области каталог товаров цены,Широкие запросы,Запросы с упоминанием брендов конкурентов,-,,1916597733861553174,Комбинаторное,Производство в Выборге — доставка в район,,,,Поиск,Спецразмещение,Не определено,Смартфоны,Android,Wi-Fi,Мужской,45-54 года,Остальные,Не определено,0.00,0,0,-,-,2,-,0.00,0.46,0.00,23.17,2.50,-,-,-
"Приозерский район, Поиск   от 25-07-2026",713047408,12.08.2026,Приозерский район,5776633358,Автотаргетинг,,-,0,-,0,газобетонный дом утеплить изнутри можно или нет,Сопутствующие запросы,Запросы без упоминания брендов,-,,1918168175770350076,Страницы каталога,Термопанель Колорадо 1 (32 шт),Термопанель Колорадо 1 (32 шт),,,Поиск,Прочее,Не определено,Смартфоны,Android,Wi-Fi,Мужской,Старше 55,Остальные,Не определено,0.00,0,0,-,-,1,-,0.00,0.42,0.00,41.63,6.00,-,-,-
"Приозерский район, Поиск   от 25-07-2026",713047408,12.08.2026,Приозерский район,5776633358,Автотаргетинг,,-,0,-,0,гибкая черепица под кирпич,Альтернативные запросы,Запросы без упоминания брендов,-,,1918168175770350076,Страницы каталога,Термопанель Колорадо 3 (32 шт),Термопанель Колорадо 3 (32 шт),,,Поиск,Прочее,Не определено,Смартфоны,Android,Wi-Fi,Мужской,45-54 года,Остальные,Не определено,0.00,0,0,-,-,1,-,0.00,0.09,0.00,8.50,5.00,-,-,-
"Приозерский район, Поиск   от 25-07-2026",713047408,12.08.2026,Приозерский район,5776633358,Автотаргетинг,,-,0,-,0,декоративное покрытие амк,Альтернативные запросы,Запросы без упоминания брендов,-,,1916597733861553174,Комбинаторное,"Приозерск, Сосново — термопанели с клинкером",,,,Поиск,Спецразмещение,Не определено,Смартфоны,Android,Wi-Fi,Мужской,Старше 55,Остальные,Не определено,0.00,0,0,-,-,1,-,0.00,0.67,0.00,67.03,3.00,-,-,-
"Приозерский район, Поиск   от 25-07-2026",713047408,12.08.2026,Приозерский район,5776633358,Автотаргетинг,,-,0,-,0,декоративное покрытие амк,Альтернативные запросы,Запросы без упоминания брендов,-,,1916597733861553174,Комбинаторное,"Приозерск, Сосново — термопанели с клинкером",,,,Поиск,Прочее,Не определено,Смартфоны,Android,Wi-Fi,Мужской,Старше 55,Остальные,Не определено,0.00,0,0,-,-,1,-,0.00,1.21,0.00,120.93,5.00,-,-,-
"Приозерский район, Поиск   от 25-07-2026",713047408,12.08.2026,Приозерский район,5776633358,Автотаргетинг,,-,0,-,0,доска фасадная 200мм,Альтернативные запросы,Запросы без упоминания брендов,-,,1918168175770350076,Страницы каталога,Термопанель Колорадо 3 (32 шт),Термопанель Колорадо 3 (32 шт),,,Поиск,Прочее,Не определено,Смартфоны,Android,Wi-Fi,Мужской,45-54 года,6–10%,Не определено,0.00,0,0,-,-,1,-,0.00,0.09,0.00,8.50,5.00,-,-,-
"Приозерский район, Поиск   от 25-07-2026",713047408,12.08.2026,Приозерский район,5776633358,Автотаргетинг,,-,0,-,0,дпк для отделки фасада,Альтернативные запросы,Запросы без упоминания брендов,-,,1918168175770350076,Страницы каталога,Термопанели с клинкерной плиткой. Производство в Выборге,Термопанели с клинкерной плиткой — КлинкерПрофи,,,Поиск,Спецразмещение,Не определено,Смартфоны,Android,Wi-Fi,Мужской,35-44 года,Остальные,Не определено,0.00,0,0,-,-,1,-,0.00,0.67,0.00,66.83,2.00,-,-,-
"Приозерский район, Поиск   от 25-07-2026",713047408,12.08.2026,Приозерский район,5776633358,Автотаргетинг,,-,0,-,0,как лучше утеплять деревянный дом изнутри или снаружи,Сопутствующие запросы,Запросы без упоминания брендов,-,,1916597733861553174,Комбинаторное,Термопанели для дома в Приозерске,,,,Поиск,Спецразмещение,Не определено,Смартфоны,Android,Wi-Fi,Женский,Старше 55,Остальные,Не определено,0.00,0,0,-,-,1,-,0.00,1.00,0.00,100.00,1.00,-,-,-
"Приозерский район, Поиск   от 25-07-2026",713047408,12.08.2026,Приозерский район,5776633358,Автотаргетинг,,-,0,-,0,как лучше утеплять деревянный дом изнутри или снаружи,Сопутствующие запросы,Запросы без упоминания брендов,-,,1916597733861553174,Комбинаторное,Термопанели для дома в Приозерске,,,,Поиск,Прочее,Не определено,Смартфоны,Android,Wi-Fi,Женский,Старше 55,Остальные,Не определено,0.00,0,0,-,-,2,-,0.00,1.77,0.00,88.40,5.00,-,-,-
"Приозерский район, Поиск   от 25-07-2026",713047408,12.08.2026,Приозерский район,5776633358,Автотаргетинг,,-,0,-,0,как лучше утеплять дом изнутри или снаружи,Сопутствующие запросы,Запросы без упоминания брендов,-,,1916597733861553174,Комбинаторное,Термопанели для дома в Приозерске,,,,Поиск,Прочее,Не определено,Смартфоны,Android,Wi-Fi,Женский,Старше 55,Остальные,Не определено,0.00,0,0,-,-,2,-,0.00,2.00,0.00,100.00,5.00,-,-,-
"Приозерский район, Поиск   от 25-07-2026",713047408,12.08.2026,Приозерский район,5776633358,Автотаргетинг,,-,0,-,0,как лучше утеплять дом изнутри или снаружи,Сопутствующие запросы,Запросы без упоминания брендов,-,,1918168175770350076,Страницы каталога,Термопанель Колорадо 5 (32 шт),Термопанель Колорадо 5 (32 шт),,,Поиск,Спецразмещение,Не определено,Смартфоны,Android,Wi-Fi,Женский,Старше 55,Остальные,Не определено,0.00,0,0,-,-,1,-,0.00,1.00,0.00,100.00,1.00,-,-,-
"Приозерский район, Поиск   от 25-07-2026",713047408,12.08.2026,Приозерский район,5776633358,Автотаргетинг,,-,0,-,0,как сделать пристрой к газобетонному дому,Сопутствующие запросы,Запросы без упоминания брендов,-,,1916597733861553174,Комбинаторное,Фасадные термопанели с клинкером,,,,Поиск,Спецразмещение,Не определено,Смартфоны,iOS,Wi-Fi,Женский,35-44 года,6–10%,Не определено,0.00,0,0,-,-,1,-,0.00,1.48,0.00,148.00,1.00,-,-,-
"Приозерский район, Поиск   от 25-07-2026",713047408,12.08.2026,Приозерский район,5776633358,Автотаргетинг,,-,0,-,0,как утеплить бревенчатый дом,Сопутствующие запросы,Запросы без упоминания брендов,-,,1916597733861553174,Комбинаторное,Термопанели для дома в Приозерске,,,,Поиск,Спецразмещение,Не определено,Смартфоны,Android,Wi-Fi,Женский,45-54 года,Остальные,Не определено,0.00,0,0,-,-,1,-,0.00,0.77,0.00,76.57,1.00,-,-,-
"Приозерский район, Поиск   от 25-07-2026",713047408,12.08.2026,Приозерский район,5776633358,Автотаргетинг,,-,0,-,0,как утеплить бревенчатый дом,Сопутствующие запросы,Запросы без упоминания брендов,-,,1916597733861553174,Комбинаторное,Термопанели для дома в Приозерске,,,,Поиск,Прочее,Не определено,Смартфоны,Android,Wi-Fi,Женский,45-54 года,Остальные,Не определено,0.00,0,0,-,-,1,-,0.00,1.00,0.00,100.00,5.00,-,-,-
"Приозерский район, Поиск   от 25-07-2026",713047408,12.08.2026,Приозерский район,5776633358,Автотаргетинг,,-,0,-,0,какие сэндвич панели лучше отделать откосы в сталинском доме,Сопутствующие запросы,Запросы без упоминания брендов,-,,1918168175770350076,Страницы каталога,Термопанель Колорадо 5 (32 шт),Термопанель Колорадо 5 (32 шт),,,Поиск,Прочее,Не определено,Десктопы,Не определён,Wi-Fi,Мужской,Старше 55,Остальные,Не определено,0.00,0,0,-,-,1,-,0.00,0.79,0.00,78.56,5.00,-,-,-
"Приозерский район, Поиск   от 25-07-2026",713047408,12.08.2026,Приозерский район,5776633358,Автотаргетинг,,-,0,-,0,какой выбрать цвет дома,Сопутствующие запросы,Запросы без упоминания брендов,-,,1916597733861553174,Комбинаторное,Термопанели для дома в Приозерске,,,,Поиск,Прочее,Не определено,Смартфоны,Android,Wi-Fi,Женский,35-44 года,Остальные,Не определено,0.00,0,0,-,-,1,-,0.00,0.77,0.00,76.79,5.00,-,-,-
"Приозерский район, Поиск   от 25-07-2026",713047408,12.08.2026,Приозерский район,5776633358,Автотаргетинг,,-,0,-,0,какой цвет фасада дома подойдет к коричневой кровле,Сопутствующие запросы,Запросы без упоминания брендов,-,,1916597733861553174,Комбинаторное,Фасадные термопанели с клинкером,,,,Поиск,Спецразмещение,Не определено,Смартфоны,Android,Wi-Fi,Женский,35-44 года,Остальные,Не определено,0.00,0,0,-,-,1,-,0.00,1.00,0.00,100.00,-,-,-,-
"Приозерский район, Поиск   от 25-07-2026",713047408,12.08.2026,Приозерский район,5776633358,Автотаргетинг,,-,0,-,0,какой цвет фасада дома подойдет к коричневой кровле,Сопутствующие запросы,Запросы без упоминания брендов,-,,1916597733861553174,Комбинаторное,Фасадные термопанели с клинкером,,,,Поиск,Прочее,Не определено,Смартфоны,Android,Wi-Fi,Женский,35-44 года,Остальные,Не определено,0.00,0,0,-,-,2,-,0.00,1.09,0.00,54.25,5.00,-,-,-
"Приозерский район, Поиск   от 25-07-2026",713047408,12.08.2026,Приозерский район,5776633358,Автотаргетинг,,-,0,-,0,керамогранит на веранду,Альтернативные запросы,Запросы без упоминания брендов,-,,1918168175770350076,Страницы каталога,Клинкерная плитка фасадная АКИТА,Клинкерная плитка фасадная АКИТА,,,Поиск,Спецразмещение,Не определено,Смартфоны,iOS,Wi-Fi,Женский,35-44 года,Топ 1%,Не определено,0.00,0,0,-,-,1,-,0.00,0.77,0.00,76.88,2.00,-,-,-
"Приозерский район, Поиск   от 25-07-2026",713047408,12.08.2026,Приозерский район,5776633358,Автотаргетинг,,-,0,-,0,клинкерная плитка,Широкие запросы,Запросы без упоминания брендов,-,,1918168175770350076,Страницы каталога,Клинкерная плитка фасадная KAYLOS,Клинкерная плитка фасадная KAYLOS,,,Поиск,Спецразмещение,Не определено,Смартфоны,iOS,Wi-Fi,Мужской,25-34 года,6–10%,Не определено,0.00,0,0,-,-,1,-,0.00,0.96,0.00,96.23,1.00,-,-,-
"Приозерский район, Поиск   от 25-07-2026",713047408,12.08.2026,Приозерский район,5776633358,Автотаргетинг,,-,0,-,0,клинкерная плитка для ступеней для крыльца нескользящая в леруа мерлен,Альтернативные запросы,Запросы с упоминанием брендов конкурентов,-,,1918168175770350076,Страницы каталога,Термопанели с клинкерной плиткой. Производство в Выборге,Термопанели с клинкерной плиткой — КлинкерПрофи,,,Поиск,Спецразмещение,Не определено,Смартфоны,Android,Wi-Fi,Женский,45-54 года,2–5%,Не определено,0.00,0,0,-,-,1,-,0.00,0.89,0.00,89.13,1.00,-,-,-
"Приозерский район, Поиск   от 25-07-2026",713047408,12.08.2026,Приозерский район,5776633358,Автотаргетинг,,-,0,-,0,клинкерная плитка для сухого монтажа,Широкие запросы,Запросы без упоминания брендов,-,,1918168175770350076,Страницы каталога,Клинкерная плитка фасадная STONE (палевый),Клинкерная плитка фасадная STONE (палевый),,,Поиск,Спецразмещение,Не определено,Смартфоны,Android,Wi-Fi,Женский,35-44 года,Остальные,Не определено,0.00,0,0,-,-,1,-,0.00,0.89,0.00,88.69,1.00,-,-,-
"Приозерский район, Поиск   от 25-07-2026",713047408,12.08.2026,Приозерский район,5776633358,Автотаргетинг,,-,0,-,0,клинкерная плитка для фасада,Широкие запросы,Запросы без упоминания брендов,-,,1918168175770350076,Страницы каталога,Клинкерная плитка фасадная АКИТА,Клинкерная плитка фасадная АКИТА,,,Поиск,Спецразмещение,Не определено,Смартфоны,Android,Wi-Fi,Женский,35-44 года,Остальные,Не определено,0.00,0,0,-,-,1,-,0.00,0.95,0.00,95.44,1.00,-,-,-
"Приозерский район, Поиск   от 25-07-2026",713047408,12.08.2026,Приозерский район,5776633358,Автотаргетинг,,-,0,-,0,клинкерная плитка как крепить,Сопутствующие запросы,Запросы без упоминания брендов,-,,1918168175770350076,Страницы каталога,Клинкерная плитка фасадная STONE (палевый),Клинкерная плитка фасадная STONE (палевый),,,Поиск,Прочее,Не определено,Смартфоны,Android,Wi-Fi,Женский,35-44 года,Остальные,Не определено,0.00,0,0,-,-,1,-,0.00,1.00,0.00,100.00,5.00,-,-,-
"Приозерский район, Поиск   от 25-07-2026",713047408,12.08.2026,Приозерский район,5776633358,Автотаргетинг,,-,0,-,0,клинкерная плитка как крепить,Сопутствующие запросы,Запросы без упоминания брендов,-,,1918168175770350076,Страницы каталога,Клинкерная плитка фасадная WALL GREY,Клинкерная плитка фасадная WALL GREY,,,Поиск,Прочее,Не определено,Смартфоны,Android,Wi-Fi,Женский,35-44 года,Остальные,Не определено,0.00,0,0,-,-,1,-,0.00,0.09,0.00,8.50,5.00,-,-,-
"Приозерский район, Поиск   от 25-07-2026",713047408,12.08.2026,Приозерский район,5776633358,Автотаргетинг,,-,0,-,0,клинкерная плитка на крыльцо,Альтернативные запросы,Запросы без упоминания брендов,-,,1918168175770350076,Страницы каталога,Термопанели с клинкерной плиткой. Производство в Выборге,Термопанели с клинкерной плиткой — КлинкерПрофи,,,Поиск,Спецразмещение,Не определено,Смартфоны,iOS,Wi-Fi,Мужской,25-34 года,6–10%,Не определено,0.00,0,0,-,-,1,-,0.00,0.65,0.00,64.58,3.00,-,-,-
"Приозерский район, Поиск   от 25-07-2026",713047408,12.08.2026,Приозерский район,5776633358,Автотаргетинг,,-,0,-,0,клинкерная плитка на кухню,Широкие запросы,Запросы без упоминания брендов,-,,1918168175770350076,Страницы каталога,Клинкерная плитка фасадная WALL GREY,Клинкерная плитка фасадная WALL GREY,,,Поиск,Спецразмещение,Не определено,Смартфоны,Android,Wi-Fi,Мужской,35-44 года,Остальные,Не определено,0.00,1,0,0.00,-,1,0.00,100.00,0.83,119.99,83.34,2.00,2.00,0.00,1.00
"Приозерский район, Поиск   от 25-07-2026",713047408,12.08.2026,Приозерский район,5776633358,Автотаргетинг,,-,0,-,0,клинкерная плитка на цоколь дома,Альтернативные запросы,Запросы без упоминания брендов,-,,1918168175770350076,Страницы каталога,Термопанели с клинкерной плиткой. Производство в Выборге,Термопанели с клинкерной плиткой — КлинкерПрофи,,,Поиск,Спецразмещение,Не определено,Смартфоны,Android,Wi-Fi,Женский,35-44 года,Остальные,Не определено,0.00,0,0,-,-,1,-,0.00,0.91,0.00,90.54,1.00,-,-,-
"Приозерский район, Поиск   от 25-07-2026",713047408,12.08.2026,Приозерский район,5776633358,Автотаргетинг,,-,0,-,0,клинкерная плитка на цоколь дома с направляющими,Альтернативные запросы,Запросы без упоминания брендов,-,,1918168175770350076,Страницы каталога,Термопанели с клинкерной плиткой. Производство в Выборге,Термопанели с клинкерной плиткой — КлинкерПрофи,,,Поиск,Спецразмещение,Не определено,Смартфоны,Android,Wi-Fi,Женский,35-44 года,Остальные,Не определено,0.00,0,0,-,-,1,-,0.00,0.96,0.00,96.33,1.00,-,-,-
"Приозерский район, Поиск   от 25-07-2026",713047408,12.08.2026,Приозерский район,5776633358,Автотаргетинг,,-,0,-,0,клинкерная плитка на цоколь сваи,Широкие запросы,Запросы без упоминания брендов,-,,1918168175770350076,Страницы каталога,Клинкерная плитка фасадная SANDIA,Клинкерная плитка фасадная SANDIA,,,Поиск,Спецразмещение,Не определено,Смартфоны,Android,Wi-Fi,Женский,35-44 года,Остальные,Не определено,0.00,0,0,-,-,1,-,0.00,0.96,0.00,96.30,1.00,-,-,-
"Приозерский район, Поиск   от 25-07-2026",713047408,12.08.2026,Приозерский район,5776633358,Автотаргетинг,,-,0,-,0,клинкерная плитка на цоколь сваи,Широкие запросы,Запросы без упоминания брендов,-,,1918168175770350076,Страницы каталога,Клинкерная плитка фасадная WALL GREY,Клинкерная плитка фасадная WALL GREY,,,Поиск,Прочее,Не определено,Смартфоны,Android,Wi-Fi,Женский,35-44 года,Остальные,Не определено,0.00,0,0,-,-,1,-,0.00,1.00,0.00,100.00,5.00,-,-,-
"Приозерский район, Поиск   от 25-07-2026",713047408,12.08.2026,Приозерский район,5776633358,Автотаргетинг,,-,0,-,0,клинкерная плитка с направляющими,Альтернативные запросы,Запросы без упоминания брендов,-,,1918168175770350076,Страницы каталога,Термопанели с клинкерной плиткой. Производство в Выборге,Термопанели с клинкерной плиткой — КлинкерПрофи,,,Поиск,Спецразмещение,Не определено,Смартфоны,Android,Wi-Fi,Женский,35-44 года,Остальные,Не определено,0.00,0,0,-,-,1,-,0.00,0.91,0.00,91.12,1.00,-,-,-
"Приозерский район, Поиск   от 25-07-2026",713047408,12.08.2026,Приозерский район,5776633358,Автотаргетинг,,-,0,-,0,кнауф официальный сайт каталог,Альтернативные запросы,Запросы с упоминанием брендов конкурентов,-,,1918168175770350076,Страницы каталога,Термопанель Колорадо 5 (32 шт),Термопанель Колорадо 5 (32 шт),,,Поиск,Спецразмещение,Не определено,Смартфоны,Android,Wi-Fi,Мужской,35-44 года,Остальные,Не определено,0.00,0,0,-,-,1,-,0.00,0.83,0.00,82.93,1.00,-,-,-
"Приозерский район, Поиск   от 25-07-2026",713047408,12.08.2026,Приозерский район,5776633358,Автотаргетинг,,-,0,-,0,композитный фасад,Альтернативные запросы,Запросы без упоминания брендов,-,,1916597733861553174,Комбинаторное,Клинкерные термопанели — КлинкерПрофи,,,,Поиск,Спецразмещение,Не определено,Смартфоны,iOS,Wi-Fi,Женский,25-34 года,Остальные,Не определено,0.00,0,0,-,-,1,-,0.00,0.36,0.00,35.85,4.00,-,-,-
"Приозерский район, Поиск   от 25-07-2026",713047408,12.08.2026,Приозерский район,5776633358,Автотаргетинг,,-,0,-,0,магазин вимос в приозерске каталог товаров,Широкие запросы,Запросы с упоминанием брендов конкурентов,-,,1916597733861553174,Комбинаторное,Производство в Выборге — доставка в район,,,,Поиск,Спецразмещение,Не определено,Смартфоны,Android,Wi-Fi,Мужской,Старше 55,Остальные,Не определено,0.00,0,0,-,-,2,-,0.00,1.62,0.00,80.76,1.00,-,-,-
"Приозерский район, Поиск   от 25-07-2026",713047408,12.08.2026,Приозерский район,5776633358,Автотаргетинг,,-,0,-,0,минерит плита с имитацией дерева,Альтернативные запросы,Запросы без упоминания брендов,-,,1918168175770350076,Страницы каталога,Термопанель Колорадо 3 (32 шт),Термопанель Колорадо 3 (32 шт),,,Поиск,Спецразмещение,Не определено,Смартфоны,Android,Wi-Fi,Мужской,25-34 года,Остальные,Не определено,0.00,0,0,-,-,1,-,0.00,0.54,0.00,53.60,1.00,-,-,-
"Приозерский район, Поиск   от 25-07-2026",713047408,12.08.2026,Приозерский район,5776633358,Автотаргетинг,,-,0,-,0,направляющие для клинкерной плитки,Сопутствующие запросы,Запросы без упоминания брендов,-,,1918168175770350076,Страницы каталога,Клинкерная плитка фасадная АКИТА,Клинкерная плитка фасадная АКИТА,,,Поиск,Спецразмещение,Не определено,Смартфоны,Android,Wi-Fi,Женский,35-44 года,Остальные,Не определено,0.00,0,0,-,-,1,-,0.00,0.81,0.00,81.42,1.00,-,-,-
"Приозерский район, Поиск   от 25-07-2026",713047408,12.08.2026,Приозерский район,5776633358,Автотаргетинг,,-,0,-,0,направляющие для клинкерной плитки,Сопутствующие запросы,Запросы без упоминания брендов,-,,1918168175770350076,Страницы каталога,Клинкерная плитка фасадная АКИТА,Клинкерная плитка фасадная АКИТА,,,Поиск,Прочее,Не определено,Смартфоны,Android,Wi-Fi,Женский,35-44 года,Остальные,Не определено,0.00,1,0,0.00,-,1,0.00,100.00,1.00,100.00,100.00,5.00,5.00,100.00,1.00
"Приозерский район, Поиск   от 25-07-2026",713047408,12.08.2026,Приозерский район,5776633358,Автотаргетинг,,-,0,-,0,натуральный камень для облицовки цоколя,Альтернативные запросы,Запросы без упоминания брендов,-,,1916597733861553174,Комбинаторное,"Приозерск, Сосново — термопанели с клинкером",,,,Поиск,Спецразмещение,Не определено,Смартфоны,Android,Wi-Fi,Мужской,35-44 года,2–5%,Не определено,0.00,1,0,0.00,-,1,0.00,100.00,0.77,130.29,76.75,1.00,1.00,0.00,1.00
"Приозерский район, Поиск   от 25-07-2026",713047408,12.08.2026,Приозерский район,5776633358,Автотаргетинг,,-,0,-,0,натуральный камень для фасада,Альтернативные запросы,Запросы без упоминания брендов,-,,1918168175770350076,Страницы каталога,Термопанели с клинкерной плиткой. Производство в Выборге,Термопанели с клинкерной плиткой — КлинкерПрофи,,,Поиск,Спецразмещение,Не определено,Десктопы,Не определён,Wi-Fi,Мужской,Старше 55,2–5%,Не определено,0.00,0,0,-,-,1,-,0.00,0.86,0.00,86.20,1.00,-,-,-
"Приозерский район, Поиск   от 25-07-2026",713047408,12.08.2026,Приозерский район,5776633358,Автотаргетинг,,-,0,-,0,обшивка стен каркасного дома снаружи,Сопутствующие запросы,Запросы без упоминания брендов,-,,1916597733861553174,Комбинаторное,Термопанели для дома в Приозерске,,,,Поиск,Спецразмещение,Не определено,Десктопы,Не определён,Wi-Fi,Мужской,25-34 года,Остальные,Не определено,0.00,0,0,-,-,1,-,0.00,0.90,0.00,89.90,-,-,-,-
"Приозерский район, Поиск   от 25-07-2026",713047408,12.08.2026,Приозерский район,5776633358,Автотаргетинг,,-,0,-,0,обшить цоколь дома,Сопутствующие запросы,Запросы без упоминания брендов,-,,1916597733861553174,Комбинаторное,"Приозерск, Сосново — термопанели с клинкером",,,,Поиск,Спецразмещение,Не определено,Смартфоны,Android,Wi-Fi,Женский,35-44 года,Остальные,Не определено,0.00,0,0,-,-,1,-,0.00,0.78,0.00,77.57,1.00,-,-,-
"Приозерский район, Поиск   от 25-07-2026",713047408,12.08.2026,Приозерский район,5776633358,Автотаргетинг,,-,0,-,0,обшить цоколь дома,Сопутствующие запросы,Запросы без упоминания брендов,-,,1916597733861553174,Комбинаторное,Фасадные термопанели с клинкером,,,,Поиск,Прочее,Не определено,Смартфоны,Android,Wi-Fi,Женский,35-44 года,Остальные,Не определено,0.00,0,0,-,-,1,-,0.00,1.00,0.00,100.00,5.00,-,-,-
"Приозерский район, Поиск   от 25-07-2026",713047408,12.08.2026,Приозерский район,5776633358,Автотаргетинг,,-,0,-,0,откосы вентилируемых фасадов отделка плиткой узел,Сопутствующие запросы,Запросы без упоминания брендов,-,,1918168175770350076,Страницы каталога,Клинкерная плитка фасадная АКИТА,Клинкерная плитка фасадная АКИТА,,,Поиск,Спецразмещение,Не определено,Десктопы,Не определён,Wi-Fi,Женский,25-34 года,Остальные,Не определено,0.00,0,0,-,-,1,-,0.00,1.00,0.00,100.00,-,-,-,-
"Приозерский район, Поиск   от 25-07-2026",713047408,12.08.2026,Приозерский район,5776633358,Автотаргетинг,,-,0,-,0,панели дорхан,Альтернативные запросы,Запросы с упоминанием брендов конкурентов,-,,1916597733861553174,Комбинаторное,Клинкерные термопанели — КлинкерПрофи,,,,Поиск,Спецразмещение,Не определено,Десктопы,Не определён,Wi-Fi,Мужской,35-44 года,2–5%,Не определено,0.00,0,0,-,-,1,-,0.00,1.09,0.00,108.58,1.00,-,-,-
"Приозерский район, Поиск   от 25-07-2026",713047408,12.08.2026,Приозерский район,5776633358,Автотаргетинг,,-,0,-,0,панели фасадные для наружной отделки дома,Широкие запросы,Запросы без упоминания брендов,-,,1916597733861553174,Комбинаторное,Фасадные термопанели с клинкером,,,,Поиск,Спецразмещение,Не определено,Смартфоны,Android,Wi-Fi,Мужской,35-44 года,Остальные,Не определено,0.00,0,0,-,-,1,-,0.00,0.83,0.00,83.15,2.00,-,-,-
"Приозерский район, Поиск   от 25-07-2026",713047408,12.08.2026,Приозерский район,5776633358,Автотаргетинг,,-,0,-,0,пеноплекс экстрим,Сопутствующие запросы,Запросы без упоминания брендов,-,,1916597733861553174,Комбинаторное,Клинкерные термопанели — КлинкерПрофи,,,,Поиск,Спецразмещение,Не определено,Планшеты,Android,Wi-Fi,Мужской,45-54 года,Остальные,Не определено,0.00,0,0,-,-,1,-,0.00,1.00,0.00,100.00,1.00,-,-,-
"Приозерский район, Поиск   от 25-07-2026",713047408,12.08.2026,Приозерский район,5776633358,Автотаргетинг,,-,0,-,0,петрович выборг каталог товаров в выборге,Широкие запросы,Запросы с упоминанием брендов конкурентов,-,,1916597733861553174,Комбинаторное,Производство в Выборге — доставка в район,,,,Поиск,Прочее,Не определено,Смартфоны,iOS,Wi-Fi,Мужской,45-54 года,Остальные,Не определено,0.00,0,0,-,-,1,-,0.00,1.00,0.00,100.00,5.00,-,-,-
"Приозерский район, Поиск   от 25-07-2026",713047408,12.08.2026,Приозерский район,5776633358,Автотаргетинг,,-,0,-,0,петрович выборг каталог товаров в выборге,Широкие запросы,Запросы с упоминанием брендов конкурентов,-,,1916597733861553174,Комбинаторное,Производство в Выборге — доставка в район,,,,Поиск,Эксклюзивное размещение,Не определено,Смартфоны,iOS,Wi-Fi,Мужской,45-54 года,Остальные,Не определено,0.00,0,0,-,-,1,-,0.00,1.01,0.00,101.01,1.00,-,-,-
"Приозерский район, Поиск   от 25-07-2026",713047408,12.08.2026,Приозерский район,5776633358,Автотаргетинг,,-,0,-,0,петрович строительные,Широкие запросы,Запросы с упоминанием брендов конкурентов,-,,1916597733861553174,Комбинаторное,Производство в Выборге — доставка в район,,,,Поиск,Прочее,Не определено,Смартфоны,Android,Wi-Fi,Мужской,35-44 года,Остальные,Не определено,0.00,0,0,-,-,1,-,0.00,0.09,0.00,8.50,5.00,-,-,-
"Приозерский район, Поиск   от 25-07-2026",713047408,12.08.2026,Приозерский район,5776633358,Автотаргетинг,,-,0,-,0,плита минерит под дерево,Альтернативные запросы,Запросы без упоминания брендов,-,,1918168175770350076,Страницы каталога,Термопанель Колорадо 1 (32 шт),Термопанель Колорадо 1 (32 шт),,,Поиск,Спецразмещение,Не определено,Смартфоны,Android,Wi-Fi,Мужской,25-34 года,Остальные,Не определено,0.00,0,0,-,-,1,-,0.00,1.00,0.00,100.00,-,-,-,-
"Приозерский район, Поиск   от 25-07-2026",713047408,12.08.2026,Приозерский район,5776633358,Автотаргетинг,,-,0,-,0,плита минерит под дерево,Альтернативные запросы,Запросы без упоминания брендов,-,,1918168175770350076,Страницы каталога,Термопанель Колорадо 3 (32 шт),Термопанель Колорадо 3 (32 шт),,,Поиск,Спецразмещение,Не определено,Смартфоны,Android,Wi-Fi,Мужской,25-34 года,Остальные,Не определено,0.00,0,0,-,-,1,-,0.00,0.66,0.00,66.02,1.00,-,-,-
"Приозерский район, Поиск   от 25-07-2026",713047408,12.08.2026,Приозерский район,5776633358,Автотаргетинг,,-,0,-,0,плита минерит с рисунком дерево,Альтернативные запросы,Запросы без упоминания брендов,-,,1918168175770350076,Страницы каталога,Термопанель Колорадо 5 (32 шт),Термопанель Колорадо 5 (32 шт),,,Поиск,Спецразмещение,Не определено,Смартфоны,Android,Wi-Fi,Мужской,25-34 года,Остальные,Не определено,0.00,0,0,-,-,1,-,0.00,1.00,0.00,100.00,-,-,-,-
"Приозерский район, Поиск   от 25-07-2026",713047408,12.08.2026,Приозерский район,5776633358,Автотаргетинг,,-,0,-,0,раздолье база стройматериалов приозерск,Альтернативные запросы,Запросы с упоминанием брендов конкурентов,-,,1916597733861553174,Комбинаторное,Производство в Выборге — доставка в район,,,,Поиск,Спецразмещение,Не определено,Смартфоны,Android,Wi-Fi,Мужской,Старше 55,Остальные,Не определено,0.00,0,0,-,-,1,-,0.00,0.79,0.00,78.59,1.00,-,-,-
"Приозерский район, Поиск   от 25-07-2026",713047408,12.08.2026,Приозерский район,5776633358,Автотаргетинг,,-,0,-,0,реечные панели sand,Альтернативные запросы,Запросы без упоминания брендов,-,,1918168175770350076,Страницы каталога,Термопанель Колорадо 3 (32 шт),Термопанель Колорадо 3 (32 шт),,,Поиск,Спецразмещение,Не определено,Десктопы,Не определён,Wi-Fi,Мужской,35-44 года,Топ 1%,Не определено,0.00,0,0,-,-,1,-,0.00,0.67,0.00,67.42,1.00,-,-,-
"Приозерский район, Поиск   от 25-07-2026",713047408,12.08.2026,Приозерский район,5776633358,Автотаргетинг,,-,0,-,0,совместим ли напыляемый утеплитель с пеноплексом,Сопутствующие запросы,Запросы без упоминания брендов,-,,1916597733861553174,Комбинаторное,Утепление фасада термопанелями,,,,Поиск,Прочее,Не определено,Смартфоны,Android,Wi-Fi,Мужской,45-54 года,Остальные,Не определено,0.00,0,0,-,-,1,-,0.00,1.00,0.00,100.00,5.00,-,-,-
"Приозерский район, Поиск   от 25-07-2026",713047408,12.08.2026,Приозерский район,5776633358,Автотаргетинг,,-,0,-,0,стоимость монтажа термопанелей с клинкерной плиткой,Целевые запросы,Запросы без упоминания брендов,-,,1916597733861553174,Комбинаторное,Термопанели с клинкерной плиткой - КлинкерПрофи,,,,Поиск,Прочее,Не определено,Смартфоны,iOS,Wi-Fi,Мужской,45-54 года,6–10%,Не определено,0.00,0,0,-,-,1,-,0.00,1.42,0.00,142.08,5.00,-,-,-
"Приозерский район, Поиск   от 25-07-2026",713047408,12.08.2026,Приозерский район,5776633358,Автотаргетинг,,-,0,-,0,стоимость монтажа термопанелей с клинкерной плиткой,Целевые запросы,Запросы без упоминания брендов,-,,1918168175770350076,Страницы каталога,Термопанели с клинкерной плиткой. Производство в Выборге,Термопанели с клинкерной плиткой — КлинкерПрофи,,,Поиск,Спецразмещение,Не определено,Смартфоны,iOS,Wi-Fi,Мужской,45-54 года,6–10%,Не определено,0.00,0,0,-,-,1,-,0.00,1.20,0.00,120.44,1.00,-,-,-
"Приозерский район, Поиск   от 25-07-2026",713047408,12.08.2026,Приозерский район,5776633358,Автотаргетинг,,-,0,-,0,стоимость монтажа термопанелей с клинкерной плиткой,Целевые запросы,Запросы без упоминания брендов,-,,1918168175770350076,Страницы каталога,Термопанели с клинкерной плиткой. Производство в Выборге,Термопанели с клинкерной плиткой — КлинкерПрофи,,,Поиск,Прочее,Не определено,Смартфоны,iOS,Wi-Fi,Мужской,45-54 года,6–10%,Не определено,0.00,0,0,-,-,1,-,0.00,1.42,0.00,142.08,5.00,-,-,-
"Приозерский район, Поиск   от 25-07-2026",713047408,12.08.2026,Приозерский район,5776633358,Автотаргетинг,,-,0,-,0,стоимость монтажа термопанелей с клинкерной плиткой,Сопутствующие запросы,Запросы без упоминания брендов,-,,1916597733861553174,Комбинаторное,Термопанели для дома в Приозерске,,,,Поиск,Прочее,Не определено,Смартфоны,iOS,Wi-Fi,Мужской,45-54 года,6–10%,Не определено,0.00,0,0,-,-,1,-,0.00,1.00,0.00,100.00,5.00,-,-,-
"Приозерский район, Поиск   от 25-07-2026",713047408,12.08.2026,Приозерский район,5776633358,Автотаргетинг,,-,0,-,0,строим наш дом выборг каталог товаров в выборге и цена,Широкие запросы,Запросы с упоминанием брендов конкурентов,-,,1916597733861553174,Комбинаторное,Производство в Выборге — доставка в район,,,,Поиск,Спецразмещение,Не определено,Десктопы,Не определён,Wi-Fi,Женский,18-24 года,6–10%,Не определено,0.00,0,0,-,-,1,-,0.00,0.96,0.00,96.11,1.00,-,-,-
"Приозерский район, Поиск   от 25-07-2026",713047408,12.08.2026,Приозерский район,5776633358,Автотаргетинг,,-,0,-,0,строительный магазин в мельниково,Широкие запросы,Запросы без упоминания брендов,-,,1916597733861553174,Комбинаторное,Производство в Выборге — доставка в район,,,,Поиск,Спецразмещение,Не определено,Смартфоны,Android,Wi-Fi,Мужской,45-54 года,Остальные,Не определено,0.00,0,0,-,-,1,-,0.00,0.78,0.00,78.16,1.00,-,-,-
"Приозерский район, Поиск   от 25-07-2026",713047408,12.08.2026,Приозерский район,5776633358,Автотаргетинг,,-,0,-,0,строительный магазин приозерск ларионово,Широкие запросы,Запросы без упоминания брендов,-,,1916597733861553174,Комбинаторное,Производство в Выборге — доставка в район,,,,Поиск,Спецразмещение,Не определено,Смартфоны,Android,Wi-Fi,Мужской,35-44 года,Остальные,Не определено,0.00,0,0,-,-,1,-,0.00,0.94,0.00,94.48,1.00,-,-,-
"Приозерский район, Поиск   от 25-07-2026",713047408,12.08.2026,Приозерский район,5776633358,Автотаргетинг,,-,0,-,0,строительный магазин у пл ленина,Альтернативные запросы,Запросы без упоминания брендов,-,,1916597733861553174,Комбинаторное,Производство в Выборге — доставка в район,,,,Поиск,Спецразмещение,Не определено,Смартфоны,iOS,Wi-Fi,Женский,25-34 года,2–5%,Не определено,0.00,0,0,-,-,2,-,0.00,1.56,0.00,77.97,1.00,-,-,-
"Приозерский район, Поиск   от 25-07-2026",713047408,12.08.2026,Приозерский район,5776633358,Автотаргетинг,,-,0,-,0,строительный магазин у пл ленина,Альтернативные запросы,Запросы без упоминания брендов,-,,1916597733861553174,Комбинаторное,Производство в Выборге — доставка в район,,,,Поиск,Прочее,Не определено,Смартфоны,iOS,Wi-Fi,Женский,25-34 года,2–5%,Не определено,0.00,0,0,-,-,1,-,0.00,1.00,0.00,100.00,5.00,-,-,-
"Приозерский район, Поиск   от 25-07-2026",713047408,12.08.2026,Приозерский район,5776633358,Автотаргетинг,,-,0,-,0,стройбаза в громово,Альтернативные запросы,Запросы без упоминания брендов,-,,1916597733861553174,Комбинаторное,Производство в Выборге — доставка в район,,,,Поиск,Спецразмещение,Не определено,Смартфоны,Android,Wi-Fi,Мужской,35-44 года,Остальные,Не определено,0.00,0,0,-,-,1,-,0.00,0.83,0.00,83.23,1.00,-,-,-
"Приозерский район, Поиск   от 25-07-2026",713047408,12.08.2026,Приозерский район,5776633358,Автотаргетинг,,-,0,-,0,стройбаза раздолье в ларионово каталог товаров,Широкие запросы,Запросы с упоминанием брендов конкурентов,-,,1916597733861553174,Комбинаторное,Производство в Выборге — доставка в район,,,,Поиск,Спецразмещение,Не определено,Десктопы,Не определён,Wi-Fi,Мужской,45-54 года,Остальные,Не определено,0.00,0,0,-,-,1,-,0.00,0.91,0.00,90.67,1.00,-,-,-
"Приозерский район, Поиск   от 25-07-2026",713047408,12.08.2026,Приозерский район,5776633358,Автотаргетинг,,-,0,-,0,стройбаза раздолье в ларионово каталог товаров,Широкие запросы,Запросы с упоминанием брендов конкурентов,-,,1916597733861553174,Комбинаторное,Производство в Выборге — доставка в район,,,,Поиск,Спецразмещение,Не определено,Смартфоны,Android,Wi-Fi,Мужской,45-54 года,Остальные,Не определено,0.00,0,0,-,-,1,-,0.00,1.13,0.00,113.46,1.00,-,-,-
"Приозерский район, Поиск   от 25-07-2026",713047408,12.08.2026,Приозерский район,5776633358,Автотаргетинг,,-,0,-,0,стройдеталь выборг каталог товаров в выборге и цена,Широкие запросы,Запросы с упоминанием брендов конкурентов,-,,1916597733861553174,Комбинаторное,Производство в Выборге — доставка в район,,,,Поиск,Спецразмещение,Не определено,Десктопы,Не определён,Wi-Fi,Женский,18-24 года,6–10%,Не определено,0.00,0,0,-,-,1,-,0.00,0.89,0.00,88.97,1.00,-,-,-
"Приозерский район, Поиск   от 25-07-2026",713047408,12.08.2026,Приозерский район,5776633358,Автотаргетинг,,-,0,-,0,стройматериалы в суходолье,Широкие запросы,Запросы без упоминания брендов,-,,1916597733861553174,Комбинаторное,Производство в Выборге — доставка в район,,,,Поиск,Спецразмещение,Не определено,Смартфоны,Android,Wi-Fi,Мужской,35-44 года,Остальные,Не определено,0.00,0,0,-,-,1,-,0.00,0.94,0.00,93.75,1.00,-,-,-
"Приозерский район, Поиск   от 25-07-2026",713047408,12.08.2026,Приозерский район,5776633358,Автотаргетинг,,-,0,-,0,стройматериалы в суходолье,Широкие запросы,Запросы без упоминания брендов,-,,1916597733861553174,Комбинаторное,Производство в Выборге — доставка в район,,,,Поиск,Прочее,Не определено,Смартфоны,Android,Wi-Fi,Мужской,35-44 года,Остальные,Не определено,0.00,0,0,-,-,1,-,0.00,1.00,0.00,100.00,5.00,-,-,-
"Приозерский район, Поиск   от 25-07-2026",713047408,12.08.2026,Приозерский район,5776633358,Автотаргетинг,,-,0,-,0,стройудача сосново каталог товаров,Широкие запросы,Запросы с упоминанием брендов конкурентов,-,,1916597733861553174,Комбинаторное,Производство в Выборге — доставка в район,,,,Поиск,Прочее,Не определено,Смартфоны,Android,Wi-Fi,Женский,35-44 года,Остальные,Не определено,0.00,0,0,-,-,2,-,0.00,0.17,0.00,8.50,5.00,-,-,-
"Приозерский район, Поиск   от 25-07-2026",713047408,12.08.2026,Приозерский район,5776633358,Автотаргетинг,,-,0,-,0,сэндвич панели,Альтернативные запросы,Запросы без упоминания брендов,-,,1916597733861553174,Комбинаторное,Фасадные термопанели с клинкером,,,,Поиск,Спецразмещение,Не определено,Смартфоны,iOS,Wi-Fi,Мужской,35-44 года,6–10%,Не определено,0.00,0,0,-,-,1,-,0.00,1.03,0.00,102.62,1.00,-,-,-
"Приозерский район, Поиск   от 25-07-2026",713047408,12.08.2026,Приозерский район,5776633358,Автотаргетинг,,-,0,-,0,теплозащита фасада материалы и методы,Сопутствующие запросы,Запросы без упоминания брендов,-,,1916597733861553174,Комбинаторное,Термопанели для дома в Приозерске,,,,Поиск,Спецразмещение,Не определено,Планшеты,Android,Wi-Fi,Мужской,45-54 года,2–5%,Не определено,0.00,0,0,-,-,1,-,0.00,1.00,0.00,100.00,1.00,-,-,-
"Приозерский район, Поиск   от 25-07-2026",713047408,12.08.2026,Приозерский район,5776633358,Автотаргетинг,,-,0,-,0,украсить сарая снаружи,Сопутствующие запросы,Запросы без упоминания брендов,-,,1918168175770350076,Страницы каталога,Термопанель Колорадо 3 (32 шт),Термопанель Колорадо 3 (32 шт),,,Поиск,Прочее,Не определено,Смартфоны,iOS,Wi-Fi,Женский,45-54 года,2–5%,Не определено,0.00,0,0,-,-,1,-,0.00,1.00,0.00,100.00,5.00,-,-,-
"Приозерский район, Поиск   от 25-07-2026",713047408,12.08.2026,Приозерский район,5776633358,Автотаргетинг,,-,0,-,0,утепление опилками или минеральной ватой,Сопутствующие запросы,Запросы без упоминания брендов,-,,1916597733861553174,Комбинаторное,Клинкерные термопанели — КлинкерПрофи,,,,Поиск,Прочее,Не определено,Смартфоны,iOS,Wi-Fi,Мужской,35-44 года,2–5%,Не определено,0.00,0,0,-,-,1,-,0.00,1.00,0.00,100.00,5.00,-,-,-
"Приозерский район, Поиск   от 25-07-2026",713047408,12.08.2026,Приозерский район,5776633358,Автотаргетинг,,-,0,-,0,фасадная панель формлайт технониколь кирпич 1043х305мм 0.318кв м бежевый,Альтернативные запросы,Запросы без упоминания брендов,-,,1918168175770350076,Страницы каталога,Клинкерная плитка фасадная STONE (графитовый),Клинкерная плитка фасадная STONE (графитовый),,,Поиск,Прочее,Не определено,Смартфоны,Android,Wi-Fi,Мужской,18-24 года,Остальные,Не определено,0.00,0,0,-,-,1,-,0.00,1.00,0.00,100.00,5.00,-,-,-
"Приозерский район, Поиск   от 25-07-2026",713047408,12.08.2026,Приозерский район,5776633358,Автотаргетинг,,-,0,-,0,фасадная панель формлайт технониколь кирпич 1043х305мм 0.318кв м бежевый,Альтернативные запросы,Запросы без упоминания брендов,-,,1918168175770350076,Страницы каталога,Термопанель Колорадо 5 (32 шт),Термопанель Колорадо 5 (32 шт),,,Поиск,Спецразмещение,Не определено,Смартфоны,Android,Wi-Fi,Мужской,18-24 года,Остальные,Не определено,0.00,0,0,-,-,1,-,0.00,0.84,0.00,83.95,1.00,-,-,-
"Приозерский район, Поиск   от 25-07-2026",713047408,12.08.2026,Приозерский район,5776633358,Автотаргетинг,,-,0,-,0,фасадные материалы для наружной отделки дома,Широкие запросы,Запросы без упоминания брендов,-,,1916597733861553174,Комбинаторное,Фасадные термопанели с клинкером,,,,Поиск,Спецразмещение,Не определено,Десктопы,Не определён,Wi-Fi,Мужской,Старше 55,2–5%,Не определено,0.00,0,0,-,-,1,-,0.00,0.94,0.00,93.51,1.00,-,-,-
"Приозерский район, Поиск   от 25-07-2026",713047408,12.08.2026,Приозерский район,5776633358,Автотаргетинг,,-,0,-,0,цокольные панели 1000 х 500,Сопутствующие запросы,Запросы без упоминания брендов,-,,1916597733861553174,Комбинаторное,Утепление фасада термопанелями,,,,Поиск,Спецразмещение,Не определено,Смартфоны,iOS,Wi-Fi,Мужской,25-34 года,Топ 1%,Не определено,0.00,0,0,-,-,1,-,0.00,0.26,0.00,26.09,3.00,-,-,-
"Приозерский район, Поиск   от 25-07-2026",713047408,12.08.2026,Приозерский район,5776633358,Автотаргетинг,,-,0,-,0,чем можно обшить стены в деревянном доме,Сопутствующие запросы,Запросы без упоминания брендов,-,,1918168175770350076,Страницы каталога,Термопанель Колорадо 5 (32 шт),Термопанель Колорадо 5 (32 шт),,,Поиск,Прочее,Не определено,Смартфоны,Android,Wi-Fi,Мужской,18-24 года,Остальные,Не определено,0.00,0,0,-,-,1,-,0.00,0.42,0.00,41.63,6.00,-,-,-
"Приозерский район, Поиск   от 25-07-2026",713047408,12.08.2026,Приозерский район,5776633358,Автотаргетинг,,-,0,-,0,чем обшить сарай снаружи,Сопутствующие запросы,Запросы без упоминания брендов,-,,1916597733861553174,Комбинаторное,Клинкерные термопанели — КлинкерПрофи,,,,Поиск,Спецразмещение,Не определено,Смартфоны,Android,Wi-Fi,Мужской,35-44 года,Остальные,Не определено,0.00,0,0,-,-,1,-,0.00,1.00,0.00,100.00,-,-,-,-
"Приозерский район, Поиск   от 25-07-2026",713047408,12.08.2026,Приозерский район,5776633358,Автотаргетинг,,-,0,-,0,чем обшить сарай снаружи,Сопутствующие запросы,Запросы без упоминания брендов,-,,1918168175770350076,Страницы каталога,Термопанель Колорадо 3 (32 шт),Термопанель Колорадо 3 (32 шт),,,Поиск,Спецразмещение,Не определено,Смартфоны,Android,Wi-Fi,Мужской,35-44 года,Остальные,Не определено,0.00,0,0,-,-,1,-,0.00,0.72,0.00,72.37,1.00,-,-,-
"Приозерский район, Поиск   от 25-07-2026",713047408,12.08.2026,Приозерский район,5776633358,Автотаргетинг,,-,0,-,0,чем обшить сарай снаружи,Сопутствующие запросы,Запросы без упоминания брендов,-,,1918168175770350076,Страницы каталога,Термопанель Колорадо 5 (32 шт),Термопанель Колорадо 5 (32 шт),,,Поиск,Прочее,Не определено,Смартфоны,Android,Wi-Fi,Мужской,35-44 года,Остальные,Не определено,0.00,0,0,-,-,1,-,0.00,1.00,0.00,100.00,5.00,-,-,-
"Приозерский район, Поиск   от 25-07-2026",713047408,12.08.2026,Приозерский район,5776633358,Автотаргетинг,,-,0,-,0,что такое экстерьер дома,Сопутствующие запросы,Запросы без упоминания брендов,-,,1916597733861553174,Комбинаторное,Фасадные термопанели с клинкером,,,,Поиск,Прочее,Не определено,Смартфоны,Android,Wi-Fi,Мужской,18-24 года,Остальные,Не определено,0.00,0,0,-,-,1,-,0.00,1.00,0.00,100.00,5.00,-,-,-
"Приозерский район, Поиск   от 25-07-2026",713047408,12.08.2026,Приозерский район,5776633358,Автотаргетинг,,-,0,-,0,шуба штукатурка,Альтернативные запросы,Запросы без упоминания брендов,-,,1918168175770350076,Страницы каталога,Термопанель Колорадо 4 (32 шт),Термопанель Колорадо 4 (32 шт),,,Поиск,Прочее,Не определено,Смартфоны,Android,Wi-Fi,Мужской,45-54 года,Топ 1%,Не определено,0.00,0,0,-,-,1,-,0.00,0.09,0.00,8.50,5.00,-,-,-
Термопанели в Выборге,712773255,12.08.2026,Группа 1 - коммерческая,5773901452,Фраза,купить клинкерные термопанели,-,0,-,0,термопанели с клинкерной плиткой купить в санкт петербурге,Целевые запросы,Запросы без упоминания брендов,Пословное,,1915802398259215246,Комбинаторное,Гарантия до 5 лет на термопанели,,,,Поиск,Товарная галерея,Не определено,Смартфоны,Android,Wi-Fi,Мужской,Старше 55,Остальные,Не определено,0.00,0,0,-,-,1,-,0.00,0.23,0.00,22.94,7.00,-,-,-
Термопанели в Выборге,712773255,12.08.2026,Группа 1 - коммерческая,5773901452,Фраза,купить клинкерные термопанели,-,0,-,0,термопанели с клинкерной плиткой купить в спб,Целевые запросы,Запросы без упоминания брендов,Пословное,,1915802398259215246,Комбинаторное,Клинкерные термопанели - производство Выборг,,,,Поиск,Товарная галерея,Не определено,Десктопы,Не определён,Wi-Fi,Мужской,45-54 года,6–10%,Не определено,0.00,0,0,-,-,1,-,0.00,0.31,0.00,30.96,9.00,-,-,-
Термопанели в Выборге,712773255,12.08.2026,Группа 1 - коммерческая,5773901452,Фраза,термопанели -цена -производитель -купить -заказывать -доставка,-,0,-,0,затирка для термопанелей,Не определено,-,Пословное,,1915802398259215246,Комбинаторное,"Термопанели в Выборге - завод на Ленина, 11",,,,Поиск,Реклама в саджесте,Не определено,Смартфоны,Android,Wi-Fi,Мужской,45-54 года,Остальные,Не определено,0.00,0,0,-,-,1,-,0.00,1.00,0.00,100.00,1.00,-,-,-
Термопанели в Выборге,712773255,12.08.2026,Группа 1 - коммерческая,5773901452,Фраза,термопанели -цена -производитель -купить -заказывать -доставка,-,0,-,0,затирка для швов термопанелей с клинкерной плиткой,Не определено,-,Пословное,,1915802398259215246,Комбинаторное,"Термопанели в Выборге - завод на Ленина, 11",,,,Поиск,Реклама в саджесте,Не определено,Смартфоны,Android,Wi-Fi,Мужской,Старше 55,Остальные,Не определено,0.00,0,0,-,-,1,-,0.00,1.00,0.00,100.00,1.00,-,-,-
Термопанели в Выборге,712773255,12.08.2026,Группа 1 - коммерческая,5773901452,Фраза,термопанели -цена -производитель -купить -заказывать -доставка,-,0,-,0,ооо гк термопанель,Альтернативные запросы,Запросы с упоминанием брендов конкурентов,Пословное,,1915802398259215246,Комбинаторное,Купить термопанели в Выборге напрямую,,,,Поиск,Товарная галерея,Не определено,Десктопы,Не определён,Wi-Fi,Мужской,Старше 55,6–10%,Не определено,0.00,0,0,-,-,1,-,0.00,0.68,0.00,67.76,3.00,-,-,-
Термопанели в Выборге,712773255,12.08.2026,Группа 1 - коммерческая,5773901452,Фраза,термопанели -цена -производитель -купить -заказывать -доставка,-,0,-,0,ооо новый город санкт петербург термопанели,Альтернативные запросы,Запросы с упоминанием брендов конкурентов,Пословное,,1915802398259215246,Комбинаторное,Купить термопанели в Выборге напрямую,,,,Поиск,Товарная галерея,Не определено,Смартфоны,Android,Wi-Fi,Мужской,35-44 года,Остальные,Не определено,0.00,0,0,-,-,1,-,0.00,0.53,0.00,52.59,3.00,-,-,-
Термопанели в Выборге,712773255,12.08.2026,Группа 1 - коммерческая,5773901452,Фраза,термопанели -цена -производитель -купить -заказывать -доставка,-,0,-,0,передовые технологии термопанели тайцы,Альтернативные запросы,Запросы с упоминанием брендов конкурентов,Пословное,,1915802398259215246,Комбинаторное,Производитель термопанелей в Ленобласти,,,,Поиск,Товарная галерея,Не определено,Смартфоны,Android,Wi-Fi,Мужской,35-44 года,Остальные,Не определено,0.00,0,0,-,-,1,-,0.00,0.99,0.00,98.59,2.00,-,-,-
Термопанели в Выборге,712773255,12.08.2026,Группа 1 - коммерческая,5773901452,Фраза,термопанели -цена -производитель -купить -заказывать -доставка,-,0,-,0,расценка затирки термопанели,Сопутствующие запросы,Запросы без упоминания брендов,Пословное,,1915802398259215246,Комбинаторное,Купить термопанели в Выборге напрямую,,,,Поиск,Спецразмещение,Не определено,Планшеты,Android,Wi-Fi,Мужской,35-44 года,Остальные,Не определено,0.00,0,0,-,-,1,-,0.00,0.15,0.00,14.73,2.00,-,-,-
Термопанели в Выборге,712773255,12.08.2026,Группа 1 - коммерческая,5773901452,Фраза,термопанели -цена -производитель -купить -заказывать -доставка,-,0,-,0,термопанели therm ceramic,Альтернативные запросы,Запросы с упоминанием брендов конкурентов,Пословное,,1915802398259215246,Комбинаторное,Купить термопанели в Выборге напрямую,,,,Поиск,Товарная галерея,Не определено,Десктопы,Не определён,Wi-Fi,Мужской,45-54 года,2–5%,Не определено,0.00,0,0,-,-,1,-,0.00,0.57,0.00,56.81,4.00,-,-,-
Термопанели в Выборге,712773255,12.08.2026,Группа 1 - коммерческая,5773901452,Фраза,термопанели -цена -производитель -купить -заказывать -доставка,-,0,-,0,термопанели для внутренней отделки стен,Широкие запросы,Запросы без упоминания брендов,Пословное,,1915802398259215246,Комбинаторное,Купить термопанели в Выборге напрямую,,,,Поиск,Товарная галерея,Не определено,Смартфоны,Android,Wi-Fi,Мужской,Старше 55,Остальные,Не определено,0.00,0,0,-,-,1,-,0.00,0.25,0.00,25.35,7.00,-,-,-
Термопанели в Выборге,712773255,12.08.2026,Группа 1 - коммерческая,5773901452,Фраза,термопанели -цена -производитель -купить -заказывать -доставка,-,0,-,0,термопанели для наружной отделки,Широкие запросы,Запросы без упоминания брендов,Пословное,,1915802398259215246,Комбинаторное,Купить термопанели в Выборге напрямую,,,,Поиск,Прочее,Не определено,Смартфоны,Android,Wi-Fi,Женский,45-54 года,Остальные,Не определено,0.00,0,0,-,-,1,-,0.00,0.35,0.00,34.90,9.00,-,-,-
Термопанели в Выборге,712773255,12.08.2026,Группа 1 - коммерческая,5773901452,Фраза,термопанели -цена -производитель -купить -заказывать -доставка,-,0,-,0,термопанели для наружной отделки,Широкие запросы,Запросы без упоминания брендов,Пословное,,1915802398259215246,Комбинаторное,Термопанели с клинкером - собственный завод в Выборге,,,,Поиск,Прочее,Не определено,Смартфоны,Android,Wi-Fi,Женский,45-54 года,Остальные,Не определено,0.00,0,0,-,-,1,-,0.00,0.80,0.00,80.24,6.00,-,-,-
Термопанели в Выборге,712773255,12.08.2026,Группа 1 - коммерческая,5773901452,Фраза,термопанели -цена -производитель -купить -заказывать -доставка,-,0,-,0,термопанели фасадные,Широкие запросы,Запросы без упоминания брендов,Пословное,,1915802398259215246,Комбинаторное,Купить термопанели в Выборге напрямую,,,,Поиск,Прочее,Не определено,Десктопы,Не определён,Wi-Fi,Женский,45-54 года,Остальные,Не определено,0.00,0,0,-,-,1,-,0.00,0.32,0.00,31.82,9.00,-,-,-
Термопанели в Выборге,712773255,12.08.2026,Группа 1 - коммерческая,5773901452,Автотаргетинг,,-,0,-,0,,Не определено,-,-,,1915802398259215246,Комбинаторное,Бесплатная доставка по Выборгскому району,,,,Сети,Прочее,Не определено,Смартфоны,Android,Wi-Fi,Мужской,Старше 55,Остальные,Не определено,0.00,0,0,-,-,1,-,0.00,1.00,0.00,100.00,-,-,-,-
Термопанели в Выборге,712773255,12.08.2026,Группа 1 - коммерческая,5773901452,Автотаргетинг,,-,0,-,0,,Не определено,-,-,,1915802398259215246,Комбинаторное,Гарантия до 5 лет на термопанели,,,,Сети,Прочее,Не определено,Смартфоны,Android,Wi-Fi,Женский,Старше 55,Остальные,Не определено,0.00,0,0,-,-,1,-,0.00,1.00,0.00,100.00,-,-,-,-
Термопанели в Выборге,712773255,12.08.2026,Группа 1 - коммерческая,5773901452,Автотаргетинг,,-,0,-,0,,Не определено,-,-,,1915802398259215246,Комбинаторное,Клинкерные термопанели - производство Выборг,,,,Сети,Прочее,Не определено,Смартфоны,iOS,Wi-Fi,Мужской,Старше 55,Топ 1%,Не определено,0.00,1,0,0.00,-,1,0.00,100.00,1.00,100.00,100.00,-,-,-,-
Термопанели в Выборге,712773255,12.08.2026,Группа 1 - коммерческая,5773901452,Автотаргетинг,,-,0,-,0,,Не определено,-,-,,1915802398259215246,Комбинаторное,Купить термопанели в Выборге напрямую,,,,Сети,Прочее,Не определено,Смартфоны,Android,Wi-Fi,Не определен,Старше 55,Остальные,Не определено,0.00,0,0,-,-,1,-,0.00,1.00,0.00,100.00,-,-,-,-
Термопанели в Выборге,712773255,12.08.2026,Группа 1 - коммерческая,5773901452,Автотаргетинг,,-,0,-,0,,Не определено,-,-,,1915802398259215246,Комбинаторное,Купить термопанели в Выборге напрямую,,,,Сети,Прочее,Не определено,Смартфоны,Android,Wi-Fi,Мужской,45-54 года,Остальные,Не определено,0.00,0,0,-,-,1,-,0.00,1.00,0.00,100.00,-,-,-,-
Термопанели в Выборге,712773255,12.08.2026,Группа 1 - коммерческая,5773901452,Автотаргетинг,,-,0,-,0,,Не определено,-,-,,1915802398259215246,Комбинаторное,Купить термопанели в Выборге напрямую,,,,Сети,Прочее,Не определено,Смартфоны,Android,Wi-Fi,Мужской,45-54 года,6–10%,Не определено,0.00,0,0,-,-,1,-,0.00,1.00,0.00,100.00,-,-,-,-
Термопанели в Выборге,712773255,12.08.2026,Группа 1 - коммерческая,5773901452,Автотаргетинг,,-,0,-,0,,Не определено,-,-,,1915802398259215246,Комбинаторное,Купить термопанели в Выборге напрямую,,,,Сети,Прочее,Не определено,Смартфоны,Android,Wi-Fi,Мужской,Старше 55,Остальные,Не определено,0.00,0,0,-,-,4,-,0.00,4.00,0.00,100.00,-,-,-,-
Термопанели в Выборге,712773255,12.08.2026,Группа 1 - коммерческая,5773901452,Автотаргетинг,,-,0,-,0,,Не определено,-,-,,1915802398259215246,Комбинаторное,Купить термопанели в Выборге напрямую,,,,Сети,Прочее,Не определено,Смартфоны,Android,Wi-Fi,Женский,Старше 55,Остальные,Не определено,0.00,0,0,-,-,6,-,0.00,6.00,0.00,100.00,-,-,-,-
Термопанели в Выборге,712773255,12.08.2026,Группа 1 - коммерческая,5773901452,Автотаргетинг,,-,0,-,0,,Не определено,-,-,,1915802398259215246,Комбинаторное,Купить термопанели в Выборге напрямую,,,,Сети,Прочее,Не определено,Смартфоны,Android,Мобильная связь,Мужской,Старше 55,Остальные,Не определено,0.00,0,0,-,-,2,-,0.00,2.00,0.00,100.00,-,-,-,-
Термопанели в Выборге,712773255,12.08.2026,Группа 1 - коммерческая,5773901452,Автотаргетинг,,-,0,-,0,,Не определено,-,-,,1915802398259215246,Комбинаторное,"Термопанели в Выборге - завод на Ленина, 11",,,,Сети,Прочее,Не определено,Десктопы,Не определён,Wi-Fi,Мужской,Старше 55,Остальные,Не определено,0.00,0,0,-,-,1,-,0.00,1.00,0.00,100.00,-,-,-,-
Термопанели в Выборге,712773255,12.08.2026,Группа 1 - коммерческая,5773901452,Автотаргетинг,,-,0,-,0,,Не определено,-,-,,1915802398259215246,Комбинаторное,Термопанели с клинкером - собственный завод в Выборге,,,,Сети,Прочее,Не определено,Смартфоны,Android,Мобильная связь,Мужской,Старше 55,Остальные,Не определено,0.00,0,0,-,-,1,-,0.00,1.00,0.00,100.00,-,-,-,-
Термопанели в Выборге,712773255,12.08.2026,Группа 1 - коммерческая,5773901452,Автотаргетинг,,-,0,-,0,,Не определено,-,-,,1915802398259215246,Комбинаторное,Термопанели с клинкером - собственный завод в Выборге,,,,Сети,Прочее,Не определено,Смартфоны,iOS,Wi-Fi,Мужской,25-34 года,Остальные,Не определено,0.00,0,0,-,-,1,-,0.00,1.00,0.00,100.00,-,-,-,-
Термопанели в Выборге,712773255,12.08.2026,Группа 1 - коммерческая,5773901452,Автотаргетинг,,-,0,-,0,выборг петрович пенополистирол,Альтернативные запросы,Запросы с упоминанием брендов конкурентов,-,,1915802398259215246,Комбинаторное,Термопанели с клинкером - собственный завод в Выборге,,,,Поиск,Прочее,Не определено,Смартфоны,Android,Wi-Fi,Женский,35-44 года,Остальные,Не определено,0.00,0,0,-,-,1,-,0.00,0.09,0.00,8.50,5.00,-,-,-
Термопанели в Выборге,712773255,12.08.2026,Группа 1 - коммерческая,5773901452,Автотаргетинг,,-,0,-,0,декоративный камни на цоколь,Целевые запросы,Запросы без упоминания брендов,-,,1915802398259215246,Комбинаторное,"Термопанели в Выборге - завод на Ленина, 11",,,,Поиск,Товарная галерея,Не определено,Смартфоны,Android,Wi-Fi,Мужской,45-54 года,Остальные,Не определено,0.00,0,0,-,-,1,-,0.00,0.25,0.00,25.29,9.00,-,-,-
Термопанели в Выборге,712773255,12.08.2026,Группа 1 - коммерческая,5773901452,Автотаргетинг,,-,0,-,0,каталог стройудача,Широкие запросы,Запросы с упоминанием брендов конкурентов,-,,1915802398259215246,Комбинаторное,Бесплатная доставка по Выборгскому району,,,,Поиск,Спецразмещение,Не определено,Смартфоны,Android,Wi-Fi,Мужской,45-54 года,Остальные,Не определено,0.00,0,0,-,-,1,-,0.00,0.88,0.00,87.52,2.00,-,-,-
Термопанели в Выборге,712773255,12.08.2026,Группа 1 - коммерческая,5773901452,Автотаргетинг,,-,0,-,0,кингисепп красная башня облицовочная плитка где можно посмотреть,Альтернативные запросы,Запросы без упоминания брендов,-,,1915802398259215246,Комбинаторное,Термопанели с клинкером - собственный завод в Выборге,,,,Поиск,Спецразмещение,Не определено,Смартфоны,Android,Wi-Fi,Женский,Старше 55,Остальные,Не определено,0.00,0,0,-,-,1,-,0.00,0.95,0.00,94.89,1.00,-,-,-
Термопанели в Выборге,712773255,12.08.2026,Группа 1 - коммерческая,5773901452,Автотаргетинг,,-,0,-,0,крепление термопанелей к осб плите,Сопутствующие запросы,Запросы без упоминания брендов,-,,1915802398259215246,Комбинаторное,Купить термопанели в Выборге напрямую,,,,Поиск,Прочее,Не определено,Смартфоны,iOS,Мобильная связь,Женский,25-34 года,6–10%,Не определено,0.00,0,0,-,-,1,-,0.00,0.77,0.00,76.79,5.00,-,-,-
Термопанели в Выборге,712773255,12.08.2026,Группа 1 - коммерческая,5773901452,Автотаргетинг,,-,0,-,0,купить в выборге амк панель,Альтернативные запросы,Запросы без упоминания брендов,-,,1915802398259215246,Комбинаторное,"Термопанели в Выборге - завод на Ленина, 11",,,,Поиск,Спецразмещение,Не определено,Смартфоны,Android,Wi-Fi,Женский,Старше 55,Остальные,Не определено,0.00,1,0,0.00,-,2,0.00,50.00,1.43,69.95,71.48,2.00,2.00,0.00,1.00
Термопанели в Выборге,712773255,12.08.2026,Группа 1 - коммерческая,5773901452,Автотаргетинг,,-,0,-,0,панели под камень для закрытия фундамента на озоне,Целевые запросы,Запросы с упоминанием брендов конкурентов,-,,1915802398259215246,Комбинаторное,Производитель термопанелей в Ленобласти,,,,Поиск,Товарная галерея,Не определено,Смартфоны,Android,Wi-Fi,Мужской,Старше 55,Остальные,Не определено,0.00,0,0,-,-,1,-,0.00,0.13,0.00,13.34,18.00,-,-,-
Термопанели в Выборге,712773255,12.08.2026,Группа 1 - коммерческая,5773901452,Автотаргетинг,,-,0,-,0,петрович выборг каталог товаров в выборге и цена,Широкие запросы,Запросы с упоминанием брендов конкурентов,-,,1915802398259215246,Комбинаторное,Бесплатная доставка по Выборгскому району,,,,Поиск,Прочее,Не определено,Десктопы,Не определён,Wi-Fi,Мужской,Старше 55,Остальные,Не определено,0.00,0,0,-,-,1,-,0.00,1.00,0.00,100.00,5.00,-,-,-
Термопанели в Выборге,712773255,12.08.2026,Группа 1 - коммерческая,5773901452,Автотаргетинг,,-,0,-,0,петрович выборг каталог товаров в выборге и цена,Широкие запросы,Запросы с упоминанием брендов конкурентов,-,,1915802398259215246,Комбинаторное,Бесплатная доставка по Выборгскому району,,,,Поиск,Прочее,Не определено,Смартфоны,Android,Wi-Fi,Мужской,Старше 55,Остальные,Не определено,0.00,0,0,-,-,1,-,0.00,0.09,0.00,8.50,5.00,-,-,-
Термопанели в Выборге,712773255,12.08.2026,Группа 1 - коммерческая,5773901452,Автотаргетинг,,-,0,-,0,петрович строительные материалы,Широкие запросы,Запросы с упоминанием брендов конкурентов,-,,1915802398259215246,Комбинаторное,Бесплатная доставка по Выборгскому району,,,,Поиск,Прочее,Не определено,Смартфоны,Android,Wi-Fi,Женский,Старше 55,Остальные,Не определено,0.00,0,0,-,-,1,-,0.00,0.09,0.00,8.50,5.00,-,-,-
Термопанели в Выборге,712773255,12.08.2026,Группа 1 - коммерческая,5773901452,Автотаргетинг,,-,0,-,0,строй наш дом выборг каталог,Широкие запросы,Запросы с упоминанием брендов конкурентов,-,,1915802398259215246,Комбинаторное,Бесплатная доставка по Выборгскому району,,,,Поиск,Спецразмещение,Не определено,Смартфоны,iOS,Wi-Fi,Женский,18-24 года,Остальные,Не определено,0.00,1,0,0.00,-,1,0.00,100.00,0.46,218.61,45.74,2.00,2.00,0.00,4.00
Термопанели в Выборге,712773255,12.08.2026,Группа 1 - коммерческая,5773901452,Автотаргетинг,,-,0,-,0,строймаркет в васкелово,Широкие запросы,Запросы без упоминания брендов,-,,1915802398259215246,Комбинаторное,Бесплатная доставка по Выборгскому району,,,,Поиск,Прочее,Не определено,Смартфоны,Android,Wi-Fi,Мужской,Старше 55,Остальные,Не определено,0.00,0,0,-,-,2,-,0.00,0.17,0.00,8.50,5.00,-,-,-
Термопанели в Выборге,712773255,12.08.2026,Группа 1 - коммерческая,5773901452,Автотаргетинг,,-,0,-,0,строймаркет в сертолово,Широкие запросы,Запросы без упоминания брендов,-,,1915802398259215246,Комбинаторное,Бесплатная доставка по Выборгскому району,,,,Поиск,Прочее,Не определено,Смартфоны,Android,Wi-Fi,Мужской,Старше 55,2–5%,Не определено,0.00,0,0,-,-,1,-,0.00,0.09,0.00,8.50,5.00,-,-,-
Термопанели в Выборге,712773255,12.08.2026,Группа 1 - коммерческая,5773901452,Автотаргетинг,,-,0,-,0,стройудача каталог,Широкие запросы,Запросы с упоминанием брендов конкурентов,-,,1915802398259215246,Комбинаторное,Бесплатная доставка по Выборгскому району,,,,Поиск,Спецразмещение,Не определено,Смартфоны,iOS,Wi-Fi,Мужской,Старше 55,2–5%,Не определено,0.00,0,0,-,-,1,-,0.00,0.30,0.00,30.30,2.00,-,-,-
Термопанели в Выборге,712773255,12.08.2026,Группа 1 - коммерческая,5773901452,Автотаргетинг,,-,0,-,0,стройудача спб каталог товаров спб и ленобласти,Широкие запросы,Запросы с упоминанием брендов конкурентов,-,,1915802398259215246,Комбинаторное,Бесплатная доставка по Выборгскому району,,,,Поиск,Спецразмещение,Не определено,Десктопы,Не определён,Wi-Fi,Мужской,Старше 55,Остальные,Не определено,0.00,0,0,-,-,1,-,0.00,0.59,0.00,58.70,2.00,-,-,-
Термопанели в Выборге,712773255,12.08.2026,Группа 1 - коммерческая,5773901452,Автотаргетинг,,-,0,-,0,термо панели для стен,Целевые запросы,Запросы без упоминания брендов,-,,1915802398259215246,Комбинаторное,Гарантия до 5 лет на термопанели,,,,Поиск,Прочее,Не определено,Смартфоны,Android,Wi-Fi,Женский,Старше 55,Остальные,Не определено,0.00,0,0,-,-,1,-,0.00,0.45,0.00,44.58,8.00,-,-,-
Термопанели в Выборге,712773255,12.08.2026,Группа 1 - коммерческая,5773901452,Автотаргетинг,,-,0,-,0,термопанели,Целевые запросы,Запросы без упоминания брендов,-,,1915802398259215246,Комбинаторное,Производитель термопанелей в Ленобласти,,,,Поиск,Прочее,Не определено,Смартфоны,Android,Wi-Fi,Женский,35-44 года,Остальные,Не определено,0.00,0,0,-,-,2,-,0.00,0.99,0.00,49.58,7.50,-,-,-
Термопанели в Выборге,712773255,12.08.2026,Группа 1 - коммерческая,5773901452,Автотаргетинг,,-,0,-,0,утеплитель производители в выборге,Альтернативные запросы,Запросы без упоминания брендов,-,,1915802398259215246,Комбинаторное,"Термопанели в Выборге - завод на Ленина, 11",,,,Поиск,Спецразмещение,Не определено,Смартфоны,Android,Wi-Fi,Мужской,45-54 года,Остальные,Не определено,0.00,1,0,0.00,-,1,0.00,100.00,1.00,100.03,99.97,1.00,1.00,0.00,2.00
Термопанели в Выборге,712773255,12.08.2026,Группа 2 - Гео (ключевая),5773898865,Автотаргетинг,,-,0,-,0,,Не определено,-,-,,1915800871397818629,Комбинаторное,Гарантия до 5 лет на термопанели,,,,Сети,Прочее,Не определено,Смартфоны,Android,Wi-Fi,Мужской,45-54 года,Остальные,Не определено,0.00,0,0,-,-,1,-,0.00,1.00,0.00,100.00,-,-,-,-
Термопанели в Выборге,712773255,12.08.2026,Группа 2 - Гео (ключевая),5773898865,Автотаргетинг,,-,0,-,0,,Не определено,-,-,,1915800871397818629,Комбинаторное,Купить термопанели в Выборге напрямую,,,,Сети,Прочее,Не определено,Смартфоны,Android,Wi-Fi,Мужской,45-54 года,Остальные,Не определено,0.00,0,0,-,-,3,-,0.00,3.00,0.00,100.00,-,-,-,-
Термопанели в Выборге,712773255,12.08.2026,Группа 2 - Гео (ключевая),5773898865,Автотаргетинг,,-,0,-,0,,Не определено,-,-,,1915800871397818629,Комбинаторное,Купить термопанели в Выборге напрямую,,,,Сети,Прочее,Не определено,Смартфоны,Android,Wi-Fi,Мужской,Старше 55,Остальные,Не определено,0.00,0,0,-,-,2,-,0.00,2.00,0.00,100.00,-,-,-,-
Термопанели в Выборге,712773255,12.08.2026,Группа 2 - Гео (ключевая),5773898865,Автотаргетинг,,-,0,-,0,,Не определено,-,-,,1915800871397818629,Комбинаторное,Купить термопанели в Выборге напрямую,,,,Сети,Прочее,Не определено,Смартфоны,Android,Wi-Fi,Женский,25-34 года,Остальные,Не определено,0.00,0,0,-,-,1,-,0.00,1.00,0.00,100.00,-,-,-,-
Термопанели в Выборге,712773255,12.08.2026,Группа 2 - Гео (ключевая),5773898865,Автотаргетинг,,-,0,-,0,,Не определено,-,-,,1915800871397818629,Комбинаторное,Купить термопанели в Выборге напрямую,,,,Сети,Прочее,Не определено,Смартфоны,Android,Wi-Fi,Женский,35-44 года,6–10%,Не определено,0.00,0,0,-,-,1,-,0.00,1.00,0.00,100.00,-,-,-,-
Термопанели в Выборге,712773255,12.08.2026,Группа 2 - Гео (ключевая),5773898865,Автотаргетинг,,-,0,-,0,,Не определено,-,-,,1915800871397818629,Комбинаторное,Купить термопанели в Выборге напрямую,,,,Сети,Прочее,Не определено,Смартфоны,Android,Wi-Fi,Женский,Старше 55,Остальные,Не определено,0.00,0,0,-,-,3,-,0.00,3.00,0.00,100.00,-,-,-,-
Термопанели в Выборге,712773255,12.08.2026,Группа 2 - Гео (ключевая),5773898865,Автотаргетинг,,-,0,-,0,,Не определено,-,-,,1915800871397818629,Комбинаторное,Купить термопанели в Выборге напрямую,,,,Сети,Прочее,Не определено,Смартфоны,Android,Мобильная связь,Мужской,Старше 55,Остальные,Не определено,0.00,0,0,-,-,4,-,0.00,4.00,0.00,100.00,-,-,-,-
Термопанели в Выборге,712773255,12.08.2026,Группа 2 - Гео (ключевая),5773898865,Автотаргетинг,,-,0,-,0,,Не определено,-,-,,1915800871397818629,Комбинаторное,Производитель термопанелей в Ленобласти,,,,Сети,Прочее,Не определено,Смартфоны,Android,Wi-Fi,Мужской,45-54 года,Остальные,Не определено,0.00,0,0,-,-,2,-,0.00,2.00,0.00,100.00,-,-,-,-
Термопанели в Выборге,712773255,12.08.2026,Группа 2 - Гео (ключевая),5773898865,Автотаргетинг,,-,0,-,0,,Не определено,-,-,,1915800871397818629,Комбинаторное,Производитель термопанелей в Ленобласти,,,,Сети,Прочее,Не определено,Смартфоны,Android,Wi-Fi,Женский,Старше 55,Остальные,Не определено,0.00,0,0,-,-,1,-,0.00,1.00,0.00,100.00,-,-,-,-
Термопанели в Выборге,712773255,12.08.2026,Группа 2 - Гео (ключевая),5773898865,Автотаргетинг,,-,0,-,0,,Не определено,-,-,,1915800871397818629,Комбинаторное,Производитель термопанелей в Ленобласти,,,,Сети,Прочее,Не определено,Смартфоны,Android,Мобильная связь,Мужской,Старше 55,Остальные,Не определено,0.00,0,0,-,-,1,-,0.00,1.00,0.00,100.00,-,-,-,-
Термопанели в Выборге,712773255,12.08.2026,Группа 2 - Гео (ключевая),5773898865,Автотаргетинг,,-,0,-,0,,Не определено,-,-,,1915800871397818629,Комбинаторное,"Термопанели в Выборге - завод на Ленина, 11",,,,Сети,Прочее,Не определено,Смартфоны,Android,Мобильная связь,Мужской,Старше 55,Остальные,Не определено,0.00,0,0,-,-,1,-,0.00,1.00,0.00,100.00,-,-,-,-
Термопанели в Выборге,712773255,12.08.2026,Группа 2 - Гео (ключевая),5773898865,Автотаргетинг,,-,0,-,0,декоративные термопанели для внутренней отделки стен,Целевые запросы,Запросы без упоминания брендов,-,,1915800871397818629,Комбинаторное,Гарантия до 5 лет на термопанели,,,,Поиск,Прочее,Не определено,Смартфоны,Android,Wi-Fi,Мужской,Старше 55,Остальные,Не определено,0.00,0,0,-,-,2,-,0.00,1.19,0.00,59.58,6.50,-,-,-
Термопанели в Выборге,712773255,12.08.2026,Группа 2 - Гео (ключевая),5773898865,Автотаргетинг,,-,0,-,0,какой материал для утепления авдерживает уф,Сопутствующие запросы,Запросы без упоминания брендов,-,,1915800871397818629,Комбинаторное,"Термопанели в Выборге - завод на Ленина, 11",,,,Поиск,Прочее,Не определено,Смартфоны,iOS,Wi-Fi,Мужской,45-54 года,2–5%,Не определено,0.00,0,0,-,-,1,-,0.00,0.77,0.00,76.79,5.00,-,-,-
Термопанели в Выборге,712773255,12.08.2026,Группа 2 - Гео (ключевая),5773898865,Автотаргетинг,,-,0,-,0,строим наш дом выборг каталог товаров в выборге и цена,Широкие запросы,Запросы с упоминанием брендов конкурентов,-,,1915800871397818629,Комбинаторное,Бесплатная доставка по Выборгскому району,,,,Поиск,Спецразмещение,Не определено,Смартфоны,Android,Wi-Fi,Женский,Старше 55,Остальные,Не определено,0.00,0,0,-,-,1,-,0.00,0.73,0.00,73.33,2.00,-,-,-
Термопанели в Выборге,712773255,12.08.2026,Группа 2 - Гео (ключевая),5773898865,Автотаргетинг,,-,0,-,0,термопанели для внутренней отделки стен,Целевые запросы,Запросы без упоминания брендов,-,,1915800871397818629,Комбинаторное,Гарантия до 5 лет на термопанели,,,,Поиск,Прочее,Не определено,Смартфоны,Android,Wi-Fi,Мужской,Старше 55,Остальные,Не определено,0.00,0,0,-,-,1,-,0.00,0.55,0.00,54.58,7.00,-,-,-
Термопанели в Выборге,712773255,12.08.2026,Группа 2 - Гео (ключевая),5773898865,Автотаргетинг,,-,0,-,0,термопанели под камень для наружной отделки дома,Целевые запросы,Запросы без упоминания брендов,-,,1915800871397818629,Комбинаторное,Гарантия до 5 лет на термопанели,,,,Поиск,Прочее,Не определено,Смартфоны,Android,Wi-Fi,Мужской,35-44 года,Остальные,Не определено,0.00,0,0,-,-,1,-,0.00,0.45,0.00,44.58,8.00,-,-,-
Термопанели в Выборге,712773255,12.08.2026,Группа 2 - Гео (ключевая),5773898865,Автотаргетинг,,-,0,-,0,термопанель рядовая,Целевые запросы,Запросы без упоминания брендов,-,,1915800871397818629,Комбинаторное,Гарантия до 5 лет на термопанели,,,,Поиск,Прочее,Не определено,Десктопы,Не определён,Wi-Fi,Женский,35-44 года,2–5%,Не определено,0.00,0,0,-,-,1,-,0.00,0.45,0.00,44.58,8.00,-,-,-
Термопанели в Выборге,712773255,12.08.2026,Группа 3 - клинкер (продуктовая),5773902142,Фраза,термопанели с клинкерной плиткой купить,-,0,-,0,термопанели с клинкерной плиткой купить в спб,Целевые запросы,Запросы без упоминания брендов,Пословное,,1915802914729060647,Комбинаторное,"Термопанели в Выборге - завод на Ленина, 11",,,,Поиск,Прочее,Не определено,Десктопы,Не определён,Wi-Fi,Мужской,45-54 года,6–10%,Не определено,0.00,0,0,-,-,1,-,0.00,0.38,0.00,37.55,8.00,-,-,-
Термопанели в Выборге,712773255,12.08.2026,Группа 3 - клинкер (продуктовая),5773902142,Автотаргетинг,,-,0,-,0,,Не определено,-,-,,1915802914729060647,Комбинаторное,Бесплатная доставка по Выборгскому району,,,,Сети,Прочее,Не определено,Десктопы,Не определён,Wi-Fi,Мужской,Старше 55,Остальные,Не определено,0.00,0,0,-,-,1,-,0.00,1.00,0.00,100.00,-,-,-,-
Термопанели в Выборге,712773255,12.08.2026,Группа 3 - клинкер (продуктовая),5773902142,Автотаргетинг,,-,0,-,0,,Не определено,-,-,,1915802914729060647,Комбинаторное,Бесплатная доставка по Выборгскому району,,,,Сети,Прочее,Не определено,Смартфоны,Android,Wi-Fi,Женский,Старше 55,Остальные,Не определено,0.00,0,0,-,-,2,-,0.00,2.00,0.00,100.00,-,-,-,-
Термопанели в Выборге,712773255,12.08.2026,Группа 3 - клинкер (продуктовая),5773902142,Автотаргетинг,,-,0,-,0,,Не определено,-,-,,1915802914729060647,Комбинаторное,Гарантия до 5 лет на термопанели,,,,Сети,Прочее,Не определено,Десктопы,Не определён,Wi-Fi,Мужской,Старше 55,Остальные,Не определено,0.00,0,0,-,-,2,-,0.00,2.00,0.00,100.00,-,-,-,-
Термопанели в Выборге,712773255,12.08.2026,Группа 3 - клинкер (продуктовая),5773902142,Автотаргетинг,,-,0,-,0,,Не определено,-,-,,1915802914729060647,Комбинаторное,Клинкерные термопанели - производство Выборг,,,,Сети,Прочее,Не определено,Десктопы,Не определён,Wi-Fi,Женский,Старше 55,Остальные,Не определено,0.00,0,0,-,-,1,-,0.00,1.00,0.00,100.00,-,-,-,-
Термопанели в Выборге,712773255,12.08.2026,Группа 3 - клинкер (продуктовая),5773902142,Автотаргетинг,,-,0,-,0,,Не определено,-,-,,1915802914729060647,Комбинаторное,Клинкерные термопанели - производство Выборг,,,,Сети,Прочее,Не определено,Смартфоны,Android,Мобильная связь,Мужской,Старше 55,Остальные,Не определено,0.00,0,0,-,-,1,-,0.00,1.00,0.00,100.00,-,-,-,-
Термопанели в Выборге,712773255,12.08.2026,Группа 3 - клинкер (продуктовая),5773902142,Автотаргетинг,,-,0,-,0,,Не определено,-,-,,1915802914729060647,Комбинаторное,Производитель термопанелей в Ленобласти,,,,Сети,Прочее,Не определено,Смартфоны,Android,Wi-Fi,Мужской,Старше 55,Остальные,Не определено,0.00,0,0,-,-,1,-,0.00,1.00,0.00,100.00,-,-,-,-
Термопанели в Выборге,712773255,12.08.2026,Группа 3 - клинкер (продуктовая),5773902142,Автотаргетинг,,-,0,-,0,,Не определено,-,-,,1915802914729060647,Комбинаторное,Производитель термопанелей в Ленобласти,,,,Сети,Прочее,Не определено,Смартфоны,Android,Wi-Fi,Женский,Старше 55,Остальные,Не определено,0.00,0,0,-,-,3,-,0.00,3.00,0.00,100.00,-,-,-,-
Термопанели в Выборге,712773255,12.08.2026,Группа 3 - клинкер (продуктовая),5773902142,Автотаргетинг,,-,0,-,0,,Не определено,-,-,,1915802914729060647,Комбинаторное,"Термопанели в Выборге - завод на Ленина, 11",,,,Сети,Прочее,Не определено,Десктопы,Не определён,Wi-Fi,Мужской,45-54 года,2–5%,Не определено,0.00,0,0,-,-,1,-,0.00,1.00,0.00,100.00,-,-,-,-
Термопанели в Выборге,712773255,12.08.2026,Группа 3 - клинкер (продуктовая),5773902142,Автотаргетинг,,-,0,-,0,,Не определено,-,-,,1915802914729060647,Комбинаторное,"Термопанели в Выборге - завод на Ленина, 11",,,,Сети,Прочее,Не определено,Десктопы,Не определён,Wi-Fi,Мужской,Старше 55,6–10%,Не определено,0.00,0,0,-,-,1,-,0.00,1.00,0.00,100.00,-,-,-,-
Термопанели в Выборге,712773255,12.08.2026,Группа 3 - клинкер (продуктовая),5773902142,Автотаргетинг,,-,0,-,0,,Не определено,-,-,,1915802914729060647,Комбинаторное,"Термопанели в Выборге - завод на Ленина, 11",,,,Сети,Прочее,Не определено,Десктопы,Не определён,Wi-Fi,Женский,Старше 55,Остальные,Не определено,0.00,0,0,-,-,1,-,0.00,1.00,0.00,100.00,-,-,-,-
Термопанели в Выборге,712773255,12.08.2026,Группа 3 - клинкер (продуктовая),5773902142,Автотаргетинг,,-,0,-,0,,Не определено,-,-,,1915802914729060647,Комбинаторное,"Термопанели в Выборге - завод на Ленина, 11",,,,Сети,Прочее,Не определено,Смартфоны,Android,Wi-Fi,Мужской,45-54 года,Остальные,Не определено,0.00,0,0,-,-,1,-,0.00,1.00,0.00,100.00,-,-,-,-
Термопанели в Выборге,712773255,12.08.2026,Группа 3 - клинкер (продуктовая),5773902142,Автотаргетинг,,-,0,-,0,,Не определено,-,-,,1915802914729060647,Комбинаторное,"Термопанели в Выборге - завод на Ленина, 11",,,,Сети,Прочее,Не определено,Смартфоны,Android,Wi-Fi,Мужской,45-54 года,6–10%,Не определено,0.00,0,0,-,-,1,-,0.00,1.00,0.00,100.00,-,-,-,-
Термопанели в Выборге,712773255,12.08.2026,Группа 3 - клинкер (продуктовая),5773902142,Автотаргетинг,,-,0,-,0,,Не определено,-,-,,1915802914729060647,Комбинаторное,"Термопанели в Выборге - завод на Ленина, 11",,,,Сети,Прочее,Не определено,Смартфоны,Android,Wi-Fi,Мужской,Старше 55,Остальные,Не определено,0.00,0,0,-,-,4,-,0.00,4.00,0.00,100.00,-,-,-,-
Термопанели в Выборге,712773255,12.08.2026,Группа 3 - клинкер (продуктовая),5773902142,Автотаргетинг,,-,0,-,0,,Не определено,-,-,,1915802914729060647,Комбинаторное,"Термопанели в Выборге - завод на Ленина, 11",,,,Сети,Прочее,Не определено,Смартфоны,Android,Wi-Fi,Мужской,Старше 55,6–10%,Не определено,0.00,0,0,-,-,1,-,0.00,1.00,0.00,100.00,-,-,-,-
Термопанели в Выборге,712773255,12.08.2026,Группа 3 - клинкер (продуктовая),5773902142,Автотаргетинг,,-,0,-,0,,Не определено,-,-,,1915802914729060647,Комбинаторное,"Термопанели в Выборге - завод на Ленина, 11",,,,Сети,Прочее,Не определено,Смартфоны,Android,Wi-Fi,Мужской,Старше 55,2–5%,Не определено,0.00,0,0,-,-,2,-,0.00,2.00,0.00,100.00,-,-,-,-
Термопанели в Выборге,712773255,12.08.2026,Группа 3 - клинкер (продуктовая),5773902142,Автотаргетинг,,-,0,-,0,,Не определено,-,-,,1915802914729060647,Комбинаторное,"Термопанели в Выборге - завод на Ленина, 11",,,,Сети,Прочее,Не определено,Смартфоны,Android,Wi-Fi,Женский,45-54 года,Остальные,Не определено,0.00,0,0,-,-,3,-,0.00,3.00,0.00,100.00,-,-,-,-
Термопанели в Выборге,712773255,12.08.2026,Группа 3 - клинкер (продуктовая),5773902142,Автотаргетинг,,-,0,-,0,,Не определено,-,-,,1915802914729060647,Комбинаторное,"Термопанели в Выборге - завод на Ленина, 11",,,,Сети,Прочее,Не определено,Смартфоны,Android,Wi-Fi,Женский,Старше 55,Остальные,Не определено,0.00,0,0,-,-,1,-,0.00,1.00,0.00,100.00,-,-,-,-
Термопанели в Выборге,712773255,12.08.2026,Группа 3 - клинкер (продуктовая),5773902142,Автотаргетинг,,-,0,-,0,,Не определено,-,-,,1915802914729060647,Комбинаторное,"Термопанели в Выборге - завод на Ленина, 11",,,,Сети,Прочее,Не определено,Смартфоны,Android,Мобильная связь,Мужской,45-54 года,Остальные,Не определено,0.00,0,0,-,-,1,-,0.00,1.00,0.00,100.00,-,-,-,-
Термопанели в Выборге,712773255,12.08.2026,Группа 3 - клинкер (продуктовая),5773902142,Автотаргетинг,,-,0,-,0,,Не определено,-,-,,1915802914729060647,Комбинаторное,"Термопанели в Выборге - завод на Ленина, 11",,,,Сети,Прочее,Не определено,Смартфоны,Android,Мобильная связь,Мужской,Старше 55,Остальные,Не определено,0.00,1,0,0.00,-,4,0.00,25.00,4.00,25.00,100.00,-,-,100.00,1.00
Термопанели в Выборге,712773255,12.08.2026,Группа 3 - клинкер (продуктовая),5773902142,Автотаргетинг,,-,0,-,0,,Не определено,-,-,,1915802914729060647,Комбинаторное,"Термопанели в Выборге - завод на Ленина, 11",,,,Сети,Прочее,Не определено,Смартфоны,iOS,Wi-Fi,Мужской,25-34 года,Остальные,Не определено,0.00,0,0,-,-,1,-,0.00,1.00,0.00,100.00,-,-,-,-
Термопанели в Выборге,712773255,12.08.2026,Группа 3 - клинкер (продуктовая),5773902142,Автотаргетинг,,-,0,-,0,,Не определено,-,-,,1915802914729060647,Комбинаторное,"Термопанели в Выборге - завод на Ленина, 11",,,,Сети,Прочее,Не определено,Смартфоны,iOS,Wi-Fi,Мужской,Старше 55,6–10%,Не определено,0.00,0,0,-,-,1,-,0.00,1.00,0.00,100.00,-,-,-,-
Термопанели в Выборге,712773255,12.08.2026,Группа 3 - клинкер (продуктовая),5773902142,Автотаргетинг,,-,0,-,0,,Не определено,-,-,,1915802914729060647,Комбинаторное,"Термопанели в Выборге - завод на Ленина, 11",,,,Сети,Прочее,Не определено,Смартфоны,iOS,Wi-Fi,Мужской,Старше 55,Топ 1%,Не определено,0.00,0,0,-,-,1,-,0.00,1.00,0.00,100.00,-,-,-,-
Термопанели в Выборге,712773255,12.08.2026,Группа 3 - клинкер (продуктовая),5773902142,Автотаргетинг,,-,0,-,0,,Не определено,-,-,,1915802914729060647,Комбинаторное,"Термопанели в Выборге - завод на Ленина, 11",,,,Сети,Прочее,Не определено,Смартфоны,iOS,Wi-Fi,Женский,18-24 года,2–5%,Не определено,0.00,0,0,-,-,1,-,0.00,1.00,0.00,100.00,-,-,-,-
Термопанели в Выборге,712773255,12.08.2026,Группа 3 - клинкер (продуктовая),5773902142,Автотаргетинг,,-,0,-,0,,Не определено,-,-,,1915802914729060647,Комбинаторное,"Термопанели в Выборге - завод на Ленина, 11",,,,Сети,Прочее,Не определено,Смартфоны,iOS,Wi-Fi,Женский,Старше 55,Остальные,Не определено,0.00,0,0,-,-,2,-,0.00,2.00,0.00,100.00,-,-,-,-
Термопанели в Выборге,712773255,12.08.2026,Группа 3 - клинкер (продуктовая),5773902142,Автотаргетинг,,-,0,-,0,,Не определено,-,-,,1915802914729060647,Комбинаторное,Термопанели с клинкером - собственный завод в Выборге,,,,Сети,Прочее,Не определено,Смартфоны,Android,Wi-Fi,Мужской,35-44 года,Остальные,Не определено,0.00,0,0,-,-,2,-,0.00,2.00,0.00,100.00,-,-,-,-
Термопанели в Выборге,712773255,12.08.2026,Группа 3 - клинкер (продуктовая),5773902142,Автотаргетинг,,-,0,-,0,,Не определено,-,-,,1915802914729060647,Комбинаторное,Термопанели с клинкером - собственный завод в Выборге,,,,Сети,Прочее,Не определено,Смартфоны,Android,Wi-Fi,Мужской,45-54 года,Остальные,Не определено,0.00,1,0,0.00,-,5,0.00,20.00,5.00,20.00,100.00,-,-,0.00,2.00
Термопанели в Выборге,712773255,12.08.2026,Группа 3 - клинкер (продуктовая),5773902142,Автотаргетинг,,-,0,-,0,,Не определено,-,-,,1915802914729060647,Комбинаторное,Термопанели с клинкером - собственный завод в Выборге,,,,Сети,Прочее,Не определено,Смартфоны,Android,Wi-Fi,Мужской,Старше 55,Остальные,Не определено,0.00,0,0,-,-,2,-,0.00,2.00,0.00,100.00,-,-,-,-
Термопанели в Выборге,712773255,12.08.2026,Группа 3 - клинкер (продуктовая),5773902142,Автотаргетинг,,-,0,-,0,,Не определено,-,-,,1915802914729060647,Комбинаторное,Термопанели с клинкером - собственный завод в Выборге,,,,Сети,Прочее,Не определено,Смартфоны,Android,Wi-Fi,Мужской,Старше 55,2–5%,Не определено,0.00,0,0,-,-,1,-,0.00,1.00,0.00,100.00,-,-,-,-
Термопанели в Выборге,712773255,12.08.2026,Группа 3 - клинкер (продуктовая),5773902142,Автотаргетинг,,-,0,-,0,,Не определено,-,-,,1915802914729060647,Комбинаторное,Термопанели с клинкером - собственный завод в Выборге,,,,Сети,Прочее,Не определено,Смартфоны,Android,Wi-Fi,Женский,35-44 года,Остальные,Не определено,0.00,0,0,-,-,1,-,0.00,1.00,0.00,100.00,-,-,-,-
Термопанели в Выборге,712773255,12.08.2026,Группа 3 - клинкер (продуктовая),5773902142,Автотаргетинг,,-,0,-,0,,Не определено,-,-,,1915802914729060647,Комбинаторное,Термопанели с клинкером - собственный завод в Выборге,,,,Сети,Прочее,Не определено,Смартфоны,Android,Wi-Fi,Женский,Старше 55,Остальные,Не определено,0.00,0,0,-,-,1,-,0.00,1.00,0.00,100.00,-,-,-,-
Термопанели в Выборге,712773255,12.08.2026,Группа 3 - клинкер (продуктовая),5773902142,Автотаргетинг,,-,0,-,0,,Не определено,-,-,,1915802914729060647,Комбинаторное,Термопанели с клинкером - собственный завод в Выборге,,,,Сети,Прочее,Не определено,Смартфоны,iOS,Wi-Fi,Мужской,25-34 года,Остальные,Не определено,0.00,0,0,-,-,2,-,0.00,2.00,0.00,100.00,-,-,-,-
Термопанели в Выборге,712773255,12.08.2026,Группа 3 - клинкер (продуктовая),5773902142,Автотаргетинг,,-,0,-,0,гатчинский камень термопанели,Целевые запросы,Запросы с упоминанием брендов конкурентов,-,,1915802914729060647,Комбинаторное,"Термопанели в Выборге - завод на Ленина, 11",,,,Поиск,Прочее,Не определено,Смартфоны,Android,Wi-Fi,Женский,Старше 55,Остальные,Не определено,0.00,0,0,-,-,1,-,0.00,0.55,0.00,54.58,7.00,-,-,-
Термопанели в Выборге,712773255,12.08.2026,Группа 3 - клинкер (продуктовая),5773902142,Автотаргетинг,,-,0,-,0,где в никольском лен обл можно купить стеновые панели,Целевые запросы,Запросы без упоминания брендов,-,,1915802914729060647,Комбинаторное,"Термопанели в Выборге - завод на Ленина, 11",,,,Поиск,Прочее,Не определено,Смартфоны,Android,Wi-Fi,Женский,45-54 года,Остальные,Не определено,0.00,0,0,-,-,1,-,0.00,0.85,0.00,84.88,5.00,-,-,-
Термопанели в Выборге,712773255,12.08.2026,Группа 3 - клинкер (продуктовая),5773902142,Автотаргетинг,,-,0,-,0,где в никольском лен обл можно купить стеновые панели,Целевые запросы,Запросы без упоминания брендов,-,,1915802914729060647,Комбинаторное,"Термопанели в Выборге - завод на Ленина, 11",,,,Поиск,Товарная галерея,Не определено,Смартфоны,Android,Wi-Fi,Женский,45-54 года,Остальные,Не определено,0.00,0,0,-,-,1,-,0.00,0.31,0.00,30.50,5.00,-,-,-
Термопанели в Выборге,712773255,12.08.2026,Группа 3 - клинкер (продуктовая),5773902142,Автотаргетинг,,-,0,-,0,декоративные панели,Целевые запросы,Запросы без упоминания брендов,-,,1915802914729060647,Комбинаторное,"Термопанели в Выборге - завод на Ленина, 11",,,,Поиск,Прочее,Не определено,Смартфоны,iOS,Wi-Fi,Женский,35-44 года,2–5%,Не определено,0.00,0,0,-,-,1,-,0.00,0.45,0.00,44.58,8.00,-,-,-
Термопанели в Выборге,712773255,12.08.2026,Группа 3 - клинкер (продуктовая),5773902142,Автотаргетинг,,-,0,-,0,декоративные термопанели для внутренней отделки стен,Целевые запросы,Запросы без упоминания брендов,-,,1915802914729060647,Комбинаторное,"Термопанели в Выборге - завод на Ленина, 11",,,,Поиск,Товарная галерея,Не определено,Смартфоны,Android,Wi-Fi,Мужской,Старше 55,Остальные,Не определено,0.00,0,0,-,-,1,-,0.00,0.25,0.00,25.29,9.00,-,-,-
Термопанели в Выборге,712773255,12.08.2026,Группа 3 - клинкер (продуктовая),5773902142,Автотаргетинг,,-,0,-,0,декоративный камни на цоколь,Целевые запросы,Запросы без упоминания брендов,-,,1915802914729060647,Комбинаторное,"Термопанели в Выборге - завод на Ленина, 11",,,,Поиск,Прочее,Не определено,Смартфоны,Android,Wi-Fi,Мужской,45-54 года,Остальные,Не определено,0.00,0,0,-,-,1,-,0.00,0.55,0.00,54.58,7.00,-,-,-
Термопанели в Выборге,712773255,12.08.2026,Группа 3 - клинкер (продуктовая),5773902142,Автотаргетинг,,-,0,-,0,клинкерная плитка термостойкая,Целевые запросы,Запросы без упоминания брендов,-,,1915802914729060647,Комбинаторное,"Термопанели в Выборге - завод на Ленина, 11",,,,Поиск,Товарная галерея,Не определено,Смартфоны,Android,Wi-Fi,Мужской,Старше 55,2–5%,Не определено,0.00,0,0,-,-,1,-,0.00,0.39,0.00,38.70,4.00,-,-,-
Термопанели в Выборге,712773255,12.08.2026,Группа 3 - клинкер (продуктовая),5773902142,Автотаргетинг,,-,0,-,0,озон профиль листы под кирпич,Целевые запросы,Запросы с упоминанием брендов конкурентов,-,,1915802914729060647,Комбинаторное,"Термопанели в Выборге - завод на Ленина, 11",,,,Поиск,Прочее,Не определено,Смартфоны,Android,Wi-Fi,Женский,45-54 года,Остальные,Не определено,0.00,0,0,-,-,1,-,0.00,0.85,0.00,84.88,5.00,-,-,-
Термопанели в Выборге,712773255,12.08.2026,Группа 3 - клинкер (продуктовая),5773902142,Автотаргетинг,,-,0,-,0,озон профиль листы под кирпич,Целевые запросы,Запросы с упоминанием брендов конкурентов,-,,1915802914729060647,Комбинаторное,"Термопанели в Выборге - завод на Ленина, 11",,,,Поиск,Товарная галерея,Не определено,Смартфоны,Android,Wi-Fi,Женский,45-54 года,Остальные,Не определено,0.00,0,0,-,-,1,-,0.00,0.14,0.00,13.57,12.00,-,-,-
Термопанели в Выборге,712773255,12.08.2026,Группа 3 - клинкер (продуктовая),5773902142,Автотаргетинг,,-,0,-,0,стеновые панели,Целевые запросы,Запросы без упоминания брендов,-,,1915802914729060647,Комбинаторное,"Термопанели в Выборге - завод на Ленина, 11",,,,Поиск,Товарная галерея,Не определено,Смартфоны,Android,Wi-Fi,Мужской,Старше 55,Остальные,Не определено,0.00,0,0,-,-,2,-,0.00,0.07,0.00,3.30,54.00,-,-,-
Термопанели в Выборге,712773255,12.08.2026,Группа 3 - клинкер (продуктовая),5773902142,Автотаргетинг,,-,0,-,0,стеновые панели в тихвине,Целевые запросы,Запросы без упоминания брендов,-,,1915802914729060647,Комбинаторное,"Термопанели в Выборге - завод на Ленина, 11",,,,Поиск,Прочее,Не определено,Смартфоны,Android,Wi-Fi,Мужской,35-44 года,Остальные,Не определено,0.00,0,0,-,-,1,-,0.00,0.85,0.00,84.88,5.00,-,-,-
Термопанели в Выборге,712773255,12.08.2026,Группа 3 - клинкер (продуктовая),5773902142,Автотаргетинг,,-,0,-,0,стеновые панели в тихвине,Целевые запросы,Запросы без упоминания брендов,-,,1915802914729060647,Комбинаторное,"Термопанели в Выборге - завод на Ленина, 11",,,,Поиск,Товарная галерея,Не определено,Смартфоны,Android,Wi-Fi,Мужской,35-44 года,Остальные,Не определено,0.00,0,0,-,-,1,-,0.00,0.03,0.00,3.30,73.00,-,-,-
Термопанели в Выборге,712773255,12.08.2026,Группа 3 - клинкер (продуктовая),5773902142,Автотаргетинг,,-,0,-,0,стеночке панели,Целевые запросы,Запросы с упоминанием брендов конкурентов,-,,1915802914729060647,Комбинаторное,"Термопанели в Выборге - завод на Ленина, 11",,,,Поиск,Прочее,Не определено,Смартфоны,Android,Wi-Fi,Женский,Старше 55,Остальные,Не определено,0.00,0,0,-,-,1,-,0.00,0.55,0.00,54.58,7.00,-,-,-
Термопанели в Выборге,712773255,12.08.2026,Группа 3 - клинкер (продуктовая),5773902142,Автотаргетинг,,-,0,-,0,стеночке панели,Целевые запросы,Запросы с упоминанием брендов конкурентов,-,,1915802914729060647,Комбинаторное,"Термопанели в Выборге - завод на Ленина, 11",,,,Поиск,Товарная галерея,Не определено,Смартфоны,Android,Wi-Fi,Женский,Старше 55,Остальные,Не определено,0.00,0,0,-,-,1,-,0.00,0.14,0.00,13.54,13.00,-,-,-
Термопанели в Выборге,712773255,12.08.2026,Группа 3 - клинкер (продуктовая),5773902142,Автотаргетинг,,-,0,-,0,термопанели,Целевые запросы,Запросы без упоминания брендов,-,,1915802914729060647,Комбинаторное,"Термопанели в Выборге - завод на Ленина, 11",,,,Поиск,Товарная галерея,Не определено,Смартфоны,Android,Wi-Fi,Мужской,Старше 55,Остальные,Не определено,0.00,0,0,-,-,2,-,0.00,0.33,0.00,16.68,10.00,-,-,-
Термопанели в Выборге,712773255,12.08.2026,Группа 3 - клинкер (продуктовая),5773902142,Автотаргетинг,,-,0,-,0,фасадная панель из пвх имитирующая клинкерную плитку,Целевые запросы,Запросы без упоминания брендов,-,,1915802914729060647,Комбинаторное,Термопанели с клинкером - собственный завод в Выборге,,,,Поиск,Товарная галерея,Не определено,Смартфоны,Android,Wi-Fi,Мужской,45-54 года,Остальные,Не определено,0.00,0,0,-,-,1,-,0.00,0.03,0.00,3.30,90.00,-,-,-
Термопанели в Выборге,712773255,12.08.2026,Группа 3 - клинкер (продуктовая),5773902142,Автотаргетинг,,-,0,-,0,фасадная термопанель для наружной отделки дома,Целевые запросы,Запросы без упоминания брендов,-,,1915802914729060647,Комбинаторное,"Термопанели в Выборге - завод на Ленина, 11",,,,Поиск,Товарная галерея,Не определено,Смартфоны,Android,Wi-Fi,Мужской,45-54 года,Остальные,Не определено,0.00,0,0,-,-,1,-,0.00,0.03,0.00,3.30,79.00,-,-,-
Термопанели в Выборге,712773255,12.08.2026,Термопанели (Лен. область),5773097196,Фраза,термопанель купить санкт петербург -фасадный,-,0,-,0,,Не определено,-,Пословное,,1915608023072927866,Комбинаторное,Термопанели с клинкером. Свое производство в Выборге,,,,Сети,Прочее,Не определено,Смартфоны,Android,Wi-Fi,Мужской,Старше 55,Остальные,Не определено,0.00,0,0,-,-,1,-,0.00,1.00,0.00,100.00,-,-,-,-
Термопанели в Выборге,712773255,12.08.2026,Термопанели (Лен. область),5773097196,Автотаргетинг,,-,0,-,0,,Не определено,-,-,,1915608023072927866,Комбинаторное,"Клинкерные термопанели. Производство, доставка по ЛО",,,,Сети,Прочее,Не определено,Смартфоны,Android,Wi-Fi,Женский,25-34 года,Остальные,Не определено,0.00,0,0,-,-,1,-,0.00,1.00,0.00,100.00,-,-,-,-
Термопанели в Выборге,712773255,12.08.2026,Термопанели (Лен. область),5773097196,Автотаргетинг,,-,0,-,0,,Не определено,-,-,,1915608023072927866,Комбинаторное,Термопанели с клинкерной плиткой в Выборге!,,,,Сети,Прочее,Не определено,Смартфоны,Android,Wi-Fi,Мужской,45-54 года,Остальные,Не определено,0.00,0,0,-,-,1,-,0.00,1.00,0.00,100.00,-,-,-,-
Термопанели в Выборге,712773255,12.08.2026,Термопанели (Лен. область),5773097196,Автотаргетинг,,-,0,-,0,,Не определено,-,-,,1915608023072927866,Комбинаторное,Термопанели с клинкерной плиткой в Выборге!,,,,Сети,Прочее,Не определено,Смартфоны,Android,Wi-Fi,Мужской,Старше 55,Остальные,Не определено,0.00,0,0,-,-,1,-,0.00,1.00,0.00,100.00,-,-,-,-
Термопанели в Выборге,712773255,12.08.2026,Термопанели (Лен. область),5773097196,Автотаргетинг,,-,0,-,0,,Не определено,-,-,,1915608023072927866,Комбинаторное,Термопанели с клинкером. Свое производство в Выборге,,,,Сети,Прочее,Не определено,Смартфоны,Android,Wi-Fi,Мужской,Старше 55,Остальные,Не определено,0.00,0,0,-,-,1,-,0.00,1.00,0.00,100.00,-,-,-,-
Термопанели в Выборге,712773255,12.08.2026,Термопанели (Лен. область),5773097196,Автотаргетинг,,-,0,-,0,,Не определено,-,-,,1915608023072927866,Комбинаторное,Термопанели с клинкером. Свое производство в Выборге,,,,Сети,Прочее,Не определено,Смартфоны,Android,Wi-Fi,Женский,Старше 55,Остальные,Не определено,0.00,0,0,-,-,2,-,0.00,2.00,0.00,100.00,-,-,-,-
Термопанели в Выборге,712773255,12.08.2026,Термопанели (Лен. область),5773097196,Автотаргетинг,,-,0,-,0,гатчинский камень термопанели,Целевые запросы,Запросы с упоминанием брендов конкурентов,-,,1915608023072927866,Комбинаторное,Термопанели с клинкерной плиткой. Производство в Выборге,,,,Поиск,Товарная галерея,Не определено,Смартфоны,Android,Wi-Fi,Женский,Старше 55,Остальные,Не определено,0.00,0,0,-,-,1,-,0.00,0.32,0.00,32.27,5.00,-,-,-
Термопанели в Выборге,712773255,12.08.2026,Термопанели (Лен. область),5773097196,Автотаргетинг,,-,0,-,0,клинкерная плитка,Целевые запросы,Запросы без упоминания брендов,-,,1915608023072927866,Комбинаторное,Термопанели с клинкерной плиткой в Выборге!,,,,Поиск,Прочее,Не определено,Десктопы,Не определён,Wi-Fi,Мужской,35-44 года,Остальные,Не определено,0.00,0,0,-,-,1,-,0.00,0.45,0.00,44.58,8.00,-,-,-
Термопанели в Выборге,712773255,12.08.2026,Термопанели (Лен. область),5773097196,Автотаргетинг,,-,0,-,0,клинкерная плитка термостойкая,Целевые запросы,Запросы без упоминания брендов,-,,1915608023072927866,Комбинаторное,Термопанели с клинкерной плиткой. Производство в Выборге,,,,Поиск,Прочее,Не определено,Смартфоны,Android,Wi-Fi,Мужской,Старше 55,2–5%,Не определено,0.00,0,0,-,-,1,-,0.00,0.85,0.00,84.88,5.00,-,-,-
Термопанели в Выборге,712773255,12.08.2026,Термопанели (Лен. область),5773097196,Автотаргетинг,,-,0,-,0,клинкерная плитка термостойкая,Целевые запросы,Запросы без упоминания брендов,-,,1915608023072927866,Комбинаторное,Термопанели с клинкерной плиткой. Производство в Выборге,,,,Поиск,Товарная галерея,Не определено,Смартфоны,Android,Wi-Fi,Мужской,Старше 55,2–5%,Не определено,0.00,0,0,-,-,2,-,0.00,1.27,0.00,63.40,4.00,-,-,-
Термопанели в Выборге,712773255,12.08.2026,Термопанели (Лен. область),5773097196,Автотаргетинг,,-,0,-,0,клинкерная плитка что это,Целевые запросы,Запросы без упоминания брендов,-,,1915608023072927866,Комбинаторное,Термопанели с клинкерной плиткой в Выборге!,,,,Поиск,Товарная галерея,Не определено,Десктопы,Не определён,Wi-Fi,Мужской,35-44 года,Остальные,Не определено,0.00,0,0,-,-,1,-,0.00,0.31,0.00,30.96,9.00,-,-,-
Термопанели в Выборге,712773255,12.08.2026,Термопанели (Лен. область),5773097196,Автотаргетинг,,-,0,-,0,отделка тизвир,Сопутствующие запросы,Запросы без упоминания брендов,-,,1915608023072927866,Комбинаторное,Заголовок из контента поискового сниппета или настроек объявления,,,,Поиск,Динамические места на поиске,Не определено,Смартфоны,iOS,Wi-Fi,Мужской,25-34 года,2–5%,Не определено,0.00,0,0,-,-,1,-,0.00,0.50,0.00,50.41,2.00,-,-,-
Термопанели в Выборге,712773255,12.08.2026,Термопанели (Лен. область),5773097196,Автотаргетинг,,-,0,-,0,панели с утеплителем для наружной отделки под кирпич,Целевые запросы,Запросы без упоминания брендов,-,,1915608023072927866,Комбинаторное,Термопанели с клинкерной плиткой. Производство в Выборге,,,,Поиск,Товарная галерея,Не определено,Смартфоны,Android,Wi-Fi,Мужской,45-54 года,Остальные,Не определено,0.00,0,0,-,-,2,-,0.00,0.51,0.00,25.32,8.00,-,-,-
Термопанели в Выборге,712773255,12.08.2026,Термопанели (Лен. область),5773097196,Автотаргетинг,,-,0,-,0,преимущества термопанелей с клинкерной плиткой,Сопутствующие запросы,Запросы без упоминания брендов,-,,1918167638897563177,Страницы каталога,Термопанели с клинкерной плиткой. Производство в Выборге,Термопанели с клинкерной плиткой — КлинкерПрофи,,,Поиск,Спецразмещение,Не определено,Планшеты,Android,Wi-Fi,Не определен,Не определен,Остальные,Не определено,0.00,0,0,-,-,1,-,0.00,0.16,0.00,15.58,2.00,-,-,-
Термопанели в Выборге,712773255,12.08.2026,Термопанели (Лен. область),5773097196,Автотаргетинг,,-,0,-,0,сколько стоит термо клинкеры,Целевые запросы,Запросы без упоминания брендов,-,,1915608023072927866,Комбинаторное,Термопанели с клинкерной плиткой. Производство в Выборге,,,,Поиск,Прочее,Не определено,Смартфоны,Android,Wi-Fi,Мужской,45-54 года,Остальные,Не определено,0.00,0,0,-,-,1,-,0.00,0.65,0.00,64.58,6.00,-,-,-
Термопанели в Выборге,712773255,12.08.2026,Термопанели (Лен. область),5773097196,Автотаргетинг,,-,0,-,0,сколько стоит термо клинкеры,Целевые запросы,Запросы без упоминания брендов,-,,1915608023072927866,Комбинаторное,Термопанели с клинкерной плиткой. Производство в Выборге,,,,Поиск,Товарная галерея,Не определено,Смартфоны,Android,Wi-Fi,Мужской,45-54 года,Остальные,Не определено,0.00,0,0,-,-,1,-,0.00,1.24,0.00,124.49,1.00,-,-,-
Термопанели в Выборге,712773255,12.08.2026,Термопанели (Лен. область),5773097196,Автотаргетинг,,-,0,-,0,термо панели для стен фасада,Целевые запросы,Запросы без упоминания брендов,-,,1915608023072927866,Комбинаторное,Термопанели с клинкерной плиткой. Производство в Выборге,,,,Поиск,Прочее,Не определено,Смартфоны,Android,Мобильная связь,Мужской,25-34 года,Остальные,Не определено,0.00,0,0,-,-,1,-,0.00,0.65,0.00,64.58,6.00,-,-,-
Термопанели в Выборге,712773255,12.08.2026,Термопанели (Лен. область),5773097196,Автотаргетинг,,-,0,-,0,термопанели,Целевые запросы,Запросы без упоминания брендов,-,,1915608023072927866,Комбинаторное,Термопанели с клинкерной плиткой. Производство в Выборге,,,,Поиск,Товарная галерея,Не определено,Смартфоны,Android,Wi-Fi,Женский,35-44 года,Остальные,Не определено,0.00,0,0,-,-,1,-,0.00,0.25,0.00,25.29,9.00,-,-,-
Термопанели в Выборге,712773255,12.08.2026,Термопанели (Лен. область),5773097196,Автотаргетинг,,-,0,-,0,термопанели,Целевые запросы,Запросы без упоминания брендов,-,,1915608023072927866,Комбинаторное,Термопанели с клинкерной плиткой. Производство в Выборге,,,,Поиск,Товарная галерея,Не определено,Смартфоны,iOS,Wi-Fi,Женский,35-44 года,6–10%,Не определено,0.00,0,0,-,-,2,-,0.00,0.27,0.00,13.40,16.50,-,-,-
Термопанели в Выборге,712773255,12.08.2026,Термопанели (Лен. область),5773097196,Автотаргетинг,,-,0,-,0,термопанели 100мм для наружной отделки,Целевые запросы,Запросы без упоминания брендов,-,,1915608023072927866,Комбинаторное,Термопанели с клинкерной плиткой. Производство в Выборге,,,,Поиск,Товарная галерея,Не определено,Смартфоны,Android,Wi-Fi,Мужской,35-44 года,2–5%,Не определено,0.00,0,0,-,-,1,-,0.00,0.39,0.00,38.70,4.00,-,-,-
Термопанели в Выборге,712773255,12.08.2026,Термопанели (Лен. область),5773097196,Автотаргетинг,,-,0,-,0,термопанели для наружной отделки деревянного дома,Целевые запросы,Запросы без упоминания брендов,-,,1915608023072927866,Комбинаторное,Термопанели с клинкерной плиткой. Производство в Выборге,,,,Поиск,Товарная галерея,Не определено,Смартфоны,Android,Wi-Fi,Женский,45-54 года,Остальные,Не определено,0.00,0,0,-,-,1,-,0.00,0.25,0.00,25.29,9.00,-,-,-
Термопанели в Выборге,712773255,12.08.2026,Термопанели (Лен. область),5773097196,Автотаргетинг,,-,0,-,0,термопанели для наружной отделки дома,Целевые запросы,Запросы без упоминания брендов,-,,1915608023072927866,Комбинаторное,Термопанели с клинкерной плиткой. Производство в Выборге,,,,Поиск,Товарная галерея,Не определено,Смартфоны,Android,Wi-Fi,Мужской,45-54 года,Остальные,Не определено,0.00,0,0,-,-,1,-,0.00,0.25,0.00,25.35,7.00,-,-,-
Термопанели в Выборге,712773255,12.08.2026,Термопанели (Лен. область),5773097196,Автотаргетинг,,-,0,-,0,термопанели для наружной отделки дома под кирпич фасадные,Целевые запросы,Запросы без упоминания брендов,-,,1915608023072927866,Комбинаторное,Термопанели с клинкерной плиткой. Производство в Выборге,,,,Поиск,Товарная галерея,Не определено,Смартфоны,iOS,Wi-Fi,Мужской,25-34 года,Топ 1%,Не определено,0.00,0,0,-,-,2,-,0.00,0.51,0.00,25.29,9.00,-,-,-
Термопанели в Выборге,712773255,12.08.2026,Термопанели (Лен. область),5773097196,Автотаргетинг,,-,0,-,0,термопанели для отделки балкона внутри,Целевые запросы,Запросы без упоминания брендов,-,,1915608023072927866,Комбинаторное,Термопанели с клинкерной плиткой. Производство в Выборге,,,,Поиск,Прочее,Не определено,Смартфоны,Android,Wi-Fi,Мужской,Старше 55,Остальные,Не определено,0.00,0,0,-,-,2,-,0.00,1.09,0.00,54.58,7.00,-,-,-
Термопанели в Выборге,712773255,12.08.2026,Термопанели (Лен. область),5773097196,Автотаргетинг,,-,0,-,0,термопанели для отделки балкона внутри,Целевые запросы,Запросы без упоминания брендов,-,,1915608023072927866,Комбинаторное,Термопанели с клинкерной плиткой. Производство в Выборге,,,,Поиск,Товарная галерея,Не определено,Смартфоны,Android,Wi-Fi,Мужской,Старше 55,Остальные,Не определено,0.00,0,0,-,-,4,-,0.00,1.11,0.00,27.79,6.50,-,-,-
Термопанели в Выборге,712773255,12.08.2026,Термопанели (Лен. область),5773097196,Автотаргетинг,,-,0,-,0,термопанели на фасад дома,Целевые запросы,Запросы без упоминания брендов,-,,1915608023072927866,Комбинаторное,Термопанели с клинкерной плиткой. Производство в Выборге,,,,Поиск,Прочее,Не определено,Десктопы,Не определён,Wi-Fi,Мужской,Старше 55,Остальные,Не определено,0.00,0,0,-,-,1,-,0.00,0.45,0.00,44.58,8.00,-,-,-
Термопанели в Выборге,712773255,12.08.2026,Термопанели (Лен. область),5773097196,Автотаргетинг,,-,0,-,0,термопанели с клинкерной плиткой от производителя,Целевые запросы,Запросы без упоминания брендов,-,,1915608023072927866,Комбинаторное,Термопанели с клинкерной плиткой. Производство в Выборге,,,,Поиск,Прочее,Не определено,Смартфоны,Android,Wi-Fi,Женский,45-54 года,Остальные,Не определено,0.00,0,0,-,-,1,-,0.00,0.45,0.00,44.58,8.00,-,-,-
Термопанели в Выборге,712773255,12.08.2026,Термопанели (Лен. область),5773097196,Автотаргетинг,,-,0,-,0,термосайдинг для наружной отделки,Целевые запросы,Запросы без упоминания брендов,-,,1915608023072927866,Комбинаторное,Термопанели с клинкерной плиткой. Производство в Выборге,,,,Поиск,Прочее,Не определено,Смартфоны,Android,Wi-Fi,Мужской,35-44 года,Остальные,Не определено,0.00,0,0,-,-,1,-,0.00,0.45,0.00,44.58,8.00,-,-,-
Термопанели в Выборге,712773255,12.08.2026,Термопанели (Лен. область),5773097196,Автотаргетинг,,-,0,-,0,термосайдинг для наружной отделки,Целевые запросы,Запросы без упоминания брендов,-,,1915608023072927866,Комбинаторное,Термопанели с клинкерной плиткой. Производство в Выборге,,,,Поиск,Товарная галерея,Не определено,Смартфоны,Android,Wi-Fi,Мужской,35-44 года,Остальные,Не определено,0.00,0,0,-,-,1,-,0.00,0.21,0.00,21.07,8.00,-,-,-
Термопанели в Выборге,712773255,12.08.2026,Термопанели (Лен. область),5773097196,Автотаргетинг,,-,0,-,0,фасадная термопанель для наружной отделки дома,Целевые запросы,Запросы без упоминания брендов,-,,1915608023072927866,Комбинаторное,Термопанели с клинкерной плиткой. Производство в Выборге,,,,Поиск,Прочее,Не определено,Смартфоны,Android,Wi-Fi,Мужской,45-54 года,Остальные,Не определено,0.00,0,0,-,-,1,-,0.00,0.45,0.00,44.58,8.00,-,-,-
Термопанели в Выборге,712773255,12.08.2026,Термопанели (Лен. область),5773097196,Автотаргетинг,,-,0,-,0,фасадные панели как выглядит дом,Целевые запросы,Запросы без упоминания брендов,-,,1915608023072927866,Комбинаторное,Термопанели с клинкерной плиткой. Производство в Выборге,,,,Поиск,Прочее,Не определено,Смартфоны,Android,Wi-Fi,Мужской,45-54 года,2–5%,Не определено,0.00,0,0,-,-,1,-,0.00,0.55,0.00,54.58,7.00,-,-,-
Термопанели в Выборге,712773255,12.08.2026,Термопанели (Лен. область),5773097196,Автотаргетинг,,-,0,-,0,фасадные панели как выглядит дом,Целевые запросы,Запросы без упоминания брендов,-,,1915608023072927866,Комбинаторное,Термопанели с клинкерной плиткой. Производство в Выборге,,,,Поиск,Товарная галерея,Не определено,Смартфоны,Android,Wi-Fi,Мужской,45-54 года,2–5%,Не определено,0.00,0,0,-,-,1,-,0.00,0.13,0.00,13.34,18.00,-,-,-
Термопанели в Выборге,712773255,12.08.2026,Термопанели (транз),5772834263,Автотаргетинг,,-,0,-,0,,Не определено,-,-,,1915593209731060056,Комбинаторное,Клинкерные термопанели для наружной отделки дома.,,,,Сети,Прочее,Не определено,Смартфоны,Android,Wi-Fi,Мужской,Старше 55,Остальные,Не определено,0.00,0,0,-,-,1,-,0.00,1.00,0.00,100.00,-,-,-,-
Термопанели в Выборге,712773255,12.08.2026,Термопанели (транз),5772834263,Автотаргетинг,,-,0,-,0,,Не определено,-,-,,1915593209731060056,Комбинаторное,Собственное производство термопанелей-клинкер-плитка,,,,Сети,Прочее,Не определено,Смартфоны,iOS,Wi-Fi,Мужской,Старше 55,Топ 1%,Не определено,0.00,0,0,-,-,1,-,0.00,1.00,0.00,100.00,-,-,-,-
Термопанели в Выборге,712773255,12.08.2026,Термопанели (транз),5772834263,Автотаргетинг,,-,0,-,0,,Не определено,-,-,,1915593209731060056,Комбинаторное,Термопанели с клинкером. Производство в Выборге,,,,Сети,Прочее,Не определено,Десктопы,Не определён,Wi-Fi,Мужской,Старше 55,2–5%,Не определено,0.00,0,0,-,-,1,-,0.00,1.00,0.00,100.00,-,-,-,-
Термопанели в Выборге,712773255,12.08.2026,Термопанели (транз),5772834263,Автотаргетинг,,-,0,-,0,,Не определено,-,-,,1915593209731060056,Комбинаторное,Термопанели с клинкером. Производство в Выборге,,,,Сети,Прочее,Не определено,Смартфоны,Android,Wi-Fi,Мужской,Старше 55,Остальные,Не определено,0.00,0,0,-,-,1,-,0.00,1.00,0.00,100.00,-,-,-,-
Термопанели в Выборге,712773255,12.08.2026,Термопанели (транз),5772834263,Автотаргетинг,,-,0,-,0,,Не определено,-,-,,1915593209731060056,Комбинаторное,Термопанели с клинкером. Производство в Выборге,,,,Сети,Прочее,Не определено,Смартфоны,Android,Wi-Fi,Женский,Старше 55,Остальные,Не определено,0.00,0,0,-,-,1,-,0.00,1.00,0.00,100.00,-,-,-,-
Термопанели в Выборге,712773255,12.08.2026,Термопанели (транз),5772834263,Автотаргетинг,,-,0,-,0,,Не определено,-,-,,1915593209731060056,Комбинаторное,Термопанели с клинкером. Производство в Выборге,,,,Сети,Прочее,Не определено,Смартфоны,iOS,Wi-Fi,Мужской,Старше 55,Топ 1%,Не определено,0.00,0,0,-,-,1,-,0.00,1.00,0.00,100.00,-,-,-,-
Термопанели в Выборге,712773255,12.08.2026,Термопанели (транз),5772834263,Автотаргетинг,,-,0,-,0,,Не определено,-,-,,1915593209731060056,Комбинаторное,Термопанели с клинкером. Производство в Выборге,,,,Сети,Прочее,Не определено,Планшеты,Android,Wi-Fi,Женский,18-24 года,Остальные,Не определено,0.00,0,0,-,-,1,-,0.00,1.00,0.00,100.00,-,-,-,-
Термопанели в Выборге,712773255,12.08.2026,Термопанели (транз),5772834263,Автотаргетинг,,-,0,-,0,,Не определено,-,-,,1915593209731060056,Комбинаторное,Фасадные термопанели под кирпич для наружной отделки.,,,,Сети,Прочее,Не определено,Смартфоны,Android,Wi-Fi,Женский,25-34 года,Остальные,Не определено,0.00,0,0,-,-,1,-,0.00,1.00,0.00,100.00,-,-,-,-
Термопанели в Выборге,712773255,12.08.2026,Термопанели (транз),5772834263,Автотаргетинг,,-,0,-,0,гатчинский камень термопанели,Целевые запросы,Запросы с упоминанием брендов конкурентов,-,,1915593209731060056,Комбинаторное,Термопанели с клинкерной плиткой в Выборге!,,,,Поиск,Прочее,Не определено,Смартфоны,Android,Wi-Fi,Женский,Старше 55,Остальные,Не определено,0.00,0,0,-,-,1,-,0.00,0.65,0.00,64.58,6.00,-,-,-
Термопанели в Выборге,712773255,12.08.2026,Термопанели (транз),5772834263,Автотаргетинг,,-,0,-,0,гатчинский камень термопанели,Целевые запросы,Запросы с упоминанием брендов конкурентов,-,,1915593209731060056,Комбинаторное,Термопанели с клинкерной плиткой в Выборге!,,,,Поиск,Товарная галерея,Не определено,Смартфоны,Android,Wi-Fi,Женский,Старше 55,Остальные,Не определено,0.00,0,0,-,-,1,-,0.00,0.25,0.00,25.29,9.00,-,-,-
Термопанели в Выборге,712773255,12.08.2026,Термопанели (транз),5772834263,Автотаргетинг,,-,0,-,0,из чего делается термопанель для фасада дома,Сопутствующие запросы,Запросы без упоминания брендов,-,,1915593209731060056,Комбинаторное,Клинкерные термопанели для наружной отделки дома.,,,,Поиск,Спецразмещение,Не определено,Смартфоны,Android,Wi-Fi,Мужской,45-54 года,Остальные,Не определено,0.00,0,0,-,-,1,-,0.00,0.99,0.00,98.90,3.00,-,-,-
Термопанели в Выборге,712773255,12.08.2026,Термопанели (транз),5772834263,Автотаргетинг,,-,0,-,0,как выбрать фасад для дома из газобетона,Сопутствующие запросы,Запросы без упоминания брендов,-,,1915593209731060056,Комбинаторное,Клинкерные термопанели для наружной отделки дома.,,,,Поиск,Спецразмещение,Не определено,Планшеты,Android,Wi-Fi,Мужской,25-34 года,Остальные,Не определено,0.00,0,0,-,-,1,-,0.00,0.06,0.00,5.61,4.00,-,-,-
Термопанели в Выборге,712773255,12.08.2026,Термопанели (транз),5772834263,Автотаргетинг,,-,0,-,0,как обшить балкон снаружи загородного дома,Сопутствующие запросы,Запросы без упоминания брендов,-,,1915593209731060056,Комбинаторное,Клинкерные термопанели для наружной отделки дома.,,,,Поиск,Спецразмещение,Не определено,Смартфоны,iOS,Wi-Fi,Мужской,25-34 года,6–10%,Не определено,0.00,0,0,-,-,1,-,0.00,1.00,0.00,100.00,-,-,-,-
Термопанели в Выборге,712773255,12.08.2026,Термопанели (транз),5772834263,Автотаргетинг,,-,0,-,0,клеющие я панели на стену под кирпич,Целевые запросы,Запросы без упоминания брендов,-,,1915593209731060056,Комбинаторное,Термопанели с клинкерной плиткой в Выборге!,,,,Поиск,Прочее,Не определено,Смартфоны,Android,Wi-Fi,Женский,45-54 года,6–10%,Не определено,0.00,0,0,-,-,1,-,0.00,0.45,0.00,44.58,8.00,-,-,-
Термопанели в Выборге,712773255,12.08.2026,Термопанели (транз),5772834263,Автотаргетинг,,-,0,-,0,клеющие я панели на стену под кирпич,Целевые запросы,Запросы без упоминания брендов,-,,1915593209731060056,Комбинаторное,Термопанели с клинкерной плиткой в Выборге!,,,,Поиск,Товарная галерея,Не определено,Смартфоны,Android,Wi-Fi,Женский,45-54 года,6–10%,Не определено,0.00,0,0,-,-,1,-,0.00,0.17,0.00,16.68,10.00,-,-,-
Термопанели в Выборге,712773255,12.08.2026,Термопанели (транз),5772834263,Автотаргетинг,,-,0,-,0,клинкерная плитка,Целевые запросы,Запросы без упоминания брендов,-,,1915593209731060056,Комбинаторное,Термопанели с клинкерной плиткой в Выборге!,,,,Поиск,Прочее,Не определено,Смартфоны,iOS,Мобильная связь,Женский,25-34 года,Остальные,Не определено,0.00,0,0,-,-,1,-,0.00,0.65,0.00,64.58,6.00,-,-,-
Термопанели в Выборге,712773255,12.08.2026,Термопанели (транз),5772834263,Автотаргетинг,,-,0,-,0,клинкерная плитка,Целевые запросы,Запросы без упоминания брендов,-,,1915593209731060056,Комбинаторное,Термопанели с клинкерной плиткой в Выборге!,,,,Поиск,Товарная галерея,Не определено,Смартфоны,iOS,Мобильная связь,Женский,25-34 года,Остальные,Не определено,0.00,0,0,-,-,2,-,0.00,0.56,0.00,27.91,6.50,-,-,-
Термопанели в Выборге,712773255,12.08.2026,Термопанели (транз),5772834263,Автотаргетинг,,-,0,-,0,клинкерная плитка для сухого монтажа,Целевые запросы,Запросы без упоминания брендов,-,,1915593209731060056,Комбинаторное,Термопанели с клинкерной плиткой в Выборге!,,,,Поиск,Прочее,Не определено,Смартфоны,Android,Wi-Fi,Женский,35-44 года,Остальные,Не определено,0.00,0,0,-,-,1,-,0.00,0.55,0.00,54.58,7.00,-,-,-
Термопанели в Выборге,712773255,12.08.2026,Термопанели (транз),5772834263,Автотаргетинг,,-,0,-,0,клинкерная плитка для фасада,Целевые запросы,Запросы без упоминания брендов,-,,1915593209731060056,Комбинаторное,Термопанели с клинкерной плиткой в Выборге!,,,,Поиск,Прочее,Не определено,Смартфоны,Android,Wi-Fi,Мужской,25-34 года,Остальные,Не определено,0.00,0,0,-,-,1,-,0.00,0.65,0.00,64.58,6.00,-,-,-
Термопанели в Выборге,712773255,12.08.2026,Термопанели (транз),5772834263,Автотаргетинг,,-,0,-,0,клинкерная плитка термостойкая,Целевые запросы,Запросы без упоминания брендов,-,,1915593209731060056,Комбинаторное,Термопанели с клинкерной плиткой в Выборге!,,,,Поиск,Прочее,Не определено,Смартфоны,Android,Wi-Fi,Мужской,Старше 55,2–5%,Не определено,0.00,0,0,-,-,2,-,0.00,1.29,0.00,64.73,6.50,-,-,-
Термопанели в Выборге,712773255,12.08.2026,Термопанели (транз),5772834263,Автотаргетинг,,-,0,-,0,клинкерная плитка термостойкая,Целевые запросы,Запросы без упоминания брендов,-,,1915593209731060056,Комбинаторное,Термопанели с клинкерной плиткой в Выборге!,,,,Поиск,Товарная галерея,Не определено,Смартфоны,Android,Wi-Fi,Мужской,Старше 55,2–5%,Не определено,0.00,0,0,-,-,2,-,0.00,1.51,0.00,75.59,2.50,-,-,-
Термопанели в Выборге,712773255,12.08.2026,Термопанели (транз),5772834263,Автотаргетинг,,-,0,-,0,клинкерные панели,Целевые запросы,Запросы без упоминания брендов,-,,1915593209731060056,Комбинаторное,Термопанели с клинкерной плиткой в Выборге!,,,,Поиск,Товарная галерея,Не определено,Смартфоны,iOS,Wi-Fi,Мужской,25-34 года,Остальные,Не определено,0.00,0,0,-,-,2,-,0.00,0.55,0.00,27.69,7.00,-,-,-
Термопанели в Выборге,712773255,12.08.2026,Термопанели (транз),5772834263,Автотаргетинг,,-,0,-,0,клинкерный кирпич для фасада,Целевые запросы,Запросы без упоминания брендов,-,,1915593209731060056,Комбинаторное,Клинкерные термопанели для наружной отделки дома.,,,,Поиск,Прочее,Не определено,Смартфоны,iOS,Wi-Fi,Мужской,18-24 года,6–10%,Не определено,0.00,0,0,-,-,1,-,0.00,0.45,0.00,44.58,8.00,-,-,-
Термопанели в Выборге,712773255,12.08.2026,Термопанели (транз),5772834263,Автотаргетинг,,-,0,-,0,клинкерный кирпич для фасада,Целевые запросы,Запросы без упоминания брендов,-,,1915593209731060056,Комбинаторное,Клинкерные термопанели для наружной отделки дома.,,,,Поиск,Товарная галерея,Не определено,Смартфоны,iOS,Wi-Fi,Мужской,18-24 года,6–10%,Не определено,0.00,0,0,-,-,1,-,0.00,0.53,0.00,52.59,3.00,-,-,-
Термопанели в Выборге,712773255,12.08.2026,Термопанели (транз),5772834263,Автотаргетинг,,-,0,-,0,крепление термопанелей к осб плите,Целевые запросы,Запросы без упоминания брендов,-,,1915593209731060056,Комбинаторное,"Клинкерные термопанели. Собственное производство, цена",,,,Поиск,Товарная галерея,Не определено,Смартфоны,iOS,Мобильная связь,Женский,25-34 года,6–10%,Не определено,0.00,0,0,-,-,1,-,0.00,1.24,0.00,124.49,1.00,-,-,-
Термопанели в Выборге,712773255,12.08.2026,Термопанели (транз),5772834263,Автотаргетинг,,-,0,-,0,материал для облицовки цоколя дома снаружи,Целевые запросы,Запросы без упоминания брендов,-,,1915593209731060056,Комбинаторное,Клинкерные термопанели для наружной отделки дома.,,,,Поиск,Прочее,Не определено,Смартфоны,Android,Wi-Fi,Женский,Старше 55,Остальные,Не определено,0.00,0,0,-,-,1,-,0.00,0.55,0.00,54.58,7.00,-,-,-
Термопанели в Выборге,712773255,12.08.2026,Термопанели (транз),5772834263,Автотаргетинг,,-,0,-,0,материал для облицовки цоколя дома снаружи,Целевые запросы,Запросы без упоминания брендов,-,,1915593209731060056,Комбинаторное,Клинкерные термопанели для наружной отделки дома.,,,,Поиск,Товарная галерея,Не определено,Смартфоны,Android,Wi-Fi,Женский,Старше 55,Остальные,Не определено,0.00,0,0,-,-,1,-,0.00,0.13,0.00,13.34,18.00,-,-,-
Термопанели в Выборге,712773255,12.08.2026,Термопанели (транз),5772834263,Автотаргетинг,,-,0,-,0,облицовочный камень купить,Целевые запросы,Запросы без упоминания брендов,-,,1915593209731060056,Комбинаторное,Клинкерные термопанели для наружной отделки дома.,,,,Поиск,Прочее,Не определено,Смартфоны,Android,Wi-Fi,Мужской,Старше 55,Остальные,Не определено,0.00,0,0,-,-,1,-,0.00,0.55,0.00,54.58,7.00,-,-,-
Термопанели в Выборге,712773255,12.08.2026,Термопанели (транз),5772834263,Автотаргетинг,,-,0,-,0,обшивка дома клинкерной плиткой балкона,Сопутствующие запросы,Запросы без упоминания брендов,-,,1915593209731060056,Комбинаторное,Клинкерные термопанели для наружной отделки дома.,,,,Поиск,Спецразмещение,Не определено,Смартфоны,Android,Wi-Fi,Мужской,Не определен,Остальные,Не определено,0.00,0,0,-,-,1,-,0.00,0.75,0.00,75.16,2.00,-,-,-
Термопанели в Выборге,712773255,12.08.2026,Термопанели (транз),5772834263,Автотаргетинг,,-,0,-,0,отзывы об термопанелях с клинкерным кирпичом,Целевые запросы,Запросы без упоминания брендов,-,,1915593209731060056,Комбинаторное,Термопанели с клинкерной плиткой в Выборге!,,,,Поиск,Прочее,Не определено,Смартфоны,iOS,Wi-Fi,Мужской,35-44 года,2–5%,Не определено,0.00,0,0,-,-,1,-,0.00,0.85,0.00,84.88,5.00,-,-,-
Термопанели в Выборге,712773255,12.08.2026,Термопанели (транз),5772834263,Автотаргетинг,,-,0,-,0,отзывы об термопанелях с клинкерным кирпичом,Целевые запросы,Запросы без упоминания брендов,-,,1915593209731060056,Комбинаторное,Термопанели с клинкерной плиткой в Выборге!,,,,Поиск,Товарная галерея,Не определено,Смартфоны,iOS,Wi-Fi,Мужской,35-44 года,2–5%,Не определено,0.00,0,0,-,-,1,-,0.00,0.53,0.00,52.59,3.00,-,-,-
Термопанели в Выборге,712773255,12.08.2026,Термопанели (транз),5772834263,Автотаргетинг,,-,0,-,0,панели с утеплителем для наружной отделки под кирпич,Целевые запросы,Запросы без упоминания брендов,-,,1915593209731060056,Комбинаторное,Фасадные термопанели под кирпич для наружной отделки.,,,,Поиск,Прочее,Не определено,Смартфоны,Android,Wi-Fi,Мужской,45-54 года,Остальные,Не определено,0.00,0,0,-,-,1,-,0.00,0.55,0.00,54.58,7.00,-,-,-
Термопанели в Выборге,712773255,12.08.2026,Термопанели (транз),5772834263,Автотаргетинг,,-,0,-,0,премиум панель термопанели,Целевые запросы,Запросы с упоминанием брендов конкурентов,-,,1915593209731060056,Комбинаторное,Термопанели с клинкерной плиткой в Выборге!,,,,Поиск,Прочее,Не определено,Смартфоны,iOS,Wi-Fi,Мужской,35-44 года,2–5%,Не определено,0.00,0,0,-,-,1,-,0.00,0.65,0.00,64.58,6.00,-,-,-
Термопанели в Выборге,712773255,12.08.2026,Термопанели (транз),5772834263,Автотаргетинг,,-,0,-,0,премиум панель термопанели,Целевые запросы,Запросы с упоминанием брендов конкурентов,-,,1915593209731060056,Комбинаторное,Термопанели с клинкерной плиткой в Выборге!,,,,Поиск,Товарная галерея,Не определено,Смартфоны,iOS,Wi-Fi,Мужской,35-44 года,2–5%,Не определено,0.00,0,0,-,-,2,-,0.00,0.91,0.00,45.64,3.50,-,-,-
Термопанели в Выборге,712773255,12.08.2026,Термопанели (транз),5772834263,Автотаргетинг,,-,0,-,0,пульсайт рф ру фасадные панели,Целевые запросы,Запросы с упоминанием брендов конкурентов,-,,1915593209731060056,Комбинаторное,Клинкерные термопанели для наружной отделки дома.,,,,Поиск,Прочее,Не определено,Смартфоны,Android,Wi-Fi,Мужской,35-44 года,Остальные,Не определено,0.00,0,0,-,-,1,-,0.00,0.45,0.00,44.58,8.00,-,-,-
Термопанели в Выборге,712773255,12.08.2026,Термопанели (транз),5772834263,Автотаргетинг,,-,0,-,0,снаружи или изнутри надо утеплять бревенчатый дом,Сопутствующие запросы,Запросы без упоминания брендов,-,,1915593209731060056,Комбинаторное,Клинкерные термопанели для наружной отделки дома.,,,,Поиск,Прочее,Не определено,Смартфоны,Android,Wi-Fi,Мужской,Старше 55,Остальные,Не определено,0.00,0,0,-,-,1,-,0.00,0.42,0.00,41.63,6.00,-,-,-
Термопанели в Выборге,712773255,12.08.2026,Термопанели (транз),5772834263,Автотаргетинг,,-,0,-,0,стеновые панели,Целевые запросы,Запросы без упоминания брендов,-,,1915593209731060056,Комбинаторное,Термопанели с клинкерной плиткой в Выборге!,,,,Поиск,Прочее,Не определено,Смартфоны,Android,Wi-Fi,Мужской,Старше 55,Остальные,Не определено,0.00,0,0,-,-,1,-,0.00,0.55,0.00,54.58,7.00,-,-,-
Термопанели в Выборге,712773255,12.08.2026,Термопанели (транз),5772834263,Автотаргетинг,,-,0,-,0,стеновые панели,Целевые запросы,Запросы без упоминания брендов,-,,1915593209731060056,Комбинаторное,Термопанели с клинкерной плиткой в Выборге!,,,,Поиск,Товарная галерея,Не определено,Смартфоны,Android,Wi-Fi,Мужской,Старше 55,Остальные,Не определено,0.00,0,0,-,-,1,-,0.00,0.27,0.00,26.50,6.00,-,-,-
Термопанели в Выборге,712773255,12.08.2026,Термопанели (транз),5772834263,Автотаргетинг,,-,0,-,0,теплопанель для цоколя,Целевые запросы,Запросы без упоминания брендов,-,,1915593209731060056,Комбинаторное,Клинкерные термопанели для наружной отделки дома.,,,,Поиск,Товарная галерея,Не определено,Смартфоны,Android,Wi-Fi,Женский,Старше 55,Остальные,Не определено,0.00,0,0,-,-,1,-,0.00,0.25,0.00,25.29,9.00,-,-,-
Термопанели в Выборге,712773255,12.08.2026,Термопанели (транз),5772834263,Автотаргетинг,,-,0,-,0,теплопанель для цоколя,Целевые запросы,Запросы без упоминания брендов,-,,1915593209731060056,Комбинаторное,Термопанели с клинкерной плиткой в Выборге!,,,,Поиск,Прочее,Не определено,Смартфоны,Android,Wi-Fi,Женский,Старше 55,Остальные,Не определено,0.00,0,0,-,-,1,-,0.00,0.45,0.00,44.58,8.00,-,-,-
Термопанели в Выборге,712773255,12.08.2026,Термопанели (транз),5772834263,Автотаргетинг,,-,0,-,0,термопанели,Целевые запросы,Запросы без упоминания брендов,-,,1915593209731060056,Комбинаторное,Клинкерные термопанели для наружной отделки дома.,,,,Поиск,Прочее,Не определено,Смартфоны,Android,Wi-Fi,Мужской,Старше 55,Остальные,Не определено,0.00,0,0,-,-,1,-,0.00,0.45,0.00,44.58,8.00,-,-,-
Термопанели в Выборге,712773255,12.08.2026,Термопанели (транз),5772834263,Автотаргетинг,,-,0,-,0,термопанели 100мм для наружной отделки,Целевые запросы,Запросы без упоминания брендов,-,,1915593209731060056,Комбинаторное,Клинкерные термопанели для наружной отделки дома.,,,,Поиск,Прочее,Не определено,Смартфоны,Android,Wi-Fi,Мужской,35-44 года,2–5%,Не определено,0.00,0,0,-,-,1,-,0.00,0.45,0.00,44.58,8.00,-,-,-
Термопанели в Выборге,712773255,12.08.2026,Термопанели (транз),5772834263,Автотаргетинг,,-,0,-,0,термопанели 100мм для наружной отделки,Целевые запросы,Запросы без упоминания брендов,-,,1915593209731060056,Комбинаторное,Клинкерные термопанели для наружной отделки дома.,,,,Поиск,Товарная галерея,Не определено,Смартфоны,Android,Wi-Fi,Мужской,35-44 года,2–5%,Не определено,0.00,0,0,-,-,2,-,0.00,0.39,0.00,19.41,11.00,-,-,-
Термопанели в Выборге,712773255,12.08.2026,Термопанели (транз),5772834263,Автотаргетинг,,-,0,-,0,термопанели для наружной отделки,Целевые запросы,Запросы без упоминания брендов,-,,1915593209731060056,Комбинаторное,Клинкерные термопанели для наружной отделки дома.,,,,Поиск,Прочее,Не определено,Смартфоны,Android,Wi-Fi,Женский,45-54 года,Остальные,Не определено,0.00,0,0,-,-,1,-,0.00,0.55,0.00,54.58,7.00,-,-,-
Термопанели в Выборге,712773255,12.08.2026,Термопанели (транз),5772834263,Автотаргетинг,,-,0,-,0,термопанели для наружной отделки деревянного дома,Целевые запросы,Запросы без упоминания брендов,-,,1915593209731060056,Комбинаторное,Клинкерные термопанели для наружной отделки дома.,,,,Поиск,Прочее,Не определено,Смартфоны,Android,Wi-Fi,Женский,45-54 года,Остальные,Не определено,0.00,0,0,-,-,1,-,0.00,0.45,0.00,44.58,8.00,-,-,-
Термопанели в Выборге,712773255,12.08.2026,Термопанели (транз),5772834263,Автотаргетинг,,-,0,-,0,термопанели для наружной отделки деревянного дома,Целевые запросы,Запросы без упоминания брендов,-,,1915593209731060056,Комбинаторное,Клинкерные термопанели для наружной отделки дома.,,,,Поиск,Товарная галерея,Не определено,Смартфоны,Android,Wi-Fi,Женский,45-54 года,Остальные,Не определено,0.00,0,0,-,-,1,-,0.00,0.25,0.00,25.29,9.00,-,-,-
Термопанели в Выборге,712773255,12.08.2026,Термопанели (транз),5772834263,Автотаргетинг,,-,0,-,0,термопанели для наружной отделки дома,Целевые запросы,Запросы без упоминания брендов,-,,1915593209731060056,Комбинаторное,Клинкерные термопанели для наружной отделки дома.,,,,Поиск,Прочее,Не определено,Смартфоны,Android,Wi-Fi,Мужской,45-54 года,Остальные,Не определено,0.00,0,0,-,-,1,-,0.00,0.55,0.00,54.58,7.00,-,-,-
Термопанели в Выборге,712773255,12.08.2026,Термопанели (транз),5772834263,Автотаргетинг,,-,0,-,0,термопанели для наружной отделки дома,Целевые запросы,Запросы без упоминания брендов,-,,1915593209731060056,Комбинаторное,Клинкерные термопанели для наружной отделки дома.,,,,Поиск,Прочее,Не определено,Смартфоны,Android,Wi-Fi,Женский,25-34 года,Остальные,Не определено,0.00,0,0,-,-,1,-,0.00,0.85,0.00,84.88,5.00,-,-,-
Термопанели в Выборге,712773255,12.08.2026,Термопанели (транз),5772834263,Автотаргетинг,,-,0,-,0,термопанели с клинкерной плиткой,Целевые запросы,Запросы без упоминания брендов,-,,1915593209731060056,Комбинаторное,Термопанели с клинкерной плиткой в Выборге!,,,,Поиск,Прочее,Не определено,Смартфоны,iOS,Wi-Fi,Мужской,35-44 года,Топ 1%,Не определено,0.00,0,0,-,-,1,-,0.00,0.55,0.00,54.58,7.00,-,-,-
Термопанели в Выборге,712773255,12.08.2026,Термопанели (транз),5772834263,Автотаргетинг,,-,0,-,0,фасад белый камень,Целевые запросы,Запросы без упоминания брендов,-,,1915593209731060056,Комбинаторное,Клинкерные термопанели для наружной отделки дома.,,,,Поиск,Прочее,Не определено,Смартфоны,Android,Wi-Fi,Женский,18-24 года,Остальные,Не определено,0.00,0,0,-,-,1,-,0.00,0.45,0.00,44.58,8.00,-,-,-
Термопанели в Выборге,712773255,12.08.2026,Термопанели (транз),5772834263,Автотаргетинг,,-,0,-,0,фасад наружный,Целевые запросы,Запросы без упоминания брендов,-,,1915593209731060056,Комбинаторное,Клинкерные термопанели для наружной отделки дома.,,,,Поиск,Прочее,Не определено,Смартфоны,Android,Wi-Fi,Мужской,45-54 года,Остальные,Не определено,0.00,0,0,-,-,1,-,0.00,0.65,0.00,64.58,6.00,-,-,-
Термопанели в Выборге,712773255,12.08.2026,Термопанели (транз),5772834263,Автотаргетинг,,-,0,-,0,фасад наружный,Целевые запросы,Запросы без упоминания брендов,-,,1915593209731060056,Комбинаторное,Клинкерные термопанели для наружной отделки дома.,,,,Поиск,Товарная галерея,Не определено,Смартфоны,Android,Wi-Fi,Мужской,45-54 года,Остальные,Не определено,0.00,0,0,-,-,2,-,0.00,0.27,0.00,13.42,16.00,-,-,-
Термопанели в Выборге,712773255,12.08.2026,Термопанели (транз),5772834263,Автотаргетинг,,-,0,-,0,фасадная панель из пвх имитирующая клинкерную плитку,Целевые запросы,Запросы без упоминания брендов,-,,1915593209731060056,Комбинаторное,Термопанели с клинкерной плиткой в Выборге!,,,,Поиск,Прочее,Не определено,Смартфоны,Android,Wi-Fi,Мужской,45-54 года,Остальные,Не определено,0.00,0,0,-,-,1,-,0.00,0.65,0.00,64.58,6.00,-,-,-
Термопанели в Выборге,712773255,12.08.2026,Термопанели (транз),5772834263,Автотаргетинг,,-,0,-,0,фасадная термопанель для наружной отделки дома,Целевые запросы,Запросы без упоминания брендов,-,,1915593209731060056,Комбинаторное,Клинкерные термопанели для наружной отделки дома.,,,,Поиск,Прочее,Не определено,Смартфоны,Android,Wi-Fi,Мужской,45-54 года,2–5%,Не определено,0.00,0,0,-,-,1,-,0.00,0.55,0.00,54.58,7.00,-,-,-
Термопанели в Выборге,712773255,12.08.2026,Термопанели (транз),5772834263,Автотаргетинг,,-,0,-,0,фасадные панели,Целевые запросы,Запросы без упоминания брендов,-,,1915593209731060056,Комбинаторное,Клинкерные термопанели для наружной отделки дома.,,,,Поиск,Прочее,Не определено,Смартфоны,Android,Wi-Fi,Мужской,Старше 55,Остальные,Не определено,0.00,0,0,-,-,1,-,0.00,0.55,0.00,54.58,7.00,-,-,-
Термопанели в Выборге,712773255,12.08.2026,Термопанели (транз),5772834263,Автотаргетинг,,-,0,-,0,фасадные панели,Целевые запросы,Запросы без упоминания брендов,-,,1915593209731060056,Комбинаторное,Клинкерные термопанели для наружной отделки дома.,,,,Поиск,Товарная галерея,Не определено,Смартфоны,Android,Wi-Fi,Мужской,Старше 55,Остальные,Не определено,0.00,0,0,-,-,1,-,0.00,0.03,0.00,3.30,98.00,-,-,-
Термопанели в Выборге,712773255,12.08.2026,Термопанели (транз),5772834263,Автотаргетинг,,-,0,-,0,фасадные панели 12мм,Целевые запросы,Запросы без упоминания брендов,-,,1915593209731060056,Комбинаторное,"Клинкерные термопанели. Собственное производство, цена",,,,Поиск,Прочее,Не определено,Смартфоны,Android,Wi-Fi,Мужской,Старше 55,Остальные,Не определено,0.00,0,0,-,-,3,-,0.00,2.55,0.00,84.88,5.00,-,-,-
Термопанели в Выборге,712773255,12.08.2026,Термопанели (транз),5772834263,Автотаргетинг,,-,0,-,0,фасадные панели для наружной отделки под камень,Целевые запросы,Запросы без упоминания брендов,-,,1915593209731060056,Комбинаторное,Клинкерные термопанели для наружной отделки дома.,,,,Поиск,Прочее,Не определено,Смартфоны,Android,Wi-Fi,Мужской,35-44 года,Остальные,Не определено,0.00,0,0,-,-,1,-,0.00,0.45,0.00,44.58,8.00,-,-,-
Термопанели в Выборге,712773255,12.08.2026,Термопанели (транз),5772834263,Автотаргетинг,,-,0,-,0,хорошая отопительная система для частного дома,Целевые запросы,Запросы без упоминания брендов,-,,1915593209731060056,Комбинаторное,Клинкерные термопанели для наружной отделки дома.,,,,Поиск,Товарная галерея,Не определено,Смартфоны,iOS,Wi-Fi,Женский,18-24 года,Остальные,Не определено,0.00,0,0,-,-,1,-,0.00,0.32,0.00,32.27,5.00,-,-,-
Термопанели в Выборге,712773255,12.08.2026,Термопанели (транз),5772834263,Автотаргетинг,,-,0,-,0,чем закрыть фасад дома из силикатного кирпича,Сопутствующие запросы,Запросы без упоминания брендов,-,,1915593209731060056,Комбинаторное,Фасадные термопанели под кирпич для наружной отделки.,,,,Поиск,Спецразмещение,Не определено,Смартфоны,Android,Wi-Fi,Мужской,45-54 года,Остальные,Не определено,0.00,0,0,-,-,1,-,0.00,1.15,0.00,114.84,2.00,-,-,-
"Приозерский район, Поиск   от 25-07-2026",713047408,13.08.2026,Приозерский район,5776633358,Фраза,фасадные панели с утеплителем,-,0,-,0,цокольные термопанели бакс,Альтернативные запросы,Запросы с упоминанием брендов конкурентов,Семантическое,,1918168175770350076,Страницы каталога,Термопанели с клинкерной плиткой. Производство в Выборге,Термопанели с клинкерной плиткой — КлинкерПрофи,,,Поиск,Спецразмещение,Не определено,Смартфоны,Android,Wi-Fi,Мужской,45-54 года,Остальные,Не определено,0.00,0,0,-,-,1,-,0.00,0.99,0.00,99.14,1.00,-,-,-
"Приозерский район, Поиск   от 25-07-2026",713047408,13.08.2026,Приозерский район,5776633358,Автотаргетинг,,-,0,-,0,white hills,Альтернативные запросы,Запросы с упоминанием брендов конкурентов,-,,1918168175770350076,Страницы каталога,Клинкерная плитка фасадная WALL GREY,Клинкерная плитка фасадная WALL GREY,,,Поиск,Спецразмещение,Не определено,Смартфоны,Android,Wi-Fi,Мужской,45-54 года,Топ 1%,Не определено,0.00,0,0,-,-,1,-,0.00,0.96,0.00,96.40,1.00,-,-,-
"Приозерский район, Поиск   от 25-07-2026",713047408,13.08.2026,Приозерский район,5776633358,Автотаргетинг,,-,0,-,0,а облицовочном кирпичи,Альтернативные запросы,Запросы без упоминания брендов,-,,1916597733861553174,Комбинаторное,Фасадные термопанели с клинкером,,,,Поиск,Спецразмещение,Не определено,Смартфоны,Android,Wi-Fi,Мужской,35-44 года,Остальные,Не определено,0.00,0,0,-,-,1,-,0.00,1.06,0.00,106.17,1.00,-,-,-
"Приозерский район, Поиск   от 25-07-2026",713047408,13.08.2026,Приозерский район,5776633358,Автотаргетинг,,-,0,-,0,а облицовочном кирпичи расценка за куб,Альтернативные запросы,Запросы без упоминания брендов,-,,1916597733861553174,Комбинаторное,Фасадные термопанели с клинкером,,,,Поиск,Спецразмещение,Не определено,Смартфоны,Android,Wi-Fi,Мужской,35-44 года,Остальные,Не определено,0.00,0,0,-,-,1,-,0.00,1.03,0.00,103.06,1.00,-,-,-
"Приозерский район, Поиск   от 25-07-2026",713047408,13.08.2026,Приозерский район,5776633358,Автотаргетинг,,-,0,-,0,база ларионово строительная каталог,Широкие запросы,Запросы без упоминания брендов,-,,1916597733861553174,Комбинаторное,Производство в Выборге — доставка в район,,,,Поиск,Спецразмещение,Не определено,Десктопы,Не определён,Wi-Fi,Мужской,Старше 55,Остальные,Не определено,0.00,0,0,-,-,2,-,0.00,1.46,0.00,72.83,1.50,-,-,-
"Приозерский район, Поиск   от 25-07-2026",713047408,13.08.2026,Приозерский район,5776633358,Автотаргетинг,,-,0,-,0,база ларионово строительная каталог,Широкие запросы,Запросы без упоминания брендов,-,,1916597733861553174,Комбинаторное,Производство в Выборге — доставка в район,,,,Поиск,Прочее,Не определено,Десктопы,Не определён,Wi-Fi,Мужской,Старше 55,Остальные,Не определено,0.00,0,0,-,-,1,-,0.00,1.00,0.00,100.00,5.00,-,-,-
"Приозерский район, Поиск   от 25-07-2026",713047408,13.08.2026,Приозерский район,5776633358,Автотаргетинг,,-,0,-,0,база раздолье ларионово строительная каталог товаров и цены,Широкие запросы,Запросы с упоминанием брендов конкурентов,-,,1916597733861553174,Комбинаторное,Производство в Выборге — доставка в район,,,,Поиск,Спецразмещение,Не определено,Смартфоны,iOS,Wi-Fi,Женский,45-54 года,Топ 1%,Не определено,0.00,0,0,-,-,1,-,0.00,0.68,0.00,68.12,1.00,-,-,-
"Приозерский район, Поиск   от 25-07-2026",713047408,13.08.2026,Приозерский район,5776633358,Автотаргетинг,,-,0,-,0,база раздолье ларионово строительная каталог товаров и цены,Широкие запросы,Запросы с упоминанием брендов конкурентов,-,,1916597733861553174,Комбинаторное,Производство в Выборге — доставка в район,,,,Поиск,Прочее,Не определено,Смартфоны,iOS,Wi-Fi,Женский,45-54 года,Топ 1%,Не определено,0.00,0,0,-,-,1,-,0.00,1.43,0.00,143.15,5.00,-,-,-
"Приозерский район, Поиск   от 25-07-2026",713047408,13.08.2026,Приозерский район,5776633358,Автотаргетинг,,-,0,-,0,база раздолье сосново стройматериалов приозерский район,Альтернативные запросы,Запросы с упоминанием брендов конкурентов,-,,1916597733861553174,Комбинаторное,Производство в Выборге — доставка в район,,,,Поиск,Спецразмещение,Не определено,Смартфоны,Android,Wi-Fi,Мужской,45-54 года,2–5%,Не определено,0.00,0,0,-,-,1,-,0.00,1.00,0.00,100.00,1.00,-,-,-
"Приозерский район, Поиск   от 25-07-2026",713047408,13.08.2026,Приозерский район,5776633358,Автотаргетинг,,-,0,-,0,база раздолье сосново стройматериалов приозерский район,Альтернативные запросы,Запросы с упоминанием брендов конкурентов,-,,1916597733861553174,Комбинаторное,Производство в Выборге — доставка в район,,,,Поиск,Прочее,Не определено,Смартфоны,Android,Wi-Fi,Мужской,45-54 года,2–5%,Не определено,0.00,0,0,-,-,1,-,0.00,1.00,0.00,100.00,5.00,-,-,-
"Приозерский район, Поиск   от 25-07-2026",713047408,13.08.2026,Приозерский район,5776633358,Автотаргетинг,,-,0,-,0,в чем разница пеноплекса и пенополистирола,Сопутствующие запросы,Запросы без упоминания брендов,-,,1916597733861553174,Комбинаторное,Утепление фасада термопанелями,,,,Поиск,Прочее,Не определено,Десктопы,Не определён,Wi-Fi,Мужской,25-34 года,6–10%,Не определено,0.00,0,0,-,-,1,-,0.00,1.00,0.00,100.00,5.00,-,-,-
"Приозерский район, Поиск   от 25-07-2026",713047408,13.08.2026,Приозерский район,5776633358,Автотаргетинг,,-,0,-,0,варианты отделки фасада частного дома,Сопутствующие запросы,Запросы без упоминания брендов,-,,1916597733861553174,Комбинаторное,"Приозерск, Сосново — термопанели с клинкером",,,,Поиск,Спецразмещение,Не определено,Смартфоны,Android,Wi-Fi,Мужской,Старше 55,Остальные,Не определено,0.00,0,0,-,-,1,-,0.00,1.00,0.00,100.00,-,-,-,-
"Приозерский район, Поиск   от 25-07-2026",713047408,13.08.2026,Приозерский район,5776633358,Автотаргетинг,,-,0,-,0,варианты отделки фасада частного дома,Сопутствующие запросы,Запросы без упоминания брендов,-,,1916597733861553174,Комбинаторное,Фасадные термопанели с клинкером,,,,Поиск,Спецразмещение,Не определено,Смартфоны,Android,Wi-Fi,Мужской,Старше 55,Остальные,Не определено,0.00,0,0,-,-,3,-,0.00,3.14,0.00,104.75,2.00,-,-,-
"Приозерский район, Поиск   от 25-07-2026",713047408,13.08.2026,Приозерский район,5776633358,Автотаргетинг,,-,0,-,0,варианты отделки фасада частного дома,Сопутствующие запросы,Запросы без упоминания брендов,-,,1916597733861553174,Комбинаторное,Фасадные термопанели с клинкером,,,,Поиск,Прочее,Не определено,Смартфоны,Android,Wi-Fi,Мужской,Старше 55,Остальные,Не определено,0.00,0,0,-,-,1,-,0.00,1.21,0.00,121.10,5.00,-,-,-
"Приозерский район, Поиск   от 25-07-2026",713047408,13.08.2026,Приозерский район,5776633358,Автотаргетинг,,-,0,-,0,варианты чем можно зашить беседку на улице,Сопутствующие запросы,Запросы без упоминания брендов,-,,1918168175770350076,Страницы каталога,Клинкерная плитка фасадная АКИТА,Клинкерная плитка фасадная АКИТА,,,Поиск,Спецразмещение,Не определено,Планшеты,Android,Wi-Fi,Женский,Старше 55,Остальные,Не определено,0.00,0,0,-,-,1,-,0.00,1.00,0.00,100.00,1.00,-,-,-
"Приозерский район, Поиск   от 25-07-2026",713047408,13.08.2026,Приозерский район,5776633358,Автотаргетинг,,-,0,-,0,вентилируемый фасад white hills кросс a k,Альтернативные запросы,Запросы с упоминанием брендов конкурентов,-,,1916597733861553174,Комбинаторное,Термопанели с клинкерной плиткой - КлинкерПрофи,,,,Поиск,Прочее,Не определено,Смартфоны,Android,Wi-Fi,Мужской,45-54 года,Остальные,Не определено,0.00,0,0,-,-,1,-,0.00,1.00,0.00,100.00,5.00,-,-,-
"Приозерский район, Поиск   от 25-07-2026",713047408,13.08.2026,Приозерский район,5776633358,Автотаргетинг,,-,0,-,0,вимос каталог,Широкие запросы,Запросы с упоминанием брендов конкурентов,-,,1916597733861553174,Комбинаторное,Производство в Выборге — доставка в район,,,,Поиск,Спецразмещение,Не определено,Смартфоны,Android,Wi-Fi,Женский,Старше 55,Остальные,Не определено,0.00,0,0,-,-,1,-,0.00,1.25,0.00,125.08,1.00,-,-,-
"Приозерский район, Поиск   от 25-07-2026",713047408,13.08.2026,Приозерский район,5776633358,Автотаргетинг,,-,0,-,0,вимос лосево каталог товаров,Широкие запросы,Запросы с упоминанием брендов конкурентов,-,,1916597733861553174,Комбинаторное,Производство в Выборге — доставка в район,,,,Поиск,Спецразмещение,Не определено,Смартфоны,Android,Wi-Fi,Мужской,Старше 55,6–10%,Не определено,0.00,0,0,-,-,1,-,0.00,0.95,0.00,94.94,1.00,-,-,-
"Приозерский район, Поиск   от 25-07-2026",713047408,13.08.2026,Приозерский район,5776633358,Автотаргетинг,,-,0,-,0,вимос приозерск каталог,Широкие запросы,Запросы с упоминанием брендов конкурентов,-,,1916597733861553174,Комбинаторное,Производство в Выборге — доставка в район,,,,Поиск,Прочее,Не определено,Смартфоны,Android,Wi-Fi,Мужской,45-54 года,Остальные,Не определено,0.00,0,0,-,-,1,-,0.00,0.09,0.00,8.50,5.00,-,-,-
"Приозерский район, Поиск   от 25-07-2026",713047408,13.08.2026,Приозерский район,5776633358,Автотаргетинг,,-,0,-,0,вимос приозерск каталог товаров,Широкие запросы,Запросы с упоминанием брендов конкурентов,-,,1916597733861553174,Комбинаторное,Производство в Выборге — доставка в район,,,,Поиск,Спецразмещение,Не определено,Смартфоны,Android,Wi-Fi,Мужской,45-54 года,Остальные,Не определено,0.00,0,0,-,-,1,-,0.00,0.12,0.00,11.71,3.00,-,-,-
"Приозерский район, Поиск   от 25-07-2026",713047408,13.08.2026,Приозерский район,5776633358,Автотаргетинг,,-,0,-,0,вимос приозерск каталог товаров и цены,Широкие запросы,Запросы с упоминанием брендов конкурентов,-,,1916597733861553174,Комбинаторное,Производство в Выборге — доставка в район,,,,Поиск,Спецразмещение,Не определено,Десктопы,Не определён,Wi-Fi,Женский,45-54 года,Остальные,Не определено,0.00,0,0,-,-,1,-,0.00,1.15,0.00,115.43,1.00,-,-,-
"Приозерский район, Поиск   от 25-07-2026",713047408,13.08.2026,Приозерский район,5776633358,Автотаргетинг,,-,0,-,0,вимос приозерск утеплитель,Сопутствующие запросы,Запросы с упоминанием брендов конкурентов,-,,1918168175770350076,Страницы каталога,Термопанель Колорадо 5 (32 шт),Термопанель Колорадо 5 (32 шт),,,Поиск,Спецразмещение,Не определено,Смартфоны,Android,Wi-Fi,Мужской,45-54 года,Остальные,Не определено,0.00,0,0,-,-,1,-,0.00,0.97,0.00,97.33,1.00,-,-,-
"Приозерский район, Поиск   от 25-07-2026",713047408,13.08.2026,Приозерский район,5776633358,Автотаргетинг,,-,0,-,0,декоративные пластины для отделки цоколя,Широкие запросы,Запросы без упоминания брендов,-,,1918168175770350076,Страницы каталога,Термопанели с клинкерной плиткой. Производство в Выборге,Термопанели с клинкерной плиткой — КлинкерПрофи,,,Поиск,Спецразмещение,Не определено,Смартфоны,Android,Wi-Fi,Женский,45-54 года,Остальные,Не определено,0.00,0,0,-,-,1,-,0.00,0.91,0.00,91.31,1.00,-,-,-
"Приозерский район, Поиск   от 25-07-2026",713047408,13.08.2026,Приозерский район,5776633358,Автотаргетинг,,-,0,-,0,дом и серно белого фасада дома,Сопутствующие запросы,Запросы без упоминания брендов,-,,1916597733861553174,Комбинаторное,Фасадные термопанели с клинкером,,,,Поиск,Спецразмещение,Не определено,Смартфоны,Android,Wi-Fi,Женский,35-44 года,Остальные,Не определено,0.00,0,0,-,-,1,-,0.00,1.00,0.00,100.00,-,-,-,-
"Приозерский район, Поиск   от 25-07-2026",713047408,13.08.2026,Приозерский район,5776633358,Автотаргетинг,,-,0,-,0,дом и черно белого фасада дома,Сопутствующие запросы,Запросы без упоминания брендов,-,,1916597733861553174,Комбинаторное,Фасадные термопанели с клинкером,,,,Поиск,Спецразмещение,Не определено,Смартфоны,Android,Wi-Fi,Женский,35-44 года,Остальные,Не определено,0.00,0,0,-,-,1,-,0.00,0.96,0.00,95.64,1.00,-,-,-
"Приозерский район, Поиск   от 25-07-2026",713047408,13.08.2026,Приозерский район,5776633358,Автотаргетинг,,-,0,-,0,имитация бревна,Альтернативные запросы,Запросы без упоминания брендов,-,,1918168175770350076,Страницы каталога,Термопанель Колорадо 3 (32 шт),Термопанель Колорадо 3 (32 шт),,,Поиск,Спецразмещение,Не определено,Смартфоны,Android,Wi-Fi,Женский,45-54 года,Остальные,Не определено,0.00,0,0,-,-,1,-,0.00,0.69,0.00,68.50,2.00,-,-,-
"Приозерский район, Поиск   от 25-07-2026",713047408,13.08.2026,Приозерский район,5776633358,Автотаргетинг,,-,0,-,0,имитация бревна,Альтернативные запросы,Запросы без упоминания брендов,-,,1918168175770350076,Страницы каталога,Термопанель Колорадо 3 (32 шт),Термопанель Колорадо 3 (32 шт),,,Поиск,Прочее,Не определено,Смартфоны,Android,Wi-Fi,Женский,45-54 года,Остальные,Не определено,0.00,0,0,-,-,1,-,0.00,1.00,0.00,100.00,5.00,-,-,-
"Приозерский район, Поиск   от 25-07-2026",713047408,13.08.2026,Приозерский район,5776633358,Автотаргетинг,,-,0,-,0,как минерит за печкой оформить красиво,Сопутствующие запросы,Запросы без упоминания брендов,-,,1918168175770350076,Страницы каталога,Термопанель Колорадо 1 (32 шт),Термопанель Колорадо 1 (32 шт),,,Поиск,Прочее,Не определено,Смартфоны,Android,Wi-Fi,Женский,45-54 года,Остальные,Не определено,0.00,0,0,-,-,1,-,0.00,0.42,0.00,41.63,6.00,-,-,-
"Приозерский район, Поиск   от 25-07-2026",713047408,13.08.2026,Приозерский район,5776633358,Автотаргетинг,,-,0,-,0,как минерит за печкой оформить красиво,Сопутствующие запросы,Запросы без упоминания брендов,-,,1918168175770350076,Страницы каталога,Термопанель Колорадо 3 (32 шт),Термопанель Колорадо 3 (32 шт),,,Поиск,Прочее,Не определено,Смартфоны,Android,Wi-Fi,Женский,45-54 года,Остальные,Не определено,0.00,0,0,-,-,1,-,0.00,0.77,0.00,76.79,5.00,-,-,-
"Приозерский район, Поиск   от 25-07-2026",713047408,13.08.2026,Приозерский район,5776633358,Автотаргетинг,,-,0,-,0,как утеплять,Сопутствующие запросы,Запросы без упоминания брендов,-,,1916597733861553174,Комбинаторное,Термопанели для дома в Приозерске,,,,Поиск,Прочее,Не определено,Смартфоны,Android,Wi-Fi,Мужской,45-54 года,Остальные,Не определено,0.00,0,0,-,-,2,-,0.00,1.09,0.00,54.25,5.00,-,-,-
"Приозерский район, Поиск   от 25-07-2026",713047408,13.08.2026,Приозерский район,5776633358,Автотаргетинг,,-,0,-,0,каким плитным материалом можно обшить фасад,Сопутствующие запросы,Запросы без упоминания брендов,-,,1916597733861553174,Комбинаторное,Фасадные термопанели с клинкером,,,,Поиск,Спецразмещение,Не определено,Десктопы,Не определён,Wi-Fi,Мужской,45-54 года,6–10%,Не определено,0.00,0,0,-,-,1,-,0.00,1.62,0.00,162.38,1.00,-,-,-
"Приозерский район, Поиск   от 25-07-2026",713047408,13.08.2026,Приозерский район,5776633358,Автотаргетинг,,-,0,-,0,каталог вимос приозерск,Широкие запросы,Запросы с упоминанием брендов конкурентов,-,,1916597733861553174,Комбинаторное,Производство в Выборге — доставка в район,,,,Поиск,Спецразмещение,Не определено,Смартфоны,Android,Wi-Fi,Женский,45-54 года,Остальные,Не определено,0.00,0,0,-,-,1,-,0.00,1.06,0.00,105.61,1.00,-,-,-
"Приозерский район, Поиск   от 25-07-2026",713047408,13.08.2026,Приозерский район,5776633358,Автотаргетинг,,-,0,-,0,керамический кирпич для облицовки дома,Альтернативные запросы,Запросы без упоминания брендов,-,,1918168175770350076,Страницы каталога,Термопанели с клинкерной плиткой. Производство в Выборге,Термопанели с клинкерной плиткой — КлинкерПрофи,,,Поиск,Спецразмещение,Не определено,Смартфоны,Android,Wi-Fi,Мужской,Старше 55,Остальные,Не определено,0.00,1,0,0.00,-,3,0.00,33.33,2.32,43.04,77.45,1.00,1.00,0.00,1.00
"Приозерский район, Поиск   от 25-07-2026",713047408,13.08.2026,Приозерский район,5776633358,Автотаргетинг,,-,0,-,0,керамический кирпич для облицовки дома,Альтернативные запросы,Запросы без упоминания брендов,-,,1918168175770350076,Страницы каталога,Термопанели с клинкерной плиткой. Производство в Выборге,Термопанели с клинкерной плиткой — КлинкерПрофи,,,Поиск,Прочее,Не определено,Смартфоны,Android,Wi-Fi,Мужской,Старше 55,Остальные,Не определено,0.00,1,0,0.00,-,1,0.00,100.00,1.21,82.77,120.82,5.00,5.00,0.00,1.00
"Приозерский район, Поиск   от 25-07-2026",713047408,13.08.2026,Приозерский район,5776633358,Автотаргетинг,,-,0,-,0,корабельный брус вереск,Альтернативные запросы,Запросы без упоминания брендов,-,,1918168175770350076,Страницы каталога,Термопанель Колорадо 3 (32 шт),Термопанель Колорадо 3 (32 шт),,,Поиск,Прочее,Не определено,Смартфоны,Android,Wi-Fi,Женский,25-34 года,2–5%,Не определено,0.00,0,0,-,-,1,-,0.00,1.00,0.00,100.00,5.00,-,-,-
"Приозерский район, Поиск   от 25-07-2026",713047408,13.08.2026,Приозерский район,5776633358,Автотаргетинг,,-,0,-,0,корабельный брус вереск,Альтернативные запросы,Запросы без упоминания брендов,-,,1918168175770350076,Страницы каталога,Термопанель Колорадо 5 (32 шт),Термопанель Колорадо 5 (32 шт),,,Поиск,Прочее,Не определено,Смартфоны,Android,Wi-Fi,Женский,25-34 года,2–5%,Не определено,0.00,0,0,-,-,1,-,0.00,0.09,0.00,8.50,5.00,-,-,-
"Приозерский район, Поиск   от 25-07-2026",713047408,13.08.2026,Приозерский район,5776633358,Автотаргетинг,,-,0,-,0,мокрые фасады,Сопутствующие запросы,Запросы без упоминания брендов,-,,1916597733861553174,Комбинаторное,Фасадные термопанели с клинкером,,,,Поиск,Спецразмещение,Не определено,Десктопы,Не определён,Wi-Fi,Мужской,35-44 года,2–5%,Не определено,0.00,0,0,-,-,1,-,0.00,0.72,0.00,72.11,2.00,-,-,-
"Приозерский район, Поиск   от 25-07-2026",713047408,13.08.2026,Приозерский район,5776633358,Автотаргетинг,,-,0,-,0,на что крепить фасадную плитку,Сопутствующие запросы,Запросы без упоминания брендов,-,,1918168175770350076,Страницы каталога,Клинкерная плитка фасадная STONE (графитовый),Клинкерная плитка фасадная STONE (графитовый),,,Поиск,Прочее,Не определено,Смартфоны,Android,Wi-Fi,Женский,18-24 года,6–10%,Не определено,0.00,0,0,-,-,1,-,0.00,1.00,0.00,100.00,5.00,-,-,-
"Приозерский район, Поиск   от 25-07-2026",713047408,13.08.2026,Приозерский район,5776633358,Автотаргетинг,,-,0,-,0,на что крепить фасадную плитку,Сопутствующие запросы,Запросы без упоминания брендов,-,,1918168175770350076,Страницы каталога,Клинкерная плитка фасадная STONE (палевый),Клинкерная плитка фасадная STONE (палевый),,,Поиск,Прочее,Не определено,Смартфоны,Android,Wi-Fi,Женский,18-24 года,6–10%,Не определено,0.00,0,0,-,-,1,-,0.00,0.09,0.00,8.50,5.00,-,-,-
"Приозерский район, Поиск   от 25-07-2026",713047408,13.08.2026,Приозерский район,5776633358,Автотаргетинг,,-,0,-,0,наружная облицовка,Широкие запросы,Запросы без упоминания брендов,-,,1918168175770350076,Страницы каталога,Термопанели с клинкерной плиткой. Производство в Выборге,Термопанели с клинкерной плиткой — КлинкерПрофи,,,Поиск,Спецразмещение,Не определено,Смартфоны,Android,Wi-Fi,Женский,35-44 года,Остальные,Не определено,0.00,0,0,-,-,1,-,0.00,1.02,0.00,102.20,1.00,-,-,-
"Приозерский район, Поиск   от 25-07-2026",713047408,13.08.2026,Приозерский район,5776633358,Автотаргетинг,,-,0,-,0,неплотное примыкание пеноплекса к стене,Сопутствующие запросы,Запросы без упоминания брендов,-,,1916597733861553174,Комбинаторное,Утепление фасада термопанелями,,,,Поиск,Прочее,Не определено,Смартфоны,Android,Wi-Fi,Мужской,45-54 года,6–10%,Не определено,0.00,0,0,-,-,2,-,0.00,2.00,0.00,100.00,5.00,-,-,-
"Приозерский район, Поиск   от 25-07-2026",713047408,13.08.2026,Приозерский район,5776633358,Автотаргетинг,,-,0,-,0,панель фасадная можно ли крепить без обрешетки,Сопутствующие запросы,Запросы без упоминания брендов,-,,1916597733861553174,Комбинаторное,Термопанели для дома в Приозерске,,,,Поиск,Прочее,Не определено,Смартфоны,Android,Wi-Fi,Женский,18-24 года,6–10%,Не определено,0.00,0,0,-,-,1,-,0.00,0.77,0.00,76.79,5.00,-,-,-
"Приозерский район, Поиск   от 25-07-2026",713047408,13.08.2026,Приозерский район,5776633358,Автотаргетинг,,-,0,-,0,панель фасадная можно ли крепить без обрешетки,Сопутствующие запросы,Запросы без упоминания брендов,-,,1916597733861553174,Комбинаторное,Фасадные термопанели с клинкером,,,,Поиск,Прочее,Не определено,Смартфоны,Android,Wi-Fi,Женский,18-24 года,6–10%,Не определено,0.00,0,0,-,-,2,-,0.00,0.17,0.00,8.50,5.00,-,-,-
"Приозерский район, Поиск   от 25-07-2026",713047408,13.08.2026,Приозерский район,5776633358,Автотаргетинг,,-,0,-,0,пенопластовые кирпичи,Альтернативные запросы,Запросы без упоминания брендов,-,,1916597733861553174,Комбинаторное,Фасадные термопанели с клинкером,,,,Поиск,Спецразмещение,Не определено,Смартфоны,Android,Wi-Fi,Женский,Старше 55,Остальные,Не определено,0.00,0,0,-,-,1,-,0.00,0.90,0.00,89.66,1.00,-,-,-
"Приозерский район, Поиск   от 25-07-2026",713047408,13.08.2026,Приозерский район,5776633358,Автотаргетинг,,-,0,-,0,пенопластовые кирпичи,Альтернативные запросы,Запросы без упоминания брендов,-,,1916597733861553174,Комбинаторное,Фасадные термопанели с клинкером,,,,Поиск,Прочее,Не определено,Смартфоны,Android,Wi-Fi,Женский,Старше 55,Остальные,Не определено,0.00,0,0,-,-,1,-,0.00,1.00,0.00,100.00,5.00,-,-,-
"Приозерский район, Поиск   от 25-07-2026",713047408,13.08.2026,Приозерский район,5776633358,Автотаргетинг,,-,0,-,0,первый этаж теплый второй холодный чем утеплить,Сопутствующие запросы,Запросы без упоминания брендов,-,,1916597733861553174,Комбинаторное,Фасадные термопанели с клинкером,,,,Поиск,Прочее,Не определено,Смартфоны,iOS,Wi-Fi,Мужской,35-44 года,2–5%,Не определено,0.00,0,0,-,-,1,-,0.00,0.09,0.00,8.50,5.00,-,-,-
"Приозерский район, Поиск   от 25-07-2026",713047408,13.08.2026,Приозерский район,5776633358,Автотаргетинг,,-,0,-,0,первый этаж теплый второй холодный чем утеплить,Сопутствующие запросы,Запросы без упоминания брендов,-,,1918168175770350076,Страницы каталога,Термопанель Колорадо 1 (32 шт),Термопанель Колорадо 1 (32 шт),,,Поиск,Прочее,Не определено,Смартфоны,iOS,Wi-Fi,Мужской,35-44 года,2–5%,Не определено,0.00,0,0,-,-,1,-,0.00,1.00,0.00,100.00,5.00,-,-,-
"Приозерский район, Поиск   от 25-07-2026",713047408,13.08.2026,Приозерский район,5776633358,Автотаргетинг,,-,0,-,0,петрович строительные материалы,Широкие запросы,Запросы с упоминанием брендов конкурентов,-,,1916597733861553174,Комбинаторное,Производство в Выборге — доставка в район,,,,Поиск,Спецразмещение,Не определено,Смартфоны,Android,Wi-Fi,Женский,Старше 55,Остальные,Не определено,0.00,0,0,-,-,1,-,0.00,1.13,0.00,113.49,1.00,-,-,-
"Приозерский район, Поиск   от 25-07-2026",713047408,13.08.2026,Приозерский район,5776633358,Автотаргетинг,,-,0,-,0,плитка для отделки монолитной фундаментной плиты которая является цоколем каркасного деревянного дома,Альтернативные запросы,Запросы без упоминания брендов,-,,1916597733861553174,Комбинаторное,Фасадные термопанели с клинкером,,,,Поиск,Спецразмещение,Не определено,Планшеты,iOS,Wi-Fi,Мужской,Старше 55,2–5%,Не определено,0.00,1,0,0.00,-,1,0.00,100.00,1.03,97.42,102.64,1.00,1.00,0.00,1.50
"Приозерский район, Поиск   от 25-07-2026",713047408,13.08.2026,Приозерский район,5776633358,Автотаргетинг,,-,0,-,0,плиты теплоизоляционные logicpir prof,Альтернативные запросы,Запросы без упоминания брендов,-,,1918168175770350076,Страницы каталога,Термопанель Колорадо 4 (32 шт),Термопанель Колорадо 4 (32 шт),,,Поиск,Прочее,Не определено,Десктопы,Не определён,Wi-Fi,Женский,35-44 года,Остальные,Не определено,0.00,0,0,-,-,1,-,0.00,0.79,0.00,78.56,5.00,-,-,-
"Приозерский район, Поиск   от 25-07-2026",713047408,13.08.2026,Приозерский район,5776633358,Автотаргетинг,,-,0,-,0,прессованный кирпич,Альтернативные запросы,Запросы без упоминания брендов,-,,1916597733861553174,Комбинаторное,Фасадные термопанели с клинкером,,,,Поиск,Спецразмещение,Не определено,Смартфоны,Android,Wi-Fi,Мужской,45-54 года,Остальные,Не определено,0.00,0,0,-,-,1,-,0.00,0.96,0.00,95.92,1.00,-,-,-
"Приозерский район, Поиск   от 25-07-2026",713047408,13.08.2026,Приозерский район,5776633358,Автотаргетинг,,-,0,-,0,сколько стоит утепление газобетонного дома снаружи,Сопутствующие запросы,Запросы без упоминания брендов,-,,1916597733861553174,Комбинаторное,Термопанели для дома в Приозерске,,,,Поиск,Спецразмещение,Не определено,Смартфоны,Android,Wi-Fi,Женский,45-54 года,Остальные,Не определено,0.00,0,0,-,-,1,-,0.00,0.94,0.00,93.57,1.00,-,-,-
"Приозерский район, Поиск   от 25-07-2026",713047408,13.08.2026,Приозерский район,5776633358,Автотаргетинг,,-,0,-,0,смеси для наружной штукатурки,Альтернативные запросы,Запросы без упоминания брендов,-,,1916597733861553174,Комбинаторное,Производство в Выборге — доставка в район,,,,Поиск,Спецразмещение,Не определено,Смартфоны,Android,Wi-Fi,Мужской,45-54 года,Остальные,Не определено,0.00,0,0,-,-,1,-,0.00,0.81,0.00,81.24,2.00,-,-,-
"Приозерский район, Поиск   от 25-07-2026",713047408,13.08.2026,Приозерский район,5776633358,Автотаргетинг,,-,0,-,0,стартовая планка для цоколя альта профиль,Сопутствующие запросы,Запросы без упоминания брендов,-,,1918168175770350076,Страницы каталога,Термопанель Колорадо 2 (32 шт),Термопанель Колорадо 2 (32 шт),,,Поиск,Прочее,Не определено,Смартфоны,Android,Wi-Fi,Мужской,35-44 года,6–10%,Не определено,0.00,0,0,-,-,1,-,0.00,0.09,0.00,8.50,5.00,-,-,-
"Приозерский район, Поиск   от 25-07-2026",713047408,13.08.2026,Приозерский район,5776633358,Автотаргетинг,,-,0,-,0,стеновые панели внешние стены,Широкие запросы,Запросы без упоминания брендов,-,,1916597733861553174,Комбинаторное,Клинкерные термопанели — КлинкерПрофи,,,,Поиск,Спецразмещение,Не определено,Смартфоны,Android,Wi-Fi,Мужской,Старше 55,Остальные,Не определено,0.00,0,0,-,-,1,-,0.00,0.65,0.00,65.06,2.00,-,-,-
"Приозерский район, Поиск   от 25-07-2026",713047408,13.08.2026,Приозерский район,5776633358,Автотаргетинг,,-,0,-,0,стоимость утепления ппу за метр квадратный при толщине 50 мм,Альтернативные запросы,Запросы без упоминания брендов,-,,1916597733861553174,Комбинаторное,Утепление фасада термопанелями,,,,Поиск,Спецразмещение,Не определено,Смартфоны,Android,Wi-Fi,Мужской,Старше 55,Остальные,Не определено,0.00,1,0,0.00,-,2,0.00,50.00,1.81,55.29,90.44,1.00,1.00,100.00,1.00
"Приозерский район, Поиск   от 25-07-2026",713047408,13.08.2026,Приозерский район,5776633358,Автотаргетинг,,-,0,-,0,строительная база в мельниково ленинградской области,Широкие запросы,Запросы без упоминания брендов,-,,1916597733861553174,Комбинаторное,Производство в Выборге — доставка в район,,,,Поиск,Спецразмещение,Не определено,Смартфоны,Android,Wi-Fi,Женский,45-54 года,Остальные,Не определено,0.00,0,0,-,-,1,-,0.00,0.82,0.00,81.80,1.00,-,-,-
"Приозерский район, Поиск   от 25-07-2026",713047408,13.08.2026,Приозерский район,5776633358,Автотаргетинг,,-,0,-,0,строительная база в мельниково ленинградской области,Широкие запросы,Запросы без упоминания брендов,-,,1916597733861553174,Комбинаторное,Производство в Выборге — доставка в район,,,,Поиск,Прочее,Не определено,Смартфоны,Android,Wi-Fi,Женский,45-54 года,Остальные,Не определено,0.00,0,0,-,-,1,-,0.00,1.00,0.00,100.00,5.00,-,-,-
"Приозерский район, Поиск   от 25-07-2026",713047408,13.08.2026,Приозерский район,5776633358,Автотаргетинг,,-,0,-,0,строительные магазины приозерск,Широкие запросы,Запросы без упоминания брендов,-,,1916597733861553174,Комбинаторное,Производство в Выборге — доставка в район,,,,Поиск,Спецразмещение,Не определено,Смартфоны,Android,Wi-Fi,Мужской,35-44 года,Остальные,Не определено,0.00,0,0,-,-,1,-,0.00,0.77,0.00,77.16,2.00,-,-,-
"Приозерский район, Поиск   от 25-07-2026",713047408,13.08.2026,Приозерский район,5776633358,Автотаргетинг,,-,0,-,0,строительный магазин в мельниково,Широкие запросы,Запросы без упоминания брендов,-,,1916597733861553174,Комбинаторное,Производство в Выборге — доставка в район,,,,Поиск,Спецразмещение,Не определено,Смартфоны,Android,Wi-Fi,Мужской,45-54 года,Остальные,Не определено,0.00,0,0,-,-,2,-,0.00,1.77,0.00,88.40,1.00,-,-,-
"Приозерский район, Поиск   от 25-07-2026",713047408,13.08.2026,Приозерский район,5776633358,Автотаргетинг,,-,0,-,0,строительный магазин в мельниково,Широкие запросы,Запросы без упоминания брендов,-,,1916597733861553174,Комбинаторное,Производство в Выборге — доставка в район,,,,Поиск,Прочее,Не определено,Смартфоны,Android,Wi-Fi,Мужской,45-54 года,Остальные,Не определено,0.00,0,0,-,-,1,-,0.00,0.09,0.00,8.50,5.00,-,-,-
"Приозерский район, Поиск   от 25-07-2026",713047408,13.08.2026,Приозерский район,5776633358,Автотаргетинг,,-,0,-,0,стройбаза раздолье в ларионово каталог товаров,Широкие запросы,Запросы с упоминанием брендов конкурентов,-,,1916597733861553174,Комбинаторное,Производство в Выборге — доставка в район,,,,Поиск,Прочее,Не определено,Десктопы,Не определён,Wi-Fi,Мужской,45-54 года,Остальные,Не определено,0.00,0,0,-,-,1,-,0.00,1.00,0.00,100.00,5.00,-,-,-
"Приозерский район, Поиск   от 25-07-2026",713047408,13.08.2026,Приозерский район,5776633358,Автотаргетинг,,-,0,-,0,строймагазины в приозерске,Широкие запросы,Запросы без упоминания брендов,-,,1916597733861553174,Комбинаторное,Производство в Выборге — доставка в район,,,,Поиск,Спецразмещение,Не определено,Смартфоны,Android,Wi-Fi,Женский,Старше 55,Остальные,Не определено,0.00,0,0,-,-,1,-,0.00,0.85,0.00,84.99,1.00,-,-,-
"Приозерский район, Поиск   от 25-07-2026",713047408,13.08.2026,Приозерский район,5776633358,Автотаргетинг,,-,0,-,0,строймагазины в приозерске,Широкие запросы,Запросы без упоминания брендов,-,,1916597733861553174,Комбинаторное,Производство в Выборге — доставка в район,,,,Поиск,Прочее,Не определено,Смартфоны,Android,Wi-Fi,Женский,Старше 55,Остальные,Не определено,0.00,0,0,-,-,1,-,0.00,0.09,0.00,8.50,5.00,-,-,-
"Приозерский район, Поиск   от 25-07-2026",713047408,13.08.2026,Приозерский район,5776633358,Автотаргетинг,,-,0,-,0,стройматериалы приозерск,Широкие запросы,Запросы без упоминания брендов,-,,1916597733861553174,Комбинаторное,"Приозерск, Сосново — термопанели с клинкером",,,,Поиск,Спецразмещение,Не определено,Смартфоны,Android,Мобильная связь,Мужской,35-44 года,Остальные,Не определено,0.00,0,0,-,-,1,-,0.00,0.57,0.00,56.56,2.00,-,-,-
"Приозерский район, Поиск   от 25-07-2026",713047408,13.08.2026,Приозерский район,5776633358,Автотаргетинг,,-,0,-,0,стройматериалы приозерск,Широкие запросы,Запросы без упоминания брендов,-,,1916597733861553174,Комбинаторное,Производство в Выборге — доставка в район,,,,Поиск,Прочее,Не определено,Смартфоны,Android,Мобильная связь,Мужской,35-44 года,Остальные,Не определено,0.00,0,0,-,-,1,-,0.00,0.09,0.00,8.50,5.00,-,-,-
"Приозерский район, Поиск   от 25-07-2026",713047408,13.08.2026,Приозерский район,5776633358,Автотаргетинг,,-,0,-,0,сэндвич панели,Альтернативные запросы,Запросы без упоминания брендов,-,,1916597733861553174,Комбинаторное,Фасадные термопанели с клинкером,,,,Поиск,Спецразмещение,Не определено,Смартфоны,Android,Wi-Fi,Женский,45-54 года,Остальные,Не определено,0.00,0,0,-,-,1,-,0.00,0.81,0.00,81.25,1.00,-,-,-
"Приозерский район, Поиск   от 25-07-2026",713047408,13.08.2026,Приозерский район,5776633358,Автотаргетинг,,-,0,-,0,утепление наружной стены панельного дома пеноплексом,Сопутствующие запросы,Запросы без упоминания брендов,-,,1916597733861553174,Комбинаторное,Фасадные термопанели с клинкером,,,,Поиск,Спецразмещение,Не определено,Планшеты,Android,Мобильная связь,Женский,45-54 года,6–10%,Не определено,0.00,0,0,-,-,1,-,0.00,1.00,0.00,100.00,1.00,-,-,-
"Приозерский район, Поиск   от 25-07-2026",713047408,13.08.2026,Приозерский район,5776633358,Автотаргетинг,,-,0,-,0,утеплитель ecophon,Альтернативные запросы,Запросы с упоминанием брендов конкурентов,-,,1916597733861553174,Комбинаторное,Утепление фасада термопанелями,,,,Поиск,Спецразмещение,Не определено,Смартфоны,Android,Wi-Fi,Мужской,35-44 года,Остальные,Не определено,0.00,0,0,-,-,1,-,0.00,0.34,0.00,34.45,2.00,-,-,-
"Приозерский район, Поиск   от 25-07-2026",713047408,13.08.2026,Приозерский район,5776633358,Автотаргетинг,,-,0,-,0,фасад декор,Широкие запросы,Запросы без упоминания брендов,-,,1916597733861553174,Комбинаторное,Фасадные термопанели с клинкером,,,,Поиск,Спецразмещение,Не определено,Десктопы,Не определён,Wi-Fi,Женский,Старше 55,Остальные,Не определено,0.00,0,0,-,-,1,-,0.00,0.50,0.00,49.73,3.00,-,-,-
"Приозерский район, Поиск   от 25-07-2026",713047408,13.08.2026,Приозерский район,5776633358,Автотаргетинг,,-,0,-,0,фасадная панель формлайт технониколь кирпич 1043х305мм 0.318кв м бежевый,Альтернативные запросы,Запросы с упоминанием брендов конкурентов,-,,1916597733861553174,Комбинаторное,Фасадные термопанели с клинкером,,,,Поиск,Спецразмещение,Не определено,Смартфоны,Android,Wi-Fi,Мужской,18-24 года,Остальные,Не определено,0.00,0,0,-,-,1,-,0.00,0.82,0.00,82.07,1.00,-,-,-
"Приозерский район, Поиск   от 25-07-2026",713047408,13.08.2026,Приозерский район,5776633358,Автотаргетинг,,-,0,-,0,фасадная плитка,Широкие запросы,Запросы без упоминания брендов,-,,1918168175770350076,Страницы каталога,Клинкерная плитка фасадная ALARCON,Клинкерная плитка фасадная ALARCON,,,Поиск,Спецразмещение,Не определено,Смартфоны,Android,Wi-Fi,Женский,18-24 года,6–10%,Не определено,0.00,1,0,0.00,-,1,0.00,100.00,0.92,108.47,92.19,1.00,1.00,100.00,1.00
"Приозерский район, Поиск   от 25-07-2026",713047408,13.08.2026,Приозерский район,5776633358,Автотаргетинг,,-,0,-,0,фасадные панели docke алтай,Альтернативные запросы,Запросы с упоминанием брендов конкурентов,-,,1916597733861553174,Комбинаторное,Фасадные термопанели с клинкером,,,,Поиск,Спецразмещение,Не определено,Смартфоны,Android,Wi-Fi,Женский,35-44 года,Остальные,Не определено,0.00,0,0,-,-,1,-,0.00,0.41,0.00,40.55,4.00,-,-,-
"Приозерский район, Поиск   от 25-07-2026",713047408,13.08.2026,Приозерский район,5776633358,Автотаргетинг,,-,0,-,0,фасадные панели для наружной отделки дома,Широкие запросы,Запросы без упоминания брендов,-,,1918168175770350076,Страницы каталога,Термопанели с клинкерной плиткой. Производство в Выборге,Термопанели с клинкерной плиткой — КлинкерПрофи,,,Поиск,Спецразмещение,Не определено,Смартфоны,Android,Wi-Fi,Женский,45-54 года,Остальные,Не определено,0.00,0,0,-,-,1,-,0.00,1.02,0.00,101.87,1.00,-,-,-
"Приозерский район, Поиск   от 25-07-2026",713047408,13.08.2026,Приозерский район,5776633358,Автотаргетинг,,-,0,-,0,финишная отделка стен каркасного дома,Сопутствующие запросы,Запросы без упоминания брендов,-,,1916597733861553174,Комбинаторное,Термопанели для дома в Приозерске,,,,Поиск,Спецразмещение,Не определено,Смартфоны,iOS,Wi-Fi,Мужской,35-44 года,Топ 1%,Не определено,0.00,1,0,0.00,-,1,0.00,100.00,0.64,156.10,64.06,1.00,1.00,0.00,1.00
"Приозерский район, Поиск   от 25-07-2026",713047408,13.08.2026,Приозерский район,5776633358,Автотаргетинг,,-,0,-,0,финишная отделка стен каркасного дома,Сопутствующие запросы,Запросы без упоминания брендов,-,,1916597733861553174,Комбинаторное,Термопанели для дома в Приозерске,,,,Поиск,Прочее,Не определено,Смартфоны,iOS,Wi-Fi,Мужской,35-44 года,Топ 1%,Не определено,0.00,0,0,-,-,1,-,0.00,1.00,0.00,100.00,5.00,-,-,-
"Приозерский район, Поиск   от 25-07-2026",713047408,13.08.2026,Приозерский район,5776633358,Автотаргетинг,,-,0,-,0,чем защитить стены коридора от повреждений,Сопутствующие запросы,Запросы без упоминания брендов,-,,1918168175770350076,Страницы каталога,Термопанель Колорадо 1 (32 шт),Термопанель Колорадо 1 (32 шт),,,Поиск,Спецразмещение,Не определено,Смартфоны,iOS,Wi-Fi,Мужской,45-54 года,Остальные,Не определено,0.00,0,0,-,-,1,-,0.00,1.00,0.00,100.00,-,-,-,-
"Приозерский район, Поиск   от 25-07-2026",713047408,13.08.2026,Приозерский район,5776633358,Автотаргетинг,,-,0,-,0,чем защитить стены коридора от повреждений,Сопутствующие запросы,Запросы без упоминания брендов,-,,1918168175770350076,Страницы каталога,Термопанель Колорадо 5 (32 шт),Термопанель Колорадо 5 (32 шт),,,Поиск,Спецразмещение,Не определено,Смартфоны,iOS,Wi-Fi,Мужской,45-54 года,Остальные,Не определено,0.00,0,0,-,-,1,-,0.00,0.69,0.00,68.53,1.00,-,-,-
"Приозерский район, Поиск   от 25-07-2026",713047408,13.08.2026,Приозерский район,5776633358,Автотаргетинг,,-,0,-,0,чем защитить стены коридора от повреждений,Сопутствующие запросы,Запросы без упоминания брендов,-,,1918168175770350076,Страницы каталога,Термопанель Колорадо 5 (32 шт),Термопанель Колорадо 5 (32 шт),,,Поиск,Прочее,Не определено,Смартфоны,iOS,Wi-Fi,Мужской,45-54 года,Остальные,Не определено,0.00,0,0,-,-,1,-,0.00,1.00,0.00,100.00,5.00,-,-,-
"Приозерский район, Поиск   от 25-07-2026",713047408,13.08.2026,Приозерский район,5776633358,Автотаргетинг,,-,0,-,0,чем обшить осп снаружи дома,Сопутствующие запросы,Запросы без упоминания брендов,-,,1916597733861553174,Комбинаторное,Клинкерные термопанели — КлинкерПрофи,,,,Поиск,Спецразмещение,Не определено,Десктопы,Не определён,Wi-Fi,Мужской,45-54 года,6–10%,Не определено,0.00,0,0,-,-,2,-,0.00,2.03,0.00,101.26,1.00,-,-,-
"Приозерский район, Поиск   от 25-07-2026",713047408,13.08.2026,Приозерский район,5776633358,Автотаргетинг,,-,0,-,0,чем обшить осп снаружи дома,Сопутствующие запросы,Запросы без упоминания брендов,-,,1916597733861553174,Комбинаторное,Фасадные термопанели с клинкером,,,,Поиск,Спецразмещение,Не определено,Десктопы,Не определён,Wi-Fi,Мужской,45-54 года,6–10%,Не определено,0.00,0,0,-,-,1,-,0.00,1.15,0.00,114.68,2.00,-,-,-
"Приозерский район, Поиск   от 25-07-2026",713047408,13.08.2026,Приозерский район,5776633358,Автотаргетинг,,-,0,-,0,чем обшить осп снаружи дома,Сопутствующие запросы,Запросы без упоминания брендов,-,,1916597733861553174,Комбинаторное,Фасадные термопанели с клинкером,,,,Поиск,Прочее,Не определено,Десктопы,Не определён,Wi-Fi,Мужской,45-54 года,6–10%,Не определено,0.00,0,0,-,-,1,-,0.00,0.79,0.00,78.56,5.00,-,-,-
"Приозерский район, Поиск   от 25-07-2026",713047408,13.08.2026,Приозерский район,5776633358,Автотаргетинг,,-,0,-,0,чем обшить осп снаружи дома,Сопутствующие запросы,Запросы без упоминания брендов,-,,1918168175770350076,Страницы каталога,Термопанель Колорадо 1 (32 шт),Термопанель Колорадо 1 (32 шт),,,Поиск,Спецразмещение,Не определено,Десктопы,Не определён,Wi-Fi,Мужской,45-54 года,6–10%,Не определено,0.00,0,0,-,-,1,-,0.00,1.00,0.00,100.00,-,-,-,-
"Приозерский район, Поиск   от 25-07-2026",713047408,13.08.2026,Приозерский район,5776633358,Автотаргетинг,,-,0,-,0,чем обшить осп снаружи дома,Сопутствующие запросы,Запросы без упоминания брендов,-,,1918168175770350076,Страницы каталога,Термопанель Колорадо 1 (32 шт),Термопанель Колорадо 1 (32 шт),,,Поиск,Прочее,Не определено,Десктопы,Не определён,Wi-Fi,Мужской,45-54 года,6–10%,Не определено,0.00,0,0,-,-,1,-,0.00,1.00,0.00,100.00,5.00,-,-,-
"Приозерский район, Поиск   от 25-07-2026",713047408,13.08.2026,Приозерский район,5776633358,Автотаргетинг,,-,0,-,0,экструдированный пенополистирол,Альтернативные запросы,Запросы без упоминания брендов,-,,1916597733861553174,Комбинаторное,Фасадные термопанели с клинкером,,,,Поиск,Спецразмещение,Не определено,Смартфоны,Android,Wi-Fi,Женский,35-44 года,Остальные,Не определено,0.00,0,0,-,-,1,-,0.00,0.69,0.00,69.15,1.00,-,-,-
Термопанели в Выборге,712773255,13.08.2026,Группа 1 - коммерческая,5773901452,Фраза,термопанели -цена -производитель -купить -заказывать -доставка,-,0,-,0,какие затирки для термопанелей,Сопутствующие запросы,Запросы без упоминания брендов,Пословное,,1915802398259215246,Комбинаторное,Купить термопанели в Выборге напрямую,,,,Поиск,Прочее,Не определено,Смартфоны,iOS,Wi-Fi,Мужской,25-34 года,Остальные,Не определено,0.00,0,0,-,-,1,-,0.00,1.00,0.00,100.00,5.00,-,-,-
Термопанели в Выборге,712773255,13.08.2026,Группа 1 - коммерческая,5773901452,Фраза,термопанели -цена -производитель -купить -заказывать -доставка,-,0,-,0,какие затирки для термопанелей,Сопутствующие запросы,Запросы без упоминания брендов,Пословное,,1915802398259215246,Комбинаторное,Производитель термопанелей в Ленобласти,,,,Поиск,Прочее,Не определено,Смартфоны,iOS,Wi-Fi,Мужской,25-34 года,Остальные,Не определено,0.00,0,0,-,-,1,-,0.00,0.09,0.00,8.50,5.00,-,-,-
Термопанели в Выборге,712773255,13.08.2026,Группа 1 - коммерческая,5773901452,Фраза,термопанели -цена -производитель -купить -заказывать -доставка,-,0,-,0,магнетика термопанели,Альтернативные запросы,Запросы с упоминанием брендов конкурентов,Пословное,,1915802398259215246,Комбинаторное,Клинкерные термопанели - производство Выборг,,,,Поиск,Прочее,Не определено,Десктопы,Не определён,Wi-Fi,Мужской,35-44 года,2–5%,Не определено,0.00,0,0,-,-,1,-,0.00,0.06,0.00,5.58,7.00,-,-,-
Термопанели в Выборге,712773255,13.08.2026,Группа 1 - коммерческая,5773901452,Фраза,термопанели -цена -производитель -купить -заказывать -доставка,-,0,-,0,термопанели бакс инструкция по монтажу,Сопутствующие запросы,Запросы без упоминания брендов,Пословное,,1915802398259215246,Комбинаторное,Гарантия до 5 лет на термопанели,,,,Поиск,Прочее,Не определено,Смартфоны,Android,Wi-Fi,Мужской,Старше 55,Остальные,Не определено,0.00,0,0,-,-,1,-,0.00,0.09,0.00,8.50,5.00,-,-,-
Термопанели в Выборге,712773255,13.08.2026,Группа 1 - коммерческая,5773901452,Фраза,термопанели -цена -производитель -купить -заказывать -доставка,-,0,-,0,термопанели бакс инструкция по монтажу,Сопутствующие запросы,Запросы без упоминания брендов,Пословное,,1915802398259215246,Комбинаторное,Купить термопанели в Выборге напрямую,,,,Поиск,Прочее,Не определено,Смартфоны,Android,Wi-Fi,Мужской,Старше 55,Остальные,Не определено,0.00,0,0,-,-,1,-,0.00,0.09,0.00,8.50,5.00,-,-,-
Термопанели в Выборге,712773255,13.08.2026,Группа 1 - коммерческая,5773901452,Фраза,фасадные термопанели цена -дом -кирпич,-,0,-,0,купить термопанели в коммунаре,Целевые запросы,Запросы без упоминания брендов,Семантическое,,1915802398259215246,Комбинаторное,Купить термопанели в Выборге напрямую,,,,Поиск,Спецразмещение,Не определено,Десктопы,Не определён,Мобильная связь,Женский,Старше 55,Остальные,Не определено,0.00,1,0,0.00,-,1,0.00,100.00,0.65,153.98,64.94,4.00,4.00,0.00,1.00
Термопанели в Выборге,712773255,13.08.2026,Группа 1 - коммерческая,5773901452,Автотаргетинг,,-,0,-,0,,Не определено,-,-,,1915802398259215246,Комбинаторное,Клинкерные термопанели - производство Выборг,,,,Сети,Прочее,Не определено,Смартфоны,Android,Wi-Fi,Мужской,45-54 года,Остальные,Не определено,0.00,0,0,-,-,1,-,0.00,1.00,0.00,100.00,-,-,-,-
Термопанели в Выборге,712773255,13.08.2026,Группа 1 - коммерческая,5773901452,Автотаргетинг,,-,0,-,0,,Не определено,-,-,,1915802398259215246,Комбинаторное,Клинкерные термопанели - производство Выборг,,,,Сети,Прочее,Не определено,Смартфоны,iOS,Wi-Fi,Мужской,25-34 года,Остальные,Не определено,0.00,0,0,-,-,1,-,0.00,1.00,0.00,100.00,-,-,-,-
Термопанели в Выборге,712773255,13.08.2026,Группа 1 - коммерческая,5773901452,Автотаргетинг,,-,0,-,0,,Не определено,-,-,,1915802398259215246,Комбинаторное,Купить термопанели в Выборге напрямую,,,,Сети,Прочее,Не определено,Десктопы,Не определён,Wi-Fi,Женский,45-54 года,Остальные,Не определено,0.00,0,0,-,-,1,-,0.00,1.00,0.00,100.00,-,-,-,-
Термопанели в Выборге,712773255,13.08.2026,Группа 1 - коммерческая,5773901452,Автотаргетинг,,-,0,-,0,,Не определено,-,-,,1915802398259215246,Комбинаторное,Купить термопанели в Выборге напрямую,,,,Сети,Прочее,Не определено,Смартфоны,Android,Wi-Fi,Мужской,45-54 года,Остальные,Не определено,0.00,0,0,-,-,1,-,0.00,1.00,0.00,100.00,-,-,-,-
Термопанели в Выборге,712773255,13.08.2026,Группа 1 - коммерческая,5773901452,Автотаргетинг,,-,0,-,0,,Не определено,-,-,,1915802398259215246,Комбинаторное,Купить термопанели в Выборге напрямую,,,,Сети,Прочее,Не определено,Смартфоны,Android,Wi-Fi,Женский,Старше 55,Остальные,Не определено,0.00,0,0,-,-,1,-,0.00,1.00,0.00,100.00,-,-,-,-
Термопанели в Выборге,712773255,13.08.2026,Группа 1 - коммерческая,5773901452,Автотаргетинг,,-,0,-,0,,Не определено,-,-,,1915802398259215246,Комбинаторное,"Термопанели в Выборге - завод на Ленина, 11",,,,Сети,Прочее,Не определено,Десктопы,Не определён,Wi-Fi,Женский,45-54 года,Остальные,Не определено,0.00,0,0,-,-,1,-,0.00,1.00,0.00,100.00,-,-,-,-
Термопанели в Выборге,712773255,13.08.2026,Группа 1 - коммерческая,5773901452,Автотаргетинг,,-,0,-,0,,Не определено,-,-,,1915802398259215246,Комбинаторное,"Термопанели в Выборге - завод на Ленина, 11",,,,Сети,Прочее,Не определено,Десктопы,Не определён,Wi-Fi,Женский,Старше 55,Остальные,Не определено,0.00,0,0,-,-,1,-,0.00,1.00,0.00,100.00,-,-,-,-
Термопанели в Выборге,712773255,13.08.2026,Группа 1 - коммерческая,5773901452,Автотаргетинг,,-,0,-,0,,Не определено,-,-,,1915802398259215246,Комбинаторное,"Термопанели в Выборге - завод на Ленина, 11",,,,Сети,Прочее,Не определено,Смартфоны,Android,Wi-Fi,Мужской,45-54 года,Остальные,Не определено,0.00,0,0,-,-,1,-,0.00,1.00,0.00,100.00,-,-,-,-
Термопанели в Выборге,712773255,13.08.2026,Группа 1 - коммерческая,5773901452,Автотаргетинг,,-,0,-,0,,Не определено,-,-,,1915802398259215246,Комбинаторное,"Термопанели в Выборге - завод на Ленина, 11",,,,Сети,Прочее,Не определено,Смартфоны,Android,Мобильная связь,Мужской,Старше 55,Остальные,Не определено,0.00,0,0,-,-,1,-,0.00,1.00,0.00,100.00,-,-,-,-
Термопанели в Выборге,712773255,13.08.2026,Группа 1 - коммерческая,5773901452,Автотаргетинг,,-,0,-,0,klinkerflex,Альтернативные запросы,Запросы с упоминанием брендов конкурентов,-,,1915802398259215246,Комбинаторное,Клинкерные термопанели - производство Выборг,,,,Поиск,Спецразмещение,Не определено,Смартфоны,iOS,Wi-Fi,Мужской,35-44 года,6–10%,Не определено,0.00,1,0,0.00,-,1,0.00,100.00,1.31,76.59,130.57,1.00,1.00,0.00,2.00
Термопанели в Выборге,712773255,13.08.2026,Группа 1 - коммерческая,5773901452,Автотаргетинг,,-,0,-,0,база за петровичем выборг,Альтернативные запросы,Запросы без упоминания брендов,-,,1915802398259215246,Комбинаторное,Бесплатная доставка по Выборгскому району,,,,Поиск,Прочее,Не определено,Смартфоны,iOS,Wi-Fi,Женский,25-34 года,Остальные,Не определено,0.00,0,0,-,-,1,-,0.00,0.77,0.00,76.79,5.00,-,-,-
Термопанели в Выборге,712773255,13.08.2026,Группа 1 - коммерческая,5773901452,Автотаргетинг,,-,0,-,0,гибкая керамика для цоколя,Целевые запросы,Запросы без упоминания брендов,-,,1915802398259215246,Комбинаторное,Термопанели с клинкером - собственный завод в Выборге,,,,Поиск,Прочее,Не определено,Смартфоны,Android,Wi-Fi,Женский,45-54 года,Остальные,Не определено,0.00,0,0,-,-,1,-,0.00,0.65,0.00,64.58,6.00,-,-,-
Термопанели в Выборге,712773255,13.08.2026,Группа 1 - коммерческая,5773901452,Автотаргетинг,,-,0,-,0,гибкая керамика для цоколя,Целевые запросы,Запросы без упоминания брендов,-,,1915802398259215246,Комбинаторное,Термопанели с клинкером - собственный завод в Выборге,,,,Поиск,Товарная галерея,Не определено,Смартфоны,Android,Wi-Fi,Женский,45-54 года,Остальные,Не определено,0.00,0,0,-,-,2,-,0.00,0.44,0.00,22.01,7.50,-,-,-
Термопанели в Выборге,712773255,13.08.2026,Группа 1 - коммерческая,5773901452,Автотаргетинг,,-,0,-,0,дркер обшивка для дома,Целевые запросы,Запросы без упоминания брендов,-,,1915802398259215246,Комбинаторное,Термопанели с клинкером - собственный завод в Выборге,,,,Поиск,Прочее,Не определено,Смартфоны,Android,Wi-Fi,Женский,35-44 года,Остальные,Не определено,0.00,0,0,-,-,1,-,0.00,0.45,0.00,44.58,8.00,-,-,-
Термопанели в Выборге,712773255,13.08.2026,Группа 1 - коммерческая,5773901452,Автотаргетинг,,-,0,-,0,купить стеновые панели в выборге,Целевые запросы,Запросы без упоминания брендов,-,,1915802398259215246,Комбинаторное,"Термопанели в Выборге - завод на Ленина, 11",,,,Поиск,Товарная галерея,Не определено,Смартфоны,Android,Wi-Fi,Мужской,45-54 года,Остальные,Не определено,0.00,0,0,-,-,1,-,0.00,0.31,0.00,30.50,5.00,-,-,-
Термопанели в Выборге,712773255,13.08.2026,Группа 1 - коммерческая,5773901452,Автотаргетинг,,-,0,-,0,магнетика термопанели,Альтернативные запросы,Запросы с упоминанием брендов конкурентов,-,,1915802398259215246,Комбинаторное,Производитель термопанелей в Ленобласти,,,,Поиск,Прочее,Не определено,Десктопы,Не определён,Wi-Fi,Мужской,35-44 года,2–5%,Не определено,0.00,0,0,-,-,1,-,0.00,0.05,0.00,5.19,8.00,-,-,-
Термопанели в Выборге,712773255,13.08.2026,Группа 1 - коммерческая,5773901452,Автотаргетинг,,-,0,-,0,панели на террасу или на поднавес,Целевые запросы,Запросы без упоминания брендов,-,,1915802398259215246,Комбинаторное,Термопанели с клинкером - собственный завод в Выборге,,,,Поиск,Товарная галерея,Не определено,Смартфоны,Android,Wi-Fi,Мужской,45-54 года,Остальные,Не определено,0.00,0,0,-,-,1,-,0.00,0.05,0.00,4.60,25.00,-,-,-
Термопанели в Выборге,712773255,13.08.2026,Группа 1 - коммерческая,5773901452,Автотаргетинг,,-,0,-,0,петрович выборг каталог товаров,Широкие запросы,Запросы с упоминанием брендов конкурентов,-,,1915802398259215246,Комбинаторное,Бесплатная доставка по Выборгскому району,,,,Поиск,Прочее,Не определено,Смартфоны,Android,Wi-Fi,Мужской,45-54 года,Остальные,Не определено,0.00,0,0,-,-,1,-,0.00,0.09,0.00,8.50,5.00,-,-,-
Термопанели в Выборге,712773255,13.08.2026,Группа 1 - коммерческая,5773901452,Автотаргетинг,,-,0,-,0,строим наш дом в выборге каталог товаров с ценами,Широкие запросы,Запросы с упоминанием брендов конкурентов,-,,1915802398259215246,Комбинаторное,Бесплатная доставка по Выборгскому району,,,,Поиск,Прочее,Не определено,Смартфоны,Android,Wi-Fi,Мужской,35-44 года,Остальные,Не определено,0.00,0,0,-,-,1,-,0.00,0.09,0.00,8.50,5.00,-,-,-
Термопанели в Выборге,712773255,13.08.2026,Группа 1 - коммерческая,5773901452,Автотаргетинг,,-,0,-,0,строим наш дом выборг каталог,Широкие запросы,Запросы с упоминанием брендов конкурентов,-,,1915802398259215246,Комбинаторное,Бесплатная доставка по Выборгскому району,,,,Поиск,Прочее,Не определено,Смартфоны,iOS,Wi-Fi,Мужской,45-54 года,2–5%,Не определено,0.00,0,0,-,-,1,-,0.00,0.09,0.00,8.50,5.00,-,-,-
Термопанели в Выборге,712773255,13.08.2026,Группа 1 - коммерческая,5773901452,Автотаргетинг,,-,0,-,0,стройтовары луга,Целевые запросы,Запросы без упоминания брендов,-,,1915802398259215246,Комбинаторное,"Термопанели в Выборге - завод на Ленина, 11",,,,Поиск,Прочее,Не определено,Смартфоны,Android,Wi-Fi,Мужской,35-44 года,Остальные,Не определено,0.00,0,0,-,-,1,-,0.00,0.45,0.00,44.58,8.00,-,-,-
Термопанели в Выборге,712773255,13.08.2026,Группа 1 - коммерческая,5773901452,Автотаргетинг,,-,0,-,0,стройудача поляны выборгский район ленинградской области каталог,Широкие запросы,Запросы с упоминанием брендов конкурентов,-,,1915802398259215246,Комбинаторное,Бесплатная доставка по Выборгскому району,,,,Поиск,Прочее,Не определено,Смартфоны,Android,Мобильная связь,Женский,Старше 55,Остальные,Не определено,0.00,0,0,-,-,1,-,0.00,0.09,0.00,8.50,5.00,-,-,-
Термопанели в Выборге,712773255,13.08.2026,Группа 1 - коммерческая,5773901452,Автотаргетинг,,-,0,-,0,теплые панели на балкон,Целевые запросы,Запросы без упоминания брендов,-,,1915802398259215246,Комбинаторное,Производитель термопанелей в Ленобласти,,,,Поиск,Прочее,Не определено,Смартфоны,Android,Wi-Fi,Мужской,35-44 года,Остальные,Не определено,0.00,0,0,-,-,1,-,0.00,0.55,0.00,54.58,7.00,-,-,-
Термопанели в Выборге,712773255,13.08.2026,Группа 1 - коммерческая,5773901452,Автотаргетинг,,-,0,-,0,термопанели из белоруссии,Целевые запросы,Запросы с упоминанием брендов конкурентов,-,,1915802398259215246,Комбинаторное,Гарантия до 5 лет на термопанели,,,,Поиск,Прочее,Не определено,Смартфоны,Android,Wi-Fi,Мужской,45-54 года,Остальные,Не определено,0.00,0,0,-,-,1,-,0.00,0.55,0.00,54.58,7.00,-,-,-
Термопанели в Выборге,712773255,13.08.2026,Группа 2 - Гео (ключевая),5773898865,Автотаргетинг,,-,0,-,0,,Не определено,-,-,,1915800871397818629,Комбинаторное,Производитель термопанелей в Ленобласти,,,,Сети,Прочее,Не определено,Смартфоны,Android,Wi-Fi,Мужской,45-54 года,Остальные,Не определено,0.00,0,0,-,-,1,-,0.00,1.00,0.00,100.00,-,-,-,-
Термопанели в Выборге,712773255,13.08.2026,Группа 2 - Гео (ключевая),5773898865,Автотаргетинг,,-,0,-,0,,Не определено,-,-,,1915800871397818629,Комбинаторное,Производитель термопанелей в Ленобласти,,,,Сети,Прочее,Не определено,Смартфоны,Android,Wi-Fi,Мужской,45-54 года,6–10%,Не определено,0.00,0,0,-,-,1,-,0.00,1.00,0.00,100.00,-,-,-,-
Термопанели в Выборге,712773255,13.08.2026,Группа 2 - Гео (ключевая),5773898865,Автотаргетинг,,-,0,-,0,,Не определено,-,-,,1915800871397818629,Комбинаторное,"Термопанели в Выборге - завод на Ленина, 11",,,,Сети,Прочее,Не определено,Смартфоны,Android,Wi-Fi,Мужской,Старше 55,Остальные,Не определено,0.00,0,0,-,-,1,-,0.00,1.00,0.00,100.00,-,-,-,-
Термопанели в Выборге,712773255,13.08.2026,Группа 2 - Гео (ключевая),5773898865,Автотаргетинг,,-,0,-,0,,Не определено,-,-,,1915800871397818629,Комбинаторное,"Термопанели в Выборге - завод на Ленина, 11",,,,Сети,Прочее,Не определено,Смартфоны,Android,Мобильная связь,Мужской,Старше 55,Остальные,Не определено,0.00,0,0,-,-,1,-,0.00,1.00,0.00,100.00,-,-,-,-
Термопанели в Выборге,712773255,13.08.2026,Группа 2 - Гео (ключевая),5773898865,Автотаргетинг,,-,0,-,0,,Не определено,-,-,,1915800871397818629,Комбинаторное,Термопанели с клинкером - собственный завод в Выборге,,,,Сети,Прочее,Не определено,Десктопы,Не определён,Wi-Fi,Женский,Старше 55,Остальные,Не определено,0.00,0,0,-,-,1,-,0.00,1.00,0.00,100.00,-,-,-,-
Термопанели в Выборге,712773255,13.08.2026,Группа 2 - Гео (ключевая),5773898865,Автотаргетинг,,-,0,-,0,как установить термо понели,Сопутствующие запросы,Запросы без упоминания брендов,-,,1915800871397818629,Комбинаторное,Гарантия до 5 лет на термопанели,,,,Поиск,Прочее,Не определено,Смартфоны,Android,Wi-Fi,Мужской,Не определен,Остальные,Не определено,0.00,1,0,0.00,-,1,0.00,100.00,1.00,100.00,100.00,5.00,5.00,0.00,1.00
Термопанели в Выборге,712773255,13.08.2026,Группа 2 - Гео (ключевая),5773898865,Автотаргетинг,,-,0,-,0,как утеплить проем в стене,Сопутствующие запросы,Запросы без упоминания брендов,-,,1915800871397818629,Комбинаторное,Гарантия до 5 лет на термопанели,,,,Поиск,Прочее,Не определено,Смартфоны,Android,Wi-Fi,Мужской,Старше 55,Остальные,Не определено,0.00,0,0,-,-,1,-,0.00,0.77,0.00,76.79,5.00,-,-,-
Термопанели в Выборге,712773255,13.08.2026,Группа 2 - Гео (ключевая),5773898865,Автотаргетинг,,-,0,-,0,купить утеплитель в петровиче в выборге,Альтернативные запросы,Запросы с упоминанием брендов конкурентов,-,,1915800871397818629,Комбинаторное,"Термопанели в Выборге - завод на Ленина, 11",,,,Поиск,Спецразмещение,Не определено,Десктопы,Не определён,Мобильная связь,Мужской,45-54 года,Остальные,Не определено,0.00,0,0,-,-,1,-,0.00,0.59,0.00,59.16,2.00,-,-,-
Термопанели в Выборге,712773255,13.08.2026,Группа 2 - Гео (ключевая),5773898865,Автотаргетинг,,-,0,-,0,магнетика термопанели,Альтернативные запросы,Запросы с упоминанием брендов конкурентов,-,,1915800871397818629,Комбинаторное,Производитель термопанелей в Ленобласти,,,,Поиск,Спецразмещение,Не определено,Десктопы,Не определён,Wi-Fi,Мужской,35-44 года,2–5%,Не определено,0.00,0,0,-,-,1,-,0.00,0.37,0.00,36.86,-,-,-,-
Термопанели в Выборге,712773255,13.08.2026,Группа 2 - Гео (ключевая),5773898865,Автотаргетинг,,-,0,-,0,магнетика термопанели,Альтернативные запросы,Запросы с упоминанием брендов конкурентов,-,,1915800871397818629,Комбинаторное,Производитель термопанелей в Ленобласти,,,,Поиск,Спецразмещение,Не определено,Десктопы,iOS,Wi-Fi,Мужской,35-44 года,2–5%,Не определено,0.00,1,0,0.00,-,0,0.00,-,0.00,-,-,-,-,100.00,1.00
Термопанели в Выборге,712773255,13.08.2026,Группа 3 - клинкер (продуктовая),5773902142,Автотаргетинг,,-,0,-,0,,Не определено,-,-,,1915802914729060647,Комбинаторное,Бесплатная доставка по Выборгскому району,,,,Сети,Прочее,Не определено,Connected TV,Не определён,Wi-Fi,Мужской,45-54 года,Остальные,Не определено,0.00,0,0,-,-,1,-,0.00,1.00,0.00,100.00,-,-,-,-
Термопанели в Выборге,712773255,13.08.2026,Группа 3 - клинкер (продуктовая),5773902142,Автотаргетинг,,-,0,-,0,,Не определено,-,-,,1915802914729060647,Комбинаторное,Купить термопанели в Выборге напрямую,,,,Сети,Прочее,Не определено,Смартфоны,Android,Wi-Fi,Мужской,45-54 года,Остальные,Не определено,0.00,0,0,-,-,2,-,0.00,2.00,0.00,100.00,-,-,-,-
Термопанели в Выборге,712773255,13.08.2026,Группа 3 - клинкер (продуктовая),5773902142,Автотаргетинг,,-,0,-,0,,Не определено,-,-,,1915802914729060647,Комбинаторное,Производитель термопанелей в Ленобласти,,,,Сети,Прочее,Не определено,Смартфоны,Android,Wi-Fi,Женский,Старше 55,Остальные,Не определено,0.00,0,0,-,-,2,-,0.00,2.00,0.00,100.00,-,-,-,-
Термопанели в Выборге,712773255,13.08.2026,Группа 3 - клинкер (продуктовая),5773902142,Автотаргетинг,,-,0,-,0,,Не определено,-,-,,1915802914729060647,Комбинаторное,"Термопанели в Выборге - завод на Ленина, 11",,,,Сети,Прочее,Не определено,Десктопы,Не определён,Wi-Fi,Мужской,35-44 года,6–10%,Не определено,0.00,0,0,-,-,1,-,0.00,1.00,0.00,100.00,-,-,-,-
Термопанели в Выборге,712773255,13.08.2026,Группа 3 - клинкер (продуктовая),5773902142,Автотаргетинг,,-,0,-,0,,Не определено,-,-,,1915802914729060647,Комбинаторное,"Термопанели в Выборге - завод на Ленина, 11",,,,Сети,Прочее,Не определено,Смартфоны,Android,Wi-Fi,Мужской,45-54 года,Остальные,Не определено,0.00,0,0,-,-,2,-,0.00,2.00,0.00,100.00,-,-,-,-
Термопанели в Выборге,712773255,13.08.2026,Группа 3 - клинкер (продуктовая),5773902142,Автотаргетинг,,-,0,-,0,,Не определено,-,-,,1915802914729060647,Комбинаторное,"Термопанели в Выборге - завод на Ленина, 11",,,,Сети,Прочее,Не определено,Смартфоны,Android,Wi-Fi,Мужской,45-54 года,2–5%,Не определено,0.00,0,0,-,-,1,-,0.00,1.00,0.00,100.00,-,-,-,-
Термопанели в Выборге,712773255,13.08.2026,Группа 3 - клинкер (продуктовая),5773902142,Автотаргетинг,,-,0,-,0,,Не определено,-,-,,1915802914729060647,Комбинаторное,"Термопанели в Выборге - завод на Ленина, 11",,,,Сети,Прочее,Не определено,Смартфоны,Android,Wi-Fi,Мужской,Старше 55,Остальные,Не определено,0.00,1,0,0.00,-,5,0.00,20.00,5.00,20.00,100.00,-,-,100.00,1.00
Термопанели в Выборге,712773255,13.08.2026,Группа 3 - клинкер (продуктовая),5773902142,Автотаргетинг,,-,0,-,0,,Не определено,-,-,,1915802914729060647,Комбинаторное,"Термопанели в Выборге - завод на Ленина, 11",,,,Сети,Прочее,Не определено,Смартфоны,Android,Wi-Fi,Женский,Старше 55,Остальные,Не определено,0.00,0,0,-,-,4,-,0.00,4.00,0.00,100.00,-,-,-,-
Термопанели в Выборге,712773255,13.08.2026,Группа 3 - клинкер (продуктовая),5773902142,Автотаргетинг,,-,0,-,0,,Не определено,-,-,,1915802914729060647,Комбинаторное,"Термопанели в Выборге - завод на Ленина, 11",,,,Сети,Прочее,Не определено,Смартфоны,Android,Мобильная связь,Мужской,Старше 55,Остальные,Не определено,0.00,0,0,-,-,4,-,0.00,4.00,0.00,100.00,-,-,-,-
Термопанели в Выборге,712773255,13.08.2026,Группа 3 - клинкер (продуктовая),5773902142,Автотаргетинг,,-,0,-,0,,Не определено,-,-,,1915802914729060647,Комбинаторное,Термопанели с клинкером - собственный завод в Выборге,,,,Сети,Прочее,Не определено,Десктопы,Не определён,Wi-Fi,Мужской,45-54 года,2–5%,Не определено,0.00,0,0,-,-,1,-,0.00,1.00,0.00,100.00,-,-,-,-
Термопанели в Выборге,712773255,13.08.2026,Группа 3 - клинкер (продуктовая),5773902142,Автотаргетинг,,-,0,-,0,,Не определено,-,-,,1915802914729060647,Комбинаторное,Термопанели с клинкером - собственный завод в Выборге,,,,Сети,Прочее,Не определено,Смартфоны,Android,Wi-Fi,Мужской,Старше 55,Остальные,Не определено,0.00,0,0,-,-,4,-,0.00,4.00,0.00,100.00,-,-,-,-
Термопанели в Выборге,712773255,13.08.2026,Группа 3 - клинкер (продуктовая),5773902142,Автотаргетинг,,-,0,-,0,,Не определено,-,-,,1915802914729060647,Комбинаторное,Термопанели с клинкером - собственный завод в Выборге,,,,Сети,Прочее,Не определено,Смартфоны,Android,Мобильная связь,Женский,45-54 года,Остальные,Не определено,0.00,0,0,-,-,1,-,0.00,1.00,0.00,100.00,-,-,-,-
Термопанели в Выборге,712773255,13.08.2026,Группа 3 - клинкер (продуктовая),5773902142,Автотаргетинг,,-,0,-,0,,Не определено,-,-,,1915802914729060647,Комбинаторное,Термопанели с клинкером - собственный завод в Выборге,,,,Сети,Прочее,Не определено,Смартфоны,iOS,Wi-Fi,Мужской,25-34 года,Остальные,Не определено,0.00,0,0,-,-,2,-,0.00,2.00,0.00,100.00,-,-,-,-
Термопанели в Выборге,712773255,13.08.2026,Группа 3 - клинкер (продуктовая),5773902142,Автотаргетинг,,-,0,-,0,,Не определено,-,-,,1915802914729060647,Комбинаторное,Термопанели с клинкером - собственный завод в Выборге,,,,Сети,Прочее,Не определено,Планшеты,Android,Wi-Fi,Мужской,Старше 55,Остальные,Не определено,0.00,0,0,-,-,1,-,0.00,1.00,0.00,100.00,-,-,-,-
Термопанели в Выборге,712773255,13.08.2026,Группа 3 - клинкер (продуктовая),5773902142,Автотаргетинг,,-,0,-,0,купить стеновые панели в выборге,Целевые запросы,Запросы без упоминания брендов,-,,1915802914729060647,Комбинаторное,"Термопанели в Выборге - завод на Ленина, 11",,,,Поиск,Прочее,Не определено,Смартфоны,Android,Wi-Fi,Мужской,45-54 года,Остальные,Не определено,0.00,0,0,-,-,1,-,0.00,0.45,0.00,44.58,8.00,-,-,-
Термопанели в Выборге,712773255,13.08.2026,Группа 3 - клинкер (продуктовая),5773902142,Автотаргетинг,,-,0,-,0,купить термопанели в коммунаре,Целевые запросы,Запросы без упоминания брендов,-,,1915802914729060647,Комбинаторное,"Термопанели в Выборге - завод на Ленина, 11",,,,Поиск,Прочее,Не определено,Десктопы,Не определён,Мобильная связь,Женский,Старше 55,Остальные,Не определено,0.00,0,0,-,-,1,-,0.00,0.55,0.00,54.58,7.00,-,-,-
Термопанели в Выборге,712773255,13.08.2026,Группа 3 - клинкер (продуктовая),5773902142,Автотаргетинг,,-,0,-,0,термокороб для утепления фасада купить,Целевые запросы,Запросы без упоминания брендов,-,,1915802914729060647,Комбинаторное,"Термопанели в Выборге - завод на Ленина, 11",,,,Поиск,Прочее,Не определено,Смартфоны,Android,Wi-Fi,Мужской,Старше 55,Остальные,Не определено,0.00,0,0,-,-,1,-,0.00,0.55,0.00,54.58,7.00,-,-,-
Термопанели в Выборге,712773255,13.08.2026,Группа 3 - клинкер (продуктовая),5773902142,Автотаргетинг,,-,0,-,0,термокороб для утепления фасада купить,Целевые запросы,Запросы без упоминания брендов,-,,1915802914729060647,Комбинаторное,"Термопанели в Выборге - завод на Ленина, 11",,,,Поиск,Товарная галерея,Не определено,Смартфоны,Android,Wi-Fi,Мужской,Старше 55,Остальные,Не определено,0.00,0,0,-,-,1,-,0.00,0.31,0.00,31.20,2.00,-,-,-
Термопанели в Выборге,712773255,13.08.2026,Группа 3 - клинкер (продуктовая),5773902142,Автотаргетинг,,-,0,-,0,термопанели,Целевые запросы,Запросы без упоминания брендов,-,,1915802914729060647,Комбинаторное,"Термопанели в Выборге - завод на Ленина, 11",,,,Поиск,Товарная галерея,Не определено,Смартфоны,Android,Wi-Fi,Мужской,35-44 года,Остальные,Не определено,0.00,0,0,-,-,1,-,0.00,0.14,0.00,13.50,14.00,-,-,-
Термопанели в Выборге,712773255,13.08.2026,Группа 3 - клинкер (продуктовая),5773902142,Автотаргетинг,,-,0,-,0,термопанели 30мм,Целевые запросы,Запросы без упоминания брендов,-,,1915802914729060647,Комбинаторное,"Термопанели в Выборге - завод на Ленина, 11",,,,Поиск,Прочее,Не определено,Десктопы,Не определён,Wi-Fi,Мужской,Старше 55,Остальные,Не определено,0.00,0,0,-,-,1,-,0.00,0.65,0.00,64.58,6.00,-,-,-
Термопанели в Выборге,712773255,13.08.2026,Группа 3 - клинкер (продуктовая),5773902142,Автотаргетинг,,-,0,-,0,термопанели для стен для печи купить в тихвине цена,Целевые запросы,Запросы без упоминания брендов,-,,1915802914729060647,Комбинаторное,"Термопанели в Выборге - завод на Ленина, 11",,,,Поиск,Прочее,Не определено,Смартфоны,iOS,Wi-Fi,Женский,45-54 года,6–10%,Не определено,0.00,0,0,-,-,1,-,0.00,0.55,0.00,54.58,7.00,-,-,-
Термопанели в Выборге,712773255,13.08.2026,Группа 3 - клинкер (продуктовая),5773902142,Автотаргетинг,,-,0,-,0,термопанель,Целевые запросы,Запросы без упоминания брендов,-,,1915802914729060647,Комбинаторное,"Термопанели в Выборге - завод на Ленина, 11",,,,Поиск,Прочее,Не определено,Смартфоны,Android,Wi-Fi,Мужской,45-54 года,Остальные,Не определено,0.00,0,0,-,-,1,-,0.00,0.55,0.00,54.58,7.00,-,-,-
Термопанели в Выборге,712773255,13.08.2026,Группа 3 - клинкер (продуктовая),5773902142,Автотаргетинг,,-,0,-,0,фасадные панели размеры,Целевые запросы,Запросы без упоминания брендов,-,,1915802914729060647,Комбинаторное,"Термопанели в Выборге - завод на Ленина, 11",,,,Поиск,Прочее,Не определено,Смартфоны,Android,Wi-Fi,Мужской,45-54 года,Остальные,Не определено,0.00,0,0,-,-,1,-,0.00,0.55,0.00,54.58,7.00,-,-,-
Термопанели в Выборге,712773255,13.08.2026,Группа 3 - клинкер (продуктовая),5773902142,Автотаргетинг,,-,0,-,0,цокольные термопанели обзор 2026,Целевые запросы,Запросы без упоминания брендов,-,,1915802914729060647,Комбинаторное,"Термопанели в Выборге - завод на Ленина, 11",,,,Поиск,Прочее,Не определено,Планшеты,iOS,Wi-Fi,Мужской,Старше 55,2–5%,Не определено,0.00,0,0,-,-,1,-,0.00,0.65,0.00,64.58,6.00,-,-,-
Термопанели в Выборге,712773255,13.08.2026,Группа 3 - клинкер (продуктовая),5773902142,Автотаргетинг,,-,0,-,0,цокольные термопанели обзор 2026,Целевые запросы,Запросы без упоминания брендов,-,,1915802914729060647,Комбинаторное,"Термопанели в Выборге - завод на Ленина, 11",,,,Поиск,Товарная галерея,Не определено,Планшеты,iOS,Wi-Fi,Мужской,Старше 55,2–5%,Не определено,0.00,0,0,-,-,1,-,0.00,0.40,0.00,39.81,5.00,-,-,-
Термопанели в Выборге,712773255,13.08.2026,Группа 3 - клинкер (продуктовая),5773902142,Автотаргетинг,,-,0,-,0,цокольные термопанели список и обзо производителей в россии в 2026,Целевые запросы,Запросы без упоминания брендов,-,,1915802914729060647,Комбинаторное,"Термопанели в Выборге - завод на Ленина, 11",,,,Поиск,Товарная галерея,Не определено,Планшеты,iOS,Wi-Fi,Мужской,Старше 55,2–5%,Не определено,0.00,0,0,-,-,1,-,0.00,0.85,0.00,84.58,2.00,-,-,-
Термопанели в Выборге,712773255,13.08.2026,Термопанели (Лен. область),5773097196,Автотаргетинг,,-,0,-,0,,Не определено,-,-,,1915608023072927866,Комбинаторное,Термопанели с клинкерной плиткой. Производство в Выборге,,,,Сети,Прочее,Не определено,Смартфоны,Android,Wi-Fi,Женский,Старше 55,Остальные,Не определено,0.00,0,0,-,-,1,-,0.00,1.00,0.00,100.00,-,-,-,-
Термопанели в Выборге,712773255,13.08.2026,Термопанели (Лен. область),5773097196,Автотаргетинг,,-,0,-,0,,Не определено,-,-,,1915608023072927866,Комбинаторное,Термопанели с клинкером. Свое производство в Выборге,,,,Сети,Прочее,Не определено,Смартфоны,Android,Wi-Fi,Мужской,45-54 года,6–10%,Не определено,0.00,0,0,-,-,1,-,0.00,1.00,0.00,100.00,-,-,-,-
Термопанели в Выборге,712773255,13.08.2026,Термопанели (Лен. область),5773097196,Автотаргетинг,,-,0,-,0,влагостойкая термопанель,Целевые запросы,Запросы без упоминания брендов,-,,1915608023072927866,Комбинаторное,Термопанели с клинкерной плиткой. Производство в Выборге,,,,Поиск,Товарная галерея,Не определено,Смартфоны,Android,Wi-Fi,Мужской,35-44 года,Остальные,Не определено,0.00,0,0,-,-,1,-,0.00,0.14,0.00,13.50,14.00,-,-,-
Термопанели в Выборге,712773255,13.08.2026,Термопанели (Лен. область),5773097196,Автотаргетинг,,-,0,-,0,имитация камня для наружной отделки цоколя,Целевые запросы,Запросы без упоминания брендов,-,,1915608023072927866,Комбинаторное,Термопанели с клинкерной плиткой. Производство в Выборге,,,,Поиск,Прочее,Не определено,Десктопы,Не определён,Wi-Fi,Мужской,25-34 года,Остальные,Не определено,0.00,0,0,-,-,1,-,0.00,0.55,0.00,54.58,7.00,-,-,-
Термопанели в Выборге,712773255,13.08.2026,Термопанели (Лен. область),5773097196,Автотаргетинг,,-,0,-,0,клинкерная плитка,Целевые запросы,Запросы без упоминания брендов,-,,1915608023072927866,Комбинаторное,Термопанели с клинкерной плиткой. Производство в Выборге,,,,Поиск,Прочее,Не определено,Смартфоны,Android,Wi-Fi,Мужской,Старше 55,Остальные,Не определено,0.00,0,0,-,-,1,-,0.00,0.65,0.00,64.58,6.00,-,-,-
Термопанели в Выборге,712773255,13.08.2026,Термопанели (Лен. область),5773097196,Автотаргетинг,,-,0,-,0,клинкерная плитка,Целевые запросы,Запросы без упоминания брендов,-,,1915608023072927866,Комбинаторное,Термопанели с клинкерной плиткой. Производство в Выборге,,,,Поиск,Товарная галерея,Не определено,Смартфоны,Android,Wi-Fi,Мужской,Старше 55,Остальные,Не определено,0.00,0,0,-,-,2,-,0.00,1.29,0.00,64.55,3.50,-,-,-
Термопанели в Выборге,712773255,13.08.2026,Термопанели (Лен. область),5773097196,Автотаргетинг,,-,0,-,0,клинкерная плитка вокруг дома,Целевые запросы,Запросы без упоминания брендов,-,,1915608023072927866,Комбинаторное,Термопанели с клинкерной плиткой. Производство в Выборге,,,,Поиск,Прочее,Не определено,Смартфоны,Android,Мобильная связь,Мужской,25-34 года,Остальные,Не определено,0.00,0,0,-,-,1,-,0.00,0.45,0.00,44.58,8.00,-,-,-
Термопанели в Выборге,712773255,13.08.2026,Термопанели (Лен. область),5773097196,Автотаргетинг,,-,0,-,0,можно ли использовать клинкерную плитку для облицовки отопительной печи,Сопутствующие запросы,Запросы без упоминания брендов,-,,1915608023072927866,Комбинаторное,Термопанели с клинкерной плиткой. Производство в Выборге,,,,Поиск,Спецразмещение,Не определено,Смартфоны,Android,Wi-Fi,Мужской,Старше 55,Остальные,Не определено,0.00,0,0,-,-,1,-,0.00,1.06,0.00,105.89,2.00,-,-,-
Термопанели в Выборге,712773255,13.08.2026,Термопанели (Лен. область),5773097196,Автотаргетинг,,-,0,-,0,наружная облицовка,Целевые запросы,Запросы без упоминания брендов,-,,1915608023072927866,Комбинаторное,Термопанели с клинкерной плиткой. Производство в Выборге,,,,Поиск,Прочее,Не определено,Смартфоны,Android,Wi-Fi,Женский,35-44 года,Остальные,Не определено,0.00,0,0,-,-,1,-,0.00,0.85,0.00,84.88,5.00,-,-,-
Термопанели в Выборге,712773255,13.08.2026,Термопанели (Лен. область),5773097196,Автотаргетинг,,-,0,-,0,наружная облицовка,Целевые запросы,Запросы без упоминания брендов,-,,1915608023072927866,Комбинаторное,Термопанели с клинкерной плиткой. Производство в Выборге,,,,Поиск,Товарная галерея,Не определено,Смартфоны,Android,Wi-Fi,Женский,35-44 года,Остальные,Не определено,0.00,0,0,-,-,2,-,0.00,0.78,0.00,38.97,5.00,-,-,-
Термопанели в Выборге,712773255,13.08.2026,Термопанели (Лен. область),5773097196,Автотаргетинг,,-,0,-,0,панели для стен для наружной отделки под кирпич,Целевые запросы,Запросы без упоминания брендов,-,,1915608023072927866,Комбинаторное,Термопанели с клинкерной плиткой. Производство в Выборге,,,,Поиск,Прочее,Не определено,Смартфоны,Android,Wi-Fi,Женский,Старше 55,Остальные,Не определено,0.00,0,0,-,-,1,-,0.00,0.65,0.00,64.58,6.00,-,-,-
Термопанели в Выборге,712773255,13.08.2026,Термопанели (Лен. область),5773097196,Автотаргетинг,,-,0,-,0,роквул выборг,Альтернативные запросы,Запросы с упоминанием брендов конкурентов,-,,1915608023072927866,Комбинаторное,Термопанели с клинкерной плиткой. Производство в Выборге,,,,Поиск,Прочее,Не определено,Смартфоны,iOS,Wi-Fi,Мужской,18-24 года,Остальные,Не определено,0.00,0,0,-,-,1,-,0.00,0.09,0.00,8.50,5.00,-,-,-
Термопанели в Выборге,712773255,13.08.2026,Термопанели (Лен. область),5773097196,Автотаргетинг,,-,0,-,0,термопанели,Целевые запросы,Запросы без упоминания брендов,-,,1915608023072927866,Комбинаторное,Термопанели с клинкерной плиткой. Производство в Выборге,,,,Поиск,Прочее,Не определено,Смартфоны,Android,Wi-Fi,Женский,Старше 55,Остальные,Не определено,0.00,0,0,-,-,1,-,0.00,0.55,0.00,54.58,7.00,-,-,-
Термопанели в Выборге,712773255,13.08.2026,Термопанели (Лен. область),5773097196,Автотаргетинг,,-,0,-,0,термопанели 30мм,Целевые запросы,Запросы без упоминания брендов,-,,1915608023072927866,Комбинаторное,Термопанели с клинкерной плиткой. Производство в Выборге,,,,Поиск,Прочее,Не определено,Десктопы,Не определён,Wi-Fi,Мужской,Старше 55,Остальные,Не определено,0.00,0,0,-,-,1,-,0.00,0.65,0.00,64.58,6.00,-,-,-
Термопанели в Выборге,712773255,13.08.2026,Термопанели (Лен. область),5773097196,Автотаргетинг,,-,0,-,0,термопанели 30мм,Целевые запросы,Запросы без упоминания брендов,-,,1915608023072927866,Комбинаторное,Термопанели с клинкерной плиткой. Производство в Выборге,,,,Поиск,Товарная галерея,Не определено,Десктопы,Не определён,Wi-Fi,Мужской,Старше 55,Остальные,Не определено,0.00,0,0,-,-,1,-,0.00,0.68,0.00,67.76,3.00,-,-,-
Термопанели в Выборге,712773255,13.08.2026,Термопанели (Лен. область),5773097196,Автотаргетинг,,-,0,-,0,термопанели для наружной отделки,Целевые запросы,Запросы без упоминания брендов,-,,1915608023072927866,Комбинаторное,Термопанели с клинкерной плиткой. Производство в Выборге,,,,Поиск,Прочее,Не определено,Смартфоны,iOS,Wi-Fi,Женский,35-44 года,2–5%,Не определено,0.00,0,0,-,-,1,-,0.00,0.55,0.00,54.58,7.00,-,-,-
Термопанели в Выборге,712773255,13.08.2026,Термопанели (Лен. область),5773097196,Автотаргетинг,,-,0,-,0,термопанели для наружной отделки,Целевые запросы,Запросы без упоминания брендов,-,,1915608023072927866,Комбинаторное,Термопанели с клинкерной плиткой. Производство в Выборге,,,,Поиск,Товарная галерея,Не определено,Смартфоны,iOS,Wi-Fi,Женский,35-44 года,2–5%,Не определено,0.00,0,0,-,-,2,-,0.00,0.61,0.00,30.74,6.50,-,-,-
Термопанели в Выборге,712773255,13.08.2026,Термопанели (Лен. область),5773097196,Автотаргетинг,,-,0,-,0,термопанели для наружной отделки дома цена,Целевые запросы,Запросы без упоминания брендов,-,,1915608023072927866,Комбинаторное,Термопанели с клинкерной плиткой. Производство в Выборге,,,,Поиск,Прочее,Не определено,Смартфоны,Android,Wi-Fi,Женский,35-44 года,Остальные,Не определено,0.00,0,0,-,-,1,-,0.00,0.45,0.00,44.58,8.00,-,-,-
Термопанели в Выборге,712773255,13.08.2026,Термопанели (Лен. область),5773097196,Автотаргетинг,,-,0,-,0,термопанели однотонные,Целевые запросы,Запросы без упоминания брендов,-,,1915608023072927866,Комбинаторное,Термопанели с клинкерной плиткой. Производство в Выборге,,,,Поиск,Прочее,Не определено,Смартфоны,Android,Wi-Fi,Женский,35-44 года,Остальные,Не определено,0.00,0,0,-,-,1,-,0.00,0.45,0.00,44.58,8.00,-,-,-
Термопанели в Выборге,712773255,13.08.2026,Термопанели (Лен. область),5773097196,Автотаргетинг,,-,0,-,0,термопанели ропшинское шоссе,Целевые запросы,Запросы с упоминанием брендов конкурентов,-,,1915608023072927866,Комбинаторное,Термопанели с клинкерной плиткой. Производство в Выборге,,,,Поиск,Прочее,Не определено,Смартфоны,Android,Wi-Fi,Не определен,Старше 55,Остальные,Не определено,0.00,0,0,-,-,1,-,0.00,0.55,0.00,54.58,7.00,-,-,-
Термопанели в Выборге,712773255,13.08.2026,Термопанели (Лен. область),5773097196,Автотаргетинг,,-,0,-,0,термопанели ропшинское шоссе,Целевые запросы,Запросы с упоминанием брендов конкурентов,-,,1915608023072927866,Комбинаторное,Термопанели с клинкерной плиткой. Производство в Выборге,,,,Поиск,Товарная галерея,Не определено,Смартфоны,Android,Wi-Fi,Не определен,Старше 55,Остальные,Не определено,0.00,0,0,-,-,1,-,0.00,0.28,0.00,28.21,6.00,-,-,-
Термопанели в Выборге,712773255,13.08.2026,Термопанели (Лен. область),5773097196,Автотаргетинг,,-,0,-,0,термопанели фасадные,Целевые запросы,Запросы без упоминания брендов,-,,1915608023072927866,Комбинаторное,Термопанели с клинкерной плиткой. Производство в Выборге,,,,Поиск,Прочее,Не определено,Смартфоны,Android,Wi-Fi,Женский,35-44 года,Остальные,Не определено,0.00,0,0,-,-,1,-,0.00,0.45,0.00,44.58,8.00,-,-,-
Термопанели в Выборге,712773255,13.08.2026,Термопанели (Лен. область),5773097196,Автотаргетинг,,-,0,-,0,термопанели фасадные,Целевые запросы,Запросы без упоминания брендов,-,,1915608023072927866,Комбинаторное,Термопанели с клинкерной плиткой. Производство в Выборге,,,,Поиск,Товарная галерея,Не определено,Смартфоны,Android,Wi-Fi,Женский,35-44 года,Остальные,Не определено,0.00,0,0,-,-,1,-,0.00,0.25,0.00,25.29,9.00,-,-,-
Термопанели в Выборге,712773255,13.08.2026,Термопанели (Лен. область),5773097196,Автотаргетинг,,-,0,-,0,цокольные термопанели обзор 2026,Целевые запросы,Запросы без упоминания брендов,-,,1915608023072927866,Комбинаторное,Термопанели с клинкерной плиткой. Производство в Выборге,,,,Поиск,Товарная галерея,Не определено,Планшеты,iOS,Wi-Fi,Мужской,Старше 55,2–5%,Не определено,0.00,0,0,-,-,1,-,0.00,0.68,0.00,67.76,3.00,-,-,-
Термопанели в Выборге,712773255,13.08.2026,Термопанели (Лен. область),5773097196,Автотаргетинг,,-,0,-,0,цокольные термопанели список и обзо производителей в россии в 2026,Целевые запросы,Запросы без упоминания брендов,-,,1915608023072927866,Комбинаторное,Термопанели с клинкерной плиткой. Производство в Выборге,,,,Поиск,Прочее,Не определено,Планшеты,iOS,Wi-Fi,Мужской,Старше 55,2–5%,Не определено,0.00,0,0,-,-,1,-,0.00,0.55,0.00,54.58,7.00,-,-,-
Термопанели в Выборге,712773255,13.08.2026,Термопанели (Лен. область),5773097196,Автотаргетинг,,-,0,-,0,цокольные термопанели список и обзо производителей в россии в 2026,Целевые запросы,Запросы без упоминания брендов,-,,1915608023072927866,Комбинаторное,Термопанели с клинкерной плиткой. Производство в Выборге,,,,Поиск,Товарная галерея,Не определено,Планшеты,iOS,Wi-Fi,Мужской,Старше 55,2–5%,Не определено,0.00,0,0,-,-,2,-,0.00,1.36,0.00,67.76,3.00,-,-,-
Термопанели в Выборге,712773255,13.08.2026,Термопанели (транз),5772834263,Фраза,термопанели с клинкерной плиткой купить в спб,-,0,-,0,термопанели с клинкерной плиткой купить в спб,Целевые запросы,Запросы без упоминания брендов,Пословное,,1915593209731060056,Комбинаторное,Термопанели с клинкерной плиткой в Выборге!,,,,Поиск,Прочее,Не определено,Десктопы,Не определён,Wi-Fi,Мужской,45-54 года,6–10%,Не определено,0.00,0,0,-,-,1,-,0.00,0.28,0.00,27.54,11.00,-,-,-
Термопанели в Выборге,712773255,13.08.2026,Термопанели (транз),5772834263,Автотаргетинг,,-,0,-,0,,Не определено,-,-,,1915593209731060056,Комбинаторное,Термопанели с клинкерной плиткой в Выборге!,,,,Сети,Прочее,Не определено,Смартфоны,Android,Wi-Fi,Женский,Старше 55,Остальные,Не определено,0.00,0,0,-,-,1,-,0.00,1.00,0.00,100.00,-,-,-,-
Термопанели в Выборге,712773255,13.08.2026,Термопанели (транз),5772834263,Автотаргетинг,,-,0,-,0,,Не определено,-,-,,1915593209731060056,Комбинаторное,Термопанели с клинкером. Производство в Выборге,,,,Сети,Прочее,Не определено,Смартфоны,Android,Wi-Fi,Мужской,45-54 года,Остальные,Не определено,0.00,0,0,-,-,1,-,0.00,1.00,0.00,100.00,-,-,-,-
Термопанели в Выборге,712773255,13.08.2026,Термопанели (транз),5772834263,Автотаргетинг,,-,0,-,0,,Не определено,-,-,,1915593209731060056,Комбинаторное,Термопанели с клинкером. Производство в Выборге,,,,Сети,Прочее,Не определено,Смартфоны,Android,Wi-Fi,Мужской,Старше 55,Остальные,Не определено,0.00,0,0,-,-,1,-,0.00,1.00,0.00,100.00,-,-,-,-
Термопанели в Выборге,712773255,13.08.2026,Термопанели (транз),5772834263,Автотаргетинг,,-,0,-,0,klinkerflex,Альтернативные запросы,Запросы с упоминанием брендов конкурентов,-,,1915593209731060056,Комбинаторное,Собственное производство термопанелей-клинкер-плитка,,,,Поиск,Прочее,Не определено,Смартфоны,iOS,Wi-Fi,Мужской,35-44 года,6–10%,Не определено,0.00,0,0,-,-,3,-,0.00,0.26,0.00,8.50,5.00,-,-,-
Термопанели в Выборге,712773255,13.08.2026,Термопанели (транз),5772834263,Автотаргетинг,,-,0,-,0,виды фасадных материалов для наружной отделки с минплитой,Целевые запросы,Запросы без упоминания брендов,-,,1915593209731060056,Комбинаторное,Клинкерные термопанели для наружной отделки дома.,,,,Поиск,Товарная галерея,Не определено,Десктопы,Не определён,Wi-Fi,Женский,35-44 года,Остальные,Не определено,0.00,0,0,-,-,1,-,0.00,0.39,0.00,39.22,6.00,-,-,-
Термопанели в Выборге,712773255,13.08.2026,Термопанели (транз),5772834263,Автотаргетинг,,-,0,-,0,виды фасадных материалов для наружной отделки с минплитой,Целевые запросы,Запросы без упоминания брендов,-,,1915593209731060056,Комбинаторное,Фасадные термопанели под кирпич для наружной отделки.,,,,Поиск,Прочее,Не определено,Десктопы,Не определён,Wi-Fi,Женский,35-44 года,Остальные,Не определено,0.00,0,0,-,-,1,-,0.00,0.45,0.00,44.58,8.00,-,-,-
Термопанели в Выборге,712773255,13.08.2026,Термопанели (транз),5772834263,Автотаргетинг,,-,0,-,0,декоративные панели для фасада на цоколь,Целевые запросы,Запросы без упоминания брендов,-,,1915593209731060056,Комбинаторное,Термопанели с клинкерной плиткой в Выборге!,,,,Поиск,Товарная галерея,Не определено,Смартфоны,iOS,Wi-Fi,Женский,35-44 года,Остальные,Не определено,0.00,0,0,-,-,1,-,0.00,0.03,0.00,3.47,33.00,-,-,-
Термопанели в Выборге,712773255,13.08.2026,Термопанели (транз),5772834263,Автотаргетинг,,-,0,-,0,какие виды клинкерной плитки бывают,Целевые запросы,Запросы без упоминания брендов,-,,1915593209731060056,Комбинаторное,Термопанели с клинкерной плиткой в Выборге!,,,,Поиск,Товарная галерея,Не определено,Смартфоны,iOS,Мобильная связь,Мужской,25-34 года,2–5%,Не определено,0.00,0,0,-,-,1,-,0.00,0.13,0.00,13.38,17.00,-,-,-
Термопанели в Выборге,712773255,13.08.2026,Термопанели (транз),5772834263,Автотаргетинг,,-,0,-,0,клинкерная плитка,Целевые запросы,Запросы без упоминания брендов,-,,1915593209731060056,Комбинаторное,Термопанели с клинкерной плиткой в Выборге!,,,,Поиск,Прочее,Не определено,Смартфоны,Android,Wi-Fi,Мужской,35-44 года,Остальные,Не определено,0.00,0,0,-,-,1,-,0.00,0.65,0.00,64.58,6.00,-,-,-
Термопанели в Выборге,712773255,13.08.2026,Термопанели (транз),5772834263,Автотаргетинг,,-,0,-,0,клинкерная плитка,Целевые запросы,Запросы без упоминания брендов,-,,1915593209731060056,Комбинаторное,Термопанели с клинкерной плиткой в Выборге!,,,,Поиск,Прочее,Не определено,Смартфоны,iOS,Wi-Fi,Мужской,45-54 года,6–10%,Не определено,0.00,0,0,-,-,1,-,0.00,0.45,0.00,44.58,8.00,-,-,-
Термопанели в Выборге,712773255,13.08.2026,Термопанели (транз),5772834263,Автотаргетинг,,-,0,-,0,клинкерная плитка под кирпич,Целевые запросы,Запросы без упоминания брендов,-,,1915593209731060056,Комбинаторное,Термопанели с клинкерной плиткой в Выборге!,,,,Поиск,Прочее,Не определено,Смартфоны,iOS,Wi-Fi,Женский,25-34 года,Остальные,Не определено,0.00,0,0,-,-,1,-,0.00,0.45,0.00,44.58,8.00,-,-,-
Термопанели в Выборге,712773255,13.08.2026,Термопанели (транз),5772834263,Автотаргетинг,,-,0,-,0,купить стеновые панели в выборге,Целевые запросы,Запросы без упоминания брендов,-,,1915593209731060056,Комбинаторное,Термопанели с клинкерной плиткой в Выборге!,,,,Поиск,Прочее,Не определено,Смартфоны,Android,Wi-Fi,Мужской,45-54 года,Остальные,Не определено,0.00,0,0,-,-,1,-,0.00,0.55,0.00,54.58,7.00,-,-,-
Термопанели в Выборге,712773255,13.08.2026,Термопанели (транз),5772834263,Автотаргетинг,,-,0,-,0,панели для стен для наружной отделки под кирпич,Целевые запросы,Запросы без упоминания брендов,-,,1915593209731060056,Комбинаторное,Клинкерные термопанели для наружной отделки дома.,,,,Поиск,Товарная галерея,Не определено,Смартфоны,Android,Wi-Fi,Женский,Старше 55,Остальные,Не определено,0.00,0,0,-,-,1,-,0.00,0.39,0.00,38.70,4.00,-,-,-
Термопанели в Выборге,712773255,13.08.2026,Термопанели (транз),5772834263,Автотаргетинг,,-,0,-,0,панели для фасада ппу,Целевые запросы,Запросы без упоминания брендов,-,,1915593209731060056,Комбинаторное,Термопанели с клинкерной плиткой в Выборге!,,,,Поиск,Прочее,Не определено,Смартфоны,Android,Wi-Fi,Женский,Старше 55,2–5%,Не определено,0.00,0,0,-,-,1,-,0.00,0.55,0.00,54.58,7.00,-,-,-
Термопанели в Выборге,712773255,13.08.2026,Термопанели (транз),5772834263,Автотаргетинг,,-,0,-,0,панели фасадные под кирпич для наружной отделки с ралом,Целевые запросы,Запросы без упоминания брендов,-,,1915593209731060056,Комбинаторное,Фасадные термопанели под кирпич для наружной отделки.,,,,Поиск,Прочее,Не определено,Смартфоны,Android,Wi-Fi,Женский,35-44 года,Остальные,Не определено,0.00,0,0,-,-,1,-,0.00,0.45,0.00,44.58,8.00,-,-,-
Термопанели в Выборге,712773255,13.08.2026,Термопанели (транз),5772834263,Автотаргетинг,,-,0,-,0,панель фасадная для наружной,Целевые запросы,Запросы без упоминания брендов,-,,1915593209731060056,Комбинаторное,Клинкерные термопанели для наружной отделки дома.,,,,Поиск,Прочее,Не определено,Смартфоны,Android,Wi-Fi,Мужской,25-34 года,Остальные,Не определено,0.00,0,0,-,-,1,-,0.00,0.45,0.00,44.58,8.00,-,-,-
Термопанели в Выборге,712773255,13.08.2026,Термопанели (транз),5772834263,Автотаргетинг,,-,0,-,0,сколько стоит длет фасад утиплит,Целевые запросы,Запросы с упоминанием брендов конкурентов,-,,1915593209731060056,Комбинаторное,Клинкерные термопанели для наружной отделки дома.,,,,Поиск,Товарная галерея,Не определено,Смартфоны,Android,Wi-Fi,Мужской,25-34 года,Остальные,Не определено,0.00,0,0,-,-,1,-,0.00,0.28,0.00,28.21,6.00,-,-,-
Термопанели в Выборге,712773255,13.08.2026,Термопанели (транз),5772834263,Автотаргетинг,,-,0,-,0,термопанели для газобетона,Целевые запросы,Запросы без упоминания брендов,-,,1915593209731060056,Комбинаторное,Клинкерные термопанели для наружной отделки дома.,,,,Поиск,Прочее,Не определено,Смартфоны,Android,Wi-Fi,Мужской,45-54 года,6–10%,Не определено,0.00,0,0,-,-,1,-,0.00,0.45,0.00,44.58,8.00,-,-,-
Термопанели в Выборге,712773255,13.08.2026,Термопанели (транз),5772834263,Автотаргетинг,,-,0,-,0,термопанели для газобетона,Целевые запросы,Запросы без упоминания брендов,-,,1915593209731060056,Комбинаторное,Клинкерные термопанели для наружной отделки дома.,,,,Поиск,Товарная галерея,Не определено,Смартфоны,Android,Wi-Fi,Мужской,45-54 года,6–10%,Не определено,0.00,0,0,-,-,1,-,0.00,0.28,0.00,28.21,6.00,-,-,-
Термопанели в Выборге,712773255,13.08.2026,Термопанели (транз),5772834263,Автотаргетинг,,-,0,-,0,термопанели для наружной отделки деревянного дома,Целевые запросы,Запросы без упоминания брендов,-,,1915593209731060056,Комбинаторное,Клинкерные термопанели для наружной отделки дома.,,,,Поиск,Прочее,Не определено,Смартфоны,Android,Wi-Fi,Женский,45-54 года,Остальные,Не определено,0.00,0,0,-,-,1,-,0.00,0.65,0.00,64.58,6.00,-,-,-
Термопанели в Выборге,712773255,13.08.2026,Термопанели (транз),5772834263,Автотаргетинг,,-,0,-,0,термопанели для наружной отделки деревянного дома,Целевые запросы,Запросы без упоминания брендов,-,,1915593209731060056,Комбинаторное,Клинкерные термопанели для наружной отделки дома.,,,,Поиск,Товарная галерея,Не определено,Смартфоны,Android,Wi-Fi,Женский,45-54 года,Остальные,Не определено,0.00,0,0,-,-,1,-,0.00,0.28,0.00,28.21,6.00,-,-,-
Термопанели в Выборге,712773255,13.08.2026,Термопанели (транз),5772834263,Автотаргетинг,,-,0,-,0,термопанели для наружной отделки клинкер,Целевые запросы,Запросы без упоминания брендов,-,,1915593209731060056,Комбинаторное,Клинкерные термопанели для наружной отделки дома.,,,,Поиск,Прочее,Не определено,Смартфоны,Android,Wi-Fi,Мужской,45-54 года,6–10%,Не определено,0.00,0,0,-,-,1,-,0.00,0.55,0.00,54.58,7.00,-,-,-
Термопанели в Выборге,712773255,13.08.2026,Термопанели (транз),5772834263,Автотаргетинг,,-,0,-,0,термопанели для наружной отделки клинкер,Целевые запросы,Запросы без упоминания брендов,-,,1915593209731060056,Комбинаторное,Клинкерные термопанели для наружной отделки дома.,,,,Поиск,Товарная галерея,Не определено,Смартфоны,Android,Wi-Fi,Мужской,45-54 года,6–10%,Не определено,0.00,0,0,-,-,1,-,0.00,0.25,0.00,25.29,9.00,-,-,-
Термопанели в Выборге,712773255,13.08.2026,Термопанели (транз),5772834263,Автотаргетинг,,-,0,-,0,фасадные панели для наружной отделки,Целевые запросы,Запросы без упоминания брендов,-,,1915593209731060056,Комбинаторное,Клинкерные термопанели для наружной отделки дома.,,,,Поиск,Товарная галерея,Не определено,Смартфоны,Android,Wi-Fi,Мужской,25-34 года,Остальные,Не определено,0.00,0,0,-,-,1,-,0.00,0.14,0.00,13.50,14.00,-,-,-
Термопанели в Выборге,712773255,13.08.2026,Термопанели (транз),5772834263,Автотаргетинг,,-,0,-,0,фасадные термопанели,Целевые запросы,Запросы без упоминания брендов,-,,1915593209731060056,Комбинаторное,Клинкерные термопанели для наружной отделки дома.,,,,Поиск,Товарная галерея,Не определено,Смартфоны,Android,Wi-Fi,Мужской,Старше 55,Остальные,Не определено,0.00,0,0,-,-,1,-,0.00,0.25,0.00,25.35,7.00,-,-,-
Термопанели в Выборге,712773255,13.08.2026,Термопанели (транз),5772834263,Автотаргетинг,,-,0,-,0,фасадные термопанели,Целевые запросы,Запросы без упоминания брендов,-,,1915593209731060056,Комбинаторное,Фасадные термопанели под кирпич для наружной отделки.,,,,Поиск,Прочее,Не определено,Смартфоны,Android,Wi-Fi,Мужской,Старше 55,Остальные,Не определено,0.00,0,0,-,-,1,-,0.00,0.45,0.00,44.58,-,-,-,-
Термопанели в Выборге,712773255,13.08.2026,Термопанели (транз),5772834263,Автотаргетинг,,-,0,-,0,цокольная панель,Целевые запросы,Запросы без упоминания брендов,-,,1915593209731060056,Комбинаторное,Клинкерные термопанели для наружной отделки дома.,,,,Поиск,Прочее,Не определено,Смартфоны,Android,Wi-Fi,Мужской,25-34 года,Остальные,Не определено,0.00,0,0,-,-,2,-,0.00,1.19,0.00,59.58,6.50,-,-,-
Термопанели в Выборге,712773255,13.08.2026,Термопанели (транз),5772834263,Автотаргетинг,,-,0,-,0,цокольная панель,Целевые запросы,Запросы без упоминания брендов,-,,1915593209731060056,Комбинаторное,Клинкерные термопанели для наружной отделки дома.,,,,Поиск,Товарная галерея,Не определено,Смартфоны,Android,Wi-Fi,Мужской,25-34 года,Остальные,Не определено,0.00,0,0,-,-,1,-,0.00,0.14,0.00,13.61,11.00,-,-,-
Термопанели в Выборге,712773255,13.08.2026,Термопанели (транз),5772834263,Автотаргетинг,,-,0,-,0,цокольные термопанели список и обзо производителей в россии в 2026,Сопутствующие запросы,Запросы без упоминания брендов,-,,1915593209731060056,Комбинаторное,Термопанели с клинкером. Производство в Выборге,,,,Поиск,Спецразмещение,Не определено,Планшеты,iOS,Wi-Fi,Мужской,Старше 55,2–5%,Не определено,0.00,0,0,-,-,1,-,0.00,0.71,0.00,70.91,4.00,-,-,-
"Приозерский район, Поиск   от 25-07-2026",713047408,14.08.2026,Приозерский район,5776633358,Автотаргетинг,,-,0,-,0,,Широкие запросы,Запросы без упоминания брендов,-,,1918168175770350076,Страницы каталога,Термопанель Колорадо 4 (32 шт),Термопанель Колорадо 4 (32 шт),,,Поиск,Прочее,Не определено,Смартфоны,Android,Wi-Fi,Мужской,25-34 года,Остальные,Не определено,0.00,0,0,-,-,1,-,0.00,1.00,0.00,100.00,5.00,-,-,-
"Приозерский район, Поиск   от 25-07-2026",713047408,14.08.2026,Приозерский район,5776633358,Автотаргетинг,,-,0,-,0,база в ларионово строительная,Альтернативные запросы,Запросы без упоминания брендов,-,,1916597733861553174,Комбинаторное,Производство в Выборге — доставка в район,,,,Поиск,Спецразмещение,Не определено,Смартфоны,Android,Wi-Fi,Мужской,45-54 года,Остальные,Не определено,0.00,0,0,-,-,3,-,0.00,2.77,0.00,92.39,1.00,-,-,-
"Приозерский район, Поиск   от 25-07-2026",713047408,14.08.2026,Приозерский район,5776633358,Автотаргетинг,,-,0,-,0,база в ларионово строительная,Альтернативные запросы,Запросы без упоминания брендов,-,,1916597733861553174,Комбинаторное,Производство в Выборге — доставка в район,,,,Поиск,Прочее,Не определено,Смартфоны,Android,Wi-Fi,Мужской,45-54 года,Остальные,Не определено,0.00,0,0,-,-,2,-,0.00,1.30,0.00,64.77,5.00,-,-,-
"Приозерский район, Поиск   от 25-07-2026",713047408,14.08.2026,Приозерский район,5776633358,Автотаргетинг,,-,0,-,0,варианты пристроек к дому,Сопутствующие запросы,Запросы без упоминания брендов,-,,1916597733861553174,Комбинаторное,Клинкерные термопанели — КлинкерПрофи,,,,Поиск,Прочее,Не определено,Смартфоны,Android,Wi-Fi,Женский,Старше 55,Остальные,Не определено,0.00,0,0,-,-,1,-,0.00,1.00,0.00,100.00,5.00,-,-,-
"Приозерский район, Поиск   от 25-07-2026",713047408,14.08.2026,Приозерский район,5776633358,Автотаргетинг,,-,0,-,0,вимос лосево каталог товаров,Широкие запросы,Запросы с упоминанием брендов конкурентов,-,,1916597733861553174,Комбинаторное,Производство в Выборге — доставка в район,,,,Поиск,Прочее,Не определено,Смартфоны,Android,Wi-Fi,Мужской,Старше 55,Остальные,Не определено,0.00,0,0,-,-,1,-,0.00,0.09,0.00,8.50,5.00,-,-,-
"Приозерский район, Поиск   от 25-07-2026",713047408,14.08.2026,Приозерский район,5776633358,Автотаргетинг,,-,0,-,0,вимос приозерск каталог товаров,Широкие запросы,Запросы с упоминанием брендов конкурентов,-,,1916597733861553174,Комбинаторное,Производство в Выборге — доставка в район,,,,Поиск,Спецразмещение,Не определено,Смартфоны,iOS,Wi-Fi,Мужской,Не определен,Остальные,Не определено,0.00,0,0,-,-,1,-,0.00,0.91,0.00,91.31,1.00,-,-,-
"Приозерский район, Поиск   от 25-07-2026",713047408,14.08.2026,Приозерский район,5776633358,Автотаргетинг,,-,0,-,0,вимос приозерск каталог товаров и цены,Широкие запросы,Запросы с упоминанием брендов конкурентов,-,,1916597733861553174,Комбинаторное,Производство в Выборге — доставка в район,,,,Поиск,Прочее,Не определено,Смартфоны,Android,Wi-Fi,Женский,Старше 55,Остальные,Не определено,0.00,0,0,-,-,1,-,0.00,0.09,0.00,8.50,5.00,-,-,-
"Приозерский район, Поиск   от 25-07-2026",713047408,14.08.2026,Приозерский район,5776633358,Автотаргетинг,,-,0,-,0,вимос сосново каталог,Широкие запросы,Запросы с упоминанием брендов конкурентов,-,,1916597733861553174,Комбинаторное,Производство в Выборге — доставка в район,,,,Поиск,Прочее,Не определено,Смартфоны,Android,Wi-Fi,Мужской,Старше 55,Остальные,Не определено,0.00,0,0,-,-,1,-,0.00,0.09,0.00,8.50,5.00,-,-,-
"Приозерский район, Поиск   от 25-07-2026",713047408,14.08.2026,Приозерский район,5776633358,Автотаргетинг,,-,0,-,0,вимос строительные материалы приозерск каталог товаров и цены,Широкие запросы,Запросы с упоминанием брендов конкурентов,-,,1916597733861553174,Комбинаторное,Производство в Выборге — доставка в район,,,,Поиск,Прочее,Не определено,Смартфоны,Android,Wi-Fi,Мужской,Старше 55,Остальные,Не определено,0.00,0,0,-,-,1,-,0.00,1.00,0.00,100.00,5.00,-,-,-
"Приозерский район, Поиск   от 25-07-2026",713047408,14.08.2026,Приозерский район,5776633358,Автотаргетинг,,-,0,-,0,где купить стройматериалы в раздолье,Широкие запросы,Запросы без упоминания брендов,-,,1916597733861553174,Комбинаторное,Производство в Выборге — доставка в район,,,,Поиск,Спецразмещение,Не определено,Планшеты,Android,Wi-Fi,Не определен,25-34 года,Остальные,Не определено,0.00,0,0,-,-,1,-,0.00,0.15,0.00,14.73,2.00,-,-,-
"Приозерский район, Поиск   от 25-07-2026",713047408,14.08.2026,Приозерский район,5776633358,Автотаргетинг,,-,0,-,0,громово стройматериалы каталог товаров и цены официальный,Широкие запросы,Запросы без упоминания брендов,-,,1916597733861553174,Комбинаторное,Производство в Выборге — доставка в район,,,,Поиск,Спецразмещение,Не определено,Смартфоны,Android,Wi-Fi,Мужской,Старше 55,6–10%,Не определено,0.00,0,0,-,-,1,-,0.00,0.61,0.00,60.56,2.00,-,-,-
"Приозерский район, Поиск   от 25-07-2026",713047408,14.08.2026,Приозерский район,5776633358,Автотаргетинг,,-,0,-,0,декоративный отделочный камень,Альтернативные запросы,Запросы без упоминания брендов,-,,1918168175770350076,Страницы каталога,Клинкерная плитка фасадная SANDIA,Клинкерная плитка фасадная SANDIA,,,Поиск,Спецразмещение,Не определено,Смартфоны,Android,Wi-Fi,Женский,Старше 55,Остальные,Не определено,0.00,0,0,-,-,1,-,0.00,0.93,0.00,93.17,1.00,-,-,-
"Приозерский район, Поиск   от 25-07-2026",713047408,14.08.2026,Приозерский район,5776633358,Автотаргетинг,,-,0,-,0,декоративный отделочный камень купить на вайлдберриз,Альтернативные запросы,Запросы с упоминанием брендов конкурентов,-,,1918168175770350076,Страницы каталога,Клинкерная плитка фасадная STONE (палевый),Клинкерная плитка фасадная STONE (палевый),,,Поиск,Спецразмещение,Не определено,Смартфоны,Android,Wi-Fi,Женский,Старше 55,Остальные,Не определено,0.00,0,0,-,-,1,-,0.00,0.78,0.00,78.22,1.00,-,-,-
"Приозерский район, Поиск   от 25-07-2026",713047408,14.08.2026,Приозерский район,5776633358,Автотаргетинг,,-,0,-,0,дерево обложить кирпичом,Сопутствующие запросы,Запросы без упоминания брендов,-,,1916597733861553174,Комбинаторное,"Приозерск, Сосново — термопанели с клинкером",,,,Поиск,Прочее,Не определено,Смартфоны,Android,Wi-Fi,Женский,45-54 года,Остальные,Не определено,0.00,0,0,-,-,1,-,0.00,1.00,0.00,100.00,5.00,-,-,-
"Приозерский район, Поиск   от 25-07-2026",713047408,14.08.2026,Приозерский район,5776633358,Автотаргетинг,,-,0,-,0,как правильно ставить ветрозащиту на стену фасада,Сопутствующие запросы,Запросы без упоминания брендов,-,,1916597733861553174,Комбинаторное,Фасадные термопанели с клинкером,,,,Поиск,Спецразмещение,Не определено,Смартфоны,Android,Wi-Fi,Мужской,35-44 года,Остальные,Не определено,0.00,0,0,-,-,1,-,0.00,1.16,0.00,115.73,1.00,-,-,-
"Приозерский район, Поиск   от 25-07-2026",713047408,14.08.2026,Приозерский район,5776633358,Автотаргетинг,,-,0,-,0,как правильно ставить ветрозащиту на стену фасада,Сопутствующие запросы,Запросы без упоминания брендов,-,,1916597733861553174,Комбинаторное,Фасадные термопанели с клинкером,,,,Поиск,Прочее,Не определено,Смартфоны,Android,Wi-Fi,Мужской,35-44 года,Остальные,Не определено,0.00,0,0,-,-,1,-,0.00,1.00,0.00,100.00,5.00,-,-,-
"Приозерский район, Поиск   от 25-07-2026",713047408,14.08.2026,Приозерский район,5776633358,Автотаргетинг,,-,0,-,0,как правильно утеплить дом из газобетона,Сопутствующие запросы,Запросы без упоминания брендов,-,,1916597733861553174,Комбинаторное,Термопанели для дома в Приозерске,,,,Поиск,Спецразмещение,Не определено,Смартфоны,Android,Wi-Fi,Мужской,35-44 года,Остальные,Не определено,0.00,0,0,-,-,2,-,0.00,2.07,0.00,103.55,1.00,-,-,-
"Приозерский район, Поиск   от 25-07-2026",713047408,14.08.2026,Приозерский район,5776633358,Автотаргетинг,,-,0,-,0,как правильно утеплить дом из газобетона,Сопутствующие запросы,Запросы без упоминания брендов,-,,1916597733861553174,Комбинаторное,Термопанели для дома в Приозерске,,,,Поиск,Прочее,Не определено,Смартфоны,Android,Wi-Fi,Мужской,35-44 года,Остальные,Не определено,0.00,0,0,-,-,1,-,0.00,1.00,0.00,100.00,5.00,-,-,-
"Приозерский район, Поиск   от 25-07-2026",713047408,14.08.2026,Приозерский район,5776633358,Автотаргетинг,,-,0,-,0,как правильно утеплить дом из газобетона снаружи пеноплексом,Альтернативные запросы,Запросы без упоминания брендов,-,,1916597733861553174,Комбинаторное,Утепление фасада термопанелями,,,,Поиск,Спецразмещение,Не определено,Смартфоны,Android,Wi-Fi,Мужской,35-44 года,Остальные,Не определено,0.00,1,0,0.00,-,1,0.00,100.00,1.11,89.89,111.25,1.00,1.00,0.00,1.00
"Приозерский район, Поиск   от 25-07-2026",713047408,14.08.2026,Приозерский район,5776633358,Автотаргетинг,,-,0,-,0,как правильно утеплить дом из газобетона снаружи пеноплексом,Альтернативные запросы,Запросы без упоминания брендов,-,,1916597733861553174,Комбинаторное,Утепление фасада термопанелями,,,,Поиск,Прочее,Не определено,Смартфоны,Android,Wi-Fi,Мужской,35-44 года,Остальные,Не определено,0.00,0,0,-,-,1,-,0.00,1.00,0.00,100.00,5.00,-,-,-
"Приозерский район, Поиск   от 25-07-2026",713047408,14.08.2026,Приозерский район,5776633358,Автотаргетинг,,-,0,-,0,какой доской облицовывают дома и сараи,Сопутствующие запросы,Запросы без упоминания брендов,-,,1916597733861553174,Комбинаторное,Термопанели для дома в Приозерске,,,,Поиск,Прочее,Не определено,Смартфоны,iOS,Wi-Fi,Женский,Старше 55,Остальные,Не определено,0.00,0,0,-,-,1,-,0.00,1.00,0.00,100.00,5.00,-,-,-
"Приозерский район, Поиск   от 25-07-2026",713047408,14.08.2026,Приозерский район,5776633358,Автотаргетинг,,-,0,-,0,какой доской облицовывают дома и сараи из ели и сосны какие толщина и ширина,Сопутствующие запросы,Запросы без упоминания брендов,-,,1916597733861553174,Комбинаторное,"Приозерск, Сосново — термопанели с клинкером",,,,Поиск,Прочее,Не определено,Смартфоны,iOS,Wi-Fi,Женский,Старше 55,Остальные,Не определено,0.00,0,0,-,-,1,-,0.00,1.00,0.00,100.00,5.00,-,-,-
"Приозерский район, Поиск   от 25-07-2026",713047408,14.08.2026,Приозерский район,5776633358,Автотаргетинг,,-,0,-,0,кедрал,Альтернативные запросы,Запросы без упоминания брендов,-,,1918168175770350076,Страницы каталога,Термопанель Колорадо 3 (32 шт),Термопанель Колорадо 3 (32 шт),,,Поиск,Прочее,Не определено,Смартфоны,iOS,Wi-Fi,Женский,45-54 года,2–5%,Не определено,0.00,0,0,-,-,1,-,0.00,0.09,0.00,8.50,5.00,-,-,-
"Приозерский район, Поиск   от 25-07-2026",713047408,14.08.2026,Приозерский район,5776633358,Автотаргетинг,,-,0,-,0,кедрал обшивка дома,Альтернативные запросы,Запросы без упоминания брендов,-,,1916597733861553174,Комбинаторное,Термопанели для дома в Приозерске,,,,Поиск,Спецразмещение,Не определено,Смартфоны,iOS,Wi-Fi,Женский,45-54 года,2–5%,Не определено,0.00,0,0,-,-,2,-,0.00,1.95,0.00,97.47,1.00,-,-,-
"Приозерский район, Поиск   от 25-07-2026",713047408,14.08.2026,Приозерский район,5776633358,Автотаргетинг,,-,0,-,0,кирпич поризованный,Альтернативные запросы,Запросы без упоминания брендов,-,,1916597733861553174,Комбинаторное,Фасадные термопанели с клинкером,,,,Поиск,Прочее,Не определено,Смартфоны,iOS,Wi-Fi,Женский,35-44 года,6–10%,Не определено,0.00,0,0,-,-,1,-,0.00,0.09,0.00,8.50,5.00,-,-,-
"Приозерский район, Поиск   от 25-07-2026",713047408,14.08.2026,Приозерский район,5776633358,Автотаргетинг,,-,0,-,0,клинкерная плитка,Широкие запросы,Запросы без упоминания брендов,-,,1918168175770350076,Страницы каталога,Клинкерная плитка фасадная STONE (палевый),Клинкерная плитка фасадная STONE (палевый),,,Поиск,Спецразмещение,Не определено,Смартфоны,iOS,Wi-Fi,Мужской,25-34 года,6–10%,Не определено,0.00,0,0,-,-,1,-,0.00,1.00,0.00,100.00,1.00,-,-,-
"Приозерский район, Поиск   от 25-07-2026",713047408,14.08.2026,Приозерский район,5776633358,Автотаргетинг,,-,0,-,0,ламинированная фанера отделка фасада,Альтернативные запросы,Запросы без упоминания брендов,-,,1916597733861553174,Комбинаторное,Фасадные термопанели с клинкером,,,,Поиск,Спецразмещение,Не определено,Смартфоны,Android,Wi-Fi,Мужской,25-34 года,6–10%,Не определено,0.00,0,0,-,-,1,-,0.00,0.75,0.00,74.60,2.00,-,-,-
"Приозерский район, Поиск   от 25-07-2026",713047408,14.08.2026,Приозерский район,5776633358,Автотаргетинг,,-,0,-,0,ламинированная фанера отделка фасада,Альтернативные запросы,Запросы без упоминания брендов,-,,1916597733861553174,Комбинаторное,Фасадные термопанели с клинкером,,,,Поиск,Прочее,Не определено,Смартфоны,Android,Wi-Fi,Мужской,25-34 года,6–10%,Не определено,0.00,0,0,-,-,1,-,0.00,0.77,0.00,76.79,5.00,-,-,-
"Приозерский район, Поиск   от 25-07-2026",713047408,14.08.2026,Приозерский район,5776633358,Автотаргетинг,,-,0,-,0,лср теплая керамика термо,Альтернативные запросы,Запросы без упоминания брендов,-,,1918168175770350076,Страницы каталога,Термопанели с клинкерной плиткой. Производство в Выборге,Термопанели с клинкерной плиткой — КлинкерПрофи,,,Поиск,Прочее,Не определено,Смартфоны,iOS,Wi-Fi,Мужской,45-54 года,2–5%,Не определено,0.00,0,0,-,-,1,-,0.00,1.42,0.00,141.92,5.00,-,-,-
"Приозерский район, Поиск   от 25-07-2026",713047408,14.08.2026,Приозерский район,5776633358,Автотаргетинг,,-,0,-,0,лср теплая керамика термо,Альтернативные запросы,Запросы без упоминания брендов,-,,1918168175770350076,Страницы каталога,Термопанель Колорадо 3 (32 шт),Термопанель Колорадо 3 (32 шт),,,Поиск,Спецразмещение,Не определено,Смартфоны,iOS,Wi-Fi,Мужской,45-54 года,2–5%,Не определено,0.00,0,0,-,-,1,-,0.00,1.03,0.00,102.59,1.00,-,-,-
"Приозерский район, Поиск   от 25-07-2026",713047408,14.08.2026,Приозерский район,5776633358,Автотаргетинг,,-,0,-,0,минвата,Альтернативные запросы,Запросы без упоминания брендов,-,,1916597733861553174,Комбинаторное,Утепление фасада термопанелями,,,,Поиск,Спецразмещение,Не определено,Смартфоны,Android,Wi-Fi,Мужской,45-54 года,Остальные,Не определено,0.00,0,0,-,-,1,-,0.00,0.44,0.00,44.32,4.00,-,-,-
"Приозерский район, Поиск   от 25-07-2026",713047408,14.08.2026,Приозерский район,5776633358,Автотаргетинг,,-,0,-,0,отделка для газобетона,Сопутствующие запросы,Запросы без упоминания брендов,-,,1916597733861553174,Комбинаторное,Фасадные термопанели с клинкером,,,,Поиск,Спецразмещение,Не определено,Смартфоны,Android,Wi-Fi,Мужской,35-44 года,Остальные,Не определено,0.00,0,0,-,-,1,-,0.00,1.04,0.00,104.32,2.00,-,-,-
"Приозерский район, Поиск   от 25-07-2026",713047408,14.08.2026,Приозерский район,5776633358,Автотаргетинг,,-,0,-,0,отделка для газобетона,Сопутствующие запросы,Запросы без упоминания брендов,-,,1916597733861553174,Комбинаторное,Фасадные термопанели с клинкером,,,,Поиск,Прочее,Не определено,Смартфоны,Android,Wi-Fi,Мужской,35-44 года,Остальные,Не определено,0.00,0,0,-,-,1,-,0.00,1.00,0.00,100.00,5.00,-,-,-
"Приозерский район, Поиск   от 25-07-2026",713047408,14.08.2026,Приозерский район,5776633358,Автотаргетинг,,-,0,-,0,отделка для газобетона имитацией кирпича,Широкие запросы,Запросы без упоминания брендов,-,,1918168175770350076,Страницы каталога,Клинкерная плитка фасадная ALARCON,Клинкерная плитка фасадная ALARCON,,,Поиск,Прочее,Не определено,Смартфоны,Android,Wi-Fi,Мужской,35-44 года,Остальные,Не определено,0.00,0,0,-,-,1,-,0.00,1.00,0.00,100.00,5.00,-,-,-
"Приозерский район, Поиск   от 25-07-2026",713047408,14.08.2026,Приозерский район,5776633358,Автотаргетинг,,-,0,-,0,отделка для газобетона имитацией кирпича,Широкие запросы,Запросы без упоминания брендов,-,,1918168175770350076,Страницы каталога,Клинкерная плитка фасадная STONE (палевый),Клинкерная плитка фасадная STONE (палевый),,,Поиск,Спецразмещение,Не определено,Смартфоны,Android,Wi-Fi,Мужской,35-44 года,Остальные,Не определено,0.00,1,0,0.00,-,1,0.00,100.00,0.99,100.71,99.30,2.00,2.00,0.00,1.00
"Приозерский район, Поиск   от 25-07-2026",713047408,14.08.2026,Приозерский район,5776633358,Автотаргетинг,,-,0,-,0,пеноплекс,Альтернативные запросы,Запросы без упоминания брендов,-,,1916597733861553174,Комбинаторное,Утепление фасада термопанелями,,,,Поиск,Спецразмещение,Не определено,Смартфоны,Android,Wi-Fi,Мужской,25-34 года,Остальные,Не определено,0.00,0,0,-,-,1,-,0.00,0.43,0.00,42.97,2.00,-,-,-
"Приозерский район, Поиск   от 25-07-2026",713047408,14.08.2026,Приозерский район,5776633358,Автотаргетинг,,-,0,-,0,пенополиуретан утеплитель купить,Сопутствующие запросы,Запросы без упоминания брендов,-,,1918168175770350076,Страницы каталога,Термопанель Колорадо 4 (32 шт),Термопанель Колорадо 4 (32 шт),,,Поиск,Спецразмещение,Не определено,Смартфоны,Android,Wi-Fi,Мужской,35-44 года,Остальные,Не определено,0.00,0,0,-,-,1,-,0.00,0.76,0.00,76.40,1.00,-,-,-
"Приозерский район, Поиск   от 25-07-2026",713047408,14.08.2026,Приозерский район,5776633358,Автотаргетинг,,-,0,-,0,петрович стройматериалы,Широкие запросы,Запросы с упоминанием брендов конкурентов,-,,1916597733861553174,Комбинаторное,Производство в Выборге — доставка в район,,,,Поиск,Спецразмещение,Не определено,Смартфоны,Android,Wi-Fi,Мужской,35-44 года,2–5%,Не определено,0.00,0,0,-,-,1,-,0.00,1.07,0.00,106.81,1.00,-,-,-
"Приозерский район, Поиск   от 25-07-2026",713047408,14.08.2026,Приозерский район,5776633358,Автотаргетинг,,-,0,-,0,плитка хауберг от технониколь цена за м2,Альтернативные запросы,Запросы без упоминания брендов,-,,1918168175770350076,Страницы каталога,Клинкерная плитка фасадная WALL GREY,Клинкерная плитка фасадная WALL GREY,,,Поиск,Спецразмещение,Не определено,Десктопы,Не определён,Wi-Fi,Мужской,Старше 55,Остальные,Не определено,0.00,0,0,-,-,1,-,0.00,0.84,0.00,84.29,2.00,-,-,-
"Приозерский район, Поиск   от 25-07-2026",713047408,14.08.2026,Приозерский район,5776633358,Автотаргетинг,,-,0,-,0,плитка хауберг от технониколь цена за м2,Альтернативные запросы,Запросы без упоминания брендов,-,,1918168175770350076,Страницы каталога,Клинкерная плитка фасадная WALL GREY,Клинкерная плитка фасадная WALL GREY,,,Поиск,Прочее,Не определено,Десктопы,Не определён,Wi-Fi,Мужской,Старше 55,Остальные,Не определено,0.00,0,0,-,-,1,-,0.00,1.00,0.00,100.00,5.00,-,-,-
"Приозерский район, Поиск   от 25-07-2026",713047408,14.08.2026,Приозерский район,5776633358,Автотаргетинг,,-,0,-,0,плитка хауберг от технониколь цена за м2,Альтернативные запросы,Запросы с упоминанием брендов конкурентов,-,,1916597733861553174,Комбинаторное,Фасадные термопанели с клинкером,,,,Поиск,Спецразмещение,Не определено,Десктопы,Не определён,Wi-Fi,Мужской,Старше 55,Остальные,Не определено,0.00,0,0,-,-,1,-,0.00,0.78,0.00,77.66,2.00,-,-,-
"Приозерский район, Поиск   от 25-07-2026",713047408,14.08.2026,Приозерский район,5776633358,Автотаргетинг,,-,0,-,0,производство декоративной плитки,Широкие запросы,Запросы без упоминания брендов,-,,1918168175770350076,Страницы каталога,Клинкерная плитка фасадная WALL GREY,Клинкерная плитка фасадная WALL GREY,,,Поиск,Спецразмещение,Не определено,Смартфоны,Android,Wi-Fi,Мужской,45-54 года,Остальные,Не определено,0.00,0,0,-,-,1,-,0.00,1.08,0.00,107.87,1.00,-,-,-
"Приозерский район, Поиск   от 25-07-2026",713047408,14.08.2026,Приозерский район,5776633358,Автотаргетинг,,-,0,-,0,производство декоративной плитки,Широкие запросы,Запросы без упоминания брендов,-,,1918168175770350076,Страницы каталога,Клинкерная плитка фасадная WALL GREY,Клинкерная плитка фасадная WALL GREY,,,Поиск,Прочее,Не определено,Смартфоны,Android,Wi-Fi,Мужской,45-54 года,Остальные,Не определено,0.00,0,0,-,-,2,-,0.00,2.38,0.00,118.83,5.00,-,-,-
"Приозерский район, Поиск   от 25-07-2026",713047408,14.08.2026,Приозерский район,5776633358,Автотаргетинг,,-,0,-,0,раздолье база стройматериалов сосново каталог с ценами,Широкие запросы,Запросы с упоминанием брендов конкурентов,-,,1916597733861553174,Комбинаторное,Производство в Выборге — доставка в район,,,,Поиск,Спецразмещение,Не определено,Смартфоны,Android,Wi-Fi,Мужской,25-34 года,Остальные,Не определено,0.00,0,0,-,-,1,-,0.00,0.82,0.00,82.11,1.00,-,-,-
"Приозерский район, Поиск   от 25-07-2026",713047408,14.08.2026,Приозерский район,5776633358,Автотаргетинг,,-,0,-,0,раздолье база стройматериалов сосново каталог с ценами,Широкие запросы,Запросы с упоминанием брендов конкурентов,-,,1916597733861553174,Комбинаторное,Производство в Выборге — доставка в район,,,,Поиск,Прочее,Не определено,Смартфоны,Android,Wi-Fi,Мужской,25-34 года,Остальные,Не определено,0.00,0,0,-,-,1,-,0.00,1.00,0.00,100.00,5.00,-,-,-
"Приозерский район, Поиск   от 25-07-2026",713047408,14.08.2026,Приозерский район,5776633358,Автотаргетинг,,-,0,-,0,ревальдия фасадная доска,Альтернативные запросы,Запросы без упоминания брендов,-,,1916597733861553174,Комбинаторное,Фасадные термопанели с клинкером,,,,Поиск,Спецразмещение,Не определено,Смартфоны,iOS,Wi-Fi,Мужской,35-44 года,Топ 1%,Не определено,0.00,0,0,-,-,1,-,0.00,0.98,0.00,98.23,1.00,-,-,-
"Приозерский район, Поиск   от 25-07-2026",713047408,14.08.2026,Приозерский район,5776633358,Автотаргетинг,,-,0,-,0,рус панель,Альтернативные запросы,Запросы с упоминанием брендов конкурентов,-,,1918168175770350076,Страницы каталога,Термопанель Колорадо 2 (32 шт),Термопанель Колорадо 2 (32 шт),,,Поиск,Прочее,Не определено,Смартфоны,Android,Wi-Fi,Мужской,25-34 года,Остальные,Не определено,0.00,0,0,-,-,1,-,0.00,1.00,0.00,100.00,5.00,-,-,-
"Приозерский район, Поиск   от 25-07-2026",713047408,14.08.2026,Приозерский район,5776633358,Автотаргетинг,,-,0,-,0,рус панель,Альтернативные запросы,Запросы с упоминанием брендов конкурентов,-,,1918168175770350076,Страницы каталога,Термопанель Колорадо 5 (32 шт),Термопанель Колорадо 5 (32 шт),,,Поиск,Спецразмещение,Не определено,Смартфоны,Android,Wi-Fi,Мужской,25-34 года,Остальные,Не определено,0.00,0,0,-,-,1,-,0.00,0.28,0.00,28.38,2.00,-,-,-
"Приозерский район, Поиск   от 25-07-2026",713047408,14.08.2026,Приозерский район,5776633358,Автотаргетинг,,-,0,-,0,руспанели,Альтернативные запросы,Запросы без упоминания брендов,-,,1918168175770350076,Страницы каталога,Термопанель Колорадо 4 (32 шт),Термопанель Колорадо 4 (32 шт),,,Поиск,Спецразмещение,Не определено,Смартфоны,iOS,Wi-Fi,Женский,25-34 года,Топ 1%,Не определено,0.00,0,0,-,-,1,-,0.00,0.91,0.00,91.25,1.00,-,-,-
"Приозерский район, Поиск   от 25-07-2026",713047408,14.08.2026,Приозерский район,5776633358,Автотаргетинг,,-,0,-,0,руспанели,Альтернативные запросы,Запросы без упоминания брендов,-,,1918168175770350076,Страницы каталога,Термопанель Колорадо 5 (32 шт),Термопанель Колорадо 5 (32 шт),,,Поиск,Прочее,Не определено,Смартфоны,iOS,Wi-Fi,Женский,25-34 года,Топ 1%,Не определено,0.00,0,0,-,-,1,-,0.00,1.00,0.00,100.00,5.00,-,-,-
"Приозерский район, Поиск   от 25-07-2026",713047408,14.08.2026,Приозерский район,5776633358,Автотаргетинг,,-,0,-,0,силикатная штукатурка для фасада,Альтернативные запросы,Запросы без упоминания брендов,-,,1916597733861553174,Комбинаторное,Фасадные термопанели с клинкером,,,,Поиск,Прочее,Не определено,Смартфоны,Android,Wi-Fi,Мужской,45-54 года,Топ 1%,Не определено,0.00,0,0,-,-,1,-,0.00,1.00,0.00,100.00,5.00,-,-,-
"Приозерский район, Поиск   от 25-07-2026",713047408,14.08.2026,Приозерский район,5776633358,Автотаргетинг,,-,0,-,0,строительная база в сосново,Широкие запросы,Запросы без упоминания брендов,-,,1916597733861553174,Комбинаторное,Производство в Выборге — доставка в район,,,,Поиск,Спецразмещение,Не определено,Смартфоны,Android,Wi-Fi,Женский,Старше 55,Остальные,Не определено,0.00,0,0,-,-,1,-,0.00,1.02,0.00,101.63,1.00,-,-,-
"Приозерский район, Поиск   от 25-07-2026",713047408,14.08.2026,Приозерский район,5776633358,Автотаргетинг,,-,0,-,0,строительные магазины,Широкие запросы,Запросы без упоминания брендов,-,,1916597733861553174,Комбинаторное,Производство в Выборге — доставка в район,,,,Поиск,Спецразмещение,Не определено,Планшеты,Android,Wi-Fi,Мужской,25-34 года,Остальные,Не определено,0.00,0,0,-,-,1,-,0.00,0.77,0.00,76.79,1.00,-,-,-
"Приозерский район, Поиск   от 25-07-2026",713047408,14.08.2026,Приозерский район,5776633358,Автотаргетинг,,-,0,-,0,строительный магазин в ромашково приозерский район,Широкие запросы,Запросы без упоминания брендов,-,,1916597733861553174,Комбинаторное,Производство в Выборге — доставка в район,,,,Поиск,Прочее,Не определено,Смартфоны,iOS,Мобильная связь,Женский,25-34 года,Остальные,Не определено,0.00,0,0,-,-,1,-,0.00,0.09,0.00,8.50,5.00,-,-,-
"Приозерский район, Поиск   от 25-07-2026",713047408,14.08.2026,Приозерский район,5776633358,Автотаргетинг,,-,0,-,0,строительный магазин магазин на станции громово,Альтернативные запросы,Запросы без упоминания брендов,-,,1916597733861553174,Комбинаторное,Производство в Выборге — доставка в район,,,,Поиск,Спецразмещение,Не определено,Смартфоны,Android,Wi-Fi,Мужской,35-44 года,Остальные,Не определено,0.00,1,0,0.00,-,1,0.00,100.00,1.06,94.28,106.07,1.00,1.00,-,-
"Приозерский район, Поиск   от 25-07-2026",713047408,14.08.2026,Приозерский район,5776633358,Автотаргетинг,,-,0,-,0,строительный магазин магазин на станции громово,Альтернативные запросы,Запросы без упоминания брендов,-,,1916597733861553174,Комбинаторное,Производство в Выборге — доставка в район,,,,Поиск,Прочее,Не определено,Смартфоны,Android,Wi-Fi,Мужской,35-44 года,Остальные,Не определено,0.00,0,0,-,-,1,-,0.00,1.00,0.00,100.00,5.00,-,-,-
"Приозерский район, Поиск   от 25-07-2026",713047408,14.08.2026,Приозерский район,5776633358,Автотаргетинг,,-,0,-,0,строительный магазин поблизости от раздолье,Широкие запросы,Запросы без упоминания брендов,-,,1916597733861553174,Комбинаторное,Производство в Выборге — доставка в район,,,,Поиск,Спецразмещение,Не определено,Планшеты,Android,Wi-Fi,Мужской,25-34 года,Остальные,Не определено,0.00,0,0,-,-,1,-,0.00,0.76,0.00,76.13,1.00,-,-,-
"Приозерский район, Поиск   от 25-07-2026",713047408,14.08.2026,Приозерский район,5776633358,Автотаргетинг,,-,0,-,0,строй материалы,Широкие запросы,Запросы без упоминания брендов,-,,1916597733861553174,Комбинаторное,Производство в Выборге — доставка в район,,,,Поиск,Спецразмещение,Не определено,Смартфоны,iOS,Мобильная связь,Мужской,25-34 года,2–5%,Не определено,0.00,0,0,-,-,2,-,0.00,1.06,0.00,52.85,2.50,-,-,-
"Приозерский район, Поиск   от 25-07-2026",713047408,14.08.2026,Приозерский район,5776633358,Автотаргетинг,,-,0,-,0,стройбаза ларионово приозерский район каталог товаров,Широкие запросы,Запросы без упоминания брендов,-,,1916597733861553174,Комбинаторное,Производство в Выборге — доставка в район,,,,Поиск,Спецразмещение,Не определено,Смартфоны,iOS,Wi-Fi,Мужской,25-34 года,2–5%,Не определено,0.00,0,0,-,-,1,-,0.00,0.83,0.00,82.94,1.00,-,-,-
"Приозерский район, Поиск   от 25-07-2026",713047408,14.08.2026,Приозерский район,5776633358,Автотаргетинг,,-,0,-,0,стройбаза ларионово приозерский район каталог товаров с ценами,Широкие запросы,Запросы без упоминания брендов,-,,1916597733861553174,Комбинаторное,Производство в Выборге — доставка в район,,,,Поиск,Спецразмещение,Не определено,Смартфоны,Android,Wi-Fi,Мужской,45-54 года,Остальные,Не определено,0.00,0,0,-,-,1,-,0.00,0.93,0.00,92.59,1.00,-,-,-
"Приозерский район, Поиск   от 25-07-2026",713047408,14.08.2026,Приозерский район,5776633358,Автотаргетинг,,-,0,-,0,стройбаза ларионово приозерский район каталог товаров с ценами,Широкие запросы,Запросы без упоминания брендов,-,,1916597733861553174,Комбинаторное,Производство в Выборге — доставка в район,,,,Поиск,Прочее,Не определено,Смартфоны,Android,Wi-Fi,Мужской,45-54 года,Остальные,Не определено,0.00,0,0,-,-,1,-,0.00,1.37,0.00,137.27,5.00,-,-,-
"Приозерский район, Поиск   от 25-07-2026",713047408,14.08.2026,Приозерский район,5776633358,Автотаргетинг,,-,0,-,0,термопанель для фасада,Целевые запросы,Запросы без упоминания брендов,-,,1916597733861553174,Комбинаторное,Термопанели для дома в Приозерске,,,,Поиск,Спецразмещение,Не определено,Смартфоны,iOS,Wi-Fi,Мужской,35-44 года,2–5%,Не определено,0.00,0,0,-,-,1,-,0.00,0.86,0.00,85.55,2.00,-,-,-
"Приозерский район, Поиск   от 25-07-2026",713047408,14.08.2026,Приозерский район,5776633358,Автотаргетинг,,-,0,-,0,тн технониколь,Альтернативные запросы,Запросы без упоминания брендов,-,,1918168175770350076,Страницы каталога,Термопанель Колорадо 4 (32 шт),Термопанель Колорадо 4 (32 шт),,,Поиск,Прочее,Не определено,Смартфоны,iOS,Wi-Fi,Женский,45-54 года,2–5%,Не определено,0.00,0,0,-,-,1,-,0.00,0.09,0.00,8.50,5.00,-,-,-
"Приозерский район, Поиск   от 25-07-2026",713047408,14.08.2026,Приозерский район,5776633358,Автотаргетинг,,-,0,-,0,толщина утепления каркасного дома в ленинградской области,Сопутствующие запросы,Запросы без упоминания брендов,-,,1916597733861553174,Комбинаторное,Термопанели для дома в Приозерске,,,,Поиск,Спецразмещение,Не определено,Смартфоны,iOS,Wi-Fi,Мужской,35-44 года,Остальные,Не определено,0.00,0,0,-,-,1,-,0.00,1.12,0.00,112.37,2.00,-,-,-
"Приозерский район, Поиск   от 25-07-2026",713047408,14.08.2026,Приозерский район,5776633358,Автотаргетинг,,-,0,-,0,толщина утепления каркасного дома в ленинградской области,Сопутствующие запросы,Запросы без упоминания брендов,-,,1916597733861553174,Комбинаторное,Термопанели для дома в Приозерске,,,,Поиск,Прочее,Не определено,Смартфоны,iOS,Wi-Fi,Мужской,35-44 года,Остальные,Не определено,0.00,0,0,-,-,1,-,0.00,0.42,0.00,41.63,6.00,-,-,-
"Приозерский район, Поиск   от 25-07-2026",713047408,14.08.2026,Приозерский район,5776633358,Автотаргетинг,,-,0,-,0,топ хаус мягкая плитка фасадная технониколь,Альтернативные запросы,Запросы с упоминанием брендов конкурентов,-,,1916597733861553174,Комбинаторное,Термопанели с клинкерной плиткой - КлинкерПрофи,,,,Поиск,Спецразмещение,Не определено,Десктопы,Не определён,Wi-Fi,Мужской,45-54 года,Топ 1%,Не определено,0.00,0,0,-,-,1,-,0.00,0.52,0.00,51.96,2.00,-,-,-
"Приозерский район, Поиск   от 25-07-2026",713047408,14.08.2026,Приозерский район,5776633358,Автотаргетинг,,-,0,-,0,углы в доме из бруса как обшить снаружи,Сопутствующие запросы,Запросы без упоминания брендов,-,,1916597733861553174,Комбинаторное,Термопанели для дома в Приозерске,,,,Поиск,Спецразмещение,Не определено,Смартфоны,Android,Wi-Fi,Женский,45-54 года,Остальные,Не определено,0.00,0,0,-,-,1,-,0.00,1.00,0.00,100.00,-,-,-,-
"Приозерский район, Поиск   от 25-07-2026",713047408,14.08.2026,Приозерский район,5776633358,Автотаргетинг,,-,0,-,0,углы в доме из бруса как обшить снаружи,Сопутствующие запросы,Запросы без упоминания брендов,-,,1916597733861553174,Комбинаторное,Фасадные термопанели с клинкером,,,,Поиск,Спецразмещение,Не определено,Смартфоны,Android,Wi-Fi,Женский,45-54 года,Остальные,Не определено,0.00,0,0,-,-,1,-,0.00,1.13,0.00,113.24,3.00,-,-,-
"Приозерский район, Поиск   от 25-07-2026",713047408,14.08.2026,Приозерский район,5776633358,Автотаргетинг,,-,0,-,0,услуги по строительству,Широкие запросы,Запросы без упоминания брендов,-,,1916597733861553174,Комбинаторное,Утепление фасада термопанелями,,,,Поиск,Прочее,Не определено,Смартфоны,Android,Wi-Fi,Не определен,Не определен,Остальные,Не определено,0.00,0,0,-,-,1,-,0.00,0.31,0.00,30.99,8.00,-,-,-
"Приозерский район, Поиск   от 25-07-2026",713047408,14.08.2026,Приозерский район,5776633358,Автотаргетинг,,-,0,-,0,утепление в 100 мм достаточно ли для каркасного дома в ленобласти,Сопутствующие запросы,Запросы без упоминания брендов,-,,1916597733861553174,Комбинаторное,Термопанели для дома в Приозерске,,,,Поиск,Прочее,Не определено,Смартфоны,iOS,Wi-Fi,Мужской,35-44 года,Остальные,Не определено,0.00,0,0,-,-,3,-,0.00,2.09,0.00,69.50,5.00,-,-,-
"Приозерский район, Поиск   от 25-07-2026",713047408,14.08.2026,Приозерский район,5776633358,Автотаргетинг,,-,0,-,0,утепление ппу,Альтернативные запросы,Запросы без упоминания брендов,-,,1916597733861553174,Комбинаторное,Утепление фасада термопанелями,,,,Поиск,Спецразмещение,Не определено,Смартфоны,Android,Wi-Fi,Мужской,35-44 года,Остальные,Не определено,0.00,0,0,-,-,1,-,0.00,0.72,0.00,71.62,4.00,-,-,-
"Приозерский район, Поиск   от 25-07-2026",713047408,14.08.2026,Приозерский район,5776633358,Автотаргетинг,,-,0,-,0,утепление ппу о,Альтернативные запросы,Запросы без упоминания брендов,-,,1916597733861553174,Комбинаторное,Утепление фасада термопанелями,,,,Поиск,Спецразмещение,Не определено,Смартфоны,Android,Wi-Fi,Мужской,35-44 года,Остальные,Не определено,0.00,0,0,-,-,1,-,0.00,0.90,0.00,89.79,3.00,-,-,-
"Приозерский район, Поиск   от 25-07-2026",713047408,14.08.2026,Приозерский район,5776633358,Автотаргетинг,,-,0,-,0,утеплить эркер,Сопутствующие запросы,Запросы без упоминания брендов,-,,1916597733861553174,Комбинаторное,Утепление фасада термопанелями,,,,Поиск,Спецразмещение,Не определено,Смартфоны,Android,Wi-Fi,Женский,Старше 55,6–10%,Не определено,0.00,0,0,-,-,1,-,0.00,1.19,0.00,118.79,1.00,-,-,-
"Приозерский район, Поиск   от 25-07-2026",713047408,14.08.2026,Приозерский район,5776633358,Автотаргетинг,,-,0,-,0,утеплить эркер,Сопутствующие запросы,Запросы без упоминания брендов,-,,1916597733861553174,Комбинаторное,Утепление фасада термопанелями,,,,Поиск,Прочее,Не определено,Смартфоны,Android,Wi-Fi,Женский,Старше 55,6–10%,Не определено,0.00,0,0,-,-,1,-,0.00,1.00,0.00,100.00,5.00,-,-,-
"Приозерский район, Поиск   от 25-07-2026",713047408,14.08.2026,Приозерский район,5776633358,Автотаргетинг,,-,0,-,0,фасадные панели docke,Альтернативные запросы,Запросы с упоминанием брендов конкурентов,-,,1916597733861553174,Комбинаторное,Фасадные термопанели с клинкером,,,,Поиск,Спецразмещение,Не определено,Смартфоны,Android,Wi-Fi,Мужской,35-44 года,Остальные,Не определено,0.00,0,0,-,-,1,-,0.00,0.44,0.00,43.82,3.00,-,-,-
"Приозерский район, Поиск   от 25-07-2026",713047408,14.08.2026,Приозерский район,5776633358,Автотаргетинг,,-,0,-,0,фронтон в стиле модерн,Сопутствующие запросы,Запросы без упоминания брендов,-,,1916597733861553174,Комбинаторное,Фасадные термопанели с клинкером,,,,Поиск,Спецразмещение,Не определено,Смартфоны,Android,Wi-Fi,Мужской,35-44 года,6–10%,Не определено,0.00,0,0,-,-,1,-,0.00,1.00,0.00,100.00,-,-,-,-
"Приозерский район, Поиск   от 25-07-2026",713047408,14.08.2026,Приозерский район,5776633358,Автотаргетинг,,-,0,-,0,фронтон в стиле модерн,Сопутствующие запросы,Запросы без упоминания брендов,-,,1916597733861553174,Комбинаторное,Фасадные термопанели с клинкером,,,,Поиск,Прочее,Не определено,Смартфоны,Android,Wi-Fi,Мужской,35-44 года,6–10%,Не определено,0.00,0,0,-,-,1,-,0.00,0.09,0.00,8.50,5.00,-,-,-
"Приозерский район, Поиск   от 25-07-2026",713047408,14.08.2026,Приозерский район,5776633358,Автотаргетинг,,-,0,-,0,чем выровнять стены наружные,Сопутствующие запросы,Запросы без упоминания брендов,-,,1916597733861553174,Комбинаторное,Клинкерные термопанели — КлинкерПрофи,,,,Поиск,Спецразмещение,Не определено,Смартфоны,Android,Wi-Fi,Мужской,45-54 года,Топ 1%,Не определено,0.00,0,0,-,-,1,-,0.00,0.71,0.00,70.66,1.00,-,-,-
"Приозерский район, Поиск   от 25-07-2026",713047408,14.08.2026,Приозерский район,5776633358,Автотаргетинг,,-,0,-,0,чем выровнять стены наружные,Сопутствующие запросы,Запросы без упоминания брендов,-,,1916597733861553174,Комбинаторное,Клинкерные термопанели — КлинкерПрофи,,,,Поиск,Прочее,Не определено,Смартфоны,Android,Wi-Fi,Мужской,45-54 года,Топ 1%,Не определено,0.00,0,0,-,-,1,-,0.00,1.00,0.00,100.00,5.00,-,-,-
"Приозерский район, Поиск   от 25-07-2026",713047408,14.08.2026,Приозерский район,5776633358,Автотаргетинг,,-,0,-,0,что лучше осп или ветрозащитный гипсокартон для наружной обшивки дома,Сопутствующие запросы,Запросы без упоминания брендов,-,,1916597733861553174,Комбинаторное,Термопанели для дома в Приозерске,,,,Поиск,Прочее,Не определено,Десктопы,Не определён,Wi-Fi,Женский,Старше 55,Остальные,Не определено,0.00,0,0,-,-,1,-,0.00,0.44,0.00,44.42,6.00,-,-,-
"Приозерский район, Поиск   от 25-07-2026",713047408,14.08.2026,Приозерский район,5776633358,Автотаргетинг,,-,0,-,0,эковата,Альтернативные запросы,Запросы без упоминания брендов,-,,1916597733861553174,Комбинаторное,Утепление фасада термопанелями,,,,Поиск,Спецразмещение,Не определено,Смартфоны,Android,Wi-Fi,Мужской,25-34 года,Остальные,Не определено,0.00,0,0,-,-,1,-,0.00,0.53,0.00,53.20,2.00,-,-,-
"Приозерский район, Поиск   от 25-07-2026",713047408,14.08.2026,Приозерский район,5776633358,Автотаргетинг,,-,0,-,0,эковата,Альтернативные запросы,Запросы без упоминания брендов,-,,1916597733861553174,Комбинаторное,Утепление фасада термопанелями,,,,Поиск,Прочее,Не определено,Смартфоны,Android,Wi-Fi,Мужской,25-34 года,Остальные,Не определено,0.00,0,0,-,-,1,-,0.00,0.87,0.00,87.00,6.00,-,-,-
"Приозерский район, Поиск   от 25-07-2026",713047408,14.08.2026,Приозерский район,5776633358,Автотаргетинг,,-,0,-,0,элемент плодовое,Альтернативные запросы,Запросы без упоминания брендов,-,,1916597733861553174,Комбинаторное,Производство в Выборге — доставка в район,,,,Поиск,Прочее,Не определено,Смартфоны,Android,Wi-Fi,Женский,35-44 года,Остальные,Не определено,0.00,0,0,-,-,1,-,0.00,1.00,0.00,100.00,5.00,-,-,-
Термопанели в Выборге,712773255,14.08.2026,Группа 1 - коммерческая,5773901452,Фраза,термопанели -цена -производитель -купить -заказывать -доставка,-,0,-,0,fin therm фасадные термопанели,Альтернативные запросы,Запросы с упоминанием брендов конкурентов,Пословное,,1915802398259215246,Комбинаторное,Купить термопанели в Выборге напрямую,,,,Поиск,Товарная галерея,Не определено,Смартфоны,Android,Wi-Fi,Женский,45-54 года,Остальные,Не определено,0.00,0,0,-,-,1,-,0.00,0.32,0.00,32.27,5.00,-,-,-
Термопанели в Выборге,712773255,14.08.2026,Группа 1 - коммерческая,5773901452,Фраза,термопанели -цена -производитель -купить -заказывать -доставка,-,0,-,0,клинкерные термопанели для фасада,Целевые запросы,Запросы без упоминания брендов,Пословное,,1915802398259215246,Комбинаторное,Гарантия до 5 лет на термопанели,,,,Поиск,Прочее,Не определено,Смартфоны,Android,Wi-Fi,Мужской,35-44 года,Остальные,Не определено,0.00,0,0,-,-,1,-,0.00,0.35,0.00,34.90,9.00,-,-,-
Термопанели в Выборге,712773255,14.08.2026,Группа 1 - коммерческая,5773901452,Фраза,термопанели -цена -производитель -купить -заказывать -доставка,-,0,-,0,термопанели,Широкие запросы,Запросы без упоминания брендов,Пословное,,1915802398259215246,Комбинаторное,Купить термопанели в Выборге напрямую,,,,Поиск,Прочее,Не определено,Смартфоны,Android,Wi-Fi,Мужской,45-54 года,Остальные,Не определено,0.00,0,0,-,-,2,-,0.00,1.27,0.00,63.42,6.50,-,-,-
Термопанели в Выборге,712773255,14.08.2026,Группа 1 - коммерческая,5773901452,Фраза,термопанели -цена -производитель -купить -заказывать -доставка,-,0,-,0,термопанель для фасада,Широкие запросы,Запросы без упоминания брендов,Пословное,,1915802398259215246,Комбинаторное,Термопанели с клинкером - собственный завод в Выборге,,,,Поиск,Прочее,Не определено,Смартфоны,iOS,Wi-Fi,Мужской,35-44 года,2–5%,Не определено,0.00,0,0,-,-,1,-,0.00,0.35,0.00,34.90,9.00,-,-,-
Термопанели в Выборге,712773255,14.08.2026,Группа 1 - коммерческая,5773901452,Фраза,термопанели -цена -производитель -купить -заказывать -доставка,-,0,-,0,фасадная термопанель,Целевые запросы,Запросы без упоминания брендов,Пословное,,1915802398259215246,Комбинаторное,Производитель термопанелей в Ленобласти,,,,Поиск,Прочее,Не определено,Смартфоны,iOS,Wi-Fi,Мужской,18-24 года,Топ 1%,Не определено,0.00,0,0,-,-,1,-,0.00,0.35,0.00,34.90,9.00,-,-,-
Термопанели в Выборге,712773255,14.08.2026,Группа 1 - коммерческая,5773901452,Фраза,термопанели -цена -производитель -купить -заказывать -доставка,-,0,-,0,фасадные термопанели для наружной отделки,Широкие запросы,Запросы без упоминания брендов,Пословное,,1915802398259215246,Комбинаторное,Купить термопанели в Выборге напрямую,,,,Поиск,Прочее,Не определено,Смартфоны,iOS,Wi-Fi,Мужской,35-44 года,Топ 1%,Не определено,0.00,0,0,-,-,1,-,0.00,0.38,0.00,37.78,8.00,-,-,-
Термопанели в Выборге,712773255,14.08.2026,Группа 1 - коммерческая,5773901452,Фраза,термопанели -цена -производитель -купить -заказывать -доставка,-,0,-,0,чем затереть швы на термопанелях,Сопутствующие запросы,Запросы без упоминания брендов,Пословное,,1915802398259215246,Комбинаторное,Производитель термопанелей в Ленобласти,,,,Поиск,Прочее,Не определено,Десктопы,Не определён,Мобильная связь,Мужской,Старше 55,2–5%,Не определено,0.00,1,0,0.00,-,1,0.00,100.00,0.70,142.86,70.00,8.00,8.00,0.00,4.00
Термопанели в Выборге,712773255,14.08.2026,Группа 1 - коммерческая,5773901452,Автотаргетинг,,-,0,-,0,,Не определено,-,-,,1915802398259215246,Комбинаторное,Бесплатная доставка по Выборгскому району,,,,Сети,Прочее,Не определено,Смартфоны,Android,Мобильная связь,Мужской,Старше 55,Остальные,Не определено,0.00,0,0,-,-,1,-,0.00,1.00,0.00,100.00,-,-,-,-
Термопанели в Выборге,712773255,14.08.2026,Группа 1 - коммерческая,5773901452,Автотаргетинг,,-,0,-,0,амк завод тельмана,Альтернативные запросы,Запросы с упоминанием брендов конкурентов,-,,1915802398259215246,Комбинаторное,Производитель термопанелей в Ленобласти,,,,Поиск,Прочее,Не определено,Смартфоны,Android,Мобильная связь,Мужской,45-54 года,Остальные,Не определено,0.00,0,0,-,-,1,-,0.00,0.09,0.00,8.50,5.00,-,-,-
Термопанели в Выборге,712773255,14.08.2026,Группа 1 - коммерческая,5773901452,Автотаргетинг,,-,0,-,0,декоративные панели пвх кирпич облицовочный,Целевые запросы,Запросы без упоминания брендов,-,,1915802398259215246,Комбинаторное,Термопанели с клинкером - собственный завод в Выборге,,,,Поиск,Прочее,Не определено,Смартфоны,Android,Wi-Fi,Мужской,35-44 года,6–10%,Не определено,0.00,0,0,-,-,1,-,0.00,0.65,0.00,64.58,6.00,-,-,-
Термопанели в Выборге,712773255,14.08.2026,Группа 1 - коммерческая,5773901452,Автотаргетинг,,-,0,-,0,завод лоджикруф рязань это технониколь или нет,Сопутствующие запросы,Запросы с упоминанием брендов конкурентов,-,,1915802398259215246,Комбинаторное,Термопанели с клинкером - собственный завод в Выборге,,,,Поиск,Прочее,Не определено,Смартфоны,Android,Wi-Fi,Мужской,45-54 года,Остальные,Не определено,0.00,0,0,-,-,1,-,0.00,0.77,0.00,76.79,5.00,-,-,-
Термопанели в Выборге,712773255,14.08.2026,Группа 1 - коммерческая,5773901452,Автотаргетинг,,-,0,-,0,крепеж клинкерные панели дышащие,Сопутствующие запросы,Запросы без упоминания брендов,-,,1915802398259215246,Комбинаторное,Клинкерные термопанели - производство Выборг,,,,Поиск,Прочее,Не определено,Смартфоны,Android,Wi-Fi,Мужской,35-44 года,Остальные,Не определено,0.00,0,0,-,-,1,-,0.00,0.09,0.00,8.50,5.00,-,-,-
Термопанели в Выборге,712773255,14.08.2026,Группа 1 - коммерческая,5773901452,Автотаргетинг,,-,0,-,0,метал утиплитель метал,Сопутствующие запросы,Запросы без упоминания брендов,-,,1915802398259215246,Комбинаторное,Гарантия до 5 лет на термопанели,,,,Поиск,Спецразмещение,Не определено,Смартфоны,Android,Wi-Fi,Женский,18-24 года,Остальные,Не определено,0.00,1,0,0.00,-,1,0.00,100.00,0.56,177.69,56.28,2.00,2.00,100.00,1.00
Термопанели в Выборге,712773255,14.08.2026,Группа 1 - коммерческая,5773901452,Автотаргетинг,,-,0,-,0,мягкий камень для стен,Целевые запросы,Запросы без упоминания брендов,-,,1915802398259215246,Комбинаторное,Термопанели с клинкером - собственный завод в Выборге,,,,Поиск,Прочее,Не определено,Смартфоны,Android,Wi-Fi,Мужской,25-34 года,Остальные,Не определено,0.00,0,0,-,-,1,-,0.00,0.55,0.00,54.58,7.00,-,-,-
Термопанели в Выборге,712773255,14.08.2026,Группа 1 - коммерческая,5773901452,Автотаргетинг,,-,0,-,0,мягкий камень для стен,Целевые запросы,Запросы без упоминания брендов,-,,1915802398259215246,Комбинаторное,Термопанели с клинкером - собственный завод в Выборге,,,,Поиск,Прочее,Не определено,Смартфоны,Android,Wi-Fi,Женский,45-54 года,6–10%,Не определено,0.00,0,0,-,-,1,-,0.00,0.45,0.00,44.58,8.00,-,-,-
Термопанели в Выборге,712773255,14.08.2026,Группа 1 - коммерческая,5773901452,Автотаргетинг,,-,0,-,0,мягкий камень для стен,Целевые запросы,Запросы без упоминания брендов,-,,1915802398259215246,Комбинаторное,Термопанели с клинкером - собственный завод в Выборге,,,,Поиск,Товарная галерея,Не определено,Смартфоны,Android,Wi-Fi,Женский,45-54 года,6–10%,Не определено,0.00,0,0,-,-,1,-,0.00,0.03,0.00,3.30,37.00,-,-,-
Термопанели в Выборге,712773255,14.08.2026,Группа 2 - Гео (ключевая),5773898865,Автотаргетинг,,-,0,-,0,клинкерные панели терракотовый цвет,Узкие запросы,Запросы без упоминания брендов,-,,1915800871397818629,Комбинаторное,Клинкерные термопанели - производство Выборг,,,,Поиск,Спецразмещение,Не определено,Смартфоны,Android,Wi-Fi,Мужской,35-44 года,Остальные,Не определено,0.00,1,0,0.00,-,1,0.00,100.00,0.58,171.68,58.25,4.00,4.00,0.00,2.00
Термопанели в Выборге,712773255,14.08.2026,Группа 2 - Гео (ключевая),5773898865,Автотаргетинг,,-,0,-,0,термопанели зодиак официальный сайт,Альтернативные запросы,Запросы с упоминанием брендов конкурентов,-,,1915800871397818629,Комбинаторное,Производитель термопанелей в Ленобласти,,,,Поиск,Прочее,Не определено,Смартфоны,Android,Wi-Fi,Мужской,45-54 года,Остальные,Не определено,0.00,0,0,-,-,1,-,0.00,1.23,0.00,122.54,5.00,-,-,-
Термопанели в Выборге,712773255,14.08.2026,Группа 2 - Гео (ключевая),5773898865,Автотаргетинг,,-,0,-,0,тосно элемегт панели,Альтернативные запросы,Запросы без упоминания брендов,-,,1915800871397818629,Комбинаторное,Производитель термопанелей в Ленобласти,,,,Поиск,Спецразмещение,Не определено,Планшеты,Android,Wi-Fi,Мужской,Не определен,Остальные,Не определено,0.00,0,0,-,-,1,-,0.00,0.07,0.00,7.31,3.00,-,-,-
Термопанели в Выборге,712773255,14.08.2026,Группа 2 - Гео (ключевая),5773898865,Автотаргетинг,,-,0,-,0,угловая термопанель,Целевые запросы,Запросы без упоминания брендов,-,,1915800871397818629,Комбинаторное,Гарантия до 5 лет на термопанели,,,,Поиск,Прочее,Не определено,Смартфоны,iOS,Wi-Fi,Мужской,35-44 года,2–5%,Не определено,0.00,0,0,-,-,1,-,0.00,0.55,0.00,54.58,7.00,-,-,-
Термопанели в Выборге,712773255,14.08.2026,Группа 3 - клинкер (продуктовая),5773902142,Автотаргетинг,,-,0,-,0,,Не определено,-,-,,1915802914729060647,Комбинаторное,Производитель термопанелей в Ленобласти,,,,Сети,Прочее,Не определено,Смартфоны,Android,Wi-Fi,Мужской,45-54 года,2–5%,Не определено,0.00,1,0,0.00,-,1,0.00,100.00,1.00,100.00,100.00,-,-,0.00,1.00
Термопанели в Выборге,712773255,14.08.2026,Группа 3 - клинкер (продуктовая),5773902142,Автотаргетинг,,-,0,-,0,,Не определено,-,-,,1915802914729060647,Комбинаторное,"Термопанели в Выборге - завод на Ленина, 11",,,,Сети,Прочее,Не определено,Десктопы,Не определён,Wi-Fi,Мужской,18-24 года,Остальные,Не определено,0.00,0,0,-,-,1,-,0.00,1.00,0.00,100.00,-,-,-,-
Термопанели в Выборге,712773255,14.08.2026,Группа 3 - клинкер (продуктовая),5773902142,Автотаргетинг,,-,0,-,0,,Не определено,-,-,,1915802914729060647,Комбинаторное,"Термопанели в Выборге - завод на Ленина, 11",,,,Сети,Прочее,Не определено,Десктопы,Не определён,Wi-Fi,Мужской,Старше 55,Остальные,Не определено,0.00,0,0,-,-,1,-,0.00,1.00,0.00,100.00,-,-,-,-
Термопанели в Выборге,712773255,14.08.2026,Группа 3 - клинкер (продуктовая),5773902142,Автотаргетинг,,-,0,-,0,,Не определено,-,-,,1915802914729060647,Комбинаторное,"Термопанели в Выборге - завод на Ленина, 11",,,,Сети,Прочее,Не определено,Смартфоны,Android,Wi-Fi,Мужской,45-54 года,Остальные,Не определено,0.00,0,0,-,-,1,-,0.00,1.00,0.00,100.00,-,-,-,-
Термопанели в Выборге,712773255,14.08.2026,Группа 3 - клинкер (продуктовая),5773902142,Автотаргетинг,,-,0,-,0,,Не определено,-,-,,1915802914729060647,Комбинаторное,"Термопанели в Выборге - завод на Ленина, 11",,,,Сети,Прочее,Не определено,Смартфоны,Android,Wi-Fi,Женский,Старше 55,Остальные,Не определено,0.00,0,0,-,-,1,-,0.00,1.00,0.00,100.00,-,-,-,-
Термопанели в Выборге,712773255,14.08.2026,Группа 3 - клинкер (продуктовая),5773902142,Автотаргетинг,,-,0,-,0,,Не определено,-,-,,1915802914729060647,Комбинаторное,"Термопанели в Выборге - завод на Ленина, 11",,,,Сети,Прочее,Не определено,Смартфоны,Android,Мобильная связь,Мужской,Старше 55,Остальные,Не определено,0.00,0,0,-,-,1,-,0.00,1.00,0.00,100.00,-,-,-,-
Термопанели в Выборге,712773255,14.08.2026,Группа 3 - клинкер (продуктовая),5773902142,Автотаргетинг,,-,0,-,0,,Не определено,-,-,,1915802914729060647,Комбинаторное,Термопанели с клинкером - собственный завод в Выборге,,,,Сети,Прочее,Не определено,Смартфоны,Android,Wi-Fi,Мужской,35-44 года,Остальные,Не определено,0.00,0,0,-,-,1,-,0.00,1.00,0.00,100.00,-,-,-,-
Термопанели в Выборге,712773255,14.08.2026,Группа 3 - клинкер (продуктовая),5773902142,Автотаргетинг,,-,0,-,0,выборг ленина 11а,Альтернативные запросы,Запросы с упоминанием брендов конкурентов,-,,1915802914729060647,Комбинаторное,Заголовок из контента поискового сниппета или настроек объявления,,,,Поиск,Динамические места на поиске,Не определено,Смартфоны,Android,Wi-Fi,Мужской,45-54 года,Остальные,Не определено,0.00,0,0,-,-,1,-,0.00,0.29,0.00,28.71,3.00,-,-,-
Термопанели в Выборге,712773255,14.08.2026,Группа 3 - клинкер (продуктовая),5773902142,Автотаргетинг,,-,0,-,0,купить клинкерные термопанели для фасада,Целевые запросы,Запросы без упоминания брендов,-,,1915802914729060647,Комбинаторное,"Термопанели в Выборге - завод на Ленина, 11",,,,Поиск,Прочее,Не определено,Смартфоны,Android,Мобильная связь,Мужской,45-54 года,Остальные,Не определено,0.00,0,0,-,-,1,-,0.00,0.45,0.00,44.58,8.00,-,-,-
Термопанели в Выборге,712773255,14.08.2026,Группа 3 - клинкер (продуктовая),5773902142,Автотаргетинг,,-,0,-,0,купить термопанели,Целевые запросы,Запросы без упоминания брендов,-,,1915802914729060647,Комбинаторное,"Термопанели в Выборге - завод на Ленина, 11",,,,Поиск,Прочее,Не определено,Планшеты,Android,Wi-Fi,Женский,Старше 55,Остальные,Не определено,0.00,0,0,-,-,1,-,0.00,0.55,0.00,54.58,7.00,-,-,-
Термопанели в Выборге,712773255,14.08.2026,Группа 3 - клинкер (продуктовая),5773902142,Автотаргетинг,,-,0,-,0,метал утиплитель метал,Сопутствующие запросы,Запросы без упоминания брендов,-,,1915802914729060647,Комбинаторное,Гарантия до 5 лет на термопанели,,,,Поиск,Прочее,Не определено,Смартфоны,Android,Wi-Fi,Женский,18-24 года,Остальные,Не определено,0.00,0,0,-,-,1,-,0.00,0.09,0.00,8.50,5.00,-,-,-
Термопанели в Выборге,712773255,14.08.2026,Группа 3 - клинкер (продуктовая),5773902142,Автотаргетинг,,-,0,-,0,термопанели,Целевые запросы,Запросы без упоминания брендов,-,,1915802914729060647,Комбинаторное,"Термопанели в Выборге - завод на Ленина, 11",,,,Поиск,Товарная галерея,Не определено,Смартфоны,Android,Wi-Fi,Мужской,45-54 года,Остальные,Не определено,0.00,0,0,-,-,1,-,0.00,0.16,0.00,15.69,10.00,-,-,-
Термопанели в Выборге,712773255,14.08.2026,Группа 3 - клинкер (продуктовая),5773902142,Автотаргетинг,,-,0,-,0,термопанели на специальной,Целевые запросы,Запросы без упоминания брендов,-,,1915802914729060647,Комбинаторное,"Термопанели в Выборге - завод на Ленина, 11",,,,Поиск,Прочее,Не определено,Смартфоны,Android,Wi-Fi,Женский,45-54 года,Остальные,Не определено,0.00,0,0,-,-,1,-,0.00,0.45,0.00,44.58,8.00,-,-,-
Термопанели в Выборге,712773255,14.08.2026,Группа 3 - клинкер (продуктовая),5773902142,Автотаргетинг,,-,0,-,0,термопанели на специальной,Целевые запросы,Запросы без упоминания брендов,-,,1915802914729060647,Комбинаторное,"Термопанели в Выборге - завод на Ленина, 11",,,,Поиск,Товарная галерея,Не определено,Смартфоны,Android,Wi-Fi,Женский,45-54 года,Остальные,Не определено,0.00,0,0,-,-,1,-,0.00,0.23,0.00,22.94,7.00,-,-,-
Термопанели в Выборге,712773255,14.08.2026,Группа 3 - клинкер (продуктовая),5773902142,Автотаргетинг,,-,0,-,0,термосайдинг для наружной отделки дома,Целевые запросы,Запросы без упоминания брендов,-,,1915802914729060647,Комбинаторное,"Термопанели в Выборге - завод на Ленина, 11",,,,Поиск,Прочее,Не определено,Смартфоны,Android,Wi-Fi,Женский,Старше 55,Остальные,Не определено,0.00,0,0,-,-,1,-,0.00,0.55,0.00,54.58,7.00,-,-,-
Термопанели в Выборге,712773255,14.08.2026,Группа 3 - клинкер (продуктовая),5773902142,Автотаргетинг,,-,0,-,0,фасадная плитка на убере,Целевые запросы,Запросы без упоминания брендов,-,,1915802914729060647,Комбинаторное,"Термопанели в Выборге - завод на Ленина, 11",,,,Поиск,Прочее,Не определено,Смартфоны,Android,Wi-Fi,Женский,Старше 55,Остальные,Не определено,0.00,0,0,-,-,1,-,0.00,0.45,0.00,44.58,8.00,-,-,-
Термопанели в Выборге,712773255,14.08.2026,Группа 3 - клинкер (продуктовая),5773902142,Автотаргетинг,,-,0,-,0,фасадные термопанели отзывы,Целевые запросы,Запросы без упоминания брендов,-,,1915802914729060647,Комбинаторное,"Термопанели в Выборге - завод на Ленина, 11",,,,Поиск,Прочее,Не определено,Планшеты,iOS,Wi-Fi,Женский,25-34 года,2–5%,Не определено,0.00,0,0,-,-,1,-,0.00,0.45,0.00,44.58,8.00,-,-,-
Термопанели в Выборге,712773255,14.08.2026,Термопанели (Лен. область),5773097196,Автотаргетинг,,-,0,-,0,клинкерная плитка для фасада,Целевые запросы,Запросы без упоминания брендов,-,,1915608023072927866,Комбинаторное,Термопанели с клинкерной плиткой. Производство в Выборге,,,,Поиск,Прочее,Не определено,Смартфоны,iOS,Мобильная связь,Мужской,25-34 года,2–5%,Не определено,0.00,0,0,-,-,1,-,0.00,0.45,0.00,44.58,8.00,-,-,-
Термопанели в Выборге,712773255,14.08.2026,Термопанели (Лен. область),5773097196,Автотаргетинг,,-,0,-,0,клинкерная плитка для фасада,Целевые запросы,Запросы без упоминания брендов,-,,1915608023072927866,Комбинаторное,Термопанели с клинкерной плиткой. Производство в Выборге,,,,Поиск,Товарная галерея,Не определено,Смартфоны,Android,Wi-Fi,Мужской,25-34 года,Остальные,Не определено,0.00,0,0,-,-,1,-,0.00,0.28,0.00,28.21,6.00,-,-,-
Термопанели в Выборге,712773255,14.08.2026,Термопанели (Лен. область),5773097196,Автотаргетинг,,-,0,-,0,клинкерная плитка для фасада монтаж,Целевые запросы,Запросы без упоминания брендов,-,,1915608023072927866,Комбинаторное,Термопанели с клинкерной плиткой в Выборге!,,,,Поиск,Товарная галерея,Не определено,Десктопы,Не определён,Wi-Fi,Женский,25-34 года,Остальные,Не определено,0.00,0,0,-,-,1,-,0.00,0.06,0.00,6.19,18.00,-,-,-
Термопанели в Выборге,712773255,14.08.2026,Термопанели (Лен. область),5773097196,Автотаргетинг,,-,0,-,0,клинкерная плитка как выглядит,Целевые запросы,Запросы без упоминания брендов,-,,1915608023072927866,Комбинаторное,Термопанели с клинкерной плиткой. Производство в Выборге,,,,Поиск,Прочее,Не определено,Смартфоны,iOS,Wi-Fi,Женский,25-34 года,6–10%,Не определено,0.00,0,0,-,-,1,-,0.00,0.55,0.00,54.58,7.00,-,-,-
Термопанели в Выборге,712773255,14.08.2026,Термопанели (Лен. область),5773097196,Автотаргетинг,,-,0,-,0,клинкерные термопанели,Целевые запросы,Запросы без упоминания брендов,-,,1915608023072927866,Комбинаторное,Термопанели с клинкерной плиткой. Производство в Выборге,,,,Поиск,Прочее,Не определено,Смартфоны,Android,Wi-Fi,Мужской,Старше 55,Остальные,Не определено,0.00,0,0,-,-,1,-,0.00,0.55,0.00,54.58,7.00,-,-,-
Термопанели в Выборге,712773255,14.08.2026,Термопанели (Лен. область),5773097196,Автотаргетинг,,-,0,-,0,клинкерные термопанели,Целевые запросы,Запросы без упоминания брендов,-,,1915608023072927866,Комбинаторное,Термопанели с клинкерной плиткой. Производство в Выборге,,,,Поиск,Товарная галерея,Не определено,Смартфоны,Android,Wi-Fi,Мужской,Старше 55,Остальные,Не определено,0.00,0,0,-,-,3,-,0.00,0.86,0.00,28.60,6.33,-,-,-
Термопанели в Выборге,712773255,14.08.2026,Термопанели (Лен. область),5773097196,Автотаргетинг,,-,0,-,0,надежное покрытие по пеноплексу на фасаде,Целевые запросы,Запросы без упоминания брендов,-,,1915608023072927866,Комбинаторное,Термопанели с клинкерной плиткой. Производство в Выборге,,,,Поиск,Прочее,Не определено,Смартфоны,Android,Wi-Fi,Мужской,Старше 55,6–10%,Не определено,0.00,0,0,-,-,1,-,0.00,0.55,0.00,54.58,7.00,-,-,-
Термопанели в Выборге,712773255,14.08.2026,Термопанели (Лен. область),5773097196,Автотаргетинг,,-,0,-,0,стеновые панели для наружной отделки дома под кирпич с утеплителем,Целевые запросы,Запросы без упоминания брендов,-,,1915608023072927866,Комбинаторное,Термопанели с клинкерной плиткой. Производство в Выборге,,,,Поиск,Прочее,Не определено,Смартфоны,iOS,Wi-Fi,Мужской,35-44 года,6–10%,Не определено,0.00,0,0,-,-,1,-,0.00,0.45,0.00,44.58,8.00,-,-,-
Термопанели в Выборге,712773255,14.08.2026,Термопанели (Лен. область),5773097196,Автотаргетинг,,-,0,-,0,стеновые панели жаропрочные,Целевые запросы,Запросы без упоминания брендов,-,,1915608023072927866,Комбинаторное,Термопанели с клинкерной плиткой. Производство в Выборге,,,,Поиск,Прочее,Не определено,Смартфоны,iOS,Wi-Fi,Мужской,25-34 года,2–5%,Не определено,0.00,0,0,-,-,1,-,0.00,0.55,0.00,54.58,7.00,-,-,-
Термопанели в Выборге,712773255,14.08.2026,Термопанели (Лен. область),5773097196,Автотаргетинг,,-,0,-,0,стеновые панели жаропрочные,Целевые запросы,Запросы без упоминания брендов,-,,1915608023072927866,Комбинаторное,Термопанели с клинкерной плиткой. Производство в Выборге,,,,Поиск,Товарная галерея,Не определено,Смартфоны,iOS,Wi-Fi,Мужской,25-34 года,2–5%,Не определено,0.00,0,0,-,-,2,-,0.00,0.63,0.00,31.44,5.00,-,-,-
Термопанели в Выборге,712773255,14.08.2026,Термопанели (Лен. область),5773097196,Автотаргетинг,,-,0,-,0,теплопанели для отделки фасадов цена,Целевые запросы,Запросы без упоминания брендов,-,,1915608023072927866,Комбинаторное,Термопанели с клинкерной плиткой. Производство в Выборге,,,,Поиск,Прочее,Не определено,Десктопы,Не определён,Wi-Fi,Мужской,45-54 года,2–5%,Не определено,0.00,0,0,-,-,1,-,0.00,0.55,0.00,54.58,7.00,-,-,-
Термопанели в Выборге,712773255,14.08.2026,Термопанели (Лен. область),5773097196,Автотаргетинг,,-,0,-,0,теплые панели для фасада дома под кирпич,Целевые запросы,Запросы без упоминания брендов,-,,1915608023072927866,Комбинаторное,Термопанели с клинкерной плиткой. Производство в Выборге,,,,Поиск,Прочее,Не определено,Смартфоны,Android,Wi-Fi,Мужской,35-44 года,Остальные,Не определено,0.00,0,0,-,-,1,-,0.00,0.45,0.00,44.58,8.00,-,-,-
Термопанели в Выборге,712773255,14.08.2026,Термопанели (Лен. область),5773097196,Автотаргетинг,,-,0,-,0,теплые панели для фасада дома под кирпич,Целевые запросы,Запросы без упоминания брендов,-,,1915608023072927866,Комбинаторное,Термопанели с клинкерной плиткой. Производство в Выборге,,,,Поиск,Товарная галерея,Не определено,Смартфоны,Android,Wi-Fi,Мужской,35-44 года,Остальные,Не определено,0.00,0,0,-,-,4,-,0.00,1.11,0.00,27.77,7.00,-,-,-
Термопанели в Выборге,712773255,14.08.2026,Термопанели (Лен. область),5773097196,Автотаргетинг,,-,0,-,0,термопанели,Целевые запросы,Запросы без упоминания брендов,-,,1915608023072927866,Комбинаторное,Термопанели с клинкерной плиткой. Производство в Выборге,,,,Поиск,Прочее,Не определено,Смартфоны,Android,Wi-Fi,Женский,45-54 года,Остальные,Не определено,0.00,0,0,-,-,2,-,0.00,1.19,0.00,59.58,6.50,-,-,-
Термопанели в Выборге,712773255,14.08.2026,Термопанели (Лен. область),5773097196,Автотаргетинг,,-,0,-,0,термопанели 50 мм,Целевые запросы,Запросы без упоминания брендов,-,,1915608023072927866,Комбинаторное,Термопанели с клинкерной плиткой. Производство в Выборге,,,,Поиск,Прочее,Не определено,Смартфоны,Android,Wi-Fi,Мужской,25-34 года,Остальные,Не определено,0.00,0,0,-,-,1,-,0.00,0.65,0.00,64.58,6.00,-,-,-
Термопанели в Выборге,712773255,14.08.2026,Термопанели (Лен. область),5773097196,Автотаргетинг,,-,0,-,0,термопанели для наружной отделки дома,Целевые запросы,Запросы без упоминания брендов,-,,1915608023072927866,Комбинаторное,Термопанели с клинкерной плиткой. Производство в Выборге,,,,Поиск,Товарная галерея,Не определено,Смартфоны,Android,Wi-Fi,Мужской,Старше 55,Остальные,Не определено,0.00,0,0,-,-,2,-,0.00,0.71,0.00,35.48,4.50,-,-,-
Термопанели в Выборге,712773255,14.08.2026,Термопанели (Лен. область),5773097196,Автотаргетинг,,-,0,-,0,термопанели для наружной отделки фасада дома,Целевые запросы,Запросы без упоминания брендов,-,,1915608023072927866,Комбинаторное,Термопанели с клинкерной плиткой. Производство в Выборге,,,,Поиск,Прочее,Не определено,Смартфоны,Android,Wi-Fi,Мужской,35-44 года,Остальные,Не определено,0.00,0,0,-,-,1,-,0.00,0.45,0.00,44.58,8.00,-,-,-
Термопанели в Выборге,712773255,14.08.2026,Термопанели (Лен. область),5773097196,Автотаргетинг,,-,0,-,0,термопанели для наружной отделки фасада дома,Целевые запросы,Запросы без упоминания брендов,-,,1915608023072927866,Комбинаторное,Термопанели с клинкерной плиткой. Производство в Выборге,,,,Поиск,Товарная галерея,Не определено,Смартфоны,Android,Wi-Fi,Мужской,35-44 года,Остальные,Не определено,0.00,0,0,-,-,2,-,0.00,0.27,0.00,13.40,16.50,-,-,-
Термопанели в Выборге,712773255,14.08.2026,Термопанели (Лен. область),5773097196,Автотаргетинг,,-,0,-,0,термосайдинг купить,Целевые запросы,Запросы без упоминания брендов,-,,1915608023072927866,Комбинаторное,Термопанели с клинкерной плиткой. Производство в Выборге,,,,Поиск,Товарная галерея,Не определено,Смартфоны,Android,Wi-Fi,Женский,Старше 55,Остальные,Не определено,0.00,0,0,-,-,1,-,0.00,0.03,0.00,3.30,36.00,-,-,-
Термопанели в Выборге,712773255,14.08.2026,Термопанели (Лен. область),5773097196,Автотаргетинг,,-,0,-,0,утепляющие панели для фасадов дома,Целевые запросы,Запросы без упоминания брендов,-,,1915608023072927866,Комбинаторное,Термопанели с клинкерной плиткой. Производство в Выборге,,,,Поиск,Прочее,Не определено,Смартфоны,Android,Мобильная связь,Женский,35-44 года,Остальные,Не определено,0.00,0,0,-,-,1,-,0.00,0.55,0.00,54.58,7.00,-,-,-
Термопанели в Выборге,712773255,14.08.2026,Термопанели (Лен. область),5773097196,Автотаргетинг,,-,0,-,0,фасадная панель под клинкерный кирпич,Целевые запросы,Запросы без упоминания брендов,-,,1915608023072927866,Комбинаторное,Термопанели с клинкерной плиткой. Производство в Выборге,,,,Поиск,Прочее,Не определено,Смартфоны,Android,Wi-Fi,Мужской,45-54 года,Остальные,Не определено,0.00,0,0,-,-,1,-,0.00,0.85,0.00,84.88,5.00,-,-,-
Термопанели в Выборге,712773255,14.08.2026,Термопанели (Лен. область),5773097196,Автотаргетинг,,-,0,-,0,фасадные термопанели,Целевые запросы,Запросы без упоминания брендов,-,,1915608023072927866,Комбинаторное,Термопанели с клинкером. Свое производство в Выборге,,,,Поиск,Прочее,Не определено,Планшеты,iOS,Wi-Fi,Женский,25-34 года,2–5%,Не определено,0.00,0,0,-,-,1,-,0.00,0.45,0.00,44.58,8.00,-,-,-
Термопанели в Выборге,712773255,14.08.2026,Термопанели (Лен. область),5773097196,Автотаргетинг,,-,0,-,0,фасадные термопанели для наружной отделки,Целевые запросы,Запросы без упоминания брендов,-,,1915608023072927866,Комбинаторное,Термопанели с клинкерной плиткой. Производство в Выборге,,,,Поиск,Прочее,Не определено,Смартфоны,iOS,Wi-Fi,Мужской,35-44 года,Топ 1%,Не определено,0.00,0,0,-,-,1,-,0.00,0.55,0.00,54.58,7.00,-,-,-
Термопанели в Выборге,712773255,14.08.2026,Термопанели (Лен. область),5773097196,Автотаргетинг,,-,0,-,0,фасадные термопанели для наружной отделки,Целевые запросы,Запросы без упоминания брендов,-,,1915608023072927866,Комбинаторное,Термопанели с клинкерной плиткой. Производство в Выборге,,,,Поиск,Товарная галерея,Не определено,Смартфоны,iOS,Wi-Fi,Мужской,35-44 года,Топ 1%,Не определено,0.00,0,0,-,-,1,-,0.00,0.32,0.00,32.27,5.00,-,-,-
Термопанели в Выборге,712773255,14.08.2026,Термопанели (транз),5772834263,Фраза,купить клинкерные термопанели для фасада в спб,-,0,-,0,клинкерные термопанели для фасада купить в спб,Целевые запросы,Запросы без упоминания брендов,Пословное,,1915593209731060056,Комбинаторное,Термопанели с клинкерной плиткой в Выборге!,,,,Поиск,Прочее,Не определено,Смартфоны,Android,Wi-Fi,Мужской,35-44 года,Остальные,Не определено,0.00,0,0,-,-,1,-,0.00,0.35,0.00,34.90,9.00,-,-,-
Термопанели в Выборге,712773255,14.08.2026,Термопанели (транз),5772834263,Автотаргетинг,,-,0,-,0,,Не определено,-,-,,1915593209731060056,Комбинаторное,Термопанели с клинкером. Производство в Выборге,,,,Сети,Прочее,Не определено,Смартфоны,Android,Wi-Fi,Мужской,35-44 года,Остальные,Не определено,0.00,0,0,-,-,1,-,0.00,1.00,0.00,100.00,-,-,-,-
Термопанели в Выборге,712773255,14.08.2026,Термопанели (транз),5772834263,Автотаргетинг,,-,0,-,0,как обшить сват каркасного дома чтоб не дуло снизу,Сопутствующие запросы,Запросы без упоминания брендов,-,,1915593209731060056,Комбинаторное,Клинкерные термопанели для наружной отделки дома.,,,,Поиск,Прочее,Не определено,Смартфоны,iOS,Wi-Fi,Мужской,25-34 года,Остальные,Не определено,0.00,0,0,-,-,1,-,0.00,0.42,0.00,41.63,6.00,-,-,-
Термопанели в Выборге,712773255,14.08.2026,Термопанели (транз),5772834263,Автотаргетинг,,-,0,-,0,клинкер панели,Целевые запросы,Запросы без упоминания брендов,-,,1915593209731060056,Комбинаторное,Термопанели с клинкерной плиткой в Выборге!,,,,Поиск,Прочее,Не определено,Смартфоны,iOS,Wi-Fi,Мужской,25-34 года,Остальные,Не определено,0.00,0,0,-,-,1,-,0.00,0.55,0.00,54.58,7.00,-,-,-
Термопанели в Выборге,712773255,14.08.2026,Термопанели (транз),5772834263,Автотаргетинг,,-,0,-,0,клинкер панели под камень,Целевые запросы,Запросы без упоминания брендов,-,,1915593209731060056,Комбинаторное,Термопанели с клинкерной плиткой в Выборге!,,,,Поиск,Прочее,Не определено,Смартфоны,iOS,Wi-Fi,Мужской,25-34 года,Остальные,Не определено,0.00,0,0,-,-,1,-,0.00,0.55,0.00,54.58,7.00,-,-,-
Термопанели в Выборге,712773255,14.08.2026,Термопанели (транз),5772834263,Автотаргетинг,,-,0,-,0,клинкерная плитка для фасада,Целевые запросы,Запросы без упоминания брендов,-,,1915593209731060056,Комбинаторное,Термопанели с клинкерной плиткой в Выборге!,,,,Поиск,Прочее,Не определено,Смартфоны,Android,Wi-Fi,Мужской,25-34 года,Остальные,Не определено,0.00,0,0,-,-,1,-,0.00,0.65,0.00,64.58,6.00,-,-,-
Термопанели в Выборге,712773255,14.08.2026,Термопанели (транз),5772834263,Автотаргетинг,,-,0,-,0,клинкерная плитка для фасада,Целевые запросы,Запросы без упоминания брендов,-,,1915593209731060056,Комбинаторное,Термопанели с клинкерной плиткой в Выборге!,,,,Поиск,Товарная галерея,Не определено,Смартфоны,Android,Wi-Fi,Мужской,25-34 года,Остальные,Не определено,0.00,0,0,-,-,1,-,0.00,0.39,0.00,38.70,4.00,-,-,-
Термопанели в Выборге,712773255,14.08.2026,Термопанели (транз),5772834263,Автотаргетинг,,-,0,-,0,клинкерная плитка как выглядит,Целевые запросы,Запросы без упоминания брендов,-,,1915593209731060056,Комбинаторное,Термопанели с клинкерной плиткой в Выборге!,,,,Поиск,Прочее,Не определено,Смартфоны,iOS,Wi-Fi,Женский,25-34 года,6–10%,Не определено,0.00,0,0,-,-,1,-,0.00,0.65,0.00,64.58,6.00,-,-,-
Термопанели в Выборге,712773255,14.08.2026,Термопанели (транз),5772834263,Автотаргетинг,,-,0,-,0,клинкерные панели,Целевые запросы,Запросы без упоминания брендов,-,,1915593209731060056,Комбинаторное,Термопанели с клинкерной плиткой в Выборге!,,,,Поиск,Прочее,Не определено,Смартфоны,iOS,Wi-Fi,Женский,45-54 года,Остальные,Не определено,0.00,0,0,-,-,1,-,0.00,0.65,0.00,64.58,6.00,-,-,-
Термопанели в Выборге,712773255,14.08.2026,Термопанели (транз),5772834263,Автотаргетинг,,-,0,-,0,клинкерные панели,Целевые запросы,Запросы без упоминания брендов,-,,1915593209731060056,Комбинаторное,Термопанели с клинкерной плиткой в Выборге!,,,,Поиск,Товарная галерея,Не определено,Смартфоны,iOS,Wi-Fi,Женский,45-54 года,Остальные,Не определено,0.00,0,0,-,-,2,-,0.00,0.42,0.00,21.15,8.00,-,-,-
Термопанели в Выборге,712773255,14.08.2026,Термопанели (транз),5772834263,Автотаргетинг,,-,0,-,0,клинкерные панели терракотовый цвет,Целевые запросы,Запросы без упоминания брендов,-,,1915593209731060056,Комбинаторное,Клинкерные термопанели для наружной отделки дома.,,,,Поиск,Прочее,Не определено,Смартфоны,Android,Wi-Fi,Мужской,35-44 года,Остальные,Не определено,0.00,0,0,-,-,1,-,0.00,0.85,0.00,84.88,5.00,-,-,-
Термопанели в Выборге,712773255,14.08.2026,Термопанели (транз),5772834263,Автотаргетинг,,-,0,-,0,клинкерные панели терракотовый цвет,Целевые запросы,Запросы без упоминания брендов,-,,1915593209731060056,Комбинаторное,Клинкерные термопанели для наружной отделки дома.,,,,Поиск,Товарная галерея,Не определено,Смартфоны,Android,Wi-Fi,Мужской,35-44 года,Остальные,Не определено,0.00,0,0,-,-,1,-,0.00,0.49,0.00,48.86,3.00,-,-,-
Термопанели в Выборге,712773255,14.08.2026,Термопанели (транз),5772834263,Автотаргетинг,,-,0,-,0,клинкерные термопанели,Целевые запросы,Запросы без упоминания брендов,-,,1915593209731060056,Комбинаторное,"Клинкерные термопанели. Собственное производство, цена",,,,Поиск,Прочее,Не определено,Смартфоны,Android,Wi-Fi,Мужской,Старше 55,Остальные,Не определено,0.00,0,0,-,-,1,-,0.00,0.09,0.00,8.50,5.00,-,-,-
Термопанели в Выборге,712773255,14.08.2026,Термопанели (транз),5772834263,Автотаргетинг,,-,0,-,0,клинкерный фасад,Целевые запросы,Запросы без упоминания брендов,-,,1915593209731060056,Комбинаторное,Клинкерные термопанели для наружной отделки дома.,,,,Поиск,Прочее,Не определено,Смартфоны,iOS,Wi-Fi,Мужской,18-24 года,6–10%,Не определено,0.00,0,0,-,-,1,-,0.00,0.55,0.00,54.58,7.00,-,-,-
Термопанели в Выборге,712773255,14.08.2026,Термопанели (транз),5772834263,Автотаргетинг,,-,0,-,0,марка надежных термопанелей,Целевые запросы,Запросы без упоминания брендов,-,,1915593209731060056,Комбинаторное,Клинкерные термопанели для наружной отделки дома.,,,,Поиск,Прочее,Не определено,Смартфоны,Android,Wi-Fi,Мужской,45-54 года,Остальные,Не определено,0.00,0,0,-,-,1,-,0.00,0.65,0.00,64.58,6.00,-,-,-
Термопанели в Выборге,712773255,14.08.2026,Термопанели (транз),5772834263,Автотаргетинг,,-,0,-,0,монтаж термопанелей,Сопутствующие запросы,Запросы без упоминания брендов,-,,1915593209731060056,Комбинаторное,Клинкерные термопанели для наружной отделки дома.,,,,Поиск,Спецразмещение,Не определено,Смартфоны,Android,Wi-Fi,Мужской,35-44 года,Остальные,Не определено,0.00,0,0,-,-,3,-,0.00,2.43,0.00,80.87,1.67,-,-,-
Термопанели в Выборге,712773255,14.08.2026,Термопанели (транз),5772834263,Автотаргетинг,,-,0,-,0,надежное покрытие по пеноплексу на фасаде,Сопутствующие запросы,Запросы без упоминания брендов,-,,1915593209731060056,Комбинаторное,Клинкерные термопанели для наружной отделки дома.,,,,Поиск,Спецразмещение,Не определено,Смартфоны,Android,Wi-Fi,Мужской,Старше 55,6–10%,Не определено,0.00,0,0,-,-,1,-,0.00,0.80,0.00,80.01,3.00,-,-,-
Термопанели в Выборге,712773255,14.08.2026,Термопанели (транз),5772834263,Автотаргетинг,,-,0,-,0,облицовочный материал,Целевые запросы,Запросы без упоминания брендов,-,,1915593209731060056,Комбинаторное,Клинкерные термопанели для наружной отделки дома.,,,,Поиск,Прочее,Не определено,Смартфоны,iOS,Wi-Fi,Женский,18-24 года,Остальные,Не определено,0.00,0,0,-,-,1,-,0.00,0.45,0.00,44.58,8.00,-,-,-
Термопанели в Выборге,712773255,14.08.2026,Термопанели (транз),5772834263,Автотаргетинг,,-,0,-,0,облицовочный материал,Целевые запросы,Запросы без упоминания брендов,-,,1915593209731060056,Комбинаторное,Клинкерные термопанели для наружной отделки дома.,,,,Поиск,Товарная галерея,Не определено,Смартфоны,iOS,Wi-Fi,Женский,18-24 года,Остальные,Не определено,0.00,0,0,-,-,1,-,0.00,0.13,0.00,13.46,15.00,-,-,-
Термопанели в Выборге,712773255,14.08.2026,Термопанели (транз),5772834263,Автотаргетинг,,-,0,-,0,панели клинкерные для фасада с утеплителем,Целевые запросы,Запросы без упоминания брендов,-,,1915593209731060056,Комбинаторное,Клинкерные термопанели для наружной отделки дома.,,,,Поиск,Прочее,Не определено,Смартфоны,Android,Wi-Fi,Мужской,45-54 года,Остальные,Не определено,0.00,0,0,-,-,2,-,0.00,0.99,0.00,49.58,7.50,-,-,-
Термопанели в Выборге,712773255,14.08.2026,Термопанели (транз),5772834263,Автотаргетинг,,-,0,-,0,панели клинкерные для фасада с утеплителем,Целевые запросы,Запросы без упоминания брендов,-,,1915593209731060056,Комбинаторное,Клинкерные термопанели для наружной отделки дома.,,,,Поиск,Товарная галерея,Не определено,Смартфоны,Android,Wi-Fi,Мужской,45-54 года,Остальные,Не определено,0.00,0,0,-,-,4,-,0.00,1.11,0.00,27.78,6.75,-,-,-
Термопанели в Выборге,712773255,14.08.2026,Термопанели (транз),5772834263,Автотаргетинг,,-,0,-,0,панель теплоизоляционная цокольная,Целевые запросы,Запросы без упоминания брендов,-,,1915593209731060056,Комбинаторное,Клинкерные термопанели для наружной отделки дома.,,,,Поиск,Прочее,Не определено,Смартфоны,Android,Wi-Fi,Мужской,45-54 года,6–10%,Не определено,0.00,0,0,-,-,1,-,0.00,0.55,0.00,54.58,7.00,-,-,-
Термопанели в Выборге,712773255,14.08.2026,Термопанели (транз),5772834263,Автотаргетинг,,-,0,-,0,панель теплоизоляционная цокольная,Целевые запросы,Запросы без упоминания брендов,-,,1915593209731060056,Комбинаторное,Клинкерные термопанели для наружной отделки дома.,,,,Поиск,Товарная галерея,Не определено,Смартфоны,Android,Wi-Fi,Мужской,45-54 года,6–10%,Не определено,0.00,0,0,-,-,1,-,0.00,0.14,0.00,13.54,13.00,-,-,-
Термопанели в Выборге,712773255,14.08.2026,Термопанели (транз),5772834263,Автотаргетинг,,-,0,-,0,стоимость клинкерных панелей,Целевые запросы,Запросы без упоминания брендов,-,,1915593209731060056,Комбинаторное,Клинкерные термопанели для наружной отделки дома.,,,,Поиск,Прочее,Не определено,Смартфоны,Android,Wi-Fi,Женский,Старше 55,Остальные,Не определено,0.00,0,0,-,-,1,-,0.00,0.45,0.00,44.58,8.00,-,-,-
Термопанели в Выборге,712773255,14.08.2026,Термопанели (транз),5772834263,Автотаргетинг,,-,0,-,0,термопанели,Целевые запросы,Запросы без упоминания брендов,-,,1915593209731060056,Комбинаторное,Термопанели с клинкерной плиткой в Выборге!,,,,Поиск,Прочее,Не определено,Смартфоны,Android,Wi-Fi,Мужской,45-54 года,Остальные,Не определено,0.00,0,0,-,-,1,-,0.00,0.55,0.00,54.58,7.00,-,-,-
Термопанели в Выборге,712773255,14.08.2026,Термопанели (транз),5772834263,Автотаргетинг,,-,0,-,0,термопанели 50 мм,Целевые запросы,Запросы без упоминания брендов,-,,1915593209731060056,Комбинаторное,Клинкерные термопанели для наружной отделки дома.,,,,Поиск,Прочее,Не определено,Смартфоны,Android,Wi-Fi,Мужской,25-34 года,Остальные,Не определено,0.00,0,0,-,-,1,-,0.00,0.65,0.00,64.58,6.00,-,-,-
Термопанели в Выборге,712773255,14.08.2026,Термопанели (транз),5772834263,Автотаргетинг,,-,0,-,0,термопанели для наружной отделки,Целевые запросы,Запросы без упоминания брендов,-,,1915593209731060056,Комбинаторное,Клинкерные термопанели для наружной отделки дома.,,,,Поиск,Прочее,Не определено,Смартфоны,Android,Wi-Fi,Женский,45-54 года,Остальные,Не определено,0.00,0,0,-,-,1,-,0.00,0.55,0.00,54.58,7.00,-,-,-
Термопанели в Выборге,712773255,14.08.2026,Термопанели (транз),5772834263,Автотаргетинг,,-,0,-,0,термопанели для наружной отделки,Целевые запросы,Запросы без упоминания брендов,-,,1915593209731060056,Комбинаторное,Клинкерные термопанели для наружной отделки дома.,,,,Поиск,Товарная галерея,Не определено,Смартфоны,Android,Wi-Fi,Женский,45-54 года,Остальные,Не определено,0.00,0,0,-,-,1,-,0.00,0.39,0.00,38.70,4.00,-,-,-
Термопанели в Выборге,712773255,14.08.2026,Термопанели (транз),5772834263,Автотаргетинг,,-,0,-,0,термопанели для наружной отделки 100мм фасадные,Целевые запросы,Запросы без упоминания брендов,-,,1915593209731060056,Комбинаторное,Клинкерные термопанели для наружной отделки дома.,,,,Поиск,Прочее,Не определено,Смартфоны,Android,Мобильная связь,Женский,25-34 года,Остальные,Не определено,0.00,0,0,-,-,1,-,0.00,0.85,0.00,84.88,5.00,-,-,-
Термопанели в Выборге,712773255,14.08.2026,Термопанели (транз),5772834263,Автотаргетинг,,-,0,-,0,термопанели для наружной отделки 100мм фасадные,Целевые запросы,Запросы без упоминания брендов,-,,1915593209731060056,Комбинаторное,Клинкерные термопанели для наружной отделки дома.,,,,Поиск,Товарная галерея,Не определено,Смартфоны,Android,Мобильная связь,Женский,25-34 года,Остальные,Не определено,0.00,0,0,-,-,1,-,0.00,0.53,0.00,52.59,3.00,-,-,-
Термопанели в Выборге,712773255,14.08.2026,Термопанели (транз),5772834263,Автотаргетинг,,-,0,-,0,термопанели для наружной отделки деревянного дома цена,Целевые запросы,Запросы без упоминания брендов,-,,1915593209731060056,Комбинаторное,Клинкерные термопанели для наружной отделки дома.,,,,Поиск,Прочее,Не определено,Смартфоны,Android,Wi-Fi,Мужской,45-54 года,Остальные,Не определено,0.00,0,0,-,-,2,-,0.00,1.29,0.00,64.58,6.00,-,-,-
Термопанели в Выборге,712773255,14.08.2026,Термопанели (транз),5772834263,Автотаргетинг,,-,0,-,0,термопанели для наружной отделки дома,Целевые запросы,Запросы без упоминания брендов,-,,1915593209731060056,Комбинаторное,Клинкерные термопанели для наружной отделки дома.,,,,Поиск,Прочее,Не определено,Смартфоны,Android,Wi-Fi,Мужской,Старше 55,Остальные,Не определено,0.00,0,0,-,-,1,-,0.00,0.45,0.00,44.58,8.00,-,-,-
Термопанели в Выборге,712773255,14.08.2026,Термопанели (транз),5772834263,Автотаргетинг,,-,0,-,0,термопанели для наружной отделки дома цена,Целевые запросы,Запросы без упоминания брендов,-,,1915593209731060056,Комбинаторное,Клинкерные термопанели для наружной отделки дома.,,,,Поиск,Прочее,Не определено,Смартфоны,Android,Wi-Fi,Мужской,Старше 55,Остальные,Не определено,0.00,0,0,-,-,2,-,0.00,1.39,0.00,69.73,6.00,-,-,-
Термопанели в Выборге,712773255,14.08.2026,Термопанели (транз),5772834263,Автотаргетинг,,-,0,-,0,термопанели дышащие на газобетонные блоки,Целевые запросы,Запросы без упоминания брендов,-,,1915593209731060056,Комбинаторное,Клинкерные термопанели для наружной отделки дома.,,,,Поиск,Прочее,Не определено,Смартфоны,Android,Wi-Fi,Женский,Старше 55,Остальные,Не определено,0.00,0,0,-,-,1,-,0.00,0.55,0.00,54.58,7.00,-,-,-
Термопанели в Выборге,712773255,14.08.2026,Термопанели (транз),5772834263,Автотаргетинг,,-,0,-,0,термопанели дышащие на газобетонные блоки,Целевые запросы,Запросы без упоминания брендов,-,,1915593209731060056,Комбинаторное,Клинкерные термопанели для наружной отделки дома.,,,,Поиск,Товарная галерея,Не определено,Смартфоны,Android,Wi-Fi,Женский,Старше 55,Остальные,Не определено,0.00,0,0,-,-,2,-,0.00,0.51,0.00,25.29,9.00,-,-,-
Термопанели в Выборге,712773255,14.08.2026,Термопанели (транз),5772834263,Автотаргетинг,,-,0,-,0,термопанели на газобетонные блоки,Целевые запросы,Запросы без упоминания брендов,-,,1915593209731060056,Комбинаторное,Клинкерные термопанели для наружной отделки дома.,,,,Поиск,Прочее,Не определено,Смартфоны,Android,Wi-Fi,Женский,Старше 55,Остальные,Не определено,0.00,0,0,-,-,2,-,0.00,1.09,0.00,54.58,7.00,-,-,-
Термопанели в Выборге,712773255,14.08.2026,Термопанели (транз),5772834263,Автотаргетинг,,-,0,-,0,термопанели на газобетонные блоки,Целевые запросы,Запросы без упоминания брендов,-,,1915593209731060056,Комбинаторное,Клинкерные термопанели для наружной отделки дома.,,,,Поиск,Товарная галерея,Не определено,Смартфоны,Android,Wi-Fi,Женский,Старше 55,Остальные,Не определено,0.00,0,0,-,-,1,-,0.00,0.25,0.00,25.29,9.00,-,-,-
Термопанели в Выборге,712773255,14.08.2026,Термопанели (транз),5772834263,Автотаргетинг,,-,0,-,0,термопанели фасадные,Целевые запросы,Запросы без упоминания брендов,-,,1915593209731060056,Комбинаторное,Клинкерные термопанели для наружной отделки дома.,,,,Поиск,Прочее,Не определено,Смартфоны,Android,Wi-Fi,Мужской,45-54 года,Остальные,Не определено,0.00,0,0,-,-,1,-,0.00,0.65,0.00,64.58,6.00,-,-,-
Термопанели в Выборге,712773255,14.08.2026,Термопанели (транз),5772834263,Автотаргетинг,,-,0,-,0,термосайдинг для наружной отделки дома,Целевые запросы,Запросы без упоминания брендов,-,,1915593209731060056,Комбинаторное,Клинкерные термопанели для наружной отделки дома.,,,,Поиск,Товарная галерея,Не определено,Смартфоны,Android,Wi-Fi,Женский,Старше 55,Остальные,Не определено,0.00,0,0,-,-,1,-,0.00,0.32,0.00,32.27,5.00,-,-,-
Термопанели в Выборге,712773255,14.08.2026,Термопанели (транз),5772834263,Автотаргетинг,,-,0,-,0,термосайдинг для наружной отделки дома,Целевые запросы,Запросы без упоминания брендов,-,,1915593209731060056,Комбинаторное,Фасадные термопанели под кирпич для наружной отделки.,,,,Поиск,Товарная галерея,Не определено,Смартфоны,Android,Wi-Fi,Женский,Старше 55,Остальные,Не определено,0.00,0,0,-,-,1,-,0.00,0.05,0.00,4.59,26.00,-,-,-
Термопанели в Выборге,712773255,14.08.2026,Термопанели (транз),5772834263,Автотаргетинг,,-,0,-,0,утепление цоколя дома спб,Сопутствующие запросы,Запросы без упоминания брендов,-,,1915593209731060056,Комбинаторное,Клинкерные термопанели для наружной отделки дома.,,,,Поиск,Спецразмещение,Не определено,Смартфоны,Android,Wi-Fi,Мужской,25-34 года,6–10%,Не определено,0.00,1,0,0.00,-,1,0.00,100.00,1.07,93.83,106.58,2.00,2.00,0.00,1.00
Термопанели в Выборге,712773255,14.08.2026,Термопанели (транз),5772834263,Автотаргетинг,,-,0,-,0,фасадная термопанель,Целевые запросы,Запросы без упоминания брендов,-,,1915593209731060056,Комбинаторное,Термопанели с клинкерной плиткой в Выборге!,,,,Поиск,Товарная галерея,Не определено,Смартфоны,iOS,Wi-Fi,Мужской,18-24 года,Топ 1%,Не определено,0.00,0,0,-,-,1,-,0.00,0.25,0.00,25.32,8.00,-,-,-
Термопанели в Выборге,712773255,14.08.2026,Термопанели (транз),5772834263,Автотаргетинг,,-,0,-,0,фасадная термопанель,Целевые запросы,Запросы без упоминания брендов,-,,1915593209731060056,Комбинаторное,Фасадные термопанели под кирпич для наружной отделки.,,,,Поиск,Прочее,Не определено,Смартфоны,iOS,Wi-Fi,Мужской,18-24 года,Топ 1%,Не определено,0.00,0,0,-,-,1,-,0.00,0.45,0.00,44.58,8.00,-,-,-
Термопанели в Выборге,712773255,14.08.2026,Термопанели (транз),5772834263,Автотаргетинг,,-,0,-,0,фасадные материалы для частного дома,Целевые запросы,Запросы без упоминания брендов,-,,1915593209731060056,Комбинаторное,Клинкерные термопанели для наружной отделки дома.,,,,Поиск,Товарная галерея,Не определено,Смартфоны,Android,Wi-Fi,Мужской,45-54 года,Остальные,Не определено,0.00,0,0,-,-,1,-,0.00,0.13,0.00,13.42,16.00,-,-,-
Термопанели в Выборге,712773255,14.08.2026,Термопанели (транз),5772834263,Автотаргетинг,,-,0,-,0,фасадные материалы с утеелпителем,Целевые запросы,Запросы без упоминания брендов,-,,1915593209731060056,Комбинаторное,Клинкерные термопанели для наружной отделки дома.,,,,Поиск,Товарная галерея,Не определено,Смартфоны,iOS,Wi-Fi,Мужской,35-44 года,Топ 1%,Не определено,0.00,0,0,-,-,1,-,0.00,0.06,0.00,6.31,17.00,-,-,-
Термопанели в Выборге,712773255,14.08.2026,Термопанели (транз),5772834263,Автотаргетинг,,-,0,-,0,цена искусственного камня для фундамента,Целевые запросы,Запросы без упоминания брендов,-,,1915593209731060056,Комбинаторное,Фасадные термопанели под кирпич для наружной отделки.,,,,Поиск,Товарная галерея,Не определено,Смартфоны,Android,Wi-Fi,Мужской,18-24 года,6–10%,Не определено,0.00,0,0,-,-,1,-,0.00,0.03,0.00,3.30,92.00,-,-,-
"Приозерский район, Поиск   от 25-07-2026",713047408,15.08.2026,Приозерский район,5776633358,Фраза,фасадные панели с утеплителем,-,0,-,0,термопанели бакс сколько весит одна панель крупный камень к бд,Альтернативные запросы,Запросы с упоминанием брендов конкурентов,Семантическое,,1918168175770350076,Страницы каталога,Термопанели с клинкерной плиткой. Производство в Выборге,Термопанели с клинкерной плиткой — КлинкерПрофи,,,Поиск,Спецразмещение,Не определено,Смартфоны,Android,Wi-Fi,Мужской,Старше 55,Остальные,Не определено,0.00,0,0,-,-,1,-,0.00,0.92,0.00,91.54,1.00,-,-,-
"Приозерский район, Поиск   от 25-07-2026",713047408,15.08.2026,Приозерский район,5776633358,Автотаргетинг,,-,0,-,0,,Альтернативные запросы,Запросы без упоминания брендов,-,,1916597733861553174,Комбинаторное,Утепление фасада термопанелями,,,,Поиск,Прочее,Не определено,Смартфоны,Android,Wi-Fi,Мужской,45-54 года,Остальные,Не определено,0.00,0,0,-,-,1,-,0.00,0.79,0.00,78.56,5.00,-,-,-
"Приозерский район, Поиск   от 25-07-2026",713047408,15.08.2026,Приозерский район,5776633358,Автотаргетинг,,-,0,-,0,,Альтернативные запросы,Запросы без упоминания брендов,-,,1918168175770350076,Страницы каталога,Термопанели с клинкерной плиткой. Производство в Выборге,Термопанели с клинкерной плиткой — КлинкерПрофи,,,Поиск,Прочее,Не определено,Планшеты,iOS,Wi-Fi,Мужской,Старше 55,Топ 1%,Не определено,0.00,0,0,-,-,1,-,0.00,1.00,0.00,100.00,5.00,-,-,-
"Приозерский район, Поиск   от 25-07-2026",713047408,15.08.2026,Приозерский район,5776633358,Автотаргетинг,,-,0,-,0,,Сопутствующие запросы,Запросы без упоминания брендов,-,,1916597733861553174,Комбинаторное,Клинкерные термопанели — КлинкерПрофи,,,,Поиск,Прочее,Не определено,Смартфоны,Android,Wi-Fi,Мужской,25-34 года,6–10%,Не определено,0.00,0,0,-,-,1,-,0.00,1.00,0.00,100.00,5.00,-,-,-
"Приозерский район, Поиск   от 25-07-2026",713047408,15.08.2026,Приозерский район,5776633358,Автотаргетинг,,-,0,-,0,,Сопутствующие запросы,Запросы без упоминания брендов,-,,1916597733861553174,Комбинаторное,Фасадные термопанели с клинкером,,,,Поиск,Прочее,Не определено,Смартфоны,Android,Wi-Fi,Мужской,Старше 55,Остальные,Не определено,0.00,0,0,-,-,1,-,0.00,0.77,0.00,76.79,5.00,-,-,-
"Приозерский район, Поиск   от 25-07-2026",713047408,15.08.2026,Приозерский район,5776633358,Автотаргетинг,,-,0,-,0,,Сопутствующие запросы,Запросы без упоминания брендов,-,,1918168175770350076,Страницы каталога,Термопанели с клинкерной плиткой. Производство в Выборге,Термопанели с клинкерной плиткой — КлинкерПрофи,,,Поиск,Прочее,Не определено,Планшеты,iOS,Wi-Fi,Мужской,Старше 55,Топ 1%,Не определено,0.00,0,0,-,-,1,-,0.00,1.00,0.00,100.00,5.00,-,-,-
"Приозерский район, Поиск   от 25-07-2026",713047408,15.08.2026,Приозерский район,5776633358,Автотаргетинг,,-,0,-,0,алюкабонд,Альтернативные запросы,Запросы без упоминания брендов,-,,1916597733861553174,Комбинаторное,Фасадные термопанели с клинкером,,,,Поиск,Спецразмещение,Не определено,Смартфоны,iOS,Wi-Fi,Женский,35-44 года,6–10%,Не определено,0.00,0,0,-,-,1,-,0.00,0.38,0.00,37.87,3.00,-,-,-
"Приозерский район, Поиск   от 25-07-2026",713047408,15.08.2026,Приозерский район,5776633358,Автотаргетинг,,-,0,-,0,база ларионово строительная каталог,Широкие запросы,Запросы без упоминания брендов,-,,1916597733861553174,Комбинаторное,Производство в Выборге — доставка в район,,,,Поиск,Спецразмещение,Не определено,Десктопы,Не определён,Wi-Fi,Женский,Старше 55,Остальные,Не определено,0.00,0,0,-,-,1,-,0.00,0.88,0.00,88.08,1.00,-,-,-
"Приозерский район, Поиск   от 25-07-2026",713047408,15.08.2026,Приозерский район,5776633358,Автотаргетинг,,-,0,-,0,база ларионово строительная каталог,Широкие запросы,Запросы без упоминания брендов,-,,1916597733861553174,Комбинаторное,Производство в Выборге — доставка в район,,,,Поиск,Прочее,Не определено,Десктопы,Не определён,Wi-Fi,Женский,Старше 55,Остальные,Не определено,0.00,0,0,-,-,1,-,0.00,1.18,0.00,117.93,5.00,-,-,-
"Приозерский район, Поиск   от 25-07-2026",713047408,15.08.2026,Приозерский район,5776633358,Автотаргетинг,,-,0,-,0,белтермо для каркасного дома цена,Альтернативные запросы,Запросы без упоминания брендов,-,,1916597733861553174,Комбинаторное,Термопанели для дома в Приозерске,,,,Поиск,Спецразмещение,Не определено,Смартфоны,Android,Wi-Fi,Мужской,35-44 года,Остальные,Не определено,0.00,0,0,-,-,2,-,0.00,1.61,0.00,80.41,1.00,-,-,-
"Приозерский район, Поиск   от 25-07-2026",713047408,15.08.2026,Приозерский район,5776633358,Автотаргетинг,,-,0,-,0,белтермо для каркасного дома цена,Альтернативные запросы,Запросы без упоминания брендов,-,,1916597733861553174,Комбинаторное,Термопанели для дома в Приозерске,,,,Поиск,Прочее,Не определено,Смартфоны,Android,Wi-Fi,Мужской,35-44 года,Остальные,Не определено,0.00,0,0,-,-,1,-,0.00,1.37,0.00,136.92,5.00,-,-,-
"Приозерский район, Поиск   от 25-07-2026",713047408,15.08.2026,Приозерский район,5776633358,Автотаргетинг,,-,0,-,0,бетонные фасадные панели для наружной отделки,Альтернативные запросы,Запросы без упоминания брендов,-,,1918168175770350076,Страницы каталога,Термопанели с клинкерной плиткой. Производство в Выборге,Термопанели с клинкерной плиткой — КлинкерПрофи,,,Поиск,Спецразмещение,Не определено,Смартфоны,Android,Wi-Fi,Мужской,25-34 года,Остальные,Не определено,0.00,0,0,-,-,2,-,0.00,1.62,0.00,81.14,1.00,-,-,-
"Приозерский район, Поиск   от 25-07-2026",713047408,15.08.2026,Приозерский район,5776633358,Автотаргетинг,,-,0,-,0,бетонные фасадные панели для цоколя,Альтернативные запросы,Запросы без упоминания брендов,-,,1918168175770350076,Страницы каталога,Термопанели с клинкерной плиткой. Производство в Выборге,Термопанели с клинкерной плиткой — КлинкерПрофи,,,Поиск,Спецразмещение,Не определено,Смартфоны,Android,Wi-Fi,Мужской,25-34 года,Остальные,Не определено,0.00,0,0,-,-,1,-,0.00,0.90,0.00,89.95,1.00,-,-,-
"Приозерский район, Поиск   от 25-07-2026",713047408,15.08.2026,Приозерский район,5776633358,Автотаргетинг,,-,0,-,0,бетонные фасадные панели для цоколя,Альтернативные запросы,Запросы без упоминания брендов,-,,1918168175770350076,Страницы каталога,Термопанели с клинкерной плиткой. Производство в Выборге,Термопанели с клинкерной плиткой — КлинкерПрофи,,,Поиск,Прочее,Не определено,Смартфоны,Android,Wi-Fi,Мужской,25-34 года,Остальные,Не определено,0.00,0,0,-,-,1,-,0.00,1.37,0.00,137.07,5.00,-,-,-
"Приозерский район, Поиск   от 25-07-2026",713047408,15.08.2026,Приозерский район,5776633358,Автотаргетинг,,-,0,-,0,вагонка для наружной обшивки дома,Альтернативные запросы,Запросы без упоминания брендов,-,,1916597733861553174,Комбинаторное,Термопанели для дома в Приозерске,,,,Поиск,Спецразмещение,Не определено,Смартфоны,iOS,Мобильная связь,Мужской,35-44 года,6–10%,Не определено,0.00,0,0,-,-,2,-,0.00,1.87,0.00,93.71,1.50,-,-,-
"Приозерский район, Поиск   от 25-07-2026",713047408,15.08.2026,Приозерский район,5776633358,Автотаргетинг,,-,0,-,0,вагонка для наружной отделки,Альтернативные запросы,Запросы без упоминания брендов,-,,1918168175770350076,Страницы каталога,Термопанели с клинкерной плиткой. Производство в Выборге,Термопанели с клинкерной плиткой — КлинкерПрофи,,,Поиск,Спецразмещение,Не определено,Смартфоны,iOS,Мобильная связь,Мужской,35-44 года,6–10%,Не определено,0.00,0,0,-,-,1,-,0.00,0.77,0.00,76.77,2.00,-,-,-
"Приозерский район, Поиск   от 25-07-2026",713047408,15.08.2026,Приозерский район,5776633358,Автотаргетинг,,-,0,-,0,вертикальная отделка фасада,Сопутствующие запросы,Запросы без упоминания брендов,-,,1918168175770350076,Страницы каталога,Термопанели с клинкерной плиткой. Производство в Выборге,Термопанели с клинкерной плиткой — КлинкерПрофи,,,Поиск,Спецразмещение,Не определено,Смартфоны,Android,Wi-Fi,Женский,45-54 года,Остальные,Не определено,0.00,0,0,-,-,1,-,0.00,0.58,0.00,57.77,2.00,-,-,-
"Приозерский район, Поиск   от 25-07-2026",713047408,15.08.2026,Приозерский район,5776633358,Автотаргетинг,,-,0,-,0,вертикальная отделка фасада,Сопутствующие запросы,Запросы без упоминания брендов,-,,1918168175770350076,Страницы каталога,Термопанели с клинкерной плиткой. Производство в Выборге,Термопанели с клинкерной плиткой — КлинкерПрофи,,,Поиск,Прочее,Не определено,Смартфоны,Android,Wi-Fi,Женский,45-54 года,Остальные,Не определено,0.00,0,0,-,-,1,-,0.00,0.42,0.00,41.63,6.00,-,-,-
"Приозерский район, Поиск   от 25-07-2026",713047408,15.08.2026,Приозерский район,5776633358,Автотаргетинг,,-,0,-,0,ветровлагозащита для стен,Сопутствующие запросы,Запросы без упоминания брендов,-,,1918168175770350076,Страницы каталога,Термопанель Колорадо 4 (32 шт),Термопанель Колорадо 4 (32 шт),,,Поиск,Прочее,Не определено,Смартфоны,Android,Wi-Fi,Женский,35-44 года,Остальные,Не определено,0.00,0,0,-,-,1,-,0.00,0.09,0.00,8.50,5.00,-,-,-
"Приозерский район, Поиск   от 25-07-2026",713047408,15.08.2026,Приозерский район,5776633358,Автотаргетинг,,-,0,-,0,ветровлагозащита для стен каркасного дома какой стороной крепить,Сопутствующие запросы,Запросы без упоминания брендов,-,,1916597733861553174,Комбинаторное,Клинкерные термопанели — КлинкерПрофи,,,,Поиск,Прочее,Не определено,Смартфоны,Android,Wi-Fi,Женский,35-44 года,Остальные,Не определено,0.00,0,0,-,-,1,-,0.00,0.09,0.00,8.50,5.00,-,-,-
"Приозерский район, Поиск   от 25-07-2026",713047408,15.08.2026,Приозерский район,5776633358,Автотаргетинг,,-,0,-,0,ветрозащитная плита для стен каркасного дома,Альтернативные запросы,Запросы без упоминания брендов,-,,1916597733861553174,Комбинаторное,Фасадные термопанели с клинкером,,,,Поиск,Прочее,Не определено,Десктопы,Не определён,Wi-Fi,Женский,Старше 55,Остальные,Не определено,0.00,0,0,-,-,1,-,0.00,0.44,0.00,44.42,6.00,-,-,-
"Приозерский район, Поиск   от 25-07-2026",713047408,15.08.2026,Приозерский район,5776633358,Автотаргетинг,,-,0,-,0,вимос приозерск каталог,Широкие запросы,Запросы с упоминанием брендов конкурентов,-,,1916597733861553174,Комбинаторное,Производство в Выборге — доставка в район,,,,Поиск,Прочее,Не определено,Смартфоны,Android,Wi-Fi,Мужской,45-54 года,Остальные,Не определено,0.00,0,0,-,-,1,-,0.00,0.09,0.00,8.50,5.00,-,-,-
"Приозерский район, Поиск   от 25-07-2026",713047408,15.08.2026,Приозерский район,5776633358,Автотаргетинг,,-,0,-,0,вимос приозерск утеплитель,Альтернативные запросы,Запросы с упоминанием брендов конкурентов,-,,1916597733861553174,Комбинаторное,"Приозерск, Сосново — термопанели с клинкером",,,,Поиск,Прочее,Не определено,Смартфоны,Android,Wi-Fi,Мужской,45-54 года,Остальные,Не определено,0.00,0,0,-,-,1,-,0.00,0.09,0.00,8.50,5.00,-,-,-
"Приозерский район, Поиск   от 25-07-2026",713047408,15.08.2026,Приозерский район,5776633358,Автотаргетинг,,-,0,-,0,вимос строительные материалы приозерск каталог товаров и цены,Широкие запросы,Запросы с упоминанием брендов конкурентов,-,,1916597733861553174,Комбинаторное,Производство в Выборге — доставка в район,,,,Поиск,Спецразмещение,Не определено,Смартфоны,Android,Wi-Fi,Мужской,Старше 55,Остальные,Не определено,0.00,0,0,-,-,1,-,0.00,0.94,0.00,94.22,1.00,-,-,-
"Приозерский район, Поиск   от 25-07-2026",713047408,15.08.2026,Приозерский район,5776633358,Автотаргетинг,,-,0,-,0,вимос строительные материалы приозерск каталог товаров и цены,Широкие запросы,Запросы с упоминанием брендов конкурентов,-,,1916597733861553174,Комбинаторное,Производство в Выборге — доставка в район,,,,Поиск,Прочее,Не определено,Смартфоны,Android,Wi-Fi,Мужской,Старше 55,Остальные,Не определено,0.00,0,0,-,-,1,-,0.00,1.00,0.00,100.00,5.00,-,-,-
"Приозерский район, Поиск   от 25-07-2026",713047408,15.08.2026,Приозерский район,5776633358,Автотаргетинг,,-,0,-,0,выборг строительные магазины,Широкие запросы,Запросы без упоминания брендов,-,,1916597733861553174,Комбинаторное,Производство в Выборге — доставка в район,,,,Поиск,Спецразмещение,Не определено,Смартфоны,Android,Wi-Fi,Мужской,35-44 года,Остальные,Не определено,0.00,0,0,-,-,1,-,0.00,0.84,0.00,84.08,1.00,-,-,-
"Приозерский район, Поиск   от 25-07-2026",713047408,15.08.2026,Приозерский район,5776633358,Автотаргетинг,,-,0,-,0,горизонтальный профиль для фасадных панелей купить,Сопутствующие запросы,Запросы без упоминания брендов,-,,1918168175770350076,Страницы каталога,Термопанель Колорадо 4 (32 шт),Термопанель Колорадо 4 (32 шт),,,Поиск,Спецразмещение,Не определено,Смартфоны,Android,Wi-Fi,Мужской,45-54 года,Остальные,Не определено,0.00,0,0,-,-,1,-,0.00,0.72,0.00,72.40,2.00,-,-,-
"Приозерский район, Поиск   от 25-07-2026",713047408,15.08.2026,Приозерский район,5776633358,Автотаргетинг,,-,0,-,0,декоративный отделочный камень купить на вайлдберриз,Альтернативные запросы,Запросы с упоминанием брендов конкурентов,-,,1918168175770350076,Страницы каталога,Клинкерная плитка фасадная STONE (палевый),Клинкерная плитка фасадная STONE (палевый),,,Поиск,Спецразмещение,Не определено,Смартфоны,Android,Wi-Fi,Женский,Старше 55,Остальные,Не определено,0.00,0,0,-,-,1,-,0.00,0.82,0.00,81.92,1.00,-,-,-
"Приозерский район, Поиск   от 25-07-2026",713047408,15.08.2026,Приозерский район,5776633358,Автотаргетинг,,-,0,-,0,дом на возвышении как отделать бугор вокруг,Сопутствующие запросы,Запросы без упоминания брендов,-,,1918168175770350076,Страницы каталога,Термопанели с клинкерной плиткой. Производство в Выборге,Термопанели с клинкерной плиткой — КлинкерПрофи,,,Поиск,Спецразмещение,Не определено,Смартфоны,Android,Wi-Fi,Мужской,35-44 года,Остальные,Не определено,0.00,0,0,-,-,1,-,0.00,0.83,0.00,82.93,1.00,-,-,-
"Приозерский район, Поиск   от 25-07-2026",713047408,15.08.2026,Приозерский район,5776633358,Автотаргетинг,,-,0,-,0,дом на возвышении как отделать бугор вокруг,Сопутствующие запросы,Запросы без упоминания брендов,-,,1918168175770350076,Страницы каталога,Термопанели с клинкерной плиткой. Производство в Выборге,Термопанели с клинкерной плиткой — КлинкерПрофи,,,Поиск,Спецразмещение,Не определено,Смартфоны,Android,Wi-Fi,Мужской,35-44 года,6–10%,Не определено,0.00,0,0,-,-,1,-,0.00,0.67,0.00,66.84,1.00,-,-,-
"Приозерский район, Поиск   от 25-07-2026",713047408,15.08.2026,Приозерский район,5776633358,Автотаргетинг,,-,0,-,0,дом на возвышении как отделать бугор вокруг,Сопутствующие запросы,Запросы без упоминания брендов,-,,1918168175770350076,Страницы каталога,Термопанели с клинкерной плиткой. Производство в Выборге,Термопанели с клинкерной плиткой — КлинкерПрофи,,,Поиск,Прочее,Не определено,Смартфоны,Android,Wi-Fi,Мужской,35-44 года,Остальные,Не определено,0.00,0,0,-,-,1,-,0.00,1.21,0.00,121.23,5.00,-,-,-
"Приозерский район, Поиск   от 25-07-2026",713047408,15.08.2026,Приозерский район,5776633358,Автотаргетинг,,-,0,-,0,дом с фасадом из хауберг,Альтернативные запросы,Запросы без упоминания брендов,-,,1916597733861553174,Комбинаторное,Термопанели с клинкерной плиткой - КлинкерПрофи,,,,Поиск,Спецразмещение,Не определено,Смартфоны,iOS,Wi-Fi,Женский,35-44 года,6–10%,Не определено,0.00,0,0,-,-,1,-,0.00,1.00,0.00,100.00,-,-,-,-
"Приозерский район, Поиск   от 25-07-2026",713047408,15.08.2026,Приозерский район,5776633358,Автотаргетинг,,-,0,-,0,дом с фасадом из хауберг,Альтернативные запросы,Запросы без упоминания брендов,-,,1916597733861553174,Комбинаторное,Фасадные термопанели с клинкером,,,,Поиск,Прочее,Не определено,Смартфоны,iOS,Wi-Fi,Женский,35-44 года,6–10%,Не определено,0.00,0,0,-,-,1,-,0.00,0.09,0.00,8.50,5.00,-,-,-
"Приозерский район, Поиск   от 25-07-2026",713047408,15.08.2026,Приозерский район,5776633358,Автотаргетинг,,-,0,-,0,зашить дом внизу,Сопутствующие запросы,Запросы без упоминания брендов,-,,1916597733861553174,Комбинаторное,Фасадные термопанели с клинкером,,,,Поиск,Спецразмещение,Не определено,Смартфоны,iOS,Wi-Fi,Женский,35-44 года,Остальные,Не определено,0.00,0,0,-,-,1,-,0.00,1.00,0.00,100.00,-,-,-,-
"Приозерский район, Поиск   от 25-07-2026",713047408,15.08.2026,Приозерский район,5776633358,Автотаргетинг,,-,0,-,0,искусственный камень white hills производитель официальный сайт,Альтернативные запросы,Запросы с упоминанием брендов конкурентов,-,,1918168175770350076,Страницы каталога,Термопанели с клинкерной плиткой. Производство в Выборге,Термопанели с клинкерной плиткой — КлинкерПрофи,,,Поиск,Спецразмещение,Не определено,Планшеты,iOS,Wi-Fi,Мужской,Старше 55,Топ 1%,Не определено,0.00,0,0,-,-,1,-,0.00,0.89,0.00,88.60,1.00,-,-,-
"Приозерский район, Поиск   от 25-07-2026",713047408,15.08.2026,Приозерский район,5776633358,Автотаргетинг,,-,0,-,0,искусственный камень white hills производитель официальный сайт,Альтернативные запросы,Запросы с упоминанием брендов конкурентов,-,,1918168175770350076,Страницы каталога,Термопанели с клинкерной плиткой. Производство в Выборге,Термопанели с клинкерной плиткой — КлинкерПрофи,,,Поиск,Прочее,Не определено,Планшеты,iOS,Wi-Fi,Мужской,Старше 55,Топ 1%,Не определено,0.00,0,0,-,-,1,-,0.00,1.17,0.00,117.33,5.00,-,-,-
"Приозерский район, Поиск   от 25-07-2026",713047408,15.08.2026,Приозерский район,5776633358,Автотаргетинг,,-,0,-,0,как быстро изнашивается отделка из термопанелей,Сопутствующие запросы,Запросы без упоминания брендов,-,,1916597733861553174,Комбинаторное,Термопанели для дома в Приозерске,,,,Поиск,Спецразмещение,Не определено,Смартфоны,iOS,Wi-Fi,Женский,35-44 года,Остальные,Не определено,0.00,0,0,-,-,1,-,0.00,1.13,0.00,113.09,2.00,-,-,-
"Приозерский район, Поиск   от 25-07-2026",713047408,15.08.2026,Приозерский район,5776633358,Автотаргетинг,,-,0,-,0,как зашивают фронтон у крыльца,Сопутствующие запросы,Запросы без упоминания брендов,-,,1916597733861553174,Комбинаторное,Клинкерные термопанели — КлинкерПрофи,,,,Поиск,Спецразмещение,Не определено,Смартфоны,iOS,Wi-Fi,Женский,25-34 года,6–10%,Не определено,0.00,0,0,-,-,1,-,0.00,1.00,0.00,100.00,-,-,-,-
"Приозерский район, Поиск   от 25-07-2026",713047408,15.08.2026,Приозерский район,5776633358,Автотаргетинг,,-,0,-,0,как зашить фронтон у крыльца с разными высотами,Сопутствующие запросы,Запросы без упоминания брендов,-,,1916597733861553174,Комбинаторное,Клинкерные термопанели — КлинкерПрофи,,,,Поиск,Спецразмещение,Не определено,Смартфоны,iOS,Wi-Fi,Женский,25-34 года,6–10%,Не определено,0.00,0,0,-,-,1,-,0.00,1.00,0.00,100.00,-,-,-,-
"Приозерский район, Поиск   от 25-07-2026",713047408,15.08.2026,Приозерский район,5776633358,Автотаргетинг,,-,0,-,0,как отделать цоколь дома,Сопутствующие запросы,Запросы без упоминания брендов,-,,1916597733861553174,Комбинаторное,Термопанели с клинкерной плиткой - КлинкерПрофи,,,,Поиск,Прочее,Не определено,Смартфоны,iOS,Wi-Fi,Мужской,25-34 года,2–5%,Не определено,0.00,0,0,-,-,1,-,0.00,0.87,0.00,87.00,6.00,-,-,-
"Приозерский район, Поиск   от 25-07-2026",713047408,15.08.2026,Приозерский район,5776633358,Автотаргетинг,,-,0,-,0,как правильно утеплить дом из сэндвич панелей,Сопутствующие запросы,Запросы без упоминания брендов,-,,1916597733861553174,Комбинаторное,Утепление фасада термопанелями,,,,Поиск,Спецразмещение,Не определено,Смартфоны,Android,Wi-Fi,Мужской,35-44 года,Остальные,Не определено,0.00,0,0,-,-,1,-,0.00,0.88,0.00,88.39,2.00,-,-,-
"Приозерский район, Поиск   от 25-07-2026",713047408,15.08.2026,Приозерский район,5776633358,Автотаргетинг,,-,0,-,0,как преобразить фасад дома,Сопутствующие запросы,Запросы без упоминания брендов,-,,1916597733861553174,Комбинаторное,Термопанели для дома в Приозерске,,,,Поиск,Спецразмещение,Не определено,Смартфоны,Android,Wi-Fi,Женский,35-44 года,Остальные,Не определено,0.00,0,0,-,-,2,-,0.00,2.36,0.00,117.90,1.50,-,-,-
"Приозерский район, Поиск   от 25-07-2026",713047408,15.08.2026,Приозерский район,5776633358,Автотаргетинг,,-,0,-,0,как преобразить фасад дома,Сопутствующие запросы,Запросы без упоминания брендов,-,,1916597733861553174,Комбинаторное,Фасадные термопанели с клинкером,,,,Поиск,Спецразмещение,Не определено,Смартфоны,Android,Wi-Fi,Женский,35-44 года,Остальные,Не определено,0.00,0,0,-,-,2,-,0.00,2.00,0.00,100.00,-,-,-,-
"Приозерский район, Поиск   от 25-07-2026",713047408,15.08.2026,Приозерский район,5776633358,Автотаргетинг,,-,0,-,0,как установить каркас для фасадных панелей,Сопутствующие запросы,Запросы без упоминания брендов,-,,1918168175770350076,Страницы каталога,Термопанели с клинкерной плиткой. Производство в Выборге,Термопанели с клинкерной плиткой — КлинкерПрофи,,,Поиск,Спецразмещение,Не определено,Смартфоны,Android,Wi-Fi,Мужской,45-54 года,Остальные,Не определено,0.00,0,0,-,-,1,-,0.00,1.05,0.00,105.45,2.00,-,-,-
"Приозерский район, Поиск   от 25-07-2026",713047408,15.08.2026,Приозерский район,5776633358,Автотаргетинг,,-,0,-,0,как установить каркас для фасадных панелей,Сопутствующие запросы,Запросы без упоминания брендов,-,,1918168175770350076,Страницы каталога,Термопанели с клинкерной плиткой. Производство в Выборге,Термопанели с клинкерной плиткой — КлинкерПрофи,,,Поиск,Прочее,Не определено,Смартфоны,Android,Wi-Fi,Мужской,45-54 года,Остальные,Не определено,0.00,0,0,-,-,1,-,0.00,1.21,0.00,121.01,5.00,-,-,-
"Приозерский район, Поиск   от 25-07-2026",713047408,15.08.2026,Приозерский район,5776633358,Автотаргетинг,,-,0,-,0,как утеплить веранду из бревна снаружи,Сопутствующие запросы,Запросы без упоминания брендов,-,,1916597733861553174,Комбинаторное,Термопанели для дома в Приозерске,,,,Поиск,Спецразмещение,Не определено,Смартфоны,iOS,Wi-Fi,Женский,35-44 года,2–5%,Не определено,0.00,0,0,-,-,2,-,0.00,2.13,0.00,106.26,1.00,-,-,-
"Приозерский район, Поиск   от 25-07-2026",713047408,15.08.2026,Приозерский район,5776633358,Автотаргетинг,,-,0,-,0,каменная плита для обогрева,Альтернативные запросы,Запросы без упоминания брендов,-,,1918168175770350076,Страницы каталога,Термопанель Колорадо 3 (32 шт),Термопанель Колорадо 3 (32 шт),,,Поиск,Прочее,Не определено,Смартфоны,iOS,Мобильная связь,Женский,45-54 года,Остальные,Не определено,0.00,0,0,-,-,1,-,0.00,1.00,0.00,100.00,5.00,-,-,-
"Приозерский район, Поиск   от 25-07-2026",713047408,15.08.2026,Приозерский район,5776633358,Автотаргетинг,,-,0,-,0,каменная плита для обогрева,Альтернативные запросы,Запросы без упоминания брендов,-,,1918168175770350076,Страницы каталога,Термопанель Колорадо 5 (32 шт),Термопанель Колорадо 5 (32 шт),,,Поиск,Прочее,Не определено,Смартфоны,iOS,Мобильная связь,Женский,45-54 года,Остальные,Не определено,0.00,0,0,-,-,1,-,0.00,0.09,0.00,8.50,5.00,-,-,-
"Приозерский район, Поиск   от 25-07-2026",713047408,15.08.2026,Приозерский район,5776633358,Автотаргетинг,,-,0,-,0,кирпич hoga,Альтернативные запросы,Запросы без упоминания брендов,-,,1918168175770350076,Страницы каталога,Клинкерная плитка фасадная STONE (палевый),Клинкерная плитка фасадная STONE (палевый),,,Поиск,Прочее,Не определено,Смартфоны,iOS,Wi-Fi,Женский,25-34 года,2–5%,Не определено,0.00,0,0,-,-,1,-,0.00,0.09,0.00,8.50,5.00,-,-,-
"Приозерский район, Поиск   от 25-07-2026",713047408,15.08.2026,Приозерский район,5776633358,Автотаргетинг,,-,0,-,0,кирпич облицовочный чертвертной,Альтернативные запросы,Запросы без упоминания брендов,-,,1916597733861553174,Комбинаторное,Клинкерные термопанели — КлинкерПрофи,,,,Поиск,Спецразмещение,Не определено,Смартфоны,iOS,Мобильная связь,Женский,25-34 года,2–5%,Не определено,0.00,0,0,-,-,1,-,0.00,0.83,0.00,83.25,1.00,-,-,-
"Приозерский район, Поиск   от 25-07-2026",713047408,15.08.2026,Приозерский район,5776633358,Автотаргетинг,,-,0,-,0,кирпич ручной формовки длинный,Альтернативные запросы,Запросы без упоминания брендов,-,,1916597733861553174,Комбинаторное,Клинкерные термопанели — КлинкерПрофи,,,,Поиск,Спецразмещение,Не определено,Десктопы,Не определён,Wi-Fi,Мужской,Старше 55,Остальные,Не определено,0.00,0,0,-,-,1,-,0.00,0.90,0.00,89.90,-,-,-,-
"Приозерский район, Поиск   от 25-07-2026",713047408,15.08.2026,Приозерский район,5776633358,Автотаргетинг,,-,0,-,0,композитные панели,Альтернативные запросы,Запросы без упоминания брендов,-,,1916597733861553174,Комбинаторное,Клинкерные термопанели — КлинкерПрофи,,,,Поиск,Прочее,Не определено,Десктопы,Не определён,Wi-Fi,Мужской,35-44 года,Топ 1%,Не определено,0.00,0,0,-,-,1,-,0.00,1.16,0.00,115.89,5.00,-,-,-
"Приозерский район, Поиск   от 25-07-2026",713047408,15.08.2026,Приозерский район,5776633358,Автотаргетинг,,-,0,-,0,крепление утепляющего материала на деревянный дом,Сопутствующие запросы,Запросы без упоминания брендов,-,,1916597733861553174,Комбинаторное,Термопанели для дома в Приозерске,,,,Поиск,Спецразмещение,Не определено,Смартфоны,Android,Wi-Fi,Мужской,Старше 55,Остальные,Не определено,0.00,0,0,-,-,2,-,0.00,1.90,0.00,94.82,1.50,-,-,-
"Приозерский район, Поиск   от 25-07-2026",713047408,15.08.2026,Приозерский район,5776633358,Автотаргетинг,,-,0,-,0,минимальное утепление стен в лен обл,Сопутствующие запросы,Запросы без упоминания брендов,-,,1916597733861553174,Комбинаторное,Термопанели для дома в Приозерске,,,,Поиск,Спецразмещение,Не определено,Смартфоны,Android,Wi-Fi,Мужской,45-54 года,Остальные,Не определено,0.00,1,0,0.00,-,1,0.00,100.00,1.07,93.61,106.83,1.00,1.00,100.00,1.00
"Приозерский район, Поиск   от 25-07-2026",713047408,15.08.2026,Приозерский район,5776633358,Автотаргетинг,,-,0,-,0,минимальное утепление стен в лен обл,Сопутствующие запросы,Запросы без упоминания брендов,-,,1916597733861553174,Комбинаторное,Термопанели для дома в Приозерске,,,,Поиск,Прочее,Не определено,Смартфоны,Android,Wi-Fi,Мужской,45-54 года,Остальные,Не определено,0.00,0,0,-,-,2,-,0.00,1.77,0.00,88.40,5.00,-,-,-
"Приозерский район, Поиск   от 25-07-2026",713047408,15.08.2026,Приозерский район,5776633358,Автотаргетинг,,-,0,-,0,мягкие панели на заказ,Альтернативные запросы,Запросы без упоминания брендов,-,,1918168175770350076,Страницы каталога,Термопанель Колорадо 1 (32 шт),Термопанель Колорадо 1 (32 шт),,,Поиск,Спецразмещение,Не определено,Смартфоны,iOS,Wi-Fi,Женский,45-54 года,6–10%,Не определено,0.00,0,0,-,-,1,-,0.00,0.84,0.00,84.31,1.00,-,-,-
"Приозерский район, Поиск   от 25-07-2026",713047408,15.08.2026,Приозерский район,5776633358,Автотаргетинг,,-,0,-,0,натуральный кирпич для квартиры купить,Альтернативные запросы,Запросы без упоминания брендов,-,,1918168175770350076,Страницы каталога,Термопанель Колорадо 5 (32 шт),Термопанель Колорадо 5 (32 шт),,,Поиск,Спецразмещение,Не определено,Десктопы,Не определён,Wi-Fi,Женский,18-24 года,Остальные,Не определено,0.00,1,0,0.00,-,1,0.00,100.00,0.94,106.01,94.33,1.00,1.00,0.00,1.00
"Приозерский район, Поиск   от 25-07-2026",713047408,15.08.2026,Приозерский район,5776633358,Автотаргетинг,,-,0,-,0,оливковый цвет фасад,Альтернативные запросы,Запросы без упоминания брендов,-,,1918168175770350076,Страницы каталога,Клинкерная плитка фасадная WALL GREY,Клинкерная плитка фасадная WALL GREY,,,Поиск,Спецразмещение,Не определено,Смартфоны,Android,Wi-Fi,Женский,Старше 55,Остальные,Не определено,0.00,0,0,-,-,2,-,0.00,2.00,0.00,100.00,-,-,-,-
"Приозерский район, Поиск   от 25-07-2026",713047408,15.08.2026,Приозерский район,5776633358,Автотаргетинг,,-,0,-,0,оливковый цвет фасад,Альтернативные запросы,Запросы без упоминания брендов,-,,1918168175770350076,Страницы каталога,Клинкерная плитка фасадная WALL GREY,Клинкерная плитка фасадная WALL GREY,,,Поиск,Прочее,Не определено,Смартфоны,Android,Wi-Fi,Женский,Старше 55,Остальные,Не определено,0.00,0,0,-,-,1,-,0.00,0.09,0.00,8.50,5.00,-,-,-
"Приозерский район, Поиск   от 25-07-2026",713047408,15.08.2026,Приозерский район,5776633358,Автотаргетинг,,-,0,-,0,оливковый цвет фасад дома,Сопутствующие запросы,Запросы без упоминания брендов,-,,1916597733861553174,Комбинаторное,Фасадные термопанели с клинкером,,,,Поиск,Спецразмещение,Не определено,Смартфоны,Android,Wi-Fi,Женский,Старше 55,Остальные,Не определено,0.00,0,0,-,-,3,-,0.00,3.18,0.00,106.01,1.00,-,-,-
"Приозерский район, Поиск   от 25-07-2026",713047408,15.08.2026,Приозерский район,5776633358,Автотаргетинг,,-,0,-,0,отделка бугра вокруг дома,Сопутствующие запросы,Запросы без упоминания брендов,-,,1918168175770350076,Страницы каталога,Термопанели с клинкерной плиткой. Производство в Выборге,Термопанели с клинкерной плиткой — КлинкерПрофи,,,Поиск,Спецразмещение,Не определено,Смартфоны,Android,Wi-Fi,Мужской,35-44 года,Остальные,Не определено,0.00,0,0,-,-,1,-,0.00,0.96,0.00,95.80,1.00,-,-,-
"Приозерский район, Поиск   от 25-07-2026",713047408,15.08.2026,Приозерский район,5776633358,Автотаргетинг,,-,0,-,0,отделка цоколя частного дома,Сопутствующие запросы,Запросы без упоминания брендов,-,,1916597733861553174,Комбинаторное,Клинкерные термопанели — КлинкерПрофи,,,,Поиск,Спецразмещение,Не определено,Смартфоны,iOS,Wi-Fi,Женский,35-44 года,2–5%,Не определено,0.00,0,0,-,-,1,-,0.00,0.86,0.00,85.66,2.00,-,-,-
"Приозерский район, Поиск   от 25-07-2026",713047408,15.08.2026,Приозерский район,5776633358,Автотаргетинг,,-,0,-,0,отделка цоколя частного дома,Сопутствующие запросы,Запросы без упоминания брендов,-,,1916597733861553174,Комбинаторное,Термопанели для дома в Приозерске,,,,Поиск,Прочее,Не определено,Смартфоны,iOS,Wi-Fi,Женский,35-44 года,2–5%,Не определено,0.00,0,0,-,-,1,-,0.00,0.77,0.00,76.79,5.00,-,-,-
"Приозерский район, Поиск   от 25-07-2026",713047408,15.08.2026,Приозерский район,5776633358,Автотаргетинг,,-,0,-,0,панели доке серый графит с желтым,Альтернативные запросы,Запросы без упоминания брендов,-,,1918168175770350076,Страницы каталога,Клинкерная плитка фасадная STONE (палевый),Клинкерная плитка фасадная STONE (палевый),,,Поиск,Спецразмещение,Не определено,Смартфоны,Android,Wi-Fi,Мужской,45-54 года,Остальные,Не определено,0.00,0,0,-,-,1,-,0.00,0.78,0.00,77.89,1.00,-,-,-
"Приозерский район, Поиск   от 25-07-2026",713047408,15.08.2026,Приозерский район,5776633358,Автотаргетинг,,-,0,-,0,петрович строительные материалы,Широкие запросы,Запросы с упоминанием брендов конкурентов,-,,1916597733861553174,Комбинаторное,Производство в Выборге — доставка в район,,,,Поиск,Спецразмещение,Не определено,Смартфоны,Android,Мобильная связь,Мужской,Старше 55,Остальные,Не определено,0.00,0,0,-,-,1,-,0.00,0.47,0.00,46.67,2.00,-,-,-
"Приозерский район, Поиск   от 25-07-2026",713047408,15.08.2026,Приозерский район,5776633358,Автотаргетинг,,-,0,-,0,плитка декоративный кирпич,Широкие запросы,Запросы без упоминания брендов,-,,1918168175770350076,Страницы каталога,Клинкерная плитка фасадная WALL GREY,Клинкерная плитка фасадная WALL GREY,,,Поиск,Спецразмещение,Не определено,Смартфоны,iOS,Wi-Fi,Мужской,25-34 года,Остальные,Не определено,0.00,0,0,-,-,1,-,0.00,1.17,0.00,117.22,1.00,-,-,-
"Приозерский район, Поиск   от 25-07-2026",713047408,15.08.2026,Приозерский район,5776633358,Автотаргетинг,,-,0,-,0,плитка декоративный рваный,Широкие запросы,Запросы без упоминания брендов,-,,1918168175770350076,Страницы каталога,Клинкерная плитка фасадная ALARCON,Клинкерная плитка фасадная ALARCON,,,Поиск,Спецразмещение,Не определено,Смартфоны,iOS,Wi-Fi,Мужской,25-34 года,Остальные,Не определено,0.00,0,0,-,-,1,-,0.00,1.09,0.00,108.83,1.00,-,-,-
"Приозерский район, Поиск   от 25-07-2026",713047408,15.08.2026,Приозерский район,5776633358,Автотаргетинг,,-,0,-,0,плитка декоративный рваный камень,Альтернативные запросы,Запросы без упоминания брендов,-,,1918168175770350076,Страницы каталога,Клинкерная плитка фасадная STONE (палевый),Клинкерная плитка фасадная STONE (палевый),,,Поиск,Спецразмещение,Не определено,Смартфоны,iOS,Wi-Fi,Мужской,25-34 года,Остальные,Не определено,0.00,0,0,-,-,1,-,0.00,1.05,0.00,104.84,1.00,-,-,-
"Приозерский район, Поиск   от 25-07-2026",713047408,15.08.2026,Приозерский район,5776633358,Автотаргетинг,,-,0,-,0,самый теплый утеплитель для стен дома,Сопутствующие запросы,Запросы без упоминания брендов,-,,1916597733861553174,Комбинаторное,Термопанели для дома в Приозерске,,,,Поиск,Спецразмещение,Не определено,Смартфоны,iOS,Wi-Fi,Женский,25-34 года,2–5%,Не определено,0.00,1,0,0.00,-,1,0.00,100.00,0.84,119.07,83.98,2.00,2.00,-,-
"Приозерский район, Поиск   от 25-07-2026",713047408,15.08.2026,Приозерский район,5776633358,Автотаргетинг,,-,0,-,0,самый экологичный утеплитель для дома,Сопутствующие запросы,Запросы без упоминания брендов,-,,1916597733861553174,Комбинаторное,Клинкерные термопанели — КлинкерПрофи,,,,Поиск,Спецразмещение,Не определено,Планшеты,Android,Wi-Fi,Мужской,25-34 года,Остальные,Не определено,0.00,0,0,-,-,1,-,0.00,1.00,0.00,100.00,1.00,-,-,-
"Приозерский район, Поиск   от 25-07-2026",713047408,15.08.2026,Приозерский район,5776633358,Автотаргетинг,,-,0,-,0,скандинавская доска для фасада,Альтернативные запросы,Запросы без упоминания брендов,-,,1918168175770350076,Страницы каталога,Термопанели с клинкерной плиткой. Производство в Выборге,Термопанели с клинкерной плиткой — КлинкерПрофи,,,Поиск,Спецразмещение,Не определено,Смартфоны,iOS,Мобильная связь,Мужской,35-44 года,6–10%,Не определено,0.00,0,0,-,-,2,-,0.00,1.65,0.00,82.61,1.00,-,-,-
"Приозерский район, Поиск   от 25-07-2026",713047408,15.08.2026,Приозерский район,5776633358,Автотаргетинг,,-,0,-,0,стеновые панели в ивановиче сосново,Широкие запросы,Запросы без упоминания брендов,-,,1916597733861553174,Комбинаторное,Клинкерные термопанели — КлинкерПрофи,,,,Поиск,Прочее,Не определено,Смартфоны,Android,Wi-Fi,Женский,Старше 55,Остальные,Не определено,0.00,0,0,-,-,1,-,0.00,1.21,0.00,120.79,5.00,-,-,-
"Приозерский район, Поиск   от 25-07-2026",713047408,15.08.2026,Приозерский район,5776633358,Автотаргетинг,,-,0,-,0,стеновые панели в ивановиче сосново,Широкие запросы,Запросы без упоминания брендов,-,,1918168175770350076,Страницы каталога,Термопанель Колорадо 3 (32 шт),Термопанель Колорадо 3 (32 шт),,,Поиск,Спецразмещение,Не определено,Смартфоны,Android,Wi-Fi,Женский,Старше 55,Остальные,Не определено,0.00,0,0,-,-,1,-,0.00,0.88,0.00,87.85,1.00,-,-,-
"Приозерский район, Поиск   от 25-07-2026",713047408,15.08.2026,Приозерский район,5776633358,Автотаргетинг,,-,0,-,0,стеновые панели вимос сосново,Широкие запросы,Запросы с упоминанием брендов конкурентов,-,,1916597733861553174,Комбинаторное,Клинкерные термопанели — КлинкерПрофи,,,,Поиск,Спецразмещение,Не определено,Смартфоны,Android,Wi-Fi,Женский,Старше 55,Остальные,Не определено,0.00,0,0,-,-,1,-,0.00,0.98,0.00,97.53,1.00,-,-,-
"Приозерский район, Поиск   от 25-07-2026",713047408,15.08.2026,Приозерский район,5776633358,Автотаргетинг,,-,0,-,0,стеновые панели вимос сосново,Широкие запросы,Запросы с упоминанием брендов конкурентов,-,,1918168175770350076,Страницы каталога,Термопанель Колорадо 3 (32 шт),Термопанель Колорадо 3 (32 шт),,,Поиск,Прочее,Не определено,Смартфоны,Android,Wi-Fi,Женский,Старше 55,Остальные,Не определено,0.00,0,0,-,-,1,-,0.00,1.00,0.00,100.00,5.00,-,-,-
"Приозерский район, Поиск   от 25-07-2026",713047408,15.08.2026,Приозерский район,5776633358,Автотаргетинг,,-,0,-,0,строительная база ларионово приозерск,Альтернативные запросы,Запросы без упоминания брендов,-,,1916597733861553174,Комбинаторное,Производство в Выборге — доставка в район,,,,Поиск,Спецразмещение,Не определено,Смартфоны,Android,Wi-Fi,Мужской,Старше 55,Остальные,Не определено,0.00,0,0,-,-,1,-,0.00,0.53,0.00,53.03,2.00,-,-,-
"Приозерский район, Поиск   от 25-07-2026",713047408,15.08.2026,Приозерский район,5776633358,Автотаргетинг,,-,0,-,0,строительная база ларионово приозерск,Альтернативные запросы,Запросы без упоминания брендов,-,,1916597733861553174,Комбинаторное,Производство в Выборге — доставка в район,,,,Поиск,Спецразмещение,Не определено,Смартфоны,Android,Wi-Fi,Женский,25-34 года,Остальные,Не определено,0.00,1,0,0.00,-,1,0.00,100.00,0.94,105.88,94.45,1.00,1.00,33.33,1.00
"Приозерский район, Поиск   от 25-07-2026",713047408,15.08.2026,Приозерский район,5776633358,Автотаргетинг,,-,0,-,0,строительная база ларионово приозерск,Альтернативные запросы,Запросы без упоминания брендов,-,,1916597733861553174,Комбинаторное,Производство в Выборге — доставка в район,,,,Поиск,Прочее,Не определено,Смартфоны,Android,Wi-Fi,Мужской,Старше 55,Остальные,Не определено,0.00,0,0,-,-,2,-,0.00,2.21,0.00,110.29,5.00,-,-,-
"Приозерский район, Поиск   от 25-07-2026",713047408,15.08.2026,Приозерский район,5776633358,Автотаргетинг,,-,0,-,0,строительные базы в сосново,Широкие запросы,Запросы без упоминания брендов,-,,1916597733861553174,Комбинаторное,Производство в Выборге — доставка в район,,,,Поиск,Спецразмещение,Не определено,Планшеты,Не определён,Wi-Fi,Женский,Старше 55,2–5%,Не определено,0.00,0,0,-,-,1,-,0.00,0.77,0.00,76.76,1.00,-,-,-
"Приозерский район, Поиск   от 25-07-2026",713047408,15.08.2026,Приозерский район,5776633358,Автотаргетинг,,-,0,-,0,строительные базы в сосново,Широкие запросы,Запросы без упоминания брендов,-,,1916597733861553174,Комбинаторное,Производство в Выборге — доставка в район,,,,Поиск,Прочее,Не определено,Планшеты,Не определён,Wi-Fi,Женский,Старше 55,2–5%,Не определено,0.00,0,0,-,-,1,-,0.00,1.22,0.00,121.82,5.00,-,-,-
"Приозерский район, Поиск   от 25-07-2026",713047408,15.08.2026,Приозерский район,5776633358,Автотаргетинг,,-,0,-,0,строительные магазины в приозерске,Широкие запросы,Запросы без упоминания брендов,-,,1916597733861553174,Комбинаторное,Производство в Выборге — доставка в район,,,,Поиск,Прочее,Не определено,Смартфоны,Android,Wi-Fi,Женский,18-24 года,Остальные,Не определено,0.00,0,0,-,-,1,-,0.00,0.09,0.00,8.50,5.00,-,-,-
"Приозерский район, Поиск   от 25-07-2026",713047408,15.08.2026,Приозерский район,5776633358,Автотаргетинг,,-,0,-,0,строительный магазин отрадное приозерского района,Широкие запросы,Запросы без упоминания брендов,-,,1916597733861553174,Комбинаторное,Производство в Выборге — доставка в район,,,,Поиск,Спецразмещение,Не определено,Десктопы,Не определён,Wi-Fi,Мужской,Старше 55,Остальные,Не определено,0.00,0,0,-,-,1,-,0.00,0.72,0.00,71.86,1.00,-,-,-
"Приозерский район, Поиск   от 25-07-2026",713047408,15.08.2026,Приозерский район,5776633358,Автотаргетинг,,-,0,-,0,сэндвич панели для частного дома,Альтернативные запросы,Запросы без упоминания брендов,-,,1916597733861553174,Комбинаторное,Термопанели для дома в Приозерске,,,,Поиск,Спецразмещение,Не определено,Смартфоны,iOS,Wi-Fi,Мужской,45-54 года,2–5%,Не определено,0.00,0,0,-,-,1,-,0.00,1.02,0.00,101.63,1.00,-,-,-
"Приозерский район, Поиск   от 25-07-2026",713047408,15.08.2026,Приозерский район,5776633358,Автотаргетинг,,-,0,-,0,сэндвич панели для частного дома,Альтернативные запросы,Запросы без упоминания брендов,-,,1916597733861553174,Комбинаторное,Термопанели для дома в Приозерске,,,,Поиск,Прочее,Не определено,Смартфоны,iOS,Wi-Fi,Мужской,45-54 года,2–5%,Не определено,0.00,0,0,-,-,1,-,0.00,1.00,0.00,100.00,5.00,-,-,-
"Приозерский район, Поиск   от 25-07-2026",713047408,15.08.2026,Приозерский район,5776633358,Автотаргетинг,,-,0,-,0,сэндвич панели фасадные,Альтернативные запросы,Запросы без упоминания брендов,-,,1916597733861553174,Комбинаторное,Термопанели для дома в Приозерске,,,,Поиск,Спецразмещение,Не определено,Смартфоны,Android,Wi-Fi,Мужской,35-44 года,Остальные,Не определено,0.00,0,0,-,-,1,-,0.00,0.80,0.00,79.74,2.00,-,-,-
"Приозерский район, Поиск   от 25-07-2026",713047408,15.08.2026,Приозерский район,5776633358,Автотаргетинг,,-,0,-,0,сэндвич панели фасадные,Альтернативные запросы,Запросы без упоминания брендов,-,,1916597733861553174,Комбинаторное,Фасадные термопанели с клинкером,,,,Поиск,Спецразмещение,Не определено,Смартфоны,Android,Wi-Fi,Мужской,35-44 года,Остальные,Не определено,0.00,0,0,-,-,1,-,0.00,0.85,0.00,84.89,2.00,-,-,-
"Приозерский район, Поиск   от 25-07-2026",713047408,15.08.2026,Приозерский район,5776633358,Автотаргетинг,,-,0,-,0,тарвис термопанели купить,Альтернативные запросы,Запросы с упоминанием брендов конкурентов,-,,1916597733861553174,Комбинаторное,Термопанели для дома в Приозерске,,,,Поиск,Спецразмещение,Не определено,Смартфоны,Android,Wi-Fi,Женский,25-34 года,Остальные,Не определено,0.00,0,0,-,-,2,-,0.00,1.45,0.00,72.54,1.50,-,-,-
"Приозерский район, Поиск   от 25-07-2026",713047408,15.08.2026,Приозерский район,5776633358,Автотаргетинг,,-,0,-,0,тарвис термопанели купить,Альтернативные запросы,Запросы с упоминанием брендов конкурентов,-,,1916597733861553174,Комбинаторное,Фасадные термопанели с клинкером,,,,Поиск,Прочее,Не определено,Смартфоны,Android,Wi-Fi,Женский,25-34 года,Остальные,Не определено,0.00,0,0,-,-,1,-,0.00,1.37,0.00,136.84,5.00,-,-,-
"Приозерский район, Поиск   от 25-07-2026",713047408,15.08.2026,Приозерский район,5776633358,Автотаргетинг,,-,0,-,0,термопанели бакс сколько сест крупный камень к бд,Альтернативные запросы,Запросы без упоминания брендов,-,,1916597733861553174,Комбинаторное,Термопанели с клинкерной плиткой - КлинкерПрофи,,,,Поиск,Спецразмещение,Не определено,Смартфоны,Android,Wi-Fi,Мужской,Старше 55,Остальные,Не определено,0.00,0,0,-,-,1,-,0.00,0.83,0.00,82.52,1.00,-,-,-
"Приозерский район, Поиск   от 25-07-2026",713047408,15.08.2026,Приозерский район,5776633358,Автотаргетинг,,-,0,-,0,термопанели на старом деревянном доме,Сопутствующие запросы,Запросы без упоминания брендов,-,,1916597733861553174,Комбинаторное,Термопанели для дома в Приозерске,,,,Поиск,Спецразмещение,Не определено,Смартфоны,iOS,Wi-Fi,Женский,35-44 года,Остальные,Не определено,0.00,0,0,-,-,1,-,0.00,0.77,0.00,77.45,1.00,-,-,-
"Приозерский район, Поиск   от 25-07-2026",713047408,15.08.2026,Приозерский район,5776633358,Автотаргетинг,,-,0,-,0,термопанели светлые отделка фасада на старом доме,Узкие запросы,Запросы без упоминания брендов,-,,1916597733861553174,Комбинаторное,Термопанели для дома в Приозерске,,,,Поиск,Спецразмещение,Не определено,Смартфоны,iOS,Wi-Fi,Женский,35-44 года,Остальные,Не определено,0.00,0,0,-,-,1,-,0.00,1.01,0.00,100.66,1.00,-,-,-
"Приозерский район, Поиск   от 25-07-2026",713047408,15.08.2026,Приозерский район,5776633358,Автотаргетинг,,-,0,-,0,термосайдинг для наружной отделки дома,Целевые запросы,Запросы без упоминания брендов,-,,1916597733861553174,Комбинаторное,Термопанели для дома в Приозерске,,,,Поиск,Спецразмещение,Не определено,Планшеты,Android,Wi-Fi,Мужской,35-44 года,6–10%,Не определено,0.00,0,0,-,-,1,-,0.00,0.78,0.00,77.78,2.00,-,-,-
"Приозерский район, Поиск   от 25-07-2026",713047408,15.08.2026,Приозерский район,5776633358,Автотаргетинг,,-,0,-,0,угловая термопанель,Широкие запросы,Запросы без упоминания брендов,-,,1918168175770350076,Страницы каталога,Термопанель Колорадо 3 (32 шт),Термопанель Колорадо 3 (32 шт),,,Поиск,Спецразмещение,Не определено,Смартфоны,iOS,Wi-Fi,Мужской,35-44 года,2–5%,Не определено,0.00,0,0,-,-,1,-,0.00,0.70,0.00,69.85,3.00,-,-,-
"Приозерский район, Поиск   от 25-07-2026",713047408,15.08.2026,Приозерский район,5776633358,Автотаргетинг,,-,0,-,0,услуги плотников краснозерном,Альтернативные запросы,Запросы без упоминания брендов,-,,1916597733861553174,Комбинаторное,Производство в Выборге — доставка в район,,,,Поиск,Прочее,Не определено,Смартфоны,Android,Wi-Fi,Мужской,45-54 года,Остальные,Не определено,0.00,0,0,-,-,1,-,0.00,1.00,0.00,100.00,5.00,-,-,-
"Приозерский район, Поиск   от 25-07-2026",713047408,15.08.2026,Приозерский район,5776633358,Автотаргетинг,,-,0,-,0,утепление отмостки вокруг дома для чего нужна,Сопутствующие запросы,Запросы без упоминания брендов,-,,1916597733861553174,Комбинаторное,Клинкерные термопанели — КлинкерПрофи,,,,Поиск,Спецразмещение,Не определено,Десктопы,Не определён,Wi-Fi,Мужской,Старше 55,Остальные,Не определено,0.00,0,0,-,-,1,-,0.00,1.24,0.00,124.25,1.00,-,-,-
"Приозерский район, Поиск   от 25-07-2026",713047408,15.08.2026,Приозерский район,5776633358,Автотаргетинг,,-,0,-,0,утепление существующего дома эковатой,Альтернативные запросы,Запросы без упоминания брендов,-,,1916597733861553174,Комбинаторное,Утепление фасада термопанелями,,,,Поиск,Спецразмещение,Не определено,Смартфоны,Android,Wi-Fi,Женский,Старше 55,Остальные,Не определено,0.00,0,0,-,-,1,-,0.00,0.64,0.00,63.81,4.00,-,-,-
"Приозерский район, Поиск   от 25-07-2026",713047408,15.08.2026,Приозерский район,5776633358,Автотаргетинг,,-,0,-,0,ушп плита 8х8 смета,Сопутствующие запросы,Запросы без упоминания брендов,-,,1916597733861553174,Комбинаторное,Утепление фасада термопанелями,,,,Поиск,Прочее,Не определено,Планшеты,Android,Wi-Fi,Мужской,25-34 года,2–5%,Не определено,0.00,0,0,-,-,1,-,0.00,0.79,0.00,78.56,5.00,-,-,-
"Приозерский район, Поиск   от 25-07-2026",713047408,15.08.2026,Приозерский район,5776633358,Автотаргетинг,,-,0,-,0,фасады домов двухцветные,Сопутствующие запросы,Запросы без упоминания брендов,-,,1916597733861553174,Комбинаторное,Фасадные термопанели с клинкером,,,,Поиск,Прочее,Не определено,Планшеты,iOS,Мобильная связь,Женский,45-54 года,2–5%,Не определено,0.00,0,0,-,-,1,-,0.00,1.00,0.00,100.00,5.00,-,-,-
"Приозерский район, Поиск   от 25-07-2026",713047408,15.08.2026,Приозерский район,5776633358,Автотаргетинг,,-,0,-,0,фиброцементная плита,Альтернативные запросы,Запросы без упоминания брендов,-,,1918168175770350076,Страницы каталога,Термопанели с клинкерной плиткой. Производство в Выборге,Термопанели с клинкерной плиткой — КлинкерПрофи,,,Поиск,Спецразмещение,Не определено,Смартфоны,Android,Wi-Fi,Женский,35-44 года,Остальные,Не определено,0.00,0,0,-,-,1,-,0.00,0.61,0.00,60.91,3.00,-,-,-
"Приозерский район, Поиск   от 25-07-2026",713047408,15.08.2026,Приозерский район,5776633358,Автотаргетинг,,-,0,-,0,фронтон дома,Сопутствующие запросы,Запросы без упоминания брендов,-,,1916597733861553174,Комбинаторное,Фасадные термопанели с клинкером,,,,Поиск,Спецразмещение,Не определено,Смартфоны,iOS,Wi-Fi,Мужской,25-34 года,Остальные,Не определено,0.00,0,0,-,-,1,-,0.00,0.66,0.00,66.03,2.00,-,-,-
"Приозерский район, Поиск   от 25-07-2026",713047408,15.08.2026,Приозерский район,5776633358,Автотаргетинг,,-,0,-,0,фронтоны деревянных домов,Сопутствующие запросы,Запросы без упоминания брендов,-,,1916597733861553174,Комбинаторное,Фасадные термопанели с клинкером,,,,Поиск,Спецразмещение,Не определено,Смартфоны,Android,Wi-Fi,Мужской,45-54 года,Остальные,Не определено,0.00,0,0,-,-,1,-,0.00,0.88,0.00,87.90,1.00,-,-,-
"Приозерский район, Поиск   от 25-07-2026",713047408,15.08.2026,Приозерский район,5776633358,Автотаргетинг,,-,0,-,0,фронтоны деревянных домов,Сопутствующие запросы,Запросы без упоминания брендов,-,,1916597733861553174,Комбинаторное,Фасадные термопанели с клинкером,,,,Поиск,Прочее,Не определено,Смартфоны,Android,Wi-Fi,Мужской,45-54 года,Остальные,Не определено,0.00,0,0,-,-,1,-,0.00,1.00,0.00,100.00,5.00,-,-,-
"Приозерский район, Поиск   от 25-07-2026",713047408,15.08.2026,Приозерский район,5776633358,Автотаргетинг,,-,0,-,0,цена монтажа фасадных панелей,Широкие запросы,Запросы без упоминания брендов,-,,1916597733861553174,Комбинаторное,Утепление фасада термопанелями,,,,Поиск,Спецразмещение,Не определено,Смартфоны,Android,Wi-Fi,Мужской,45-54 года,Остальные,Не определено,0.00,0,0,-,-,1,-,0.00,0.74,0.00,73.66,1.00,-,-,-
"Приозерский район, Поиск   от 25-07-2026",713047408,15.08.2026,Приозерский район,5776633358,Автотаргетинг,,-,0,-,0,штукатурить или не штукатурить дом из пено газобетона снаружи,Сопутствующие запросы,Запросы без упоминания брендов,-,,1916597733861553174,Комбинаторное,Фасадные термопанели с клинкером,,,,Поиск,Прочее,Не определено,Смартфоны,Android,Wi-Fi,Женский,45-54 года,Остальные,Не определено,0.00,0,0,-,-,1,-,0.00,0.77,0.00,76.79,5.00,-,-,-
"Приозерский район, Поиск   от 25-07-2026",713047408,15.08.2026,Приозерский район,5776633358,Автотаргетинг,,-,0,-,0,энергосберегающие панели для отопления,Широкие запросы,Запросы без упоминания брендов,-,,1918168175770350076,Страницы каталога,Термопанель Колорадо 3 (32 шт),Термопанель Колорадо 3 (32 шт),,,Поиск,Спецразмещение,Не определено,Смартфоны,Android,Wi-Fi,Женский,Старше 55,Остальные,Не определено,0.00,0,0,-,-,1,-,0.00,0.95,0.00,94.79,1.00,-,-,-
Термопанели в Выборге,712773255,15.08.2026,Группа 1 - коммерческая,5773901452,Фраза,термопанели -цена -производитель -купить -заказывать -доставка,-,0,-,0,клинкерная термопанель для фасада,Целевые запросы,Запросы без упоминания брендов,Пословное,,1915802398259215246,Комбинаторное,Клинкерные термопанели - производство Выборг,,,,Поиск,Прочее,Не определено,Смартфоны,Android,Wi-Fi,Мужской,35-44 года,2–5%,Не определено,0.00,0,0,-,-,1,-,0.00,0.35,0.00,34.90,9.00,-,-,-
Термопанели в Выборге,712773255,15.08.2026,Группа 1 - коммерческая,5773901452,Фраза,термопанели -цена -производитель -купить -заказывать -доставка,-,0,-,0,фабрика термопанелей в спб,Альтернативные запросы,Запросы с упоминанием брендов конкурентов,Пословное,,1915802398259215246,Комбинаторное,Купить термопанели в Выборге напрямую,,,,Поиск,Товарная галерея,Не определено,Смартфоны,Android,Wi-Fi,Мужской,Старше 55,Остальные,Не определено,0.00,0,0,-,-,1,-,0.00,0.03,0.00,3.30,79.00,-,-,-
Термопанели в Выборге,712773255,15.08.2026,Группа 1 - коммерческая,5773901452,Фраза,термопанели -цена -производитель -купить -заказывать -доставка,-,0,-,0,фабрика термопанелей в спб,Альтернативные запросы,Запросы с упоминанием брендов конкурентов,Пословное,,1915802398259215246,Комбинаторное,"Термопанели в Выборге - завод на Ленина, 11",,,,Поиск,Товарная галерея,Не определено,Смартфоны,Android,Wi-Fi,Мужской,Старше 55,Остальные,Не определено,0.00,0,0,-,-,1,-,0.00,0.05,0.00,4.84,24.00,-,-,-
Термопанели в Выборге,712773255,15.08.2026,Группа 1 - коммерческая,5773901452,Автотаргетинг,,-,0,-,0,,Не определено,-,-,,1915802398259215246,Комбинаторное,Купить термопанели в Выборге напрямую,,,,Сети,Прочее,Не определено,Десктопы,Не определён,Wi-Fi,Женский,Старше 55,Остальные,Не определено,0.00,0,0,-,-,2,-,0.00,2.00,0.00,100.00,-,-,-,-
Термопанели в Выборге,712773255,15.08.2026,Группа 1 - коммерческая,5773901452,Автотаргетинг,,-,0,-,0,,Не определено,-,-,,1915802398259215246,Комбинаторное,Купить термопанели в Выборге напрямую,,,,Сети,Прочее,Не определено,Смартфоны,Android,Wi-Fi,Мужской,Старше 55,Остальные,Не определено,0.00,0,0,-,-,2,-,0.00,2.00,0.00,100.00,-,-,-,-
Термопанели в Выборге,712773255,15.08.2026,Группа 1 - коммерческая,5773901452,Автотаргетинг,,-,0,-,0,,Не определено,-,-,,1915802398259215246,Комбинаторное,Купить термопанели в Выборге напрямую,,,,Сети,Прочее,Не определено,Смартфоны,Android,Wi-Fi,Женский,Старше 55,Остальные,Не определено,0.00,0,0,-,-,1,-,0.00,1.00,0.00,100.00,-,-,-,-
Термопанели в Выборге,712773255,15.08.2026,Группа 1 - коммерческая,5773901452,Автотаргетинг,,-,0,-,0,,Не определено,-,-,,1915802398259215246,Комбинаторное,"Термопанели в Выборге - завод на Ленина, 11",,,,Сети,Прочее,Не определено,Смартфоны,Android,Wi-Fi,Мужской,45-54 года,Остальные,Не определено,0.00,0,0,-,-,1,-,0.00,1.00,0.00,100.00,-,-,-,-
Термопанели в Выборге,712773255,15.08.2026,Группа 1 - коммерческая,5773901452,Автотаргетинг,,-,0,-,0,,Не определено,-,-,,1915802398259215246,Комбинаторное,Термопанели с клинкером - собственный завод в Выборге,,,,Сети,Прочее,Не определено,Смартфоны,iOS,Wi-Fi,Мужской,45-54 года,6–10%,Не определено,0.00,1,0,0.00,-,1,0.00,100.00,1.00,100.00,100.00,-,-,-,-
Термопанели в Выборге,712773255,15.08.2026,Группа 1 - коммерческая,5773901452,Автотаргетинг,,-,0,-,0,в возрождение строительный выборг,Альтернативные запросы,Запросы без упоминания брендов,-,,1915802398259215246,Комбинаторное,Бесплатная доставка по Выборгскому району,,,,Поиск,Прочее,Не определено,Смартфоны,iOS,Wi-Fi,Мужской,45-54 года,2–5%,Не определено,0.00,0,0,-,-,1,-,0.00,0.77,0.00,76.79,5.00,-,-,-
Термопанели в Выборге,712773255,15.08.2026,Группа 1 - коммерческая,5773901452,Автотаргетинг,,-,0,-,0,клинкерные термопанели для фасада,Целевые запросы,Запросы без упоминания брендов,-,,1915802398259215246,Комбинаторное,Термопанели с клинкером - собственный завод в Выборге,,,,Поиск,Товарная галерея,Не определено,Смартфоны,Android,Wi-Fi,Мужской,Старше 55,Остальные,Не определено,0.00,0,0,-,-,1,-,0.00,0.04,0.00,4.45,27.00,-,-,-
Термопанели в Выборге,712773255,15.08.2026,Группа 1 - коммерческая,5773901452,Автотаргетинг,,-,0,-,0,мягкий камень для стен,Целевые запросы,Запросы без упоминания брендов,-,,1915802398259215246,Комбинаторное,Термопанели с клинкером - собственный завод в Выборге,,,,Поиск,Товарная галерея,Не определено,Смартфоны,Android,Wi-Fi,Женский,45-54 года,6–10%,Не определено,0.00,0,0,-,-,1,-,0.00,0.04,0.00,3.83,32.00,-,-,-
Термопанели в Выборге,712773255,15.08.2026,Группа 1 - коммерческая,5773901452,Автотаргетинг,,-,0,-,0,строим наш дом выборг каталог,Широкие запросы,Запросы с упоминанием брендов конкурентов,-,,1915802398259215246,Комбинаторное,Бесплатная доставка по Выборгскому району,,,,Поиск,Прочее,Не определено,Смартфоны,Android,Wi-Fi,Мужской,Старше 55,6–10%,Не определено,0.00,0,0,-,-,1,-,0.00,0.09,0.00,8.50,5.00,-,-,-
Термопанели в Выборге,712773255,15.08.2026,Группа 1 - коммерческая,5773901452,Автотаргетинг,,-,0,-,0,строим наш дом выборг каталог,Широкие запросы,Запросы с упоминанием брендов конкурентов,-,,1915802398259215246,Комбинаторное,Бесплатная доставка по Выборгскому району,,,,Поиск,Прочее,Не определено,Смартфоны,iOS,Мобильная связь,Мужской,Старше 55,2–5%,Не определено,0.00,0,0,-,-,1,-,0.00,0.09,0.00,8.50,5.00,-,-,-
Термопанели в Выборге,712773255,15.08.2026,Группа 1 - коммерческая,5773901452,Автотаргетинг,,-,0,-,0,строй товары большая дивенка,Целевые запросы,Запросы с упоминанием брендов конкурентов,-,,1915802398259215246,Комбинаторное,Бесплатная доставка по Выборгскому району,,,,Поиск,Прочее,Не определено,Смартфоны,Android,Wi-Fi,Мужской,Старше 55,Остальные,Не определено,0.00,0,0,-,-,1,-,0.00,0.45,0.00,44.58,8.00,-,-,-
Термопанели в Выборге,712773255,15.08.2026,Группа 1 - коммерческая,5773901452,Автотаргетинг,,-,0,-,0,экоматериалы в тепле,Сопутствующие запросы,Запросы без упоминания брендов,-,,1915802398259215246,Комбинаторное,Гарантия до 5 лет на термопанели,,,,Поиск,Прочее,Не определено,Смартфоны,Android,Wi-Fi,Женский,45-54 года,Остальные,Не определено,0.00,0,0,-,-,1,-,0.00,0.77,0.00,76.79,5.00,-,-,-
Термопанели в Выборге,712773255,15.08.2026,Группа 2 - Гео (ключевая),5773898865,Автотаргетинг,,-,0,-,0,,Не определено,-,-,,1915800871397818629,Комбинаторное,Купить термопанели в Выборге напрямую,,,,Сети,Прочее,Не определено,Смартфоны,Android,Wi-Fi,Мужской,45-54 года,Остальные,Не определено,0.00,0,0,-,-,1,-,0.00,1.00,0.00,100.00,-,-,-,-
Термопанели в Выборге,712773255,15.08.2026,Группа 2 - Гео (ключевая),5773898865,Автотаргетинг,,-,0,-,0,,Не определено,-,-,,1915800871397818629,Комбинаторное,"Термопанели в Выборге - завод на Ленина, 11",,,,Сети,Прочее,Не определено,Смартфоны,Android,Wi-Fi,Женский,Старше 55,Остальные,Не определено,0.00,0,0,-,-,1,-,0.00,1.00,0.00,100.00,-,-,-,-
Термопанели в Выборге,712773255,15.08.2026,Группа 2 - Гео (ключевая),5773898865,Автотаргетинг,,-,0,-,0,купить термопанели утепленные от природный камень в спб,Узкие запросы,Запросы без упоминания брендов,-,,1915800871397818629,Комбинаторное,Производитель термопанелей в Ленобласти,,,,Поиск,Прочее,Не определено,Смартфоны,Android,Wi-Fi,Мужской,45-54 года,6–10%,Не определено,0.00,0,0,-,-,1,-,0.00,0.09,0.00,8.50,5.00,-,-,-
Термопанели в Выборге,712773255,15.08.2026,Группа 2 - Гео (ключевая),5773898865,Автотаргетинг,,-,0,-,0,купить фасадную плитку технониколь hauberk исландский кирпич,Альтернативные запросы,Запросы с упоминанием брендов конкурентов,-,,1915800871397818629,Комбинаторное,Купить термопанели в Выборге напрямую,,,,Поиск,Прочее,Не определено,Смартфоны,Android,Wi-Fi,Мужской,45-54 года,Остальные,Не определено,0.00,0,0,-,-,1,-,0.00,0.09,0.00,8.50,5.00,-,-,-
Термопанели в Выборге,712773255,15.08.2026,Группа 2 - Гео (ключевая),5773898865,Автотаргетинг,,-,0,-,0,планкен федоровское производство,Альтернативные запросы,Запросы без упоминания брендов,-,,1915800871397818629,Комбинаторное,Производитель термопанелей в Ленобласти,,,,Поиск,Прочее,Не определено,Планшеты,Android,Wi-Fi,Женский,45-54 года,Остальные,Не определено,0.00,0,0,-,-,1,-,0.00,0.09,0.00,8.50,5.00,-,-,-
Термопанели в Выборге,712773255,15.08.2026,Группа 2 - Гео (ключевая),5773898865,Автотаргетинг,,-,0,-,0,экоматериалы в тепле,Сопутствующие запросы,Запросы без упоминания брендов,-,,1915800871397818629,Комбинаторное,"Термопанели в Выборге - завод на Ленина, 11",,,,Поиск,Спецразмещение,Не определено,Смартфоны,Android,Wi-Fi,Женский,45-54 года,Остальные,Не определено,0.00,0,0,-,-,1,-,0.00,0.83,0.00,82.89,1.00,-,-,-
Термопанели в Выборге,712773255,15.08.2026,Группа 3 - клинкер (продуктовая),5773902142,Автотаргетинг,,-,0,-,0,,Не определено,-,-,,1915802914729060647,Комбинаторное,Гарантия до 5 лет на термопанели,,,,Сети,Прочее,Не определено,Смартфоны,Android,Wi-Fi,Мужской,45-54 года,6–10%,Не определено,0.00,0,0,-,-,1,-,0.00,1.00,0.00,100.00,-,-,-,-
Термопанели в Выборге,712773255,15.08.2026,Группа 3 - клинкер (продуктовая),5773902142,Автотаргетинг,,-,0,-,0,,Не определено,-,-,,1915802914729060647,Комбинаторное,Клинкерные термопанели - производство Выборг,,,,Сети,Прочее,Не определено,Смартфоны,Android,Wi-Fi,Женский,35-44 года,6–10%,Не определено,0.00,0,0,-,-,1,-,0.00,1.00,0.00,100.00,-,-,-,-
Термопанели в Выборге,712773255,15.08.2026,Группа 3 - клинкер (продуктовая),5773902142,Автотаргетинг,,-,0,-,0,,Не определено,-,-,,1915802914729060647,Комбинаторное,"Термопанели в Выборге - завод на Ленина, 11",,,,Сети,Прочее,Не определено,Смартфоны,Android,Wi-Fi,Женский,Старше 55,Остальные,Не определено,0.00,0,0,-,-,2,-,0.00,2.00,0.00,100.00,-,-,-,-
Термопанели в Выборге,712773255,15.08.2026,Группа 3 - клинкер (продуктовая),5773902142,Автотаргетинг,,-,0,-,0,,Не определено,-,-,,1915802914729060647,Комбинаторное,"Термопанели в Выборге - завод на Ленина, 11",,,,Сети,Прочее,Не определено,Смартфоны,iOS,Wi-Fi,Мужской,Старше 55,6–10%,Не определено,0.00,0,0,-,-,1,-,0.00,1.00,0.00,100.00,-,-,-,-
Термопанели в Выборге,712773255,15.08.2026,Группа 3 - клинкер (продуктовая),5773902142,Автотаргетинг,,-,0,-,0,,Не определено,-,-,,1915802914729060647,Комбинаторное,Термопанели с клинкером - собственный завод в Выборге,,,,Сети,Прочее,Не определено,Смартфоны,Android,Wi-Fi,Мужской,45-54 года,Остальные,Не определено,0.00,1,0,0.00,-,1,0.00,100.00,1.00,100.00,100.00,-,-,0.00,2.00
Термопанели в Выборге,712773255,15.08.2026,Группа 3 - клинкер (продуктовая),5773902142,Автотаргетинг,,-,0,-,0,,Не определено,-,-,,1915802914729060647,Комбинаторное,Термопанели с клинкером - собственный завод в Выборге,,,,Сети,Прочее,Не определено,Смартфоны,Android,Wi-Fi,Мужской,45-54 года,6–10%,Не определено,0.00,0,0,-,-,1,-,0.00,1.00,0.00,100.00,-,-,-,-
Термопанели в Выборге,712773255,15.08.2026,Группа 3 - клинкер (продуктовая),5773902142,Автотаргетинг,,-,0,-,0,,Не определено,-,-,,1915802914729060647,Комбинаторное,Термопанели с клинкером - собственный завод в Выборге,,,,Сети,Прочее,Не определено,Смартфоны,Android,Wi-Fi,Мужской,Старше 55,Остальные,Не определено,0.00,0,0,-,-,1,-,0.00,1.00,0.00,100.00,-,-,-,-
Термопанели в Выборге,712773255,15.08.2026,Группа 3 - клинкер (продуктовая),5773902142,Автотаргетинг,,-,0,-,0,,Не определено,-,-,,1915802914729060647,Комбинаторное,Термопанели с клинкером - собственный завод в Выборге,,,,Сети,Прочее,Не определено,Смартфоны,iOS,Wi-Fi,Мужской,Старше 55,6–10%,Не определено,0.00,0,0,-,-,1,-,0.00,1.00,0.00,100.00,-,-,-,-
Термопанели в Выборге,712773255,15.08.2026,Группа 3 - клинкер (продуктовая),5773902142,Автотаргетинг,,-,0,-,0,купить термопанели от природный камень в спб,Узкие запросы,Запросы без упоминания брендов,-,,1915802914729060647,Комбинаторное,Производитель термопанелей в Ленобласти,,,,Поиск,Прочее,Не определено,Смартфоны,Android,Wi-Fi,Мужской,45-54 года,6–10%,Не определено,0.00,0,0,-,-,1,-,0.00,0.09,0.00,8.50,5.00,-,-,-
Термопанели в Выборге,712773255,15.08.2026,Группа 3 - клинкер (продуктовая),5773902142,Автотаргетинг,,-,0,-,0,пеноплекс выборг,Альтернативные запросы,Запросы без упоминания брендов,-,,1915802914729060647,Комбинаторное,"Термопанели в Выборге - завод на Ленина, 11",,,,Поиск,Спецразмещение,Не определено,Смартфоны,Android,Wi-Fi,Мужской,35-44 года,Остальные,Не определено,0.00,0,0,-,-,1,-,0.00,0.68,0.00,68.37,3.00,-,-,-
Термопанели в Выборге,712773255,15.08.2026,Термопанели (Лен. область),5773097196,Фраза,термопанели с клинкерной плиткой купить в спб,-,0,-,0,термопанели с клинкерной плиткой купить в спб,Целевые запросы,Запросы без упоминания брендов,Пословное,,1915608023072927866,Комбинаторное,Термопанели с клинкерной плиткой в Выборге!,,,,Поиск,Прочее,Не определено,Смартфоны,Android,Wi-Fi,Мужской,35-44 года,Остальные,Не определено,0.00,0,0,-,-,1,-,0.00,0.38,0.00,37.78,8.00,-,-,-
Термопанели в Выборге,712773255,15.08.2026,Термопанели (Лен. область),5773097196,Фраза,термопанели с клинкерной плиткой купить в спб,-,0,-,0,термопанели с клинкерной плиткой купить в спб,Альтернативные запросы,Запросы без упоминания брендов,Пословное,,1918167638897563177,Страницы каталога,Клинкерная плитка фасадная KAYLOS,Клинкерная плитка фасадная KAYLOS,,,Поиск,Товарная галерея,Не определено,Смартфоны,Android,Wi-Fi,Мужской,35-44 года,Остальные,Не определено,0.00,0,0,-,-,1,-,0.00,0.00,0.00,0.41,26.00,-,-,-
Термопанели в Выборге,712773255,15.08.2026,Термопанели (Лен. область),5773097196,Автотаргетинг,,-,0,-,0,готовые стеновые панели для строительства дома,Целевые запросы,Запросы без упоминания брендов,-,,1915608023072927866,Комбинаторное,Термопанели с клинкерной плиткой. Производство в Выборге,,,,Поиск,Прочее,Не определено,Смартфоны,Android,Мобильная связь,Мужской,45-54 года,Остальные,Не определено,0.00,0,0,-,-,1,-,0.00,0.55,0.00,54.58,7.00,-,-,-
Термопанели в Выборге,712773255,15.08.2026,Термопанели (Лен. область),5773097196,Автотаргетинг,,-,0,-,0,клинкерная плитка,Целевые запросы,Запросы без упоминания брендов,-,,1915608023072927866,Комбинаторное,Термопанели с клинкерной плиткой. Производство в Выборге,,,,Поиск,Прочее,Не определено,Смартфоны,Android,Wi-Fi,Женский,45-54 года,Остальные,Не определено,0.00,0,0,-,-,2,-,0.00,1.19,0.00,59.58,6.50,-,-,-
Термопанели в Выборге,712773255,15.08.2026,Термопанели (Лен. область),5773097196,Автотаргетинг,,-,0,-,0,клинкерная плитка,Целевые запросы,Запросы без упоминания брендов,-,,1915608023072927866,Комбинаторное,Термопанели с клинкерной плиткой. Производство в Выборге,,,,Поиск,Прочее,Не определено,Смартфоны,iOS,Wi-Fi,Женский,35-44 года,2–5%,Не определено,0.00,0,0,-,-,1,-,0.00,0.45,0.00,44.58,8.00,-,-,-
Термопанели в Выборге,712773255,15.08.2026,Термопанели (Лен. область),5773097196,Автотаргетинг,,-,0,-,0,клинкерная плитка,Целевые запросы,Запросы без упоминания брендов,-,,1915608023072927866,Комбинаторное,Термопанели с клинкерной плиткой. Производство в Выборге,,,,Поиск,Товарная галерея,Не определено,Смартфоны,Android,Wi-Fi,Женский,45-54 года,Остальные,Не определено,0.00,0,0,-,-,1,-,0.00,0.28,0.00,28.21,6.00,-,-,-
Термопанели в Выборге,712773255,15.08.2026,Термопанели (Лен. область),5773097196,Автотаргетинг,,-,0,-,0,облицовка фундамента частного дома варианты отделки,Сопутствующие запросы,Запросы без упоминания брендов,-,,1915608023072927866,Комбинаторное,"Клинкерные термопанели. Производство, доставка по ЛО",,,,Поиск,Прочее,Не определено,Смартфоны,Android,Wi-Fi,Мужской,Старше 55,Остальные,Не определено,0.00,0,0,-,-,1,-,0.00,0.09,0.00,8.50,5.00,-,-,-
Термопанели в Выборге,712773255,15.08.2026,Термопанели (Лен. область),5773097196,Автотаргетинг,,-,0,-,0,облицовочная панель,Целевые запросы,Запросы без упоминания брендов,-,,1915608023072927866,Комбинаторное,Термопанели с клинкерной плиткой. Производство в Выборге,,,,Поиск,Прочее,Не определено,Смартфоны,iOS,Wi-Fi,Мужской,35-44 года,Остальные,Не определено,0.00,0,0,-,-,1,-,0.00,0.45,0.00,44.58,8.00,-,-,-
Термопанели в Выборге,712773255,15.08.2026,Термопанели (Лен. область),5773097196,Автотаргетинг,,-,0,-,0,облицовочная панель,Целевые запросы,Запросы без упоминания брендов,-,,1915608023072927866,Комбинаторное,Термопанели с клинкерной плиткой. Производство в Выборге,,,,Поиск,Товарная галерея,Не определено,Смартфоны,iOS,Wi-Fi,Мужской,25-34 года,2–5%,Не определено,0.00,0,0,-,-,1,-,0.00,0.13,0.00,13.42,16.00,-,-,-
Термопанели в Выборге,712773255,15.08.2026,Термопанели (Лен. область),5773097196,Автотаргетинг,,-,0,-,0,панели для обшивки дома снаружи,Целевые запросы,Запросы без упоминания брендов,-,,1915608023072927866,Комбинаторное,Термопанели с клинкерной плиткой. Производство в Выборге,,,,Поиск,Прочее,Не определено,Смартфоны,iOS,Wi-Fi,Женский,25-34 года,Топ 1%,Не определено,0.00,0,0,-,-,1,-,0.00,0.45,0.00,44.58,8.00,-,-,-
Термопанели в Выборге,712773255,15.08.2026,Термопанели (Лен. область),5773097196,Автотаргетинг,,-,0,-,0,панели для обшивки дома снаружи с утеплителем,Целевые запросы,Запросы без упоминания брендов,-,,1915608023072927866,Комбинаторное,Термопанели с клинкерной плиткой. Производство в Выборге,,,,Поиск,Прочее,Не определено,Смартфоны,Android,Wi-Fi,Женский,35-44 года,Остальные,Не определено,0.00,0,0,-,-,1,-,0.00,0.45,0.00,44.58,8.00,-,-,-
Термопанели в Выборге,712773255,15.08.2026,Термопанели (Лен. область),5773097196,Автотаргетинг,,-,0,-,0,панели на основе пенопласта на фасад,Целевые запросы,Запросы без упоминания брендов,-,,1915608023072927866,Комбинаторное,Термопанели с клинкерной плиткой. Производство в Выборге,,,,Поиск,Прочее,Не определено,Смартфоны,Android,Wi-Fi,Мужской,25-34 года,Остальные,Не определено,0.00,0,0,-,-,2,-,0.00,1.49,0.00,74.73,5.50,-,-,-
Термопанели в Выборге,712773255,15.08.2026,Термопанели (Лен. область),5773097196,Автотаргетинг,,-,0,-,0,панели на основе пенопласта на фасад,Целевые запросы,Запросы без упоминания брендов,-,,1915608023072927866,Комбинаторное,Термопанели с клинкерной плиткой. Производство в Выборге,,,,Поиск,Товарная галерея,Не определено,Смартфоны,Android,Wi-Fi,Мужской,25-34 года,Остальные,Не определено,0.00,0,0,-,-,1,-,0.00,1.24,0.00,124.49,1.00,-,-,-
Термопанели в Выборге,712773255,15.08.2026,Термопанели (Лен. область),5773097196,Автотаргетинг,,-,0,-,0,панели под кирпич для наружной отделки фасадные,Целевые запросы,Запросы без упоминания брендов,-,,1915608023072927866,Комбинаторное,Термопанели с клинкерной плиткой. Производство в Выборге,,,,Поиск,Товарная галерея,Не определено,Смартфоны,iOS,Wi-Fi,Мужской,18-24 года,2–5%,Не определено,0.00,0,0,-,-,1,-,0.00,0.25,0.00,25.32,8.00,-,-,-
Термопанели в Выборге,712773255,15.08.2026,Термопанели (Лен. область),5773097196,Автотаргетинг,,-,0,-,0,панели под клинкерный кирпич для наружной отделки,Целевые запросы,Запросы без упоминания брендов,-,,1915608023072927866,Комбинаторное,Термопанели с клинкерной плиткой. Производство в Выборге,,,,Поиск,Прочее,Не определено,Смартфоны,iOS,Wi-Fi,Мужской,35-44 года,Топ 1%,Не определено,0.00,0,0,-,-,1,-,0.00,0.55,0.00,54.58,7.00,-,-,-
Термопанели в Выборге,712773255,15.08.2026,Термопанели (Лен. область),5773097196,Автотаргетинг,,-,0,-,0,плитка для отделки фасада дома,Целевые запросы,Запросы без упоминания брендов,-,,1915608023072927866,Комбинаторное,Термопанели с клинкерной плиткой. Производство в Выборге,,,,Поиск,Прочее,Не определено,Смартфоны,iOS,Wi-Fi,Женский,25-34 года,2–5%,Не определено,0.00,0,0,-,-,1,-,0.00,0.45,0.00,44.58,8.00,-,-,-
Термопанели в Выборге,712773255,15.08.2026,Термопанели (Лен. область),5773097196,Автотаргетинг,,-,0,-,0,сколько стоит облицовка термопанелями,Целевые запросы,Запросы без упоминания брендов,-,,1915608023072927866,Комбинаторное,Термопанели с клинкерной плиткой. Производство в Выборге,,,,Поиск,Товарная галерея,Не определено,Смартфоны,Android,Мобильная связь,Мужской,45-54 года,Остальные,Не определено,0.00,0,0,-,-,1,-,0.00,0.25,0.00,25.32,8.00,-,-,-
Термопанели в Выборге,712773255,15.08.2026,Термопанели (Лен. область),5773097196,Автотаргетинг,,-,0,-,0,термо бетекс,Альтернативные запросы,Запросы с упоминанием брендов конкурентов,-,,1915608023072927866,Комбинаторное,Термопанели с клинкером. Свое производство в Выборге,,,,Поиск,Спецразмещение,Не определено,Смартфоны,Android,Wi-Fi,Мужской,35-44 года,Остальные,Не определено,0.00,0,0,-,-,1,-,0.00,1.08,0.00,107.97,1.00,-,-,-
Термопанели в Выборге,712773255,15.08.2026,Термопанели (Лен. область),5773097196,Автотаргетинг,,-,0,-,0,термо панели для стен фасада,Целевые запросы,Запросы без упоминания брендов,-,,1915608023072927866,Комбинаторное,Термопанели с клинкерной плиткой. Производство в Выборге,,,,Поиск,Прочее,Не определено,Смартфоны,Android,Wi-Fi,Мужской,35-44 года,Остальные,Не определено,0.00,0,0,-,-,1,-,0.00,0.55,0.00,54.58,7.00,-,-,-
Термопанели в Выборге,712773255,15.08.2026,Термопанели (Лен. область),5773097196,Автотаргетинг,,-,0,-,0,термопанели,Целевые запросы,Запросы без упоминания брендов,-,,1915608023072927866,Комбинаторное,Термопанели с клинкерной плиткой. Производство в Выборге,,,,Поиск,Прочее,Не определено,Смартфоны,Android,Wi-Fi,Мужской,45-54 года,6–10%,Не определено,0.00,0,0,-,-,1,-,0.00,0.55,0.00,54.58,7.00,-,-,-
Термопанели в Выборге,712773255,15.08.2026,Термопанели (Лен. область),5773097196,Автотаргетинг,,-,0,-,0,термопанели,Целевые запросы,Запросы без упоминания брендов,-,,1915608023072927866,Комбинаторное,Термопанели с клинкерной плиткой. Производство в Выборге,,,,Поиск,Прочее,Не определено,Смартфоны,Android,Мобильная связь,Мужской,35-44 года,6–10%,Не определено,0.00,0,0,-,-,1,-,0.00,0.65,0.00,64.58,6.00,-,-,-
Термопанели в Выборге,712773255,15.08.2026,Термопанели (Лен. область),5773097196,Автотаргетинг,,-,0,-,0,термопанели,Целевые запросы,Запросы без упоминания брендов,-,,1915608023072927866,Комбинаторное,Термопанели с клинкерной плиткой. Производство в Выборге,,,,Поиск,Прочее,Не определено,Смартфоны,iOS,Wi-Fi,Мужской,25-34 года,2–5%,Не определено,0.00,0,0,-,-,1,-,0.00,0.45,0.00,44.58,8.00,-,-,-
Термопанели в Выборге,712773255,15.08.2026,Термопанели (Лен. область),5773097196,Автотаргетинг,,-,0,-,0,термопанели,Целевые запросы,Запросы без упоминания брендов,-,,1915608023072927866,Комбинаторное,Термопанели с клинкерной плиткой. Производство в Выборге,,,,Поиск,Товарная галерея,Не определено,Смартфоны,Android,Мобильная связь,Мужской,35-44 года,6–10%,Не определено,0.00,0,0,-,-,2,-,0.00,0.51,0.00,25.33,7.50,-,-,-
Термопанели в Выборге,712773255,15.08.2026,Термопанели (Лен. область),5773097196,Автотаргетинг,,-,0,-,0,термопанели для газобетона,Целевые запросы,Запросы без упоминания брендов,-,,1915608023072927866,Комбинаторное,Термопанели с клинкерной плиткой. Производство в Выборге,,,,Поиск,Прочее,Не определено,Смартфоны,Android,Wi-Fi,Мужской,45-54 года,6–10%,Не определено,0.00,0,0,-,-,1,-,0.00,0.45,0.00,44.58,8.00,-,-,-
Термопанели в Выборге,712773255,15.08.2026,Термопанели (Лен. область),5773097196,Автотаргетинг,,-,0,-,0,термопанели для газобетона,Целевые запросы,Запросы без упоминания брендов,-,,1915608023072927866,Комбинаторное,Термопанели с клинкерной плиткой. Производство в Выборге,,,,Поиск,Товарная галерея,Не определено,Смартфоны,Android,Wi-Fi,Мужской,45-54 года,6–10%,Не определено,0.00,0,0,-,-,1,-,0.00,1.24,0.00,124.49,1.00,-,-,-
Термопанели в Выборге,712773255,15.08.2026,Термопанели (Лен. область),5773097196,Автотаргетинг,,-,0,-,0,термопанели для наружной отделки,Целевые запросы,Запросы без упоминания брендов,-,,1915608023072927866,Комбинаторное,Термопанели с клинкерной плиткой. Производство в Выборге,,,,Поиск,Товарная галерея,Не определено,Смартфоны,Android,Wi-Fi,Мужской,Старше 55,Остальные,Не определено,0.00,0,0,-,-,2,-,0.00,0.65,0.00,32.27,5.00,-,-,-
Термопанели в Выборге,712773255,15.08.2026,Термопанели (Лен. область),5773097196,Автотаргетинг,,-,0,-,0,термопанели на специальной,Целевые запросы,Запросы без упоминания брендов,-,,1915608023072927866,Комбинаторное,Термопанели с клинкерной плиткой. Производство в Выборге,,,,Поиск,Товарная галерея,Не определено,Смартфоны,Android,Wi-Fi,Женский,45-54 года,Остальные,Не определено,0.00,0,0,-,-,1,-,0.00,0.25,0.00,25.35,7.00,-,-,-
Термопанели в Выборге,712773255,15.08.2026,Термопанели (Лен. область),5773097196,Автотаргетинг,,-,0,-,0,термопанели с клинкерной плиткой для фасада без затирки швов,Целевые запросы,Запросы без упоминания брендов,-,,1915608023072927866,Комбинаторное,Термопанели с клинкерной плиткой. Производство в Выборге,,,,Поиск,Товарная галерея,Не определено,Смартфоны,Android,Wi-Fi,Мужской,35-44 года,Остальные,Не определено,0.00,0,0,-,-,1,-,0.00,0.32,0.00,32.27,5.00,-,-,-
Термопанели в Выборге,712773255,15.08.2026,Термопанели (Лен. область),5773097196,Автотаргетинг,,-,0,-,0,термопласт панели,Целевые запросы,Запросы без упоминания брендов,-,,1915608023072927866,Комбинаторное,Термопанели с клинкерной плиткой. Производство в Выборге,,,,Поиск,Прочее,Не определено,Смартфоны,iOS,Wi-Fi,Мужской,35-44 года,6–10%,Не определено,0.00,0,0,-,-,1,-,0.00,0.45,0.00,44.58,8.00,-,-,-
Термопанели в Выборге,712773255,15.08.2026,Термопанели (Лен. область),5773097196,Автотаргетинг,,-,0,-,0,утеплитель для внешней стороны дома,Целевые запросы,Запросы без упоминания брендов,-,,1915608023072927866,Комбинаторное,Термопанели с клинкерной плиткой. Производство в Выборге,,,,Поиск,Товарная галерея,Не определено,Смартфоны,Android,Wi-Fi,Мужской,Старше 55,2–5%,Не определено,0.00,0,0,-,-,2,-,0.00,0.27,0.00,13.38,17.00,-,-,-
Термопанели в Выборге,712773255,15.08.2026,Термопанели (Лен. область),5773097196,Автотаргетинг,,-,0,-,0,утепляющие декоративные панели,Целевые запросы,Запросы без упоминания брендов,-,,1915608023072927866,Комбинаторное,Термопанели с клинкерной плиткой. Производство в Выборге,,,,Поиск,Прочее,Не определено,Смартфоны,Android,Wi-Fi,Женский,35-44 года,2–5%,Не определено,0.00,0,0,-,-,1,-,0.00,0.45,0.00,44.58,8.00,-,-,-
Термопанели в Выборге,712773255,15.08.2026,Термопанели (Лен. область),5773097196,Автотаргетинг,,-,0,-,0,утепляющие декоративные панели,Целевые запросы,Запросы без упоминания брендов,-,,1915608023072927866,Комбинаторное,Термопанели с клинкерной плиткой. Производство в Выборге,,,,Поиск,Товарная галерея,Не определено,Смартфоны,Android,Wi-Fi,Женский,35-44 года,2–5%,Не определено,0.00,0,0,-,-,1,-,0.00,0.25,0.00,25.29,9.00,-,-,-
Термопанели в Выборге,712773255,15.08.2026,Термопанели (Лен. область),5773097196,Автотаргетинг,,-,0,-,0,фасадные панели для наружной отделки дома,Целевые запросы,Запросы без упоминания брендов,-,,1915608023072927866,Комбинаторное,Термопанели с клинкерной плиткой. Производство в Выборге,,,,Поиск,Прочее,Не определено,Десктопы,Не определён,Wi-Fi,Мужской,45-54 года,Остальные,Не определено,0.00,0,0,-,-,1,-,0.00,0.45,0.00,44.58,8.00,-,-,-
Термопанели в Выборге,712773255,15.08.2026,Термопанели (Лен. область),5773097196,Автотаргетинг,,-,0,-,0,фасадные панели для наружной отделки сэндвич,Целевые запросы,Запросы без упоминания брендов,-,,1915608023072927866,Комбинаторное,Термопанели с клинкерной плиткой. Производство в Выборге,,,,Поиск,Прочее,Не определено,Смартфоны,iOS,Wi-Fi,Женский,35-44 года,Остальные,Не определено,0.00,0,0,-,-,1,-,0.00,0.55,0.00,54.58,7.00,-,-,-
Термопанели в Выборге,712773255,15.08.2026,Термопанели (Лен. область),5773097196,Автотаргетинг,,-,0,-,0,фасадные панели типа сэндвич картинки,Целевые запросы,Запросы без упоминания брендов,-,,1915608023072927866,Комбинаторное,Термопанели с клинкерной плиткой. Производство в Выборге,,,,Поиск,Прочее,Не определено,Смартфоны,Android,Wi-Fi,Женский,25-34 года,Остальные,Не определено,0.00,0,0,-,-,1,-,0.00,0.55,0.00,54.58,7.00,-,-,-
Термопанели в Выборге,712773255,15.08.2026,Термопанели (Лен. область),5773097196,Автотаргетинг,,-,0,-,0,фасадные термопанели для наружной отделки,Целевые запросы,Запросы без упоминания брендов,-,,1915608023072927866,Комбинаторное,Термопанели с клинкерной плиткой. Производство в Выборге,,,,Поиск,Товарная галерея,Не определено,Смартфоны,Android,Wi-Fi,Мужской,45-54 года,Остальные,Не определено,0.00,0,0,-,-,1,-,0.00,0.13,0.00,13.38,17.00,-,-,-
Термопанели в Выборге,712773255,15.08.2026,Термопанели (Лен. область),5773097196,Автотаргетинг,,-,0,-,0,фасадные термопанели для наружной отделки дома,Целевые запросы,Запросы без упоминания брендов,-,,1915608023072927866,Комбинаторное,Термопанели с клинкерной плиткой. Производство в Выборге,,,,Поиск,Прочее,Не определено,Смартфоны,Android,Wi-Fi,Мужской,35-44 года,Остальные,Не определено,0.00,0,0,-,-,1,-,0.00,0.55,0.00,54.58,7.00,-,-,-
Термопанели в Выборге,712773255,15.08.2026,Термопанели (транз),5772834263,Фраза,термопанели с клинкерной плиткой купить в спб,-,0,-,0,термопанели с клинкерной плиткой купить в спб,Целевые запросы,Запросы без упоминания брендов,Пословное,,1915593209731060056,Комбинаторное,Термопанели с клинкерной плиткой в Выборге!,,,,Поиск,Товарная галерея,Не определено,Смартфоны,Android,Wi-Fi,Мужской,35-44 года,Остальные,Не определено,0.00,0,0,-,-,1,-,0.00,0.07,0.00,7.00,9.00,-,-,-
Термопанели в Выборге,712773255,15.08.2026,Термопанели (транз),5772834263,Автотаргетинг,,-,0,-,0,,Не определено,-,-,,1915593209731060056,Комбинаторное,Термопанели с клинкером. Производство в Выборге,,,,Сети,Прочее,Не определено,Смартфоны,Android,Wi-Fi,Мужской,Старше 55,Остальные,Не определено,0.00,0,0,-,-,1,-,0.00,1.00,0.00,100.00,-,-,-,-
Термопанели в Выборге,712773255,15.08.2026,Термопанели (транз),5772834263,Автотаргетинг,,-,0,-,0,балыкчы фасадный клинкер,Целевые запросы,Запросы без упоминания брендов,-,,1915593209731060056,Комбинаторное,Термопанели с клинкерной плиткой в Выборге!,,,,Поиск,Прочее,Не определено,Смартфоны,Android,Wi-Fi,Мужской,25-34 года,Остальные,Не определено,0.00,0,0,-,-,1,-,0.00,0.65,0.00,64.58,6.00,-,-,-
Термопанели в Выборге,712773255,15.08.2026,Термопанели (транз),5772834263,Автотаргетинг,,-,0,-,0,в частном доме надо обшить свесы,Сопутствующие запросы,Запросы без упоминания брендов,-,,1915593209731060056,Комбинаторное,Клинкерные термопанели для наружной отделки дома.,,,,Поиск,Спецразмещение,Не определено,Планшеты,Android,Wi-Fi,Мужской,45-54 года,Остальные,Не определено,0.00,0,0,-,-,1,-,0.00,0.07,0.00,7.31,3.00,-,-,-
Термопанели в Выборге,712773255,15.08.2026,Термопанели (транз),5772834263,Автотаргетинг,,-,0,-,0,вентфасадная плитка под кирпич,Целевые запросы,Запросы без упоминания брендов,-,,1915593209731060056,Комбинаторное,Термопанели с клинкерной плиткой в Выборге!,,,,Поиск,Прочее,Не определено,Смартфоны,iOS,Wi-Fi,Мужской,25-34 года,6–10%,Не определено,0.00,0,0,-,-,1,-,0.00,0.55,0.00,54.58,7.00,-,-,-
Термопанели в Выборге,712773255,15.08.2026,Термопанели (транз),5772834263,Автотаргетинг,,-,0,-,0,какие панели для стройки дома лучше,Целевые запросы,Запросы без упоминания брендов,-,,1915593209731060056,Комбинаторное,Клинкерные термопанели для наружной отделки дома.,,,,Поиск,Прочее,Не определено,Смартфоны,iOS,Wi-Fi,Женский,18-24 года,Остальные,Не определено,0.00,0,0,-,-,1,-,0.00,0.45,0.00,44.58,8.00,-,-,-
Термопанели в Выборге,712773255,15.08.2026,Термопанели (транз),5772834263,Автотаргетинг,,-,0,-,0,какие панельные для стройки дома лучше,Целевые запросы,Запросы без упоминания брендов,-,,1915593209731060056,Комбинаторное,Клинкерные термопанели для наружной отделки дома.,,,,Поиск,Прочее,Не определено,Смартфоны,iOS,Wi-Fi,Женский,18-24 года,Остальные,Не определено,0.00,0,0,-,-,1,-,0.00,0.55,0.00,54.58,7.00,-,-,-
Термопанели в Выборге,712773255,15.08.2026,Термопанели (транз),5772834263,Автотаргетинг,,-,0,-,0,какие панельные для стройки дома лучше,Целевые запросы,Запросы без упоминания брендов,-,,1915593209731060056,Комбинаторное,Клинкерные термопанели для наружной отделки дома.,,,,Поиск,Товарная галерея,Не определено,Смартфоны,iOS,Wi-Fi,Женский,18-24 года,Остальные,Не определено,0.00,0,0,-,-,2,-,0.00,0.91,0.00,45.64,3.50,-,-,-
Термопанели в Выборге,712773255,15.08.2026,Термопанели (транз),5772834263,Автотаргетинг,,-,0,-,0,какой толщины выбрать термопанели для дома из газобетона в ленинградской области,Целевые запросы,Запросы без упоминания брендов,-,,1915593209731060056,Комбинаторное,Клинкерные термопанели для наружной отделки дома.,,,,Поиск,Прочее,Не определено,Смартфоны,Android,Мобильная связь,Мужской,45-54 года,Остальные,Не определено,0.00,0,0,-,-,2,-,0.00,1.19,0.00,59.58,6.50,-,-,-
Термопанели в Выборге,712773255,15.08.2026,Термопанели (транз),5772834263,Автотаргетинг,,-,0,-,0,клинкер пром,Альтернативные запросы,Запросы с упоминанием брендов конкурентов,-,,1915593209731060056,Комбинаторное,Собственное производство термопанелей-клинкер-плитка,,,,Поиск,Прочее,Не определено,Смартфоны,iOS,Wi-Fi,Мужской,45-54 года,2–5%,Не определено,0.00,0,0,-,-,1,-,0.00,0.09,0.00,8.50,5.00,-,-,-
Термопанели в Выборге,712773255,15.08.2026,Термопанели (транз),5772834263,Автотаргетинг,,-,0,-,0,клинкерная плитка уличная укладка мастера,Целевые запросы,Запросы без упоминания брендов,-,,1915593209731060056,Комбинаторное,Клинкерные термопанели для наружной отделки дома.,,,,Поиск,Товарная галерея,Не определено,Смартфоны,Android,Wi-Fi,Мужской,Старше 55,2–5%,Не определено,0.00,0,0,-,-,1,-,0.00,0.40,0.00,39.83,1.00,-,-,-
Термопанели в Выборге,712773255,15.08.2026,Термопанели (транз),5772834263,Автотаргетинг,,-,0,-,0,клинкерная термопанель для фасада,Целевые запросы,Запросы без упоминания брендов,-,,1915593209731060056,Комбинаторное,Термопанели с клинкерной плиткой в Выборге!,,,,Поиск,Прочее,Не определено,Смартфоны,Android,Wi-Fi,Мужской,35-44 года,2–5%,Не определено,0.00,0,0,-,-,2,-,0.00,1.17,0.00,58.58,6.50,-,-,-
Термопанели в Выборге,712773255,15.08.2026,Термопанели (транз),5772834263,Автотаргетинг,,-,0,-,0,клинкерная термопанель для фасада,Целевые запросы,Запросы без упоминания брендов,-,,1915593209731060056,Комбинаторное,Термопанели с клинкерной плиткой в Выборге!,,,,Поиск,Товарная галерея,Не определено,Смартфоны,Android,Wi-Fi,Мужской,35-44 года,2–5%,Не определено,0.00,0,0,-,-,1,-,0.00,0.13,0.00,13.34,18.00,-,-,-
Термопанели в Выборге,712773255,15.08.2026,Термопанели (транз),5772834263,Автотаргетинг,,-,0,-,0,клинкерные панели,Целевые запросы,Запросы без упоминания брендов,-,,1915593209731060056,Комбинаторное,Термопанели с клинкерной плиткой в Выборге!,,,,Поиск,Прочее,Не определено,Смартфоны,Android,Wi-Fi,Женский,25-34 года,Остальные,Не определено,0.00,0,0,-,-,2,-,0.00,1.19,0.00,59.58,6.50,-,-,-
Термопанели в Выборге,712773255,15.08.2026,Термопанели (транз),5772834263,Автотаргетинг,,-,0,-,0,конструктор фасадных панелей,Целевые запросы,Запросы без упоминания брендов,-,,1915593209731060056,Комбинаторное,Клинкерные термопанели для наружной отделки дома.,,,,Поиск,Товарная галерея,Не определено,Смартфоны,Android,Wi-Fi,Мужской,45-54 года,6–10%,Не определено,0.00,0,0,-,-,1,-,0.00,0.13,0.00,13.42,16.00,-,-,-
Термопанели в Выборге,712773255,15.08.2026,Термопанели (транз),5772834263,Автотаргетинг,,-,0,-,0,купить клинкерную плитку,Целевые запросы,Запросы без упоминания брендов,-,,1915593209731060056,Комбинаторное,Клинкерные термопанели для наружной отделки дома.,,,,Поиск,Прочее,Не определено,Смартфоны,iOS,Wi-Fi,Женский,45-54 года,2–5%,Не определено,0.00,0,0,-,-,1,-,0.00,0.45,0.00,44.58,8.00,-,-,-
Термопанели в Выборге,712773255,15.08.2026,Термопанели (транз),5772834263,Автотаргетинг,,-,0,-,0,облицовочная панель,Целевые запросы,Запросы без упоминания брендов,-,,1915593209731060056,Комбинаторное,Клинкерные термопанели для наружной отделки дома.,,,,Поиск,Прочее,Не определено,Смартфоны,iOS,Wi-Fi,Мужской,25-34 года,2–5%,Не определено,0.00,1,0,0.00,-,1,0.00,100.00,0.55,183.23,54.58,7.00,7.00,0.00,1.00
Термопанели в Выборге,712773255,15.08.2026,Термопанели (транз),5772834263,Автотаргетинг,,-,0,-,0,облицовочная панель с утеплителем,Целевые запросы,Запросы без упоминания брендов,-,,1915593209731060056,Комбинаторное,Клинкерные термопанели для наружной отделки дома.,,,,Поиск,Прочее,Не определено,Смартфоны,iOS,Wi-Fi,Мужской,35-44 года,2–5%,Не определено,0.00,0,0,-,-,1,-,0.00,0.55,0.00,54.58,7.00,-,-,-
Термопанели в Выборге,712773255,15.08.2026,Термопанели (транз),5772834263,Автотаргетинг,,-,0,-,0,обшить дом снаружи варианты,Сопутствующие запросы,Запросы без упоминания брендов,-,,1915593209731060056,Комбинаторное,Клинкерные термопанели для наружной отделки дома.,,,,Поиск,Реклама в саджесте,Не определено,Смартфоны,Android,Wi-Fi,Мужской,Старше 55,Остальные,Не определено,0.00,0,0,-,-,1,-,0.00,1.00,0.00,100.00,1.00,-,-,-
Термопанели в Выборге,712773255,15.08.2026,Термопанели (транз),5772834263,Автотаргетинг,,-,0,-,0,панель для наружной отделки дома,Целевые запросы,Запросы без упоминания брендов,-,,1915593209731060056,Комбинаторное,Клинкерные термопанели для наружной отделки дома.,,,,Поиск,Прочее,Не определено,Смартфоны,Android,Wi-Fi,Мужской,45-54 года,Остальные,Не определено,0.00,0,0,-,-,1,-,0.00,0.65,0.00,64.58,6.00,-,-,-
Термопанели в Выборге,712773255,15.08.2026,Термопанели (транз),5772834263,Автотаргетинг,,-,0,-,0,плитка декоративный кирпич,Целевые запросы,Запросы без упоминания брендов,-,,1915593209731060056,Комбинаторное,Термопанели с клинкерной плиткой в Выборге!,,,,Поиск,Прочее,Не определено,Смартфоны,iOS,Wi-Fi,Мужской,25-34 года,Остальные,Не определено,0.00,0,0,-,-,1,-,0.00,0.45,0.00,44.58,8.00,-,-,-
Термопанели в Выборге,712773255,15.08.2026,Термопанели (транз),5772834263,Автотаргетинг,,-,0,-,0,теплопанели для отделки дома,Целевые запросы,Запросы без упоминания брендов,-,,1915593209731060056,Комбинаторное,Термопанели с клинкерной плиткой в Выборге!,,,,Поиск,Прочее,Не определено,Смартфоны,Android,Мобильная связь,Женский,35-44 года,Остальные,Не определено,0.00,0,0,-,-,1,-,0.00,0.45,0.00,44.58,8.00,-,-,-
Термопанели в Выборге,712773255,15.08.2026,Термопанели (транз),5772834263,Автотаргетинг,,-,0,-,0,термо панели для стен фасада,Целевые запросы,Запросы без упоминания брендов,-,,1915593209731060056,Комбинаторное,Клинкерные термопанели для наружной отделки дома.,,,,Поиск,Товарная галерея,Не определено,Смартфоны,Android,Wi-Fi,Мужской,35-44 года,Остальные,Не определено,0.00,0,0,-,-,1,-,0.00,0.13,0.00,13.42,16.00,-,-,-
Термопанели в Выборге,712773255,15.08.2026,Термопанели (транз),5772834263,Автотаргетинг,,-,0,-,0,термопанели,Целевые запросы,Запросы без упоминания брендов,-,,1915593209731060056,Комбинаторное,Клинкерные термопанели для наружной отделки дома.,,,,Поиск,Прочее,Не определено,Смартфоны,iOS,Wi-Fi,Женский,Старше 55,Остальные,Не определено,0.00,0,0,-,-,1,-,0.00,0.45,0.00,44.58,8.00,-,-,-
Термопанели в Выборге,712773255,15.08.2026,Термопанели (транз),5772834263,Автотаргетинг,,-,0,-,0,термопанели,Целевые запросы,Запросы без упоминания брендов,-,,1915593209731060056,Комбинаторное,Клинкерные термопанели для наружной отделки дома.,,,,Поиск,Товарная галерея,Не определено,Смартфоны,Android,Wi-Fi,Женский,Старше 55,Остальные,Не определено,0.00,0,0,-,-,1,-,0.00,0.25,0.00,25.29,9.00,-,-,-
Термопанели в Выборге,712773255,15.08.2026,Термопанели (транз),5772834263,Автотаргетинг,,-,0,-,0,термопанели для наружной отделки,Целевые запросы,Запросы без упоминания брендов,-,,1915593209731060056,Комбинаторное,Клинкерные термопанели для наружной отделки дома.,,,,Поиск,Прочее,Не определено,Смартфоны,Android,Wi-Fi,Мужской,Старше 55,Остальные,Не определено,0.00,0,0,-,-,1,-,0.00,0.65,0.00,64.58,6.00,-,-,-
Термопанели в Выборге,712773255,15.08.2026,Термопанели (транз),5772834263,Автотаргетинг,,-,0,-,0,термопанели для наружной отделки деревянного дома,Целевые запросы,Запросы без упоминания брендов,-,,1915593209731060056,Комбинаторное,Клинкерные термопанели для наружной отделки дома.,,,,Поиск,Прочее,Не определено,Смартфоны,Android,Wi-Fi,Мужской,45-54 года,6–10%,Не определено,0.00,0,0,-,-,1,-,0.00,0.45,0.00,44.58,8.00,-,-,-
Термопанели в Выборге,712773255,15.08.2026,Термопанели (транз),5772834263,Автотаргетинг,,-,0,-,0,термопанели для наружной отделки деревянного дома из чего состоят цена,Целевые запросы,Запросы без упоминания брендов,-,,1915593209731060056,Комбинаторное,Клинкерные термопанели для наружной отделки дома.,,,,Поиск,Прочее,Не определено,Смартфоны,Android,Wi-Fi,Женский,Старше 55,Остальные,Не определено,0.00,0,0,-,-,1,-,0.00,0.55,0.00,54.58,7.00,-,-,-
Термопанели в Выборге,712773255,15.08.2026,Термопанели (транз),5772834263,Автотаргетинг,,-,0,-,0,термопанели для наружной отделки дома,Целевые запросы,Запросы без упоминания брендов,-,,1915593209731060056,Комбинаторное,Клинкерные термопанели для наружной отделки дома.,,,,Поиск,Прочее,Не определено,Смартфоны,Android,Wi-Fi,Мужской,45-54 года,6–10%,Не определено,0.00,0,0,-,-,1,-,0.00,0.45,0.00,44.58,8.00,-,-,-
Термопанели в Выборге,712773255,15.08.2026,Термопанели (транз),5772834263,Автотаргетинг,,-,0,-,0,термопанели для наружной отделки дома купить,Целевые запросы,Запросы без упоминания брендов,-,,1915593209731060056,Комбинаторное,Клинкерные термопанели для наружной отделки дома.,,,,Поиск,Прочее,Не определено,Смартфоны,iOS,Wi-Fi,Мужской,35-44 года,6–10%,Не определено,0.00,0,0,-,-,1,-,0.00,0.85,0.00,84.88,5.00,-,-,-
Термопанели в Выборге,712773255,15.08.2026,Термопанели (транз),5772834263,Автотаргетинг,,-,0,-,0,термопанели на старом деревянном доме,Целевые запросы,Запросы без упоминания брендов,-,,1915593209731060056,Комбинаторное,Клинкерные термопанели для наружной отделки дома.,,,,Поиск,Прочее,Не определено,Смартфоны,iOS,Wi-Fi,Женский,35-44 года,Остальные,Не определено,0.00,0,0,-,-,1,-,0.00,0.45,0.00,44.58,8.00,-,-,-
Термопанели в Выборге,712773255,15.08.2026,Термопанели (транз),5772834263,Автотаргетинг,,-,0,-,0,термопанели с клинкерной плиткой для фасада без затирки швов,Целевые запросы,Запросы без упоминания брендов,-,,1915593209731060056,Комбинаторное,Термопанели с клинкерной плиткой в Выборге!,,,,Поиск,Прочее,Не определено,Смартфоны,Android,Wi-Fi,Мужской,35-44 года,Остальные,Не определено,0.00,0,0,-,-,2,-,0.00,1.29,0.00,64.58,6.00,-,-,-
Термопанели в Выборге,712773255,15.08.2026,Термопанели (транз),5772834263,Автотаргетинг,,-,0,-,0,термопанели с клинкерной плиткой для фасада купить,Целевые запросы,Запросы без упоминания брендов,-,,1915593209731060056,Комбинаторное,Термопанели с клинкерной плиткой в Выборге!,,,,Поиск,Прочее,Не определено,Смартфоны,Android,Wi-Fi,Мужской,35-44 года,Остальные,Не определено,0.00,0,0,-,-,1,-,0.00,0.55,0.00,54.58,7.00,-,-,-
Термопанели в Выборге,712773255,15.08.2026,Термопанели (транз),5772834263,Автотаргетинг,,-,0,-,0,термопанель белая с клинкерной плиткой,Целевые запросы,Запросы без упоминания брендов,-,,1915593209731060056,Комбинаторное,Термопанели с клинкерной плиткой в Выборге!,,,,Поиск,Прочее,Не определено,Смартфоны,Android,Wi-Fi,Мужской,35-44 года,2–5%,Не определено,0.00,0,0,-,-,1,-,0.00,0.55,0.00,54.58,7.00,-,-,-
Термопанели в Выборге,712773255,15.08.2026,Термопанели (транз),5772834263,Автотаргетинг,,-,0,-,0,термосайдинг для наружной отделки дома,Широкие запросы,Запросы без упоминания брендов,-,,1915593209731060056,Комбинаторное,Клинкерные термопанели для наружной отделки дома.,,,,Поиск,Реклама в саджесте,Не определено,Смартфоны,Android,Wi-Fi,Женский,45-54 года,Остальные,Не определено,0.00,0,0,-,-,1,-,0.00,1.00,0.00,100.00,1.00,-,-,-
Термопанели в Выборге,712773255,15.08.2026,Термопанели (транз),5772834263,Автотаргетинг,,-,0,-,0,топ производителей клинкерной плитки 2026,Целевые запросы,Запросы без упоминания брендов,-,,1915593209731060056,Комбинаторное,Термопанели с клинкерной плиткой в Выборге!,,,,Поиск,Прочее,Не определено,Смартфоны,Android,Wi-Fi,Мужской,Старше 55,2–5%,Не определено,0.00,0,0,-,-,1,-,0.00,0.55,0.00,54.58,7.00,-,-,-
Термопанели в Выборге,712773255,15.08.2026,Термопанели (транз),5772834263,Автотаргетинг,,-,0,-,0,фабрика термопанелей в спб,Целевые запросы,Запросы с упоминанием брендов конкурентов,-,,1915593209731060056,Комбинаторное,Клинкерные термопанели для наружной отделки дома.,,,,Поиск,Прочее,Не определено,Смартфоны,Android,Wi-Fi,Мужской,Старше 55,Остальные,Не определено,0.00,0,0,-,-,1,-,0.00,0.45,0.00,44.58,8.00,-,-,-
Термопанели в Выборге,712773255,15.08.2026,Термопанели (транз),5772834263,Автотаргетинг,,-,0,-,0,фасадные панели для наружной отделки дома с утеплителем,Целевые запросы,Запросы без упоминания брендов,-,,1915593209731060056,Комбинаторное,Клинкерные термопанели для наружной отделки дома.,,,,Поиск,Прочее,Не определено,Смартфоны,Android,Wi-Fi,Мужской,45-54 года,Остальные,Не определено,0.00,0,0,-,-,1,-,0.00,0.65,0.00,64.58,6.00,-,-,-
Термопанели в Выборге,712773255,15.08.2026,Термопанели (транз),5772834263,Автотаргетинг,,-,0,-,0,фасадные панели для наружной отделки дома с утеплителем,Целевые запросы,Запросы без упоминания брендов,-,,1915593209731060056,Комбинаторное,Клинкерные термопанели для наружной отделки дома.,,,,Поиск,Товарная галерея,Не определено,Смартфоны,Android,Wi-Fi,Мужской,45-54 года,Остальные,Не определено,0.00,0,0,-,-,1,-,0.00,0.25,0.00,25.29,9.00,-,-,-
Термопанели в Выборге,712773255,15.08.2026,Термопанели (транз),5772834263,Автотаргетинг,,-,0,-,0,фасадные панели для наружной отделки под камень,Целевые запросы,Запросы без упоминания брендов,-,,1915593209731060056,Комбинаторное,Клинкерные термопанели для наружной отделки дома.,,,,Поиск,Прочее,Не определено,Смартфоны,Android,Wi-Fi,Мужской,35-44 года,Остальные,Не определено,0.00,0,0,-,-,2,-,0.00,1.19,0.00,59.58,6.50,-,-,-
Термопанели в Выборге,712773255,15.08.2026,Термопанели (транз),5772834263,Автотаргетинг,,-,0,-,0,фасадные панели для наружной отделки сэндвич,Целевые запросы,Запросы без упоминания брендов,-,,1915593209731060056,Комбинаторное,Клинкерные термопанели для наружной отделки дома.,,,,Поиск,Прочее,Не определено,Смартфоны,iOS,Wi-Fi,Женский,25-34 года,Остальные,Не определено,0.00,0,0,-,-,1,-,0.00,0.65,0.00,64.58,6.00,-,-,-
Термопанели в Выборге,712773255,15.08.2026,Термопанели (транз),5772834263,Автотаргетинг,,-,0,-,0,фасадные панели клинкер,Целевые запросы,Запросы без упоминания брендов,-,,1915593209731060056,Комбинаторное,Клинкерные термопанели для наружной отделки дома.,,,,Поиск,Прочее,Не определено,Смартфоны,Android,Wi-Fi,Мужской,45-54 года,Остальные,Не определено,0.00,1,0,0.00,-,1,0.00,100.00,0.53,190.15,52.59,7.00,7.00,0.00,1.00
Термопанели в Выборге,712773255,15.08.2026,Термопанели (транз),5772834263,Автотаргетинг,,-,0,-,0,фасадные панели серые,Целевые запросы,Запросы без упоминания брендов,-,,1915593209731060056,Комбинаторное,Клинкерные термопанели для наружной отделки дома.,,,,Поиск,Прочее,Не определено,Смартфоны,iOS,Wi-Fi,Мужской,25-34 года,2–5%,Не определено,0.00,0,0,-,-,1,-,0.00,0.55,0.00,54.58,7.00,-,-,-
Термопанели в Выборге,712773255,15.08.2026,Термопанели (транз),5772834263,Автотаргетинг,,-,0,-,0,фасадные термопанели,Целевые запросы,Запросы без упоминания брендов,-,,1915593209731060056,Комбинаторное,Клинкерные термопанели для наружной отделки дома.,,,,Поиск,Прочее,Не определено,Смартфоны,Android,Wi-Fi,Мужской,45-54 года,Остальные,Не определено,0.00,0,0,-,-,1,-,0.00,0.55,0.00,54.58,7.00,-,-,-
Термопанели в Выборге,712773255,15.08.2026,Термопанели (транз),5772834263,Автотаргетинг,,-,0,-,0,цокольные панели,Целевые запросы,Запросы без упоминания брендов,-,,1915593209731060056,Комбинаторное,Клинкерные термопанели для наружной отделки дома.,,,,Поиск,Прочее,Не определено,Смартфоны,Android,Wi-Fi,Мужской,Старше 55,Остальные,Не определено,0.00,0,0,-,-,1,-,0.00,0.45,0.00,44.58,8.00,-,-,-
Термопанели в Выборге,712773255,15.08.2026,Термопанели (транз),5772834263,Автотаргетинг,,-,0,-,0,цокольные панели прочные многослойные панели,Целевые запросы,Запросы без упоминания брендов,-,,1915593209731060056,Комбинаторное,Клинкерные термопанели для наружной отделки дома.,,,,Поиск,Прочее,Не определено,Смартфоны,Android,Wi-Fi,Мужской,Старше 55,Остальные,Не определено,0.00,0,0,-,-,1,-,0.00,0.45,0.00,44.58,8.00,-,-,-
Термопанели в Выборге,712773255,15.08.2026,Термопанели (транз),5772834263,Автотаргетинг,,-,0,-,0,чем обшить дом снаружи,Сопутствующие запросы,Запросы без упоминания брендов,-,,1915593209731060056,Комбинаторное,Клинкерные термопанели для наружной отделки дома.,,,,Поиск,Реклама в саджесте,Не определено,Смартфоны,Android,Wi-Fi,Мужской,35-44 года,Остальные,Не определено,0.00,0,0,-,-,1,-,0.00,1.00,0.00,100.00,1.00,-,-,-
"Приозерский район, Поиск   от 25-07-2026",713047408,16.08.2026,Приозерский район,5776633358,Фраза,термопанели под кирпич,-,0,-,0,термопанели для наружной отделки деревянного дома под кирпич,Не определено,-,Пословное,,1918168175770350076,Страницы каталога,Термопанели с клинкерной плиткой. Производство в Выборге,Термопанели с клинкерной плиткой — КлинкерПрофи,,,Поиск,Реклама в саджесте,Не определено,Смартфоны,iOS,Wi-Fi,Женский,35-44 года,Остальные,Не определено,0.00,0,0,-,-,1,-,0.00,1.00,0.00,100.00,1.00,-,-,-
"Приозерский район, Поиск   от 25-07-2026",713047408,16.08.2026,Приозерский район,5776633358,Автотаргетинг,,-,0,-,0,isoroc,Альтернативные запросы,Запросы с упоминанием брендов конкурентов,-,,1916597733861553174,Комбинаторное,Утепление фасада термопанелями,,,,Поиск,Спецразмещение,Не определено,Смартфоны,Android,Wi-Fi,Мужской,45-54 года,Остальные,Не определено,0.00,0,0,-,-,1,-,0.00,0.64,0.00,63.81,4.00,-,-,-
"Приозерский район, Поиск   от 25-07-2026",713047408,16.08.2026,Приозерский район,5776633358,Автотаргетинг,,-,0,-,0,амк,Альтернативные запросы,Запросы без упоминания брендов,-,,1916597733861553174,Комбинаторное,Производство в Выборге — доставка в район,,,,Поиск,Спецразмещение,Не определено,Смартфоны,iOS,Wi-Fi,Мужской,18-24 года,2–5%,Не определено,0.00,0,0,-,-,3,-,0.00,2.75,0.00,91.58,1.00,-,-,-
"Приозерский район, Поиск   от 25-07-2026",713047408,16.08.2026,Приозерский район,5776633358,Автотаргетинг,,-,0,-,0,бюджетные варианты для отделки стен улица,Сопутствующие запросы,Запросы без упоминания брендов,-,,1918168175770350076,Страницы каталога,Термопанели с клинкерной плиткой. Производство в Выборге,Термопанели с клинкерной плиткой — КлинкерПрофи,,,Поиск,Спецразмещение,Не определено,Смартфоны,iOS,Мобильная связь,Мужской,45-54 года,6–10%,Не определено,0.00,1,0,0.00,-,1,0.00,100.00,1.00,99.73,100.27,1.00,1.00,0.00,1.00
"Приозерский район, Поиск   от 25-07-2026",713047408,16.08.2026,Приозерский район,5776633358,Автотаргетинг,,-,0,-,0,бюджетные варианты для отделки стен улица,Сопутствующие запросы,Запросы без упоминания брендов,-,,1918168175770350076,Страницы каталога,Термопанели с клинкерной плиткой. Производство в Выборге,Термопанели с клинкерной плиткой — КлинкерПрофи,,,Поиск,Прочее,Не определено,Смартфоны,iOS,Мобильная связь,Мужской,45-54 года,6–10%,Не определено,0.00,0,0,-,-,1,-,0.00,1.24,0.00,124.39,5.00,-,-,-
"Приозерский район, Поиск   от 25-07-2026",713047408,16.08.2026,Приозерский район,5776633358,Автотаргетинг,,-,0,-,0,вата для утепления стен каркасного дома,Альтернативные запросы,Запросы без упоминания брендов,-,,1916597733861553174,Комбинаторное,Термопанели для дома в Приозерске,,,,Поиск,Спецразмещение,Не определено,Смартфоны,Android,Wi-Fi,Мужской,45-54 года,Остальные,Не определено,0.00,1,0,0.00,-,1,0.00,100.00,0.80,125.12,79.92,3.00,3.00,100.00,1.00
"Приозерский район, Поиск   от 25-07-2026",713047408,16.08.2026,Приозерский район,5776633358,Автотаргетинг,,-,0,-,0,вимос в сосново каталог товаров и цены,Широкие запросы,Запросы с упоминанием брендов конкурентов,-,,1916597733861553174,Комбинаторное,Производство в Выборге — доставка в район,,,,Поиск,Спецразмещение,Не определено,Десктопы,Не определён,Мобильная связь,Мужской,Старше 55,2–5%,Не определено,0.00,0,0,-,-,1,-,0.00,0.62,0.00,62.06,1.00,-,-,-
"Приозерский район, Поиск   от 25-07-2026",713047408,16.08.2026,Приозерский район,5776633358,Автотаргетинг,,-,0,-,0,вимос васкелово каталог товаров цены,Широкие запросы,Запросы с упоминанием брендов конкурентов,-,,1916597733861553174,Комбинаторное,Производство в Выборге — доставка в район,,,,Поиск,Спецразмещение,Не определено,Планшеты,Android,Wi-Fi,Женский,Старше 55,Остальные,Не определено,0.00,0,0,-,-,1,-,0.00,0.86,0.00,86.20,1.00,-,-,-
"Приозерский район, Поиск   от 25-07-2026",713047408,16.08.2026,Приозерский район,5776633358,Автотаргетинг,,-,0,-,0,вимос приозерск каталог утеплитель,Сопутствующие запросы,Запросы с упоминанием брендов конкурентов,-,,1916597733861553174,Комбинаторное,Производство в Выборге — доставка в район,,,,Поиск,Спецразмещение,Не определено,Смартфоны,Android,Wi-Fi,Мужской,45-54 года,Остальные,Не определено,0.00,0,0,-,-,1,-,0.00,0.75,0.00,74.68,1.00,-,-,-
"Приозерский район, Поиск   от 25-07-2026",713047408,16.08.2026,Приозерский район,5776633358,Автотаргетинг,,-,0,-,0,вимос приозерск каталог утеплитель стеновой,Альтернативные запросы,Запросы с упоминанием брендов конкурентов,-,,1916597733861553174,Комбинаторное,Термопанели для дома в Приозерске,,,,Поиск,Спецразмещение,Не определено,Смартфоны,Android,Wi-Fi,Мужской,45-54 года,Остальные,Не определено,0.00,0,0,-,-,1,-,0.00,0.94,0.00,93.53,1.00,-,-,-
"Приозерский район, Поиск   от 25-07-2026",713047408,16.08.2026,Приозерский район,5776633358,Автотаргетинг,,-,0,-,0,вимос сосново каталог товаров цены,Широкие запросы,Запросы с упоминанием брендов конкурентов,-,,1916597733861553174,Комбинаторное,Производство в Выборге — доставка в район,,,,Поиск,Спецразмещение,Не определено,Десктопы,Не определён,Мобильная связь,Мужской,Старше 55,2–5%,Не определено,0.00,0,0,-,-,1,-,0.00,0.67,0.00,66.81,1.00,-,-,-
"Приозерский район, Поиск   от 25-07-2026",713047408,16.08.2026,Приозерский район,5776633358,Автотаргетинг,,-,0,-,0,гибкий камень для наружной отделки,Альтернативные запросы,Запросы без упоминания брендов,-,,1918168175770350076,Страницы каталога,Термопанели с клинкерной плиткой. Производство в Выборге,Термопанели с клинкерной плиткой — КлинкерПрофи,,,Поиск,Спецразмещение,Не определено,Смартфоны,Android,Wi-Fi,Мужской,Старше 55,Остальные,Не определено,0.00,0,0,-,-,1,-,0.00,0.67,0.00,67.46,2.00,-,-,-
"Приозерский район, Поиск   от 25-07-2026",713047408,16.08.2026,Приозерский район,5776633358,Автотаргетинг,,-,0,-,0,глубина промерзания грунта в ленинградской области,Сопутствующие запросы,Запросы без упоминания брендов,-,,1916597733861553174,Комбинаторное,Утепление фасада термопанелями,,,,Поиск,Прочее,Не определено,Смартфоны,Android,Wi-Fi,Мужской,35-44 года,Остальные,Не определено,0.00,0,0,-,-,1,-,0.00,0.42,0.00,41.63,6.00,-,-,-
"Приозерский район, Поиск   от 25-07-2026",713047408,16.08.2026,Приозерский район,5776633358,Автотаргетинг,,-,0,-,0,дом из газобетон чем утеплять изнутри,Сопутствующие запросы,Запросы без упоминания брендов,-,,1916597733861553174,Комбинаторное,Клинкерные термопанели — КлинкерПрофи,,,,Поиск,Прочее,Не определено,Смартфоны,Android,Wi-Fi,Мужской,45-54 года,Остальные,Не определено,0.00,0,0,-,-,2,-,0.00,2.00,0.00,100.00,5.00,-,-,-
"Приозерский район, Поиск   от 25-07-2026",713047408,16.08.2026,Приозерский район,5776633358,Автотаргетинг,,-,0,-,0,дом из газобетон чем утеплять изнутри,Сопутствующие запросы,Запросы без упоминания брендов,-,,1916597733861553174,Комбинаторное,Утепление фасада термопанелями,,,,Поиск,Спецразмещение,Не определено,Смартфоны,Android,Wi-Fi,Мужской,45-54 года,Остальные,Не определено,0.00,0,0,-,-,1,-,0.00,0.90,0.00,89.85,1.00,-,-,-
"Приозерский район, Поиск   от 25-07-2026",713047408,16.08.2026,Приозерский район,5776633358,Автотаргетинг,,-,0,-,0,дом из газобетон чем утеплять изнутри,Сопутствующие запросы,Запросы без упоминания брендов,-,,1916597733861553174,Комбинаторное,Утепление фасада термопанелями,,,,Поиск,Прочее,Не определено,Смартфоны,Android,Wi-Fi,Мужской,45-54 года,Остальные,Не определено,0.00,0,0,-,-,2,-,0.00,1.09,0.00,54.25,5.00,-,-,-
"Приозерский район, Поиск   от 25-07-2026",713047408,16.08.2026,Приозерский район,5776633358,Автотаргетинг,,-,0,-,0,зарок утеплитель,Альтернативные запросы,Запросы без упоминания брендов,-,,1916597733861553174,Комбинаторное,Утепление фасада термопанелями,,,,Поиск,Спецразмещение,Не определено,Смартфоны,Android,Wi-Fi,Мужской,45-54 года,Остальные,Не определено,0.00,0,0,-,-,1,-,0.00,0.78,0.00,78.37,1.00,-,-,-
"Приозерский район, Поиск   от 25-07-2026",713047408,16.08.2026,Приозерский район,5776633358,Автотаргетинг,,-,0,-,0,как делать монтаж клинкерного кирпича,Сопутствующие запросы,Запросы без упоминания брендов,-,,1916597733861553174,Комбинаторное,Термопанели с клинкерной плиткой - КлинкерПрофи,,,,Поиск,Спецразмещение,Не определено,Планшеты,Android,Wi-Fi,Мужской,45-54 года,Остальные,Не определено,0.00,1,0,0.00,-,1,0.00,100.00,1.00,100.00,100.00,1.00,1.00,0.00,1.00
"Приозерский район, Поиск   от 25-07-2026",713047408,16.08.2026,Приозерский район,5776633358,Автотаргетинг,,-,0,-,0,как штукатурить стены цоколя,Сопутствующие запросы,Запросы без упоминания брендов,-,,1916597733861553174,Комбинаторное,"Приозерск, Сосново — термопанели с клинкером",,,,Поиск,Прочее,Не определено,Смартфоны,Android,Wi-Fi,Женский,45-54 года,2–5%,Не определено,0.00,0,0,-,-,1,-,0.00,1.00,0.00,100.00,5.00,-,-,-
"Приозерский район, Поиск   от 25-07-2026",713047408,16.08.2026,Приозерский район,5776633358,Автотаргетинг,,-,0,-,0,каменная вата для утепления каркаса,Альтернативные запросы,Запросы без упоминания брендов,-,,1916597733861553174,Комбинаторное,Фасадные термопанели с клинкером,,,,Поиск,Спецразмещение,Не определено,Смартфоны,Android,Wi-Fi,Мужской,45-54 года,6–10%,Не определено,0.00,0,0,-,-,1,-,0.00,0.70,0.00,70.01,2.00,-,-,-
"Приозерский район, Поиск   от 25-07-2026",713047408,16.08.2026,Приозерский район,5776633358,Автотаргетинг,,-,0,-,0,линеарные панели для фасада,Альтернативные запросы,Запросы без упоминания брендов,-,,1916597733861553174,Комбинаторное,Фасадные термопанели с клинкером,,,,Поиск,Спецразмещение,Не определено,Смартфоны,iOS,Wi-Fi,Мужской,35-44 года,6–10%,Не определено,0.00,0,0,-,-,1,-,0.00,0.73,0.00,72.93,3.00,-,-,-
"Приозерский район, Поиск   от 25-07-2026",713047408,16.08.2026,Приозерский район,5776633358,Автотаргетинг,,-,0,-,0,линеарные панели для фасада цена за м2,Альтернативные запросы,Запросы без упоминания брендов,-,,1916597733861553174,Комбинаторное,Фасадные термопанели с клинкером,,,,Поиск,Спецразмещение,Не определено,Смартфоны,iOS,Wi-Fi,Мужской,35-44 года,6–10%,Не определено,0.00,0,0,-,-,1,-,0.00,0.83,0.00,82.63,2.00,-,-,-
"Приозерский район, Поиск   от 25-07-2026",713047408,16.08.2026,Приозерский район,5776633358,Автотаргетинг,,-,0,-,0,лист для обшивки стен снаружи,Широкие запросы,Запросы без упоминания брендов,-,,1916597733861553174,Комбинаторное,Фасадные термопанели с клинкером,,,,Поиск,Спецразмещение,Не определено,Смартфоны,iOS,Мобильная связь,Мужской,45-54 года,6–10%,Не определено,0.00,0,0,-,-,1,-,0.00,0.92,0.00,91.62,1.00,-,-,-
"Приозерский район, Поиск   от 25-07-2026",713047408,16.08.2026,Приозерский район,5776633358,Автотаргетинг,,-,0,-,0,лист для обшивки стен снаружи,Широкие запросы,Запросы без упоминания брендов,-,,1916597733861553174,Комбинаторное,Фасадные термопанели с клинкером,,,,Поиск,Прочее,Не определено,Смартфоны,iOS,Мобильная связь,Мужской,45-54 года,6–10%,Не определено,0.00,0,0,-,-,1,-,0.00,1.00,0.00,100.00,5.00,-,-,-
"Приозерский район, Поиск   от 25-07-2026",713047408,16.08.2026,Приозерский район,5776633358,Автотаргетинг,,-,0,-,0,магазин строительный у ст громово,Альтернативные запросы,Запросы без упоминания брендов,-,,1916597733861553174,Комбинаторное,Производство в Выборге — доставка в район,,,,Поиск,Спецразмещение,Не определено,Смартфоны,Android,Wi-Fi,Мужской,Старше 55,Остальные,Не определено,0.00,0,0,-,-,1,-,0.00,0.59,0.00,58.95,1.00,-,-,-
"Приозерский район, Поиск   от 25-07-2026",713047408,16.08.2026,Приозерский район,5776633358,Автотаргетинг,,-,0,-,0,мешают ли установленные двери при утеплении фасадов,Сопутствующие запросы,Запросы без упоминания брендов,-,,1916597733861553174,Комбинаторное,Термопанели для дома в Приозерске,,,,Поиск,Прочее,Не определено,Смартфоны,Android,Wi-Fi,Женский,45-54 года,2–5%,Не определено,0.00,0,0,-,-,1,-,0.00,1.24,0.00,123.56,5.00,-,-,-
"Приозерский район, Поиск   от 25-07-2026",713047408,16.08.2026,Приозерский район,5776633358,Автотаргетинг,,-,0,-,0,мешают ли установленные двери при утеплении фасадов,Сопутствующие запросы,Запросы без упоминания брендов,-,,1916597733861553174,Комбинаторное,Утепление фасада термопанелями,,,,Поиск,Спецразмещение,Не определено,Смартфоны,Android,Wi-Fi,Женский,45-54 года,2–5%,Не определено,0.00,1,0,0.00,-,1,0.00,100.00,1.29,77.39,129.22,2.00,2.00,0.00,1.00
"Приозерский район, Поиск   от 25-07-2026",713047408,16.08.2026,Приозерский район,5776633358,Автотаргетинг,,-,0,-,0,мешают ли установленные двери при утеплении фасадов,Сопутствующие запросы,Запросы без упоминания брендов,-,,1916597733861553174,Комбинаторное,Утепление фасада термопанелями,,,,Поиск,Прочее,Не определено,Смартфоны,Android,Wi-Fi,Женский,45-54 года,2–5%,Не определено,0.00,0,0,-,-,1,-,0.00,1.38,0.00,137.77,5.00,-,-,-
"Приозерский район, Поиск   от 25-07-2026",713047408,16.08.2026,Приозерский район,5776633358,Автотаргетинг,,-,0,-,0,монтаж клинкерного кирпича,Альтернативные запросы,Запросы без упоминания брендов,-,,1916597733861553174,Комбинаторное,Термопанели с клинкерной плиткой - КлинкерПрофи,,,,Поиск,Спецразмещение,Не определено,Планшеты,Android,Wi-Fi,Мужской,45-54 года,Остальные,Не определено,0.00,0,0,-,-,1,-,0.00,1.00,0.00,100.00,1.00,-,-,-
"Приозерский район, Поиск   от 25-07-2026",713047408,16.08.2026,Приозерский район,5776633358,Автотаргетинг,,-,0,-,0,облицовка дома,Сопутствующие запросы,Запросы без упоминания брендов,-,,1916597733861553174,Комбинаторное,Термопанели для дома в Приозерске,,,,Поиск,Спецразмещение,Не определено,Смартфоны,Android,Wi-Fi,Женский,45-54 года,Остальные,Не определено,0.00,0,0,-,-,1,-,0.00,1.00,0.00,100.00,-,-,-,-
"Приозерский район, Поиск   от 25-07-2026",713047408,16.08.2026,Приозерский район,5776633358,Автотаргетинг,,-,0,-,0,облицовка дома,Сопутствующие запросы,Запросы без упоминания брендов,-,,1916597733861553174,Комбинаторное,Фасадные термопанели с клинкером,,,,Поиск,Спецразмещение,Не определено,Смартфоны,Android,Wi-Fi,Женский,45-54 года,Остальные,Не определено,0.00,0,0,-,-,1,-,0.00,0.93,0.00,92.76,1.00,-,-,-
"Приозерский район, Поиск   от 25-07-2026",713047408,16.08.2026,Приозерский район,5776633358,Автотаргетинг,,-,0,-,0,пеноплекс,Альтернативные запросы,Запросы без упоминания брендов,-,,1916597733861553174,Комбинаторное,Утепление фасада термопанелями,,,,Поиск,Спецразмещение,Не определено,Десктопы,Не определён,Wi-Fi,Мужской,Старше 55,2–5%,Не определено,0.00,0,0,-,-,1,-,0.00,0.46,0.00,46.02,2.00,-,-,-
"Приозерский район, Поиск   от 25-07-2026",713047408,16.08.2026,Приозерский район,5776633358,Автотаргетинг,,-,0,-,0,пеноплекс,Сопутствующие запросы,Запросы без упоминания брендов,-,,1916597733861553174,Комбинаторное,Клинкерные термопанели — КлинкерПрофи,,,,Поиск,Спецразмещение,Не определено,Смартфоны,Android,Wi-Fi,Мужской,25-34 года,Остальные,Не определено,0.00,0,0,-,-,1,-,0.00,0.75,0.00,74.71,1.00,-,-,-
"Приозерский район, Поиск   от 25-07-2026",713047408,16.08.2026,Приозерский район,5776633358,Автотаргетинг,,-,0,-,0,пеноплекс 30,Альтернативные запросы,Запросы без упоминания брендов,-,,1916597733861553174,Комбинаторное,Утепление фасада термопанелями,,,,Поиск,Спецразмещение,Не определено,Смартфоны,iOS,Wi-Fi,Женский,Старше 55,2–5%,Не определено,0.00,0,0,-,-,1,-,0.00,0.71,0.00,71.40,1.00,-,-,-
"Приозерский район, Поиск   от 25-07-2026",713047408,16.08.2026,Приозерский район,5776633358,Автотаргетинг,,-,0,-,0,пенополистирол,Альтернативные запросы,Запросы без упоминания брендов,-,,1916597733861553174,Комбинаторное,Утепление фасада термопанелями,,,,Поиск,Спецразмещение,Не определено,Смартфоны,Android,Wi-Fi,Женский,Старше 55,Остальные,Не определено,0.00,0,0,-,-,1,-,0.00,0.76,0.00,76.42,1.00,-,-,-
"Приозерский район, Поиск   от 25-07-2026",713047408,16.08.2026,Приозерский район,5776633358,Автотаргетинг,,-,0,-,0,полнотелый кирпич сколько кубов в паллете,Сопутствующие запросы,Запросы без упоминания брендов,-,,1916597733861553174,Комбинаторное,Производство в Выборге — доставка в район,,,,Поиск,Прочее,Не определено,Смартфоны,Android,Wi-Fi,Мужской,45-54 года,Остальные,Не определено,0.00,0,0,-,-,1,-,0.00,0.77,0.00,76.79,5.00,-,-,-
"Приозерский район, Поиск   от 25-07-2026",713047408,16.08.2026,Приозерский район,5776633358,Автотаргетинг,,-,0,-,0,ппу утепление,Альтернативные запросы,Запросы без упоминания брендов,-,,1916597733861553174,Комбинаторное,Утепление фасада термопанелями,,,,Поиск,Спецразмещение,Не определено,Смартфоны,Android,Wi-Fi,Мужской,45-54 года,Остальные,Не определено,0.00,0,0,-,-,1,-,0.00,0.48,0.00,47.63,2.00,-,-,-
"Приозерский район, Поиск   от 25-07-2026",713047408,16.08.2026,Приозерский район,5776633358,Автотаргетинг,,-,0,-,0,расценки на монтаж плитки хауберг,Альтернативные запросы,Запросы без упоминания брендов,-,,1916597733861553174,Комбинаторное,Термопанели с клинкерной плиткой - КлинкерПрофи,,,,Поиск,Спецразмещение,Не определено,Смартфоны,Android,Wi-Fi,Мужской,45-54 года,Остальные,Не определено,0.00,0,0,-,-,1,-,0.00,0.86,0.00,86.12,3.00,-,-,-
"Приозерский район, Поиск   от 25-07-2026",713047408,16.08.2026,Приозерский район,5776633358,Автотаргетинг,,-,0,-,0,самый простой теплый дом до 35,Сопутствующие запросы,Запросы без упоминания брендов,-,,1916597733861553174,Комбинаторное,Термопанели для дома в Приозерске,,,,Поиск,Прочее,Не определено,Смартфоны,Android,Wi-Fi,Мужской,18-24 года,2–5%,Не определено,0.00,0,0,-,-,1,-,0.00,0.77,0.00,76.79,5.00,-,-,-
"Приозерский район, Поиск   от 25-07-2026",713047408,16.08.2026,Приозерский район,5776633358,Автотаргетинг,,-,0,-,0,сколько стоит утеплитель роквул 50,Альтернативные запросы,Запросы с упоминанием брендов конкурентов,-,,1916597733861553174,Комбинаторное,Утепление фасада термопанелями,,,,Поиск,Спецразмещение,Не определено,Смартфоны,Android,Wi-Fi,Женский,45-54 года,Остальные,Не определено,0.00,0,0,-,-,1,-,0.00,0.69,0.00,69.00,2.00,-,-,-
"Приозерский район, Поиск   от 25-07-2026",713047408,16.08.2026,Приозерский район,5776633358,Автотаргетинг,,-,0,-,0,строительная база коммунар гатчина,Альтернативные запросы,Запросы без упоминания брендов,-,,1916597733861553174,Комбинаторное,Производство в Выборге — доставка в район,,,,Поиск,Спецразмещение,Не определено,Смартфоны,Android,Wi-Fi,Мужской,Старше 55,6–10%,Не определено,0.00,0,0,-,-,1,-,0.00,0.88,0.00,88.20,1.00,-,-,-
"Приозерский район, Поиск   от 25-07-2026",713047408,16.08.2026,Приозерский район,5776633358,Автотаргетинг,,-,0,-,0,строительные магазины приозерск,Широкие запросы,Запросы без упоминания брендов,-,,1916597733861553174,Комбинаторное,Производство в Выборге — доставка в район,,,,Поиск,Прочее,Не определено,Смартфоны,Android,Wi-Fi,Мужской,45-54 года,Остальные,Не определено,0.00,0,0,-,-,1,-,0.00,1.00,0.00,100.00,5.00,-,-,-
"Приозерский район, Поиск   от 25-07-2026",713047408,16.08.2026,Приозерский район,5776633358,Автотаргетинг,,-,0,-,0,стройбаза сосново,Широкие запросы,Запросы без упоминания брендов,-,,1916597733861553174,Комбинаторное,Производство в Выборге — доставка в район,,,,Поиск,Прочее,Не определено,Десктопы,Не определён,Wi-Fi,Мужской,18-24 года,Остальные,Не определено,0.00,0,0,-,-,1,-,0.00,1.00,0.00,100.00,5.00,-,-,-
"Приозерский район, Поиск   от 25-07-2026",713047408,16.08.2026,Приозерский район,5776633358,Автотаргетинг,,-,0,-,0,сэндвич панели купить,Альтернативные запросы,Запросы без упоминания брендов,-,,1918168175770350076,Страницы каталога,Термопанель Колорадо 3 (32 шт),Термопанель Колорадо 3 (32 шт),,,Поиск,Спецразмещение,Не определено,Смартфоны,Android,Мобильная связь,Мужской,45-54 года,Остальные,Не определено,0.00,0,0,-,-,1,-,0.00,0.87,0.00,86.78,1.00,-,-,-
"Приозерский район, Поиск   от 25-07-2026",713047408,16.08.2026,Приозерский район,5776633358,Автотаргетинг,,-,0,-,0,сэндвич панели цена,Широкие запросы,Запросы без упоминания брендов,-,,1918168175770350076,Страницы каталога,Термопанель Колорадо 4 (32 шт),Термопанель Колорадо 4 (32 шт),,,Поиск,Спецразмещение,Не определено,Смартфоны,Android,Wi-Fi,Мужской,45-54 года,Остальные,Не определено,0.00,0,0,-,-,1,-,0.00,0.67,0.00,66.99,3.00,-,-,-
"Приозерский район, Поиск   от 25-07-2026",713047408,16.08.2026,Приозерский район,5776633358,Автотаргетинг,,-,0,-,0,термопанель цокольная куба 2,Альтернативные запросы,Запросы без упоминания брендов,-,,1918168175770350076,Страницы каталога,Термопанели с клинкерной плиткой. Производство в Выборге,Термопанели с клинкерной плиткой — КлинкерПрофи,,,Поиск,Спецразмещение,Не определено,Смартфоны,Android,Wi-Fi,Женский,35-44 года,2–5%,Не определено,0.00,0,0,-,-,1,-,0.00,1.13,0.00,112.70,1.00,-,-,-
"Приозерский район, Поиск   от 25-07-2026",713047408,16.08.2026,Приозерский район,5776633358,Автотаргетинг,,-,0,-,0,термофасадная панель,Широкие запросы,Запросы без упоминания брендов,-,,1918168175770350076,Страницы каталога,Термопанели с клинкерной плиткой. Производство в Выборге,Термопанели с клинкерной плиткой — КлинкерПрофи,,,Поиск,Спецразмещение,Не определено,Смартфоны,iOS,Мобильная связь,Мужской,35-44 года,Топ 1%,Не определено,0.00,0,0,-,-,1,-,0.00,0.58,0.00,57.61,3.00,-,-,-
"Приозерский район, Поиск   от 25-07-2026",713047408,16.08.2026,Приозерский район,5776633358,Автотаргетинг,,-,0,-,0,технофас коттедж технониколь,Сопутствующие запросы,Запросы без упоминания брендов,-,,1916597733861553174,Комбинаторное,Термопанели для дома в Приозерске,,,,Поиск,Спецразмещение,Не определено,Смартфоны,iOS,Wi-Fi,Женский,35-44 года,2–5%,Не определено,0.00,0,0,-,-,2,-,0.00,0.92,0.00,46.02,3.00,-,-,-
"Приозерский район, Поиск   от 25-07-2026",713047408,16.08.2026,Приозерский район,5776633358,Автотаргетинг,,-,0,-,0,устройство мокрого фасада,Сопутствующие запросы,Запросы без упоминания брендов,-,,1916597733861553174,Комбинаторное,Утепление фасада термопанелями,,,,Поиск,Спецразмещение,Не определено,Десктопы,Не определён,Wi-Fi,Не определен,Не определен,Остальные,Не определено,0.00,0,0,-,-,1,-,0.00,1.25,0.00,125.21,3.00,-,-,-
"Приозерский район, Поиск   от 25-07-2026",713047408,16.08.2026,Приозерский район,5776633358,Автотаргетинг,,-,0,-,0,утеплитель,Альтернативные запросы,Запросы без упоминания брендов,-,,1916597733861553174,Комбинаторное,Фасадные термопанели с клинкером,,,,Поиск,Спецразмещение,Не определено,Смартфоны,Android,Wi-Fi,Женский,Старше 55,Остальные,Не определено,0.00,0,0,-,-,1,-,0.00,0.44,0.00,43.82,1.00,-,-,-
"Приозерский район, Поиск   от 25-07-2026",713047408,16.08.2026,Приозерский район,5776633358,Автотаргетинг,,-,0,-,0,утеплитель 150 мм,Альтернативные запросы,Запросы без упоминания брендов,-,,1916597733861553174,Комбинаторное,Утепление фасада термопанелями,,,,Поиск,Спецразмещение,Не определено,Смартфоны,Android,Wi-Fi,Мужской,Старше 55,Топ 1%,Не определено,0.00,0,0,-,-,1,-,0.00,0.44,0.00,43.54,3.00,-,-,-
"Приозерский район, Поиск   от 25-07-2026",713047408,16.08.2026,Приозерский район,5776633358,Автотаргетинг,,-,0,-,0,утеплитель для стен ленор напыляемый,Альтернативные запросы,Запросы без упоминания брендов,-,,1916597733861553174,Комбинаторное,Утепление фасада термопанелями,,,,Поиск,Прочее,Не определено,Смартфоны,Android,Wi-Fi,Женский,18-24 года,Остальные,Не определено,0.00,0,0,-,-,1,-,0.00,0.09,0.00,8.50,5.00,-,-,-
"Приозерский район, Поиск   от 25-07-2026",713047408,16.08.2026,Приозерский район,5776633358,Автотаргетинг,,-,0,-,0,утеплитель для стен ленор напыляемый,Альтернативные запросы,Запросы без упоминания брендов,-,,1916597733861553174,Комбинаторное,Утепление фасада термопанелями,,,,Поиск,Прочее,Не определено,Смартфоны,Android,Wi-Fi,Женский,Старше 55,Остальные,Не определено,0.00,0,0,-,-,1,-,0.00,0.09,0.00,8.50,5.00,-,-,-
"Приозерский район, Поиск   от 25-07-2026",713047408,16.08.2026,Приозерский район,5776633358,Автотаргетинг,,-,0,-,0,фасадная панель доке атакама клинкер,Альтернативные запросы,Запросы без упоминания брендов,-,,1918168175770350076,Страницы каталога,Термопанели с клинкерной плиткой. Производство в Выборге,Термопанели с клинкерной плиткой — КлинкерПрофи,,,Поиск,Спецразмещение,Не определено,Смартфоны,Android,Wi-Fi,Мужской,45-54 года,Остальные,Не определено,0.00,0,0,-,-,1,-,0.00,0.88,0.00,88.47,1.00,-,-,-
"Приозерский район, Поиск   от 25-07-2026",713047408,16.08.2026,Приозерский район,5776633358,Автотаргетинг,,-,0,-,0,фасадные панели,Широкие запросы,Запросы без упоминания брендов,-,,1916597733861553174,Комбинаторное,Фасадные термопанели с клинкером,,,,Поиск,Спецразмещение,Не определено,Смартфоны,iOS,Wi-Fi,Женский,35-44 года,6–10%,Не определено,0.00,0,0,-,-,1,-,0.00,0.98,0.00,97.91,1.00,-,-,-
"Приозерский район, Поиск   от 25-07-2026",713047408,16.08.2026,Приозерский район,5776633358,Автотаргетинг,,-,0,-,0,фасадные панели,Широкие запросы,Запросы без упоминания брендов,-,,1916597733861553174,Комбинаторное,Фасадные термопанели с клинкером,,,,Поиск,Прочее,Не определено,Смартфоны,iOS,Wi-Fi,Женский,35-44 года,6–10%,Не определено,0.00,0,0,-,-,1,-,0.00,0.77,0.00,76.79,5.00,-,-,-
"Приозерский район, Поиск   от 25-07-2026",713047408,16.08.2026,Приозерский район,5776633358,Автотаргетинг,,-,0,-,0,фасады домов двухцветные,Сопутствующие запросы,Запросы без упоминания брендов,-,,1916597733861553174,Комбинаторное,Фасадные термопанели с клинкером,,,,Поиск,Спецразмещение,Не определено,Планшеты,iOS,Мобильная связь,Женский,45-54 года,2–5%,Не определено,0.00,0,0,-,-,2,-,0.00,2.00,0.00,100.00,-,-,-,-
"Приозерский район, Поиск   от 25-07-2026",713047408,16.08.2026,Приозерский район,5776633358,Автотаргетинг,,-,0,-,0,частный мастер по отделке деревом в сосново приозерского района,Альтернативные запросы,Запросы без упоминания брендов,-,,1916597733861553174,Комбинаторное,Производство в Выборге — доставка в район,,,,Поиск,Прочее,Не определено,Смартфоны,Android,Wi-Fi,Мужской,45-54 года,Остальные,Не определено,0.00,0,0,-,-,1,-,0.00,0.77,0.00,76.79,5.00,-,-,-
"Приозерский район, Поиск   от 25-07-2026",713047408,16.08.2026,Приозерский район,5776633358,Автотаргетинг,,-,0,-,0,чем обшить брусовой дом,Сопутствующие запросы,Запросы без упоминания брендов,-,,1916597733861553174,Комбинаторное,Термопанели для дома в Приозерске,,,,Поиск,Спецразмещение,Не определено,Смартфоны,Android,Wi-Fi,Мужской,18-24 года,Остальные,Не определено,0.00,0,0,-,-,1,-,0.00,1.26,0.00,125.63,2.00,-,-,-
"Приозерский район, Поиск   от 25-07-2026",713047408,16.08.2026,Приозерский район,5776633358,Автотаргетинг,,-,0,-,0,что такое теплый контур дома,Сопутствующие запросы,Запросы без упоминания брендов,-,,1916597733861553174,Комбинаторное,Фасадные термопанели с клинкером,,,,Поиск,Прочее,Не определено,Смартфоны,Android,Wi-Fi,Женский,45-54 года,Остальные,Не определено,0.00,0,0,-,-,1,-,0.00,0.77,0.00,76.79,5.00,-,-,-
Термопанели в Выборге,712773255,16.08.2026,Группа 1 - коммерческая,5773901452,Фраза,термопанели -цена -производитель -купить -заказывать -доставка,-,0,-,0,термопанели с клинкерной раскладка с рейкой,Узкие запросы,Запросы без упоминания брендов,Пословное,,1915802398259215246,Комбинаторное,"Термопанели в Выборге - завод на Ленина, 11",,,,Поиск,Прочее,Не определено,Смартфоны,Android,Wi-Fi,Женский,45-54 года,Остальные,Не определено,0.00,0,0,-,-,1,-,0.00,1.08,0.00,108.06,5.00,-,-,-
Термопанели в Выборге,712773255,16.08.2026,Группа 1 - коммерческая,5773901452,Фраза,термопанели -цена -производитель -купить -заказывать -доставка,-,0,-,0,фасад дома с термопанели с клинкерной раскладка с рейкой,Сопутствующие запросы,Запросы без упоминания брендов,Пословное,,1915802398259215246,Комбинаторное,Клинкерные термопанели - производство Выборг,,,,Поиск,Прочее,Не определено,Смартфоны,Android,Wi-Fi,Женский,45-54 года,Остальные,Не определено,0.00,0,0,-,-,1,-,0.00,0.80,0.00,80.24,6.00,-,-,-
Термопанели в Выборге,712773255,16.08.2026,Группа 1 - коммерческая,5773901452,Фраза,термопанели -цена -производитель -купить -заказывать -доставка,-,0,-,0,фасад дома с термопанели с клинкерной раскладка с рейкой,Сопутствующие запросы,Запросы без упоминания брендов,Пословное,,1915802398259215246,Комбинаторное,Купить термопанели в Выборге напрямую,,,,Поиск,Прочее,Не определено,Смартфоны,Android,Wi-Fi,Женский,45-54 года,Остальные,Не определено,0.00,0,0,-,-,1,-,0.00,0.80,0.00,80.24,6.00,-,-,-
Термопанели в Выборге,712773255,16.08.2026,Группа 1 - коммерческая,5773901452,Фраза,термопанели -цена -производитель -купить -заказывать -доставка,-,0,-,0,фасад дома с термопанели с клинкерной раскладка с рейкой,Сопутствующие запросы,Запросы без упоминания брендов,Пословное,,1915802398259215246,Комбинаторное,Термопанели с клинкером - собственный завод в Выборге,,,,Поиск,Прочее,Не определено,Смартфоны,Android,Wi-Fi,Женский,45-54 года,Остальные,Не определено,0.00,0,0,-,-,2,-,0.00,1.60,0.00,80.24,6.00,-,-,-
Термопанели в Выборге,712773255,16.08.2026,Группа 1 - коммерческая,5773901452,Фраза,термопанели -цена -производитель -купить -заказывать -доставка,-,0,-,0,фасадная термопанель клинкерная,Целевые запросы,Запросы без упоминания брендов,Пословное,,1915802398259215246,Комбинаторное,Гарантия до 5 лет на термопанели,,,,Поиск,Прочее,Не определено,Смартфоны,iOS,Wi-Fi,Мужской,Старше 55,Топ 1%,Не определено,0.00,0,0,-,-,1,-,0.00,0.80,0.00,80.24,6.00,-,-,-
Термопанели в Выборге,712773255,16.08.2026,Группа 1 - коммерческая,5773901452,Фраза,термопанели -цена -производитель -купить -заказывать -доставка,-,0,-,0,фасадная термопанель клинкерная,Целевые запросы,Запросы без упоминания брендов,Пословное,,1915802398259215246,Комбинаторное,Клинкерные термопанели - производство Выборг,,,,Поиск,Прочее,Не определено,Смартфоны,iOS,Wi-Fi,Мужской,Старше 55,Топ 1%,Не определено,0.00,0,0,-,-,1,-,0.00,0.80,0.00,80.24,6.00,-,-,-
Термопанели в Выборге,712773255,16.08.2026,Группа 1 - коммерческая,5773901452,Фраза,термопанели -цена -производитель -купить -заказывать -доставка,-,0,-,0,фасадная термопанель клинкерная,Целевые запросы,Запросы без упоминания брендов,Пословное,,1915802398259215246,Комбинаторное,Купить термопанели в Выборге напрямую,,,,Поиск,Прочее,Не определено,Смартфоны,iOS,Wi-Fi,Мужской,Старше 55,Топ 1%,Не определено,0.00,0,0,-,-,1,-,0.00,0.80,0.00,80.24,6.00,-,-,-
Термопанели в Выборге,712773255,16.08.2026,Группа 1 - коммерческая,5773901452,Фраза,термопанели -цена -производитель -купить -заказывать -доставка,-,0,-,0,фасадная термопанель клинкерная,Целевые запросы,Запросы без упоминания брендов,Пословное,,1915802398259215246,Комбинаторное,Термопанели с клинкером - собственный завод в Выборге,,,,Поиск,Прочее,Не определено,Смартфоны,iOS,Wi-Fi,Мужской,Старше 55,Топ 1%,Не определено,0.00,0,0,-,-,2,-,0.00,1.60,0.00,80.24,6.00,-,-,-
Термопанели в Выборге,712773255,16.08.2026,Группа 1 - коммерческая,5773901452,Фраза,фасадные панели для наружной отделки,-,0,-,0,панель фасадная технониколь в молдове,Альтернативные запросы,Запросы с упоминанием брендов конкурентов,Семантическое,,1915802398259215246,Комбинаторное,Купить термопанели в Выборге напрямую,,,,Поиск,Прочее,Не определено,Смартфоны,Android,Wi-Fi,Женский,45-54 года,Остальные,Не определено,0.00,0,0,-,-,2,-,0.00,1.09,0.00,54.25,5.00,-,-,-
Термопанели в Выборге,712773255,16.08.2026,Группа 1 - коммерческая,5773901452,Фраза,фасадные панели для наружной отделки,-,0,-,0,панель фасадная технониколь в молдове кишиневе,Альтернативные запросы,Запросы с упоминанием брендов конкурентов,Семантическое,,1915802398259215246,Комбинаторное,Гарантия до 5 лет на термопанели,,,,Поиск,Прочее,Не определено,Смартфоны,Android,Wi-Fi,Женский,45-54 года,Остальные,Не определено,0.00,0,0,-,-,1,-,0.00,0.09,0.00,8.50,5.00,-,-,-
Термопанели в Выборге,712773255,16.08.2026,Группа 1 - коммерческая,5773901452,Фраза,фасадные панели для наружной отделки,-,0,-,0,панель фасадная технониколь в молдове кишиневе,Альтернативные запросы,Запросы с упоминанием брендов конкурентов,Семантическое,,1915802398259215246,Комбинаторное,Купить термопанели в Выборге напрямую,,,,Поиск,Прочее,Не определено,Смартфоны,Android,Wi-Fi,Женский,45-54 года,Остальные,Не определено,0.00,0,0,-,-,1,-,0.00,0.09,0.00,8.50,5.00,-,-,-
Термопанели в Выборге,712773255,16.08.2026,Группа 1 - коммерческая,5773901452,Фраза,фасадные панели для наружной отделки,-,0,-,0,панель фасадная технониколь в молдове кишиневе,Альтернативные запросы,Запросы с упоминанием брендов конкурентов,Семантическое,,1915802398259215246,Комбинаторное,"Термопанели в Выборге - завод на Ленина, 11",,,,Поиск,Прочее,Не определено,Смартфоны,Android,Wi-Fi,Женский,45-54 года,Остальные,Не определено,0.00,0,0,-,-,1,-,0.00,0.09,0.00,8.50,5.00,-,-,-
Термопанели в Выборге,712773255,16.08.2026,Группа 1 - коммерческая,5773901452,Автотаргетинг,,-,0,-,0,,Не определено,-,-,,1915802398259215246,Комбинаторное,Клинкерные термопанели - производство Выборг,,,,Сети,Прочее,Не определено,Десктопы,Не определён,Wi-Fi,Женский,Старше 55,Остальные,Не определено,0.00,0,0,-,-,2,-,0.00,2.00,0.00,100.00,-,-,-,-
Термопанели в Выборге,712773255,16.08.2026,Группа 1 - коммерческая,5773901452,Автотаргетинг,,-,0,-,0,,Не определено,-,-,,1915802398259215246,Комбинаторное,Клинкерные термопанели - производство Выборг,,,,Сети,Прочее,Не определено,Смартфоны,Android,Wi-Fi,Мужской,45-54 года,6–10%,Не определено,0.00,0,0,-,-,1,-,0.00,1.00,0.00,100.00,-,-,-,-
Термопанели в Выборге,712773255,16.08.2026,Группа 1 - коммерческая,5773901452,Автотаргетинг,,-,0,-,0,,Не определено,-,-,,1915802398259215246,Комбинаторное,Купить термопанели в Выборге напрямую,,,,Сети,Прочее,Не определено,Смартфоны,Android,Wi-Fi,Мужской,Старше 55,Остальные,Не определено,0.00,0,0,-,-,2,-,0.00,2.00,0.00,100.00,-,-,-,-
Термопанели в Выборге,712773255,16.08.2026,Группа 1 - коммерческая,5773901452,Автотаргетинг,,-,0,-,0,,Не определено,-,-,,1915802398259215246,Комбинаторное,Купить термопанели в Выборге напрямую,,,,Сети,Прочее,Не определено,Смартфоны,Android,Wi-Fi,Женский,45-54 года,Остальные,Не определено,0.00,0,0,-,-,5,-,0.00,5.00,0.00,100.00,-,-,-,-
Термопанели в Выборге,712773255,16.08.2026,Группа 1 - коммерческая,5773901452,Автотаргетинг,,-,0,-,0,,Не определено,-,-,,1915802398259215246,Комбинаторное,Купить термопанели в Выборге напрямую,,,,Сети,Прочее,Не определено,Смартфоны,Android,Wi-Fi,Женский,Старше 55,Остальные,Не определено,0.00,0,0,-,-,3,-,0.00,3.00,0.00,100.00,-,-,-,-
Термопанели в Выборге,712773255,16.08.2026,Группа 1 - коммерческая,5773901452,Автотаргетинг,,-,0,-,0,,Не определено,-,-,,1915802398259215246,Комбинаторное,Купить термопанели в Выборге напрямую,,,,Сети,Прочее,Не определено,Смартфоны,Android,Wi-Fi,Женский,Старше 55,6–10%,Не определено,0.00,0,0,-,-,1,-,0.00,1.00,0.00,100.00,-,-,-,-
Термопанели в Выборге,712773255,16.08.2026,Группа 1 - коммерческая,5773901452,Автотаргетинг,,-,0,-,0,,Не определено,-,-,,1915802398259215246,Комбинаторное,Купить термопанели в Выборге напрямую,,,,Сети,Прочее,Не определено,Планшеты,Android,Wi-Fi,Мужской,Старше 55,Остальные,Не определено,0.00,0,0,-,-,1,-,0.00,1.00,0.00,100.00,-,-,-,-
Термопанели в Выборге,712773255,16.08.2026,Группа 1 - коммерческая,5773901452,Автотаргетинг,,-,0,-,0,,Не определено,-,-,,1915802398259215246,Комбинаторное,"Термопанели в Выборге - завод на Ленина, 11",,,,Сети,Прочее,Не определено,Смартфоны,Android,Wi-Fi,Женский,Старше 55,Остальные,Не определено,0.00,0,0,-,-,2,-,0.00,2.00,0.00,100.00,-,-,-,-
Термопанели в Выборге,712773255,16.08.2026,Группа 1 - коммерческая,5773901452,Автотаргетинг,,-,0,-,0,,Не определено,-,-,,1915802398259215246,Комбинаторное,Термопанели с клинкером - собственный завод в Выборге,,,,Сети,Прочее,Не определено,Смартфоны,iOS,Wi-Fi,Мужской,Старше 55,6–10%,Не определено,0.00,0,0,-,-,1,-,0.00,1.00,0.00,100.00,-,-,-,-
Термопанели в Выборге,712773255,16.08.2026,Группа 1 - коммерческая,5773901452,Автотаргетинг,,-,0,-,0,производство фасадных термопанелей в ленинградской области все производство,Широкие запросы,Запросы без упоминания брендов,-,,1915802398259215246,Комбинаторное,Заголовок из контента поискового сниппета или настроек объявления,,,,Поиск,Динамические места на поиске,Не определено,Смартфоны,Android,Wi-Fi,Женский,35-44 года,Остальные,Не определено,0.00,0,0,-,-,1,-,0.00,0.85,0.00,85.02,2.00,-,-,-
Термопанели в Выборге,712773255,16.08.2026,Группа 1 - коммерческая,5773901452,Автотаргетинг,,-,0,-,0,строим наш дом выборг каталог товаров в выборге,Широкие запросы,Запросы с упоминанием брендов конкурентов,-,,1915802398259215246,Комбинаторное,Бесплатная доставка по Выборгскому району,,,,Поиск,Прочее,Не определено,Смартфоны,Android,Wi-Fi,Мужской,35-44 года,Остальные,Не определено,0.00,0,0,-,-,1,-,0.00,0.09,0.00,8.50,5.00,-,-,-
Термопанели в Выборге,712773255,16.08.2026,Группа 1 - коммерческая,5773901452,Автотаргетинг,,-,0,-,0,строй база октябрьская г волхов панели,Целевые запросы,Запросы с упоминанием брендов конкурентов,-,,1915802398259215246,Комбинаторное,"Термопанели в Выборге - завод на Ленина, 11",,,,Поиск,Прочее,Не определено,Смартфоны,Android,Wi-Fi,Женский,45-54 года,Остальные,Не определено,0.00,0,0,-,-,1,-,0.00,0.45,0.00,44.58,8.00,-,-,-
Термопанели в Выборге,712773255,16.08.2026,Группа 2 - Гео (ключевая),5773898865,Автотаргетинг,,-,0,-,0,,Не определено,-,-,,1915800871397818629,Комбинаторное,Клинкерные термопанели - производство Выборг,,,,Сети,Прочее,Не определено,Смартфоны,Android,Wi-Fi,Мужской,Старше 55,Остальные,Не определено,0.00,0,0,-,-,1,-,0.00,1.00,0.00,100.00,-,-,-,-
Термопанели в Выборге,712773255,16.08.2026,Группа 2 - Гео (ключевая),5773898865,Автотаргетинг,,-,0,-,0,,Не определено,-,-,,1915800871397818629,Комбинаторное,Купить термопанели в Выборге напрямую,,,,Сети,Прочее,Не определено,Смартфоны,Android,Wi-Fi,Мужской,Старше 55,Остальные,Не определено,0.00,0,0,-,-,3,-,0.00,3.00,0.00,100.00,-,-,-,-
Термопанели в Выборге,712773255,16.08.2026,Группа 2 - Гео (ключевая),5773898865,Автотаргетинг,,-,0,-,0,,Не определено,-,-,,1915800871397818629,Комбинаторное,Купить термопанели в Выборге напрямую,,,,Сети,Прочее,Не определено,Смартфоны,Android,Wi-Fi,Женский,Старше 55,Остальные,Не определено,0.00,0,0,-,-,1,-,0.00,1.00,0.00,100.00,-,-,-,-
Термопанели в Выборге,712773255,16.08.2026,Группа 2 - Гео (ключевая),5773898865,Автотаргетинг,,-,0,-,0,,Не определено,-,-,,1915800871397818629,Комбинаторное,Купить термопанели в Выборге напрямую,,,,Сети,Прочее,Не определено,Смартфоны,Android,Wi-Fi,Женский,Старше 55,6–10%,Не определено,0.00,0,0,-,-,1,-,0.00,1.00,0.00,100.00,-,-,-,-
Термопанели в Выборге,712773255,16.08.2026,Группа 2 - Гео (ключевая),5773898865,Автотаргетинг,,-,0,-,0,,Не определено,-,-,,1915800871397818629,Комбинаторное,"Термопанели в Выборге - завод на Ленина, 11",,,,Сети,Прочее,Не определено,Смартфоны,Android,Wi-Fi,Женский,45-54 года,6–10%,Не определено,0.00,0,0,-,-,2,-,0.00,2.00,0.00,100.00,-,-,-,-
Термопанели в Выборге,712773255,16.08.2026,Группа 3 - клинкер (продуктовая),5773902142,Автотаргетинг,,-,0,-,0,,Не определено,-,-,,1915802914729060647,Комбинаторное,Бесплатная доставка по Выборгскому району,,,,Сети,Прочее,Не определено,Смартфоны,Android,Wi-Fi,Женский,45-54 года,Остальные,Не определено,0.00,0,0,-,-,1,-,0.00,1.00,0.00,100.00,-,-,-,-
Термопанели в Выборге,712773255,16.08.2026,Группа 3 - клинкер (продуктовая),5773902142,Автотаргетинг,,-,0,-,0,,Не определено,-,-,,1915802914729060647,Комбинаторное,Производитель термопанелей в Ленобласти,,,,Сети,Прочее,Не определено,Десктопы,Не определён,Wi-Fi,Женский,Старше 55,Остальные,Не определено,0.00,0,0,-,-,1,-,0.00,1.00,0.00,100.00,-,-,-,-
Термопанели в Выборге,712773255,16.08.2026,Группа 3 - клинкер (продуктовая),5773902142,Автотаргетинг,,-,0,-,0,,Не определено,-,-,,1915802914729060647,Комбинаторное,Производитель термопанелей в Ленобласти,,,,Сети,Прочее,Не определено,Смартфоны,Android,Wi-Fi,Мужской,Старше 55,Остальные,Не определено,0.00,0,0,-,-,1,-,0.00,1.00,0.00,100.00,-,-,-,-
Термопанели в Выборге,712773255,16.08.2026,Группа 3 - клинкер (продуктовая),5773902142,Автотаргетинг,,-,0,-,0,,Не определено,-,-,,1915802914729060647,Комбинаторное,Производитель термопанелей в Ленобласти,,,,Сети,Прочее,Не определено,Смартфоны,iOS,Wi-Fi,Мужской,35-44 года,Остальные,Не определено,0.00,0,0,-,-,1,-,0.00,1.00,0.00,100.00,-,-,-,-
Термопанели в Выборге,712773255,16.08.2026,Группа 3 - клинкер (продуктовая),5773902142,Автотаргетинг,,-,0,-,0,,Не определено,-,-,,1915802914729060647,Комбинаторное,"Термопанели в Выборге - завод на Ленина, 11",,,,Сети,Прочее,Не определено,Десктопы,Не определён,Wi-Fi,Мужской,Старше 55,Остальные,Не определено,0.00,0,0,-,-,1,-,0.00,1.00,0.00,100.00,-,-,-,-
Термопанели в Выборге,712773255,16.08.2026,Группа 3 - клинкер (продуктовая),5773902142,Автотаргетинг,,-,0,-,0,,Не определено,-,-,,1915802914729060647,Комбинаторное,"Термопанели в Выборге - завод на Ленина, 11",,,,Сети,Прочее,Не определено,Смартфоны,Android,Wi-Fi,Мужской,45-54 года,Остальные,Не определено,0.00,0,0,-,-,4,-,0.00,4.00,0.00,100.00,-,-,-,-
Термопанели в Выборге,712773255,16.08.2026,Группа 3 - клинкер (продуктовая),5773902142,Автотаргетинг,,-,0,-,0,,Не определено,-,-,,1915802914729060647,Комбинаторное,"Термопанели в Выборге - завод на Ленина, 11",,,,Сети,Прочее,Не определено,Смартфоны,Android,Wi-Fi,Мужской,Старше 55,Остальные,Не определено,0.00,0,0,-,-,6,-,0.00,6.00,0.00,100.00,-,-,-,-
Термопанели в Выборге,712773255,16.08.2026,Группа 3 - клинкер (продуктовая),5773902142,Автотаргетинг,,-,0,-,0,,Не определено,-,-,,1915802914729060647,Комбинаторное,"Термопанели в Выборге - завод на Ленина, 11",,,,Сети,Прочее,Не определено,Смартфоны,Android,Wi-Fi,Женский,25-34 года,Остальные,Не определено,0.00,0,0,-,-,3,-,0.00,3.00,0.00,100.00,-,-,-,-
Термопанели в Выборге,712773255,16.08.2026,Группа 3 - клинкер (продуктовая),5773902142,Автотаргетинг,,-,0,-,0,,Не определено,-,-,,1915802914729060647,Комбинаторное,"Термопанели в Выборге - завод на Ленина, 11",,,,Сети,Прочее,Не определено,Смартфоны,Android,Wi-Fi,Женский,45-54 года,Остальные,Не определено,0.00,0,0,-,-,3,-,0.00,3.00,0.00,100.00,-,-,-,-
Термопанели в Выборге,712773255,16.08.2026,Группа 3 - клинкер (продуктовая),5773902142,Автотаргетинг,,-,0,-,0,,Не определено,-,-,,1915802914729060647,Комбинаторное,"Термопанели в Выборге - завод на Ленина, 11",,,,Сети,Прочее,Не определено,Смартфоны,Android,Wi-Fi,Женский,Старше 55,Остальные,Не определено,0.00,0,0,-,-,7,-,0.00,7.00,0.00,100.00,-,-,-,-
Термопанели в Выборге,712773255,16.08.2026,Группа 3 - клинкер (продуктовая),5773902142,Автотаргетинг,,-,0,-,0,,Не определено,-,-,,1915802914729060647,Комбинаторное,"Термопанели в Выборге - завод на Ленина, 11",,,,Сети,Прочее,Не определено,Смартфоны,Android,Wi-Fi,Женский,Старше 55,2–5%,Не определено,0.00,0,0,-,-,1,-,0.00,1.00,0.00,100.00,-,-,-,-
Термопанели в Выборге,712773255,16.08.2026,Группа 3 - клинкер (продуктовая),5773902142,Автотаргетинг,,-,0,-,0,,Не определено,-,-,,1915802914729060647,Комбинаторное,"Термопанели в Выборге - завод на Ленина, 11",,,,Сети,Прочее,Не определено,Планшеты,Android,Wi-Fi,Мужской,Старше 55,Остальные,Не определено,0.00,0,0,-,-,2,-,0.00,2.00,0.00,100.00,-,-,-,-
Термопанели в Выборге,712773255,16.08.2026,Группа 3 - клинкер (продуктовая),5773902142,Автотаргетинг,,-,0,-,0,,Не определено,-,-,,1915802914729060647,Комбинаторное,"Термопанели в Выборге - завод на Ленина, 11",,,,Сети,Прочее,Не определено,Планшеты,iOS,Wi-Fi,Мужской,Старше 55,2–5%,Не определено,0.00,0,0,-,-,1,-,0.00,1.00,0.00,100.00,-,-,-,-
Термопанели в Выборге,712773255,16.08.2026,Группа 3 - клинкер (продуктовая),5773902142,Автотаргетинг,,-,0,-,0,,Не определено,-,-,,1915802914729060647,Комбинаторное,"Термопанели в Выборге - завод на Ленина, 11",,,,Сети,Прочее,Не определено,Connected TV,Не определён,Wi-Fi,Мужской,45-54 года,Остальные,Не определено,0.00,0,0,-,-,1,-,0.00,1.00,0.00,100.00,-,-,-,-
Термопанели в Выборге,712773255,16.08.2026,Группа 3 - клинкер (продуктовая),5773902142,Автотаргетинг,,-,0,-,0,,Не определено,-,-,,1915802914729060647,Комбинаторное,Термопанели с клинкером - собственный завод в Выборге,,,,Сети,Прочее,Не определено,Смартфоны,Android,Wi-Fi,Мужской,25-34 года,Остальные,Не определено,0.00,0,0,-,-,1,-,0.00,1.00,0.00,100.00,-,-,-,-
Термопанели в Выборге,712773255,16.08.2026,Группа 3 - клинкер (продуктовая),5773902142,Автотаргетинг,,-,0,-,0,,Не определено,-,-,,1915802914729060647,Комбинаторное,Термопанели с клинкером - собственный завод в Выборге,,,,Сети,Прочее,Не определено,Смартфоны,Android,Wi-Fi,Мужской,35-44 года,Остальные,Не определено,0.00,0,0,-,-,2,-,0.00,2.00,0.00,100.00,-,-,-,-
Термопанели в Выборге,712773255,16.08.2026,Группа 3 - клинкер (продуктовая),5773902142,Автотаргетинг,,-,0,-,0,,Не определено,-,-,,1915802914729060647,Комбинаторное,Термопанели с клинкером - собственный завод в Выборге,,,,Сети,Прочее,Не определено,Смартфоны,Android,Wi-Fi,Мужской,45-54 года,Остальные,Не определено,0.00,0,0,-,-,5,-,0.00,5.00,0.00,100.00,-,-,-,-
Термопанели в Выборге,712773255,16.08.2026,Группа 3 - клинкер (продуктовая),5773902142,Автотаргетинг,,-,0,-,0,,Не определено,-,-,,1915802914729060647,Комбинаторное,Термопанели с клинкером - собственный завод в Выборге,,,,Сети,Прочее,Не определено,Смартфоны,Android,Wi-Fi,Мужской,Старше 55,Остальные,Не определено,0.00,0,0,-,-,5,-,0.00,5.00,0.00,100.00,-,-,-,-
Термопанели в Выборге,712773255,16.08.2026,Группа 3 - клинкер (продуктовая),5773902142,Автотаргетинг,,-,0,-,0,,Не определено,-,-,,1915802914729060647,Комбинаторное,Термопанели с клинкером - собственный завод в Выборге,,,,Сети,Прочее,Не определено,Смартфоны,Android,Wi-Fi,Мужской,Старше 55,6–10%,Не определено,0.00,0,0,-,-,1,-,0.00,1.00,0.00,100.00,-,-,-,-
Термопанели в Выборге,712773255,16.08.2026,Группа 3 - клинкер (продуктовая),5773902142,Автотаргетинг,,-,0,-,0,,Не определено,-,-,,1915802914729060647,Комбинаторное,Термопанели с клинкером - собственный завод в Выборге,,,,Сети,Прочее,Не определено,Смартфоны,Android,Wi-Fi,Мужской,Старше 55,2–5%,Не определено,0.00,0,0,-,-,1,-,0.00,1.00,0.00,100.00,-,-,-,-
Термопанели в Выборге,712773255,16.08.2026,Группа 3 - клинкер (продуктовая),5773902142,Автотаргетинг,,-,0,-,0,,Не определено,-,-,,1915802914729060647,Комбинаторное,Термопанели с клинкером - собственный завод в Выборге,,,,Сети,Прочее,Не определено,Смартфоны,Android,Wi-Fi,Женский,45-54 года,Остальные,Не определено,0.00,0,0,-,-,2,-,0.00,2.00,0.00,100.00,-,-,-,-
Термопанели в Выборге,712773255,16.08.2026,Группа 3 - клинкер (продуктовая),5773902142,Автотаргетинг,,-,0,-,0,,Не определено,-,-,,1915802914729060647,Комбинаторное,Термопанели с клинкером - собственный завод в Выборге,,,,Сети,Прочее,Не определено,Смартфоны,Android,Wi-Fi,Женский,Старше 55,Остальные,Не определено,0.00,0,0,-,-,5,-,0.00,5.00,0.00,100.00,-,-,-,-
Термопанели в Выборге,712773255,16.08.2026,Группа 3 - клинкер (продуктовая),5773902142,Автотаргетинг,,-,0,-,0,,Не определено,-,-,,1915802914729060647,Комбинаторное,Термопанели с клинкером - собственный завод в Выборге,,,,Сети,Прочее,Не определено,Планшеты,iOS,Wi-Fi,Мужской,Старше 55,2–5%,Не определено,0.00,0,0,-,-,2,-,0.00,2.00,0.00,100.00,-,-,-,-
Термопанели в Выборге,712773255,16.08.2026,Группа 3 - клинкер (продуктовая),5773902142,Автотаргетинг,,-,0,-,0,термопанели,Целевые запросы,Запросы без упоминания брендов,-,,1915802914729060647,Комбинаторное,"Термопанели в Выборге - завод на Ленина, 11",,,,Поиск,Прочее,Не определено,Смартфоны,Android,Wi-Fi,Мужской,35-44 года,Остальные,Не определено,0.00,0,0,-,-,1,-,0.00,0.45,0.00,44.58,8.00,-,-,-
Термопанели в Выборге,712773255,16.08.2026,Группа 3 - клинкер (продуктовая),5773902142,Автотаргетинг,,-,0,-,0,термопанель отзывы,Целевые запросы,Запросы без упоминания брендов,-,,1915802914729060647,Комбинаторное,"Термопанели в Выборге - завод на Ленина, 11",,,,Поиск,Прочее,Не определено,Смартфоны,iOS,Wi-Fi,Мужской,35-44 года,2–5%,Не определено,0.00,0,0,-,-,1,-,0.00,0.45,0.00,44.58,8.00,-,-,-
Термопанели в Выборге,712773255,16.08.2026,Группа 3 - клинкер (продуктовая),5773902142,Автотаргетинг,,-,0,-,0,фасадная термопанель,Целевые запросы,Запросы без упоминания брендов,-,,1915802914729060647,Комбинаторное,"Термопанели в Выборге - завод на Ленина, 11",,,,Поиск,Прочее,Не определено,Смартфоны,Android,Wi-Fi,Женский,45-54 года,Остальные,Не определено,0.00,0,0,-,-,1,-,0.00,0.45,0.00,44.58,8.00,-,-,-
Термопанели в Выборге,712773255,16.08.2026,Группа 3 - клинкер (продуктовая),5773902142,Автотаргетинг,,-,0,-,0,фасадные термопанели,Целевые запросы,Запросы без упоминания брендов,-,,1915802914729060647,Комбинаторное,"Термопанели в Выборге - завод на Ленина, 11",,,,Поиск,Прочее,Не определено,Смартфоны,Android,Wi-Fi,Мужской,35-44 года,Остальные,Не определено,0.00,0,0,-,-,1,-,0.00,0.45,0.00,44.58,8.00,-,-,-
Термопанели в Выборге,712773255,16.08.2026,Термопанели (Лен. область),5773097196,Автотаргетинг,,-,0,-,0,,Не определено,-,-,,1915608023072927866,Комбинаторное,Термопанели с клинкером. Свое производство в Выборге,,,,Сети,Прочее,Не определено,Десктопы,Не определён,Wi-Fi,Женский,Старше 55,Остальные,Не определено,0.00,0,0,-,-,4,-,0.00,4.00,0.00,100.00,-,-,-,-
Термопанели в Выборге,712773255,16.08.2026,Термопанели (Лен. область),5773097196,Автотаргетинг,,-,0,-,0,,Не определено,-,-,,1915608023072927866,Комбинаторное,Термопанели с клинкером. Свое производство в Выборге,,,,Сети,Прочее,Не определено,Смартфоны,iOS,Wi-Fi,Мужской,Старше 55,6–10%,Не определено,0.00,0,0,-,-,1,-,0.00,1.00,0.00,100.00,-,-,-,-
Термопанели в Выборге,712773255,16.08.2026,Термопанели (Лен. область),5773097196,Автотаргетинг,,-,0,-,0,клинкер декоративный жаростойкий,Целевые запросы,Запросы без упоминания брендов,-,,1915608023072927866,Комбинаторное,Термопанели с клинкерной плиткой. Производство в Выборге,,,,Поиск,Прочее,Не определено,Смартфоны,Android,Wi-Fi,Мужской,35-44 года,Остальные,Не определено,0.00,0,0,-,-,1,-,0.00,0.85,0.00,84.88,5.00,-,-,-
Термопанели в Выборге,712773255,16.08.2026,Термопанели (Лен. область),5773097196,Автотаргетинг,,-,0,-,0,материал для обшивки террасы снаружи на который потом можно штукатурить фасад,Сопутствующие запросы,Запросы без упоминания брендов,-,,1915608023072927866,Комбинаторное,Термопанели с клинкерной плиткой. Производство в Выборге,,,,Поиск,Прочее,Не определено,Смартфоны,iOS,Wi-Fi,Женский,45-54 года,2–5%,Не определено,0.00,0,0,-,-,1,-,0.00,0.09,0.00,8.50,5.00,-,-,-
Термопанели в Выборге,712773255,16.08.2026,Термопанели (Лен. область),5773097196,Автотаргетинг,,-,0,-,0,панели для фасада дома,Целевые запросы,Запросы без упоминания брендов,-,,1915608023072927866,Комбинаторное,Термопанели с клинкерной плиткой. Производство в Выборге,,,,Поиск,Прочее,Не определено,Смартфоны,Android,Wi-Fi,Мужской,45-54 года,Остальные,Не определено,0.00,0,0,-,-,1,-,0.00,0.45,0.00,44.58,8.00,-,-,-
Термопанели в Выборге,712773255,16.08.2026,Термопанели (Лен. область),5773097196,Автотаргетинг,,-,0,-,0,панель на отделку,Целевые запросы,Запросы без упоминания брендов,-,,1915608023072927866,Комбинаторное,Термопанели с клинкерной плиткой. Производство в Выборге,,,,Поиск,Товарная галерея,Не определено,Смартфоны,Android,Wi-Fi,Мужской,35-44 года,Остальные,Не определено,0.00,0,0,-,-,1,-,0.00,0.13,0.00,13.46,15.00,-,-,-
Термопанели в Выборге,712773255,16.08.2026,Термопанели (Лен. область),5773097196,Автотаргетинг,,-,0,-,0,стеновые панели с утеплителем для внешней отделки,Целевые запросы,Запросы без упоминания брендов,-,,1915608023072927866,Комбинаторное,Термопанели с клинкерной плиткой. Производство в Выборге,,,,Поиск,Прочее,Не определено,Смартфоны,Android,Wi-Fi,Мужской,45-54 года,Остальные,Не определено,0.00,0,0,-,-,1,-,0.00,0.45,0.00,44.58,8.00,-,-,-
Термопанели в Выборге,712773255,16.08.2026,Термопанели (Лен. область),5773097196,Автотаргетинг,,-,0,-,0,стеновые панели с утеплителем для внешней отделки,Целевые запросы,Запросы без упоминания брендов,-,,1915608023072927866,Комбинаторное,Термопанели с клинкерной плиткой. Производство в Выборге,,,,Поиск,Товарная галерея,Не определено,Смартфоны,Android,Wi-Fi,Мужской,45-54 года,Остальные,Не определено,0.00,0,0,-,-,1,-,0.00,0.25,0.00,25.32,8.00,-,-,-
Термопанели в Выборге,712773255,16.08.2026,Термопанели (Лен. область),5773097196,Автотаргетинг,,-,0,-,0,строй база октябрьская г волхов панели,Целевые запросы,Запросы с упоминанием брендов конкурентов,-,,1915608023072927866,Комбинаторное,Термопанели с клинкерной плиткой. Производство в Выборге,,,,Поиск,Товарная галерея,Не определено,Смартфоны,Android,Wi-Fi,Женский,45-54 года,Остальные,Не определено,0.00,0,0,-,-,1,-,0.00,0.13,0.00,13.42,16.00,-,-,-
Термопанели в Выборге,712773255,16.08.2026,Термопанели (Лен. область),5773097196,Автотаргетинг,,-,0,-,0,сэндвич кирпич,Целевые запросы,Запросы без упоминания брендов,-,,1915608023072927866,Комбинаторное,Термопанели с клинкерной плиткой. Производство в Выборге,,,,Поиск,Прочее,Не определено,Смартфоны,Android,Мобильная связь,Мужской,45-54 года,6–10%,Не определено,0.00,0,0,-,-,1,-,0.00,0.45,0.00,44.58,8.00,-,-,-
Термопанели в Выборге,712773255,16.08.2026,Термопанели (Лен. область),5773097196,Автотаргетинг,,-,0,-,0,термопанели для внутренней отделки стен,Целевые запросы,Запросы без упоминания брендов,-,,1915608023072927866,Комбинаторное,Термопанели с клинкерной плиткой. Производство в Выборге,,,,Поиск,Прочее,Не определено,Смартфоны,Android,Wi-Fi,Мужской,Старше 55,Остальные,Не определено,0.00,0,0,-,-,1,-,0.00,0.65,0.00,64.58,6.00,-,-,-
Термопанели в Выборге,712773255,16.08.2026,Термопанели (Лен. область),5773097196,Автотаргетинг,,-,0,-,0,термопанели для наружной отделки,Целевые запросы,Запросы без упоминания брендов,-,,1915608023072927866,Комбинаторное,Термопанели с клинкерной плиткой. Производство в Выборге,,,,Поиск,Товарная галерея,Не определено,Смартфоны,iOS,Wi-Fi,Женский,45-54 года,2–5%,Не определено,0.00,0,0,-,-,1,-,0.00,0.25,0.00,25.35,7.00,-,-,-
Термопанели в Выборге,712773255,16.08.2026,Термопанели (Лен. область),5773097196,Автотаргетинг,,-,0,-,0,термопанели для наружной отделки дома,Целевые запросы,Запросы без упоминания брендов,-,,1915608023072927866,Комбинаторное,Термопанели с клинкерной плиткой. Производство в Выборге,,,,Поиск,Товарная галерея,Не определено,Десктопы,Не определён,Wi-Fi,Мужской,35-44 года,2–5%,Не определено,0.00,0,0,-,-,1,-,0.00,0.03,0.00,3.30,66.00,-,-,-
Термопанели в Выборге,712773255,16.08.2026,Термопанели (Лен. область),5773097196,Автотаргетинг,,-,0,-,0,термопанели для наружной отделки дома,Целевые запросы,Запросы без упоминания брендов,-,,1918167638897563177,Страницы каталога,Термопанели с клинкерной плиткой. Производство в Выборге,Термопанели с клинкерной плиткой — КлинкерПрофи,,,Поиск,Товарная галерея,Не определено,Десктопы,Не определён,Wi-Fi,Мужской,35-44 года,2–5%,Не определено,0.00,0,0,-,-,1,-,0.00,0.03,0.00,3.30,60.00,-,-,-
Термопанели в Выборге,712773255,16.08.2026,Термопанели (Лен. область),5773097196,Автотаргетинг,,-,0,-,0,термопанели для цоколя,Целевые запросы,Запросы без упоминания брендов,-,,1915608023072927866,Комбинаторное,Термопанели с клинкерной плиткой. Производство в Выборге,,,,Поиск,Прочее,Не определено,Смартфоны,Android,Wi-Fi,Мужской,Старше 55,Остальные,Не определено,0.00,0,0,-,-,1,-,0.00,0.45,0.00,44.58,8.00,-,-,-
Термопанели в Выборге,712773255,16.08.2026,Термопанели (Лен. область),5773097196,Автотаргетинг,,-,0,-,0,термопанели под кирпич,Целевые запросы,Запросы без упоминания брендов,-,,1915608023072927866,Комбинаторное,Термопанели с клинкерной плиткой. Производство в Выборге,,,,Поиск,Прочее,Не определено,Смартфоны,Android,Wi-Fi,Женский,Не определен,Остальные,Не определено,0.00,0,0,-,-,1,-,0.00,0.55,0.00,54.58,7.00,-,-,-
Термопанели в Выборге,712773255,16.08.2026,Термопанели (Лен. область),5773097196,Автотаргетинг,,-,0,-,0,термопанели с клинкерной плиткой для фасада цена,Целевые запросы,Запросы без упоминания брендов,-,,1915608023072927866,Комбинаторное,Термопанели с клинкерной плиткой. Производство в Выборге,,,,Поиск,Прочее,Не определено,Смартфоны,Android,Wi-Fi,Женский,45-54 года,Остальные,Не определено,0.00,0,0,-,-,1,-,0.00,0.55,0.00,54.58,7.00,-,-,-
Термопанели в Выборге,712773255,16.08.2026,Термопанели (Лен. область),5773097196,Автотаргетинг,,-,0,-,0,термопанели с клинкерной раскладка с рейкой,Целевые запросы,Запросы без упоминания брендов,-,,1915608023072927866,Комбинаторное,Термопанели с клинкерной плиткой. Производство в Выборге,,,,Поиск,Прочее,Не определено,Смартфоны,Android,Wi-Fi,Женский,45-54 года,Остальные,Не определено,0.00,0,0,-,-,1,-,0.00,0.55,0.00,54.58,7.00,-,-,-
Термопанели в Выборге,712773255,16.08.2026,Термопанели (Лен. область),5773097196,Автотаргетинг,,-,0,-,0,термопанели с клинкерной раскладка с рейкой,Целевые запросы,Запросы без упоминания брендов,-,,1915608023072927866,Комбинаторное,Термопанели с клинкерной плиткой. Производство в Выборге,,,,Поиск,Товарная галерея,Не определено,Смартфоны,Android,Wi-Fi,Женский,45-54 года,Остальные,Не определено,0.00,0,0,-,-,1,-,0.00,0.53,0.00,52.59,3.00,-,-,-
Термопанели в Выборге,712773255,16.08.2026,Термопанели (Лен. область),5773097196,Автотаргетинг,,-,0,-,0,уличные декоративные панели,Целевые запросы,Запросы без упоминания брендов,-,,1915608023072927866,Комбинаторное,Термопанели с клинкерной плиткой. Производство в Выборге,,,,Поиск,Товарная галерея,Не определено,Смартфоны,iOS,Wi-Fi,Мужской,25-34 года,2–5%,Не определено,0.00,0,0,-,-,1,-,0.00,0.04,0.00,4.00,9.00,-,-,-
Термопанели в Выборге,712773255,16.08.2026,Термопанели (Лен. область),5773097196,Автотаргетинг,,-,0,-,0,фасадные термопанели для наружной отделки дома цена,Целевые запросы,Запросы без упоминания брендов,-,,1915608023072927866,Комбинаторное,Термопанели с клинкерной плиткой. Производство в Выборге,,,,Поиск,Прочее,Не определено,Смартфоны,iOS,Wi-Fi,Женский,35-44 года,6–10%,Не определено,0.00,0,0,-,-,1,-,0.00,0.55,0.00,54.58,7.00,-,-,-
Термопанели в Выборге,712773255,16.08.2026,Термопанели (Лен. область),5773097196,Автотаргетинг,,-,0,-,0,чем обшить теплую веранду снаружи и внутри кроме осб,Сопутствующие запросы,Запросы без упоминания брендов,-,,1918167638897563177,Страницы каталога,Термопанели с клинкерной плиткой. Производство в Выборге,Термопанели с клинкерной плиткой — КлинкерПрофи,,,Поиск,Прочее,Не определено,Смартфоны,iOS,Wi-Fi,Женский,45-54 года,2–5%,Не определено,0.00,0,0,-,-,1,-,0.00,0.09,0.00,8.50,5.00,-,-,-
Термопанели в Выборге,712773255,16.08.2026,Термопанели (транз),5772834263,Фраза,фасадные термопанели для наружной отделки дома цена,-,0,-,0,фасадные термопанели для наружной отделки дома цена,Не определено,-,Пословное,,1915593209731060056,Комбинаторное,Клинкерные термопанели для наружной отделки дома.,,,,Поиск,Прочее,Не определено,Смартфоны,iOS,Wi-Fi,Женский,35-44 года,6–10%,Не определено,0.00,0,0,-,-,1,-,0.00,0.38,0.00,37.78,8.00,-,-,-
Термопанели в Выборге,712773255,16.08.2026,Термопанели (транз),5772834263,Автотаргетинг,,-,0,-,0,,Не определено,-,-,,1915593209731060056,Комбинаторное,Клинкерные термопанели для наружной отделки дома.,,,,Сети,Прочее,Не определено,Десктопы,Не определён,Wi-Fi,Женский,Старше 55,Остальные,Не определено,0.00,0,0,-,-,5,-,0.00,5.00,0.00,100.00,-,-,-,-
Термопанели в Выборге,712773255,16.08.2026,Термопанели (транз),5772834263,Автотаргетинг,,-,0,-,0,,Не определено,-,-,,1915593209731060056,Комбинаторное,Клинкерные термопанели для наружной отделки дома.,,,,Сети,Прочее,Не определено,Смартфоны,Android,Wi-Fi,Женский,25-34 года,Остальные,Не определено,0.00,0,0,-,-,1,-,0.00,1.00,0.00,100.00,-,-,-,-
Термопанели в Выборге,712773255,16.08.2026,Термопанели (транз),5772834263,Автотаргетинг,,-,0,-,0,,Не определено,-,-,,1915593209731060056,Комбинаторное,Клинкерные термопанели для наружной отделки дома.,,,,Сети,Прочее,Не определено,Смартфоны,Android,Wi-Fi,Женский,45-54 года,Остальные,Не определено,0.00,0,0,-,-,1,-,0.00,1.00,0.00,100.00,-,-,-,-
Термопанели в Выборге,712773255,16.08.2026,Термопанели (транз),5772834263,Автотаргетинг,,-,0,-,0,,Не определено,-,-,,1915593209731060056,Комбинаторное,Клинкерные термопанели для наружной отделки дома.,,,,Сети,Прочее,Не определено,Смартфоны,Android,Wi-Fi,Женский,Старше 55,Остальные,Не определено,0.00,0,0,-,-,1,-,0.00,1.00,0.00,100.00,-,-,-,-
Термопанели в Выборге,712773255,16.08.2026,Термопанели (транз),5772834263,Автотаргетинг,,-,0,-,0,,Не определено,-,-,,1915593209731060056,Комбинаторное,Термопанели с клинкером. Производство в Выборге,,,,Сети,Прочее,Не определено,Десктопы,Не определён,Wi-Fi,Женский,Старше 55,Остальные,Не определено,0.00,0,0,-,-,7,-,0.00,7.00,0.00,100.00,-,-,-,-
Термопанели в Выборге,712773255,16.08.2026,Термопанели (транз),5772834263,Автотаргетинг,,-,0,-,0,,Не определено,-,-,,1915593209731060056,Комбинаторное,Термопанели с клинкером. Производство в Выборге,,,,Сети,Прочее,Не определено,Смартфоны,Android,Wi-Fi,Женский,Старше 55,2–5%,Не определено,0.00,0,0,-,-,1,-,0.00,1.00,0.00,100.00,-,-,-,-
Термопанели в Выборге,712773255,16.08.2026,Термопанели (транз),5772834263,Автотаргетинг,,-,0,-,0,,Не определено,-,-,,1915593209731060056,Комбинаторное,Термопанели с клинкером. Производство в Выборге,,,,Сети,Прочее,Не определено,Смартфоны,iOS,Wi-Fi,Мужской,Старше 55,6–10%,Не определено,0.00,0,0,-,-,1,-,0.00,1.00,0.00,100.00,-,-,-,-
Термопанели в Выборге,712773255,16.08.2026,Термопанели (транз),5772834263,Автотаргетинг,,-,0,-,0,виды фасадных панелей для наружной отделки,Целевые запросы,Запросы без упоминания брендов,-,,1915593209731060056,Комбинаторное,Клинкерные термопанели для наружной отделки дома.,,,,Поиск,Товарная галерея,Не определено,Смартфоны,iOS,Wi-Fi,Мужской,18-24 года,Остальные,Не определено,0.00,0,0,-,-,2,-,0.00,0.27,0.00,13.42,16.00,-,-,-
Термопанели в Выборге,712773255,16.08.2026,Термопанели (транз),5772834263,Автотаргетинг,,-,0,-,0,клинкер,Целевые запросы,Запросы без упоминания брендов,-,,1915593209731060056,Комбинаторное,Термопанели с клинкерной плиткой в Выборге!,,,,Поиск,Прочее,Не определено,Смартфоны,iOS,Wi-Fi,Мужской,35-44 года,6–10%,Не определено,0.00,0,0,-,-,1,-,0.00,0.45,0.00,44.58,8.00,-,-,-
Термопанели в Выборге,712773255,16.08.2026,Термопанели (транз),5772834263,Автотаргетинг,,-,0,-,0,клинкер материал,Целевые запросы,Запросы без упоминания брендов,-,,1915593209731060056,Комбинаторное,Термопанели с клинкерной плиткой в Выборге!,,,,Поиск,Прочее,Не определено,Смартфоны,iOS,Wi-Fi,Мужской,25-34 года,6–10%,Не определено,0.00,0,0,-,-,1,-,0.00,0.45,0.00,44.58,8.00,-,-,-
Термопанели в Выборге,712773255,16.08.2026,Термопанели (транз),5772834263,Автотаргетинг,,-,0,-,0,клинкерная плитка для фасада,Целевые запросы,Запросы без упоминания брендов,-,,1915593209731060056,Комбинаторное,Термопанели с клинкерной плиткой в Выборге!,,,,Поиск,Прочее,Не определено,Смартфоны,Android,Wi-Fi,Мужской,35-44 года,Остальные,Не определено,0.00,0,0,-,-,1,-,0.00,0.55,0.00,54.58,7.00,-,-,-
Термопанели в Выборге,712773255,16.08.2026,Термопанели (транз),5772834263,Автотаргетинг,,-,0,-,0,клинкерные термопанели для фасада,Целевые запросы,Запросы без упоминания брендов,-,,1915593209731060056,Комбинаторное,Термопанели с клинкерной плиткой в Выборге!,,,,Поиск,Прочее,Не определено,Смартфоны,Android,Wi-Fi,Мужской,45-54 года,6–10%,Не определено,0.00,0,0,-,-,1,-,0.00,0.65,0.00,64.58,6.00,-,-,-
Термопанели в Выборге,712773255,16.08.2026,Термопанели (транз),5772834263,Автотаргетинг,,-,0,-,0,клинкерные термопанели для фасада,Целевые запросы,Запросы без упоминания брендов,-,,1915593209731060056,Комбинаторное,Термопанели с клинкерной плиткой в Выборге!,,,,Поиск,Товарная галерея,Не определено,Смартфоны,Android,Wi-Fi,Мужской,45-54 года,6–10%,Не определено,0.00,0,0,-,-,1,-,0.00,0.32,0.00,32.27,5.00,-,-,-
Термопанели в Выборге,712773255,16.08.2026,Термопанели (транз),5772834263,Автотаргетинг,,-,0,-,0,отделка стен панели,Целевые запросы,Запросы без упоминания брендов,-,,1915593209731060056,Комбинаторное,Термопанели с клинкерной плиткой в Выборге!,,,,Поиск,Прочее,Не определено,Смартфоны,iOS,Мобильная связь,Женский,35-44 года,2–5%,Не определено,0.00,0,0,-,-,2,-,0.00,1.07,0.00,53.58,7.00,-,-,-
Термопанели в Выборге,712773255,16.08.2026,Термопанели (транз),5772834263,Автотаргетинг,,-,0,-,0,панели для фасада,Целевые запросы,Запросы без упоминания брендов,-,,1915593209731060056,Комбинаторное,Термопанели с клинкерной плиткой в Выборге!,,,,Поиск,Прочее,Не определено,Смартфоны,Android,Wi-Fi,Мужской,45-54 года,Остальные,Не определено,0.00,0,0,-,-,1,-,0.00,0.55,0.00,54.58,7.00,-,-,-
Термопанели в Выборге,712773255,16.08.2026,Термопанели (транз),5772834263,Автотаргетинг,,-,0,-,0,панель на отделку,Целевые запросы,Запросы без упоминания брендов,-,,1915593209731060056,Комбинаторное,Термопанели с клинкерной плиткой в Выборге!,,,,Поиск,Прочее,Не определено,Смартфоны,Android,Wi-Fi,Мужской,35-44 года,Остальные,Не определено,0.00,0,0,-,-,1,-,0.00,0.45,0.00,44.58,8.00,-,-,-
Термопанели в Выборге,712773255,16.08.2026,Термопанели (транз),5772834263,Автотаргетинг,,-,0,-,0,петрович фасадные панели для наружной отделки дома,Целевые запросы,Запросы с упоминанием брендов конкурентов,-,,1915593209731060056,Комбинаторное,Клинкерные термопанели для наружной отделки дома.,,,,Поиск,Прочее,Не определено,Смартфоны,Android,Wi-Fi,Женский,Старше 55,6–10%,Не определено,0.00,0,0,-,-,2,-,0.00,1.09,0.00,54.58,7.00,-,-,-
Термопанели в Выборге,712773255,16.08.2026,Термопанели (транз),5772834263,Автотаргетинг,,-,0,-,0,плиты для отделки фасада,Целевые запросы,Запросы без упоминания брендов,-,,1915593209731060056,Комбинаторное,Клинкерные термопанели для наружной отделки дома.,,,,Поиск,Прочее,Не определено,Смартфоны,Android,Wi-Fi,Женский,Старше 55,Остальные,Не определено,0.00,0,0,-,-,1,-,0.00,0.55,0.00,54.58,7.00,-,-,-
Термопанели в Выборге,712773255,16.08.2026,Термопанели (транз),5772834263,Автотаргетинг,,-,0,-,0,сэндвич кирпич,Целевые запросы,Запросы без упоминания брендов,-,,1915593209731060056,Комбинаторное,Клинкерные термопанели для наружной отделки дома.,,,,Поиск,Товарная галерея,Не определено,Смартфоны,Android,Мобильная связь,Мужской,45-54 года,6–10%,Не определено,0.00,0,0,-,-,1,-,0.00,0.25,0.00,25.35,7.00,-,-,-
Термопанели в Выборге,712773255,16.08.2026,Термопанели (транз),5772834263,Автотаргетинг,,-,0,-,0,термопанели для наружной отделки,Целевые запросы,Запросы без упоминания брендов,-,,1915593209731060056,Комбинаторное,Клинкерные термопанели для наружной отделки дома.,,,,Поиск,Прочее,Не определено,Смартфоны,iOS,Wi-Fi,Женский,45-54 года,2–5%,Не определено,0.00,0,0,-,-,1,-,0.00,0.45,0.00,44.58,8.00,-,-,-
Термопанели в Выборге,712773255,16.08.2026,Термопанели (транз),5772834263,Автотаргетинг,,-,0,-,0,термопанели для наружной отделки дома,Целевые запросы,Запросы без упоминания брендов,-,,1915593209731060056,Комбинаторное,Клинкерные термопанели для наружной отделки дома.,,,,Поиск,Прочее,Не определено,Смартфоны,Android,Wi-Fi,Женский,45-54 года,Остальные,Не определено,0.00,0,0,-,-,1,-,0.00,0.85,0.00,84.88,5.00,-,-,-
Термопанели в Выборге,712773255,16.08.2026,Термопанели (транз),5772834263,Автотаргетинг,,-,0,-,0,фасадная термопанель клинкерная,Целевые запросы,Запросы без упоминания брендов,-,,1915593209731060056,Комбинаторное,Термопанели с клинкерной плиткой в Выборге!,,,,Поиск,Прочее,Не определено,Смартфоны,iOS,Wi-Fi,Мужской,Старше 55,Топ 1%,Не определено,0.00,0,0,-,-,1,-,0.00,0.85,0.00,84.88,5.00,-,-,-
Термопанели в Выборге,712773255,16.08.2026,Термопанели (транз),5772834263,Автотаргетинг,,-,0,-,0,фасадные панели,Целевые запросы,Запросы без упоминания брендов,-,,1915593209731060056,Комбинаторное,Клинкерные термопанели для наружной отделки дома.,,,,Поиск,Прочее,Не определено,Смартфоны,Android,Wi-Fi,Мужской,45-54 года,Остальные,Не определено,0.00,0,0,-,-,1,-,0.00,0.55,0.00,54.58,7.00,-,-,-
Термопанели в Выборге,712773255,16.08.2026,Термопанели (транз),5772834263,Автотаргетинг,,-,0,-,0,фасадные панели,Целевые запросы,Запросы без упоминания брендов,-,,1915593209731060056,Комбинаторное,Клинкерные термопанели для наружной отделки дома.,,,,Поиск,Прочее,Не определено,Смартфоны,iOS,Wi-Fi,Женский,Старше 55,Остальные,Не определено,0.00,1,0,0.00,-,1,0.00,100.00,0.85,117.82,84.88,5.00,5.00,0.00,1.00
Термопанели в Выборге,712773255,16.08.2026,Термопанели (транз),5772834263,Автотаргетинг,,-,0,-,0,фасадные панели 50 см,Целевые запросы,Запросы без упоминания брендов,-,,1915593209731060056,Комбинаторное,Клинкерные термопанели для наружной отделки дома.,,,,Поиск,Прочее,Не определено,Смартфоны,iOS,Wi-Fi,Женский,25-34 года,6–10%,Не определено,0.00,0,0,-,-,1,-,0.00,0.65,0.00,64.58,6.00,-,-,-
Термопанели в Выборге,712773255,16.08.2026,Термопанели (транз),5772834263,Автотаргетинг,,-,0,-,0,фасадные панели купить,Целевые запросы,Запросы без упоминания брендов,-,,1915593209731060056,Комбинаторное,Клинкерные термопанели для наружной отделки дома.,,,,Поиск,Прочее,Не определено,Смартфоны,Android,Wi-Fi,Мужской,Старше 55,Остальные,Не определено,0.00,0,0,-,-,1,-,0.00,0.45,0.00,44.58,8.00,-,-,-
