Название кампании,№ Кампании,День,Название группы,№ Группы,Тип условия показа,Ключевая фраза,Условие подбора аудитории,Условие подбора аудитории,Название корректировки,Корректировки,Поисковый запрос,Категория запроса,Упоминания брендов в запросах,Тип соответствия,Подобранная фраза,Название товара или каталога,Производитель товара,Категория товара,Тип площадки,Вид размещения,Тематика телеграм-канала,Тип устройства,Тип операционной системы,Тип связи,Пол,Возраст,Уровень платежеспособности,Уровень трат в категории,№ Объявления,Статус объявления,Тип объявления,Заголовок,Текст,Ссылка,Путь до изображения,Название файла изображения,Идентификатор видео,Путь до превью видео,Формат,Источник текста,"Расход, ₽",Клики,Конверсии,"CR, %","CPA, ₽",Показы,"CPC, ₽","CTR, %",Взвешенные показы,"Взвешенный CTR, %",Ср. объём трафика,Ср. позиция показа,Ср. позиция клика,"Отказы, %",Глубина просмотра
Итого,,,,,,,,,,,,,,,,,,,,,,,,,,,,,,,,,,,,,,,,,0.00,61,0,0.00,,1673,0.00,3.65,1189.92,5.13,71.12,5.51,2.39,20.69,2.10
"Приозерский район, Поиск   от 25-07-2026",713047408,17.08.2026,Приозерский район,5776633358,Фраза,фасадные панели с утеплителем,-,0,-,0,цокольные термопанели бакс,Альтернативные запросы,Запросы с упоминанием брендов конкурентов,Семантическое,,,,,Поиск,Прочее,Не определено,Смартфоны,Android,Wi-Fi,Мужской,45-54 года,6–10%,Не определено,1916597733861553174,Архивные,Комбинаторное,Термопанели для дома в Приозерске,Утепление и фасад за один этап. Производство в Выборге. Доставка по Ленобласти.,https://marmara-pro.ru?utm_source=yandex&utm_medium=cpc&utm_campaign=termopaneli_priozersk_cpa_search&utm_content=search&utm_term={PHRASE},-,-,-,-,Текстово-графический,Оригинальный,0.00,0,0,-,-,1,-,0.00,1.38,0.00,138.32,5.00,-,-,-
"Приозерский район, Поиск   от 25-07-2026",713047408,17.08.2026,Приозерский район,5776633358,Фраза,фасадные панели с утеплителем,-,0,-,0,цокольные термопанели бакс,Альтернативные запросы,Запросы с упоминанием брендов конкурентов,Семантическое,,Термопанели с клинкерной плиткой — КлинкерПрофи,,,Поиск,Спецразмещение,Не определено,Смартфоны,Android,Wi-Fi,Мужской,45-54 года,6–10%,Не определено,1918168175770350076,Активные,Страницы каталога,Термопанели с клинкерной плиткой. Производство в Выборге,"Фасадные термопанели с клинкером. Производство в Выборге, доставка по СПб...",https://marmara-pro.ru/termo?utm_source=yandex&utm_medium=cpc&utm_campaign=termopaneli_priozersk_cpa_search&utm_content=search&utm_term={PHRASE},-,-,-,-,Текстово-графический,Автоматический,0.00,0,0,-,-,1,-,0.00,0.95,0.00,95.18,1.00,-,-,-
"Приозерский район, Поиск   от 25-07-2026",713047408,17.08.2026,Приозерский район,5776633358,Автотаргетинг,,-,0,-,0,,Сопутствующие запросы,Запросы без упоминания брендов,-,,,,,Поиск,Прочее,Не определено,Смартфоны,Android,Wi-Fi,Женский,35-44 года,Остальные,Не определено,1916597733861553174,Архивные,Комбинаторное,Клинкерные термопанели — КлинкерПрофи,Срок службы 25–50 лет. Не требуют покраски. Подберём толщину под ваш дом.,https://marmara-pro.ru?utm_source=yandex&utm_medium=cpc&utm_campaign=termopaneli_priozersk_cpa_search&utm_content=search&utm_term={PHRASE},-,-,-,-,Текстово-графический,Оригинальный,0.00,0,0,-,-,1,-,0.00,0.77,0.00,76.79,5.00,-,-,-
"Приозерский район, Поиск   от 25-07-2026",713047408,17.08.2026,Приозерский район,5776633358,Автотаргетинг,,-,0,-,0,акриловые панели для стен на заказ,Альтернативные запросы,Запросы без упоминания брендов,-,,Термопанель Колорадо 1 (32 шт),,,Поиск,Спецразмещение,Не определено,Смартфоны,Android,Wi-Fi,Женский,45-54 года,Остальные,Не определено,1918168175770350076,Активные,Страницы каталога,Термопанель Колорадо 1 (32 шт),Термопанели с клинкерной плиткой. Производство в Выборге. Доставка.,https://marmara-pro.ru/termo/tproduct/2229245581-133022576952-termopanel-kolorado-1-32-sht?utm_source=yandex&utm_medium=cpc&utm_campaign=termopaneli_priozersk_cpa_search&utm_content=search&utm_term={PHRASE},-,-,-,-,Текстово-графический,Автоматический,0.00,1,0,0.00,-,1,0.00,100.00,0.62,162.31,61.61,3.00,3.00,100.00,1.00
"Приозерский район, Поиск   от 25-07-2026",713047408,17.08.2026,Приозерский район,5776633358,Автотаргетинг,,-,0,-,0,амк,Альтернативные запросы,Запросы без упоминания брендов,-,,,,,Поиск,Спецразмещение,Не определено,Смартфоны,iOS,Мобильная связь,Женский,18-24 года,Остальные,Не определено,1916597733861553174,Архивные,Комбинаторное,Термопанели с клинкерной плиткой - КлинкерПрофи,Срок службы 25–50 лет. Не требуют покраски. Подберём толщину под ваш дом.,https://marmara-pro.ru?utm_source=yandex&utm_medium=cpc&utm_campaign=termopaneli_priozersk_cpa_search&utm_content=search&utm_term={PHRASE},-,-,-,-,Текстово-графический,Оригинальный,0.00,0,0,-,-,1,-,0.00,0.35,0.00,34.55,2.00,-,-,-
"Приозерский район, Поиск   от 25-07-2026",713047408,17.08.2026,Приозерский район,5776633358,Автотаргетинг,,-,0,-,0,база раздолье ларионово строительная каталог,Широкие запросы,Запросы с упоминанием брендов конкурентов,-,,,,,Поиск,Прочее,Не определено,Смартфоны,Android,Wi-Fi,Мужской,45-54 года,2–5%,Не определено,1916597733861553174,Архивные,Комбинаторное,Производство в Выборге — доставка в район,Утепление и фасад за один этап. Производство в Выборге. Доставка по Ленобласти.,https://marmara-pro.ru?utm_source=yandex&utm_medium=cpc&utm_campaign=termopaneli_priozersk_cpa_search&utm_content=search&utm_term={PHRASE},-,-,-,-,Текстово-графический,Оригинальный,0.00,0,0,-,-,1,-,0.00,0.09,0.00,8.50,5.00,-,-,-
"Приозерский район, Поиск   от 25-07-2026",713047408,17.08.2026,Приозерский район,5776633358,Автотаргетинг,,-,0,-,0,вимос приозерск утеплитель,Сопутствующие запросы,Запросы с упоминанием брендов конкурентов,-,,Термопанель Колорадо 3 (32 шт),,,Поиск,Прочее,Не определено,Смартфоны,Android,Wi-Fi,Мужской,35-44 года,Остальные,Не определено,1918168175770350076,Активные,Страницы каталога,Термопанель Колорадо 3 (32 шт),Термопанели с клинкерной плиткой. Производство в Выборге. Доставка.,https://marmara-pro.ru/termo/tproduct/2229245581-479543594102-termopanel-kolorado-3-32-sht?utm_source=yandex&utm_medium=cpc&utm_campaign=termopaneli_priozersk_cpa_search&utm_content=search&utm_term={PHRASE},-,-,-,-,Текстово-графический,Оригинальный,0.00,0,0,-,-,1,-,0.00,0.09,0.00,8.50,5.00,-,-,-
"Приозерский район, Поиск   от 25-07-2026",713047408,17.08.2026,Приозерский район,5776633358,Автотаргетинг,,-,0,-,0,внешняя отделка каркасного дома,Сопутствующие запросы,Запросы без упоминания брендов,-,,,,,Поиск,Спецразмещение,Не определено,Смартфоны,Android,Мобильная связь,Женский,45-54 года,Остальные,Не определено,1916597733861553174,Архивные,Комбинаторное,Термопанели для дома в Приозерске,Утепление и фасад за один этап. Производство в Выборге. Доставка по Ленобласти.,https://marmara-pro.ru?utm_source=yandex&utm_medium=cpc&utm_campaign=termopaneli_priozersk_cpa_search&utm_content=search&utm_term={PHRASE},-,-,-,-,Текстово-графический,Оригинальный,0.00,0,0,-,-,1,-,0.00,1.00,0.00,100.00,-,-,-,-
"Приозерский район, Поиск   от 25-07-2026",713047408,17.08.2026,Приозерский район,5776633358,Автотаргетинг,,-,0,-,0,гибкая плитка для стен,Широкие запросы,Запросы без упоминания брендов,-,,Клинкерная плитка фасадная WALL GREY,,,Поиск,Спецразмещение,Не определено,Смартфоны,iOS,Wi-Fi,Мужской,Старше 55,2–5%,Не определено,1918168175770350076,Активные,Страницы каталога,Клинкерная плитка фасадная WALL GREY,Размер: 245×65 мм Толщина: 7 мм Cтоимость 1 м2 - 1300 ₽,https://marmara-pro.ru/termo/tproduct/2229245581-901775970982-klinkernaya-plitka-fasadnaya-wall-grey?utm_source=yandex&utm_medium=cpc&utm_campaign=termopaneli_priozersk_cpa_search&utm_content=search&utm_term={PHRASE},-,-,-,-,Текстово-графический,Автоматический,0.00,0,0,-,-,1,-,0.00,1.06,0.00,106.32,1.00,-,-,-
"Приозерский район, Поиск   от 25-07-2026",713047408,17.08.2026,Приозерский район,5776633358,Автотаргетинг,,-,0,-,0,гибкая плитка для стен,Широкие запросы,Запросы без упоминания брендов,-,,Клинкерная плитка фасадная WALL GREY,,,Поиск,Прочее,Не определено,Смартфоны,iOS,Wi-Fi,Мужской,Старше 55,2–5%,Не определено,1918168175770350076,Активные,Страницы каталога,Клинкерная плитка фасадная WALL GREY,Размер: 245×65 мм Толщина: 7 мм Cтоимость 1 м2 - 1300 ₽,https://marmara-pro.ru/termo/tproduct/2229245581-901775970982-klinkernaya-plitka-fasadnaya-wall-grey?utm_source=yandex&utm_medium=cpc&utm_campaign=termopaneli_priozersk_cpa_search&utm_content=search&utm_term={PHRASE},-,-,-,-,Текстово-графический,Автоматический,0.00,0,0,-,-,1,-,0.00,1.00,0.00,100.00,5.00,-,-,-
"Приозерский район, Поиск   от 25-07-2026",713047408,17.08.2026,Приозерский район,5776633358,Автотаргетинг,,-,0,-,0,деке панели фасадные официальный сайт,Альтернативные запросы,Запросы с упоминанием брендов конкурентов,-,,Термопанели с клинкерной плиткой — КлинкерПрофи,,,Поиск,Спецразмещение,Не определено,Смартфоны,Android,Wi-Fi,Женский,Старше 55,Остальные,Не определено,1918168175770350076,Активные,Страницы каталога,Термопанели с клинкерной плиткой. Производство в Выборге,"Фасадные термопанели с клинкером. Производство в Выборге, доставка по СПб...",https://marmara-pro.ru/termo?utm_source=yandex&utm_medium=cpc&utm_campaign=termopaneli_priozersk_cpa_search&utm_content=search&utm_term={PHRASE},-,-,-,-,Текстово-графический,Автоматический,0.00,0,0,-,-,1,-,0.00,1.04,0.00,103.80,1.00,-,-,-
"Приозерский район, Поиск   от 25-07-2026",713047408,17.08.2026,Приозерский район,5776633358,Автотаргетинг,,-,0,-,0,деке панели фасадные официальный сайт,Альтернативные запросы,Запросы с упоминанием брендов конкурентов,-,,Термопанели с клинкерной плиткой — КлинкерПрофи,,,Поиск,Прочее,Не определено,Смартфоны,Android,Wi-Fi,Женский,Старше 55,Остальные,Не определено,1918168175770350076,Активные,Страницы каталога,Термопанели с клинкерной плиткой. Производство в Выборге,"Фасадные термопанели с клинкером. Производство в Выборге, доставка по СПб...",https://marmara-pro.ru/termo?utm_source=yandex&utm_medium=cpc&utm_campaign=termopaneli_priozersk_cpa_search&utm_content=search&utm_term={PHRASE},-,-,-,-,Текстово-графический,Автоматический,0.00,0,0,-,-,1,-,0.00,1.37,0.00,137.23,5.00,-,-,-
"Приозерский район, Поиск   от 25-07-2026",713047408,17.08.2026,Приозерский район,5776633358,Автотаргетинг,,-,0,-,0,декоративные фасадные панели для наружной отделки цоколя,Широкие запросы,Запросы без упоминания брендов,-,,Термопанели с клинкерной плиткой — КлинкерПрофи,,,Поиск,Спецразмещение,Не определено,Смартфоны,iOS,Wi-Fi,Мужской,35-44 года,2–5%,Не определено,1918168175770350076,Активные,Страницы каталога,Термопанели с клинкерной плиткой. Производство в Выборге,"Фасадные термопанели с клинкером. Производство в Выборге, доставка по СПб...",https://marmara-pro.ru/termo?utm_source=yandex&utm_medium=cpc&utm_campaign=termopaneli_priozersk_cpa_search&utm_content=search&utm_term={PHRASE},-,-,-,-,Текстово-графический,Автоматический,0.00,0,0,-,-,1,-,0.00,0.96,0.00,96.06,1.00,-,-,-
"Приозерский район, Поиск   от 25-07-2026",713047408,17.08.2026,Приозерский район,5776633358,Автотаргетинг,,-,0,-,0,деревянный декор для фасада здания,Альтернативные запросы,Запросы без упоминания брендов,-,,Клинкерная плитка фасадная STONE (палевый),,,Поиск,Спецразмещение,Не определено,Смартфоны,Android,Wi-Fi,Мужской,35-44 года,Остальные,Не определено,1918168175770350076,Активные,Страницы каталога,Клинкерная плитка фасадная STONE (палевый),Размер: 245×65 мм Толщина: 7 мм Cтоимость 1 м2 - 1300 ₽,https://marmara-pro.ru/termo/tproduct/2229245581-400587526422-klinkernaya-plitka-fasadnaya-stone-palev?utm_source=yandex&utm_medium=cpc&utm_campaign=termopaneli_priozersk_cpa_search&utm_content=search&utm_term={PHRASE},-,-,-,-,Текстово-графический,Автоматический,0.00,0,0,-,-,1,-,0.00,0.60,0.00,59.78,3.00,-,-,-
"Приозерский район, Поиск   от 25-07-2026",713047408,17.08.2026,Приозерский район,5776633358,Автотаргетинг,,-,0,-,0,деревянный декор для фасада здания,Альтернативные запросы,Запросы без упоминания брендов,-,,Термопанель Колорадо 1 (32 шт),,,Поиск,Спецразмещение,Не определено,Смартфоны,Android,Wi-Fi,Мужской,35-44 года,Остальные,Не определено,1918168175770350076,Активные,Страницы каталога,Термопанель Колорадо 1 (32 шт),Термопанели с клинкерной плиткой. Производство в Выборге. Доставка.,https://marmara-pro.ru/termo/tproduct/2229245581-133022576952-termopanel-kolorado-1-32-sht?utm_source=yandex&utm_medium=cpc&utm_campaign=termopaneli_priozersk_cpa_search&utm_content=search&utm_term={PHRASE},-,-,-,-,Текстово-графический,Автоматический,0.00,0,0,-,-,1,-,0.00,0.65,0.00,65.32,3.00,-,-,-
"Приозерский район, Поиск   от 25-07-2026",713047408,17.08.2026,Приозерский район,5776633358,Автотаргетинг,,-,0,-,0,изделия из дерева для фасада дома,Альтернативные запросы,Запросы без упоминания брендов,-,,,,,Поиск,Спецразмещение,Не определено,Смартфоны,Android,Wi-Fi,Мужской,35-44 года,Остальные,Не определено,1916597733861553174,Архивные,Комбинаторное,Производство в Выборге — доставка в район,Утепление и фасад за один этап. Производство в Выборге. Доставка по Ленобласти.,https://marmara-pro.ru?utm_source=yandex&utm_medium=cpc&utm_campaign=termopaneli_priozersk_cpa_search&utm_content=search&utm_term={PHRASE},-,-,-,-,Текстово-графический,Оригинальный,0.00,0,0,-,-,1,-,0.00,1.00,0.00,100.00,1.00,-,-,-
"Приозерский район, Поиск   от 25-07-2026",713047408,17.08.2026,Приозерский район,5776633358,Автотаргетинг,,-,0,-,0,изделия из дерева для фасада дома,Альтернативные запросы,Запросы без упоминания брендов,-,,,,,Поиск,Прочее,Не определено,Смартфоны,Android,Wi-Fi,Мужской,35-44 года,Остальные,Не определено,1916597733861553174,Архивные,Комбинаторное,Производство в Выборге — доставка в район,Срок службы 25–50 лет. Не требуют покраски. Подберём толщину под ваш дом.,https://marmara-pro.ru?utm_source=yandex&utm_medium=cpc&utm_campaign=termopaneli_priozersk_cpa_search&utm_content=search&utm_term={PHRASE},-,-,-,-,Текстово-графический,Оригинальный,0.00,0,0,-,-,1,-,0.00,1.21,0.00,120.82,5.00,-,-,-
"Приозерский район, Поиск   от 25-07-2026",713047408,17.08.2026,Приозерский район,5776633358,Автотаргетинг,,-,0,-,0,искусственный камень,Альтернативные запросы,Запросы без упоминания брендов,-,,Термопанели с клинкерной плиткой — КлинкерПрофи,,,Поиск,Спецразмещение,Не определено,Смартфоны,iOS,Wi-Fi,Мужской,35-44 года,2–5%,Не определено,1918168175770350076,Активные,Страницы каталога,Термопанели с клинкерной плиткой. Производство в Выборге,"Фасадные термопанели с клинкером. Производство в Выборге, доставка по СПб...",https://marmara-pro.ru/termo?utm_source=yandex&utm_medium=cpc&utm_campaign=termopaneli_priozersk_cpa_search&utm_content=search&utm_term={PHRASE},-,-,-,-,Текстово-графический,Автоматический,0.00,0,0,-,-,1,-,0.00,0.66,0.00,66.11,2.00,-,-,-
"Приозерский район, Поиск   от 25-07-2026",713047408,17.08.2026,Приозерский район,5776633358,Автотаргетинг,,-,0,-,0,как закрепить фронтоны в каркасном доме,Сопутствующие запросы,Запросы без упоминания брендов,-,,Термопанель Колорадо 3 (32 шт),,,Поиск,Прочее,Не определено,Смартфоны,Android,Wi-Fi,Женский,Старше 55,Остальные,Не определено,1918168175770350076,Активные,Страницы каталога,Термопанель Колорадо 3 (32 шт),Термопанели с клинкерной плиткой. Производство в Выборге. Доставка.,https://marmara-pro.ru/termo/tproduct/2229245581-479543594102-termopanel-kolorado-3-32-sht?utm_source=yandex&utm_medium=cpc&utm_campaign=termopaneli_priozersk_cpa_search&utm_content=search&utm_term={PHRASE},-,-,-,-,Текстово-графический,Автоматический,0.00,0,0,-,-,1,-,0.00,1.00,0.00,100.00,5.00,-,-,-
"Приозерский район, Поиск   от 25-07-2026",713047408,17.08.2026,Приозерский район,5776633358,Автотаргетинг,,-,0,-,0,как правильно обшить крыльцо,Сопутствующие запросы,Запросы без упоминания брендов,-,,Клинкерная плитка фасадная SANDIA,,,Поиск,Прочее,Не определено,Десктопы,Не определён,Wi-Fi,Мужской,Не определен,Остальные,Не определено,1918168175770350076,Активные,Страницы каталога,Клинкерная плитка фасадная SANDIA,Размер: 245×65 мм Толщина: 7 мм Cтоимость 1 м2 - 1300 ₽,https://marmara-pro.ru/termo/tproduct/2229245581-939423936422-klinkernaya-plitka-fasadnaya-sandia?utm_source=yandex&utm_medium=cpc&utm_campaign=termopaneli_priozersk_cpa_search&utm_content=search&utm_term={PHRASE},-,-,-,-,Текстово-графический,Оригинальный,0.00,0,0,-,-,1,-,0.00,0.90,0.00,89.90,6.00,-,-,-
"Приозерский район, Поиск   от 25-07-2026",713047408,17.08.2026,Приозерский район,5776633358,Автотаргетинг,,-,0,-,0,как сделать теплую стену в санузле в каркасном доме,Сопутствующие запросы,Запросы без упоминания брендов,-,,Термопанель Колорадо 1 (32 шт),,,Поиск,Прочее,Не определено,Смартфоны,Android,Wi-Fi,Женский,Старше 55,Остальные,Не определено,1918168175770350076,Активные,Страницы каталога,Термопанель Колорадо 1 (32 шт),Термопанели с клинкерной плиткой. Производство в Выборге. Доставка.,https://marmara-pro.ru/termo/tproduct/2229245581-133022576952-termopanel-kolorado-1-32-sht?utm_source=yandex&utm_medium=cpc&utm_campaign=termopaneli_priozersk_cpa_search&utm_content=search&utm_term={PHRASE},-,-,-,-,Текстово-графический,Оригинальный,0.00,0,0,-,-,1,-,0.00,0.09,0.00,8.50,5.00,-,-,-
"Приозерский район, Поиск   от 25-07-2026",713047408,17.08.2026,Приозерский район,5776633358,Автотаргетинг,,-,0,-,0,как установить цокольные панели на свайный фундамент,Сопутствующие запросы,Запросы без упоминания брендов,-,,,,,Поиск,Спецразмещение,Не определено,Смартфоны,iOS,Wi-Fi,Мужской,35-44 года,2–5%,Не определено,1916597733861553174,Архивные,Комбинаторное,Утепление фасада термопанелями,Клинкерный фасад без мокрых работ. Монтаж зимой до −15 °C. ППС и ППУ. Звоните!,https://marmara-pro.ru?utm_source=yandex&utm_medium=cpc&utm_campaign=termopaneli_priozersk_cpa_search&utm_content=search&utm_term={PHRASE},-,-,-,-,Текстово-графический,Оригинальный,0.00,0,0,-,-,1,-,0.00,1.16,0.00,115.83,1.00,-,-,-
"Приозерский район, Поиск   от 25-07-2026",713047408,17.08.2026,Приозерский район,5776633358,Автотаргетинг,,-,0,-,0,как установить цокольные панели на свайный фундамент,Сопутствующие запросы,Запросы без упоминания брендов,-,,,,,Поиск,Прочее,Не определено,Смартфоны,iOS,Wi-Fi,Мужской,35-44 года,2–5%,Не определено,1916597733861553174,Архивные,Комбинаторное,Термопанели для дома в Приозерске,Утепление и фасад за один этап. Производство в Выборге. Доставка по Ленобласти.,https://marmara-pro.ru?utm_source=yandex&utm_medium=cpc&utm_campaign=termopaneli_priozersk_cpa_search&utm_content=search&utm_term={PHRASE},-,-,-,-,Текстово-графический,Оригинальный,0.00,0,0,-,-,1,-,0.00,1.00,0.00,100.00,5.00,-,-,-
"Приозерский район, Поиск   от 25-07-2026",713047408,17.08.2026,Приозерский район,5776633358,Автотаргетинг,,-,0,-,0,как установить цокольные панели на свайный фундамент,Сопутствующие запросы,Запросы без упоминания брендов,-,,,,,Поиск,Прочее,Не определено,Смартфоны,iOS,Wi-Fi,Мужской,35-44 года,2–5%,Не определено,1916597733861553174,Архивные,Комбинаторное,Утепление фасада термопанелями,Клинкерный фасад без мокрых работ. Монтаж зимой до −15 °C. ППС и ППУ. Звоните!,https://marmara-pro.ru?utm_source=yandex&utm_medium=cpc&utm_campaign=termopaneli_priozersk_cpa_search&utm_content=search&utm_term={PHRASE},-,-,-,-,Текстово-графический,Оригинальный,0.00,0,0,-,-,1,-,0.00,1.00,0.00,100.00,5.00,-,-,-
"Приозерский район, Поиск   от 25-07-2026",713047408,17.08.2026,Приозерский район,5776633358,Автотаргетинг,,-,0,-,0,как утеплить усадочный зазор над окном в деревянном доме,Сопутствующие запросы,Запросы без упоминания брендов,-,,,,,Поиск,Спецразмещение,Не определено,Смартфоны,Android,Wi-Fi,Женский,45-54 года,Остальные,Не определено,1916597733861553174,Архивные,Комбинаторное,Термопанели для дома в Приозерске,Утепление и фасад за один этап. Производство в Выборге. Доставка по Ленобласти.,https://marmara-pro.ru?utm_source=yandex&utm_medium=cpc&utm_campaign=termopaneli_priozersk_cpa_search&utm_content=search&utm_term={PHRASE},-,-,-,-,Текстово-графический,Оригинальный,0.00,0,0,-,-,2,-,0.00,1.90,0.00,95.07,1.00,-,-,-
"Приозерский район, Поиск   от 25-07-2026",713047408,17.08.2026,Приозерский район,5776633358,Автотаргетинг,,-,0,-,0,как утеплить усадочный зазор над окном в деревянном доме,Сопутствующие запросы,Запросы без упоминания брендов,-,,,,,Поиск,Прочее,Не определено,Смартфоны,Android,Wi-Fi,Женский,45-54 года,Остальные,Не определено,1916597733861553174,Архивные,Комбинаторное,Термопанели для дома в Приозерске,Утепление и фасад за один этап. Производство в Выборге. Доставка по Ленобласти.,https://marmara-pro.ru?utm_source=yandex&utm_medium=cpc&utm_campaign=termopaneli_priozersk_cpa_search&utm_content=search&utm_term={PHRASE},-,-,-,-,Текстово-графический,Оригинальный,0.00,0,0,-,-,3,-,0.00,3.00,0.00,100.00,5.00,-,-,-
"Приозерский район, Поиск   от 25-07-2026",713047408,17.08.2026,Приозерский район,5776633358,Автотаргетинг,,-,0,-,0,как утепляется клееный брус,Сопутствующие запросы,Запросы без упоминания брендов,-,,,,,Поиск,Спецразмещение,Не определено,Смартфоны,iOS,Wi-Fi,Мужской,35-44 года,Остальные,Не определено,1916597733861553174,Архивные,Комбинаторное,Термопанели для дома в Приозерске,Утепление и фасад за один этап. Производство в Выборге. Доставка по Ленобласти.,https://marmara-pro.ru?utm_source=yandex&utm_medium=cpc&utm_campaign=termopaneli_priozersk_cpa_search&utm_content=search&utm_term={PHRASE},-,-,-,-,Текстово-графический,Оригинальный,0.00,0,0,-,-,1,-,0.00,1.00,0.00,100.00,-,-,-,-
"Приозерский район, Поиск   от 25-07-2026",713047408,17.08.2026,Приозерский район,5776633358,Автотаргетинг,,-,0,-,0,как утепляется клееный брус,Сопутствующие запросы,Запросы без упоминания брендов,-,,,,,Поиск,Прочее,Не определено,Смартфоны,iOS,Wi-Fi,Мужской,35-44 года,Остальные,Не определено,1916597733861553174,Архивные,Комбинаторное,Фасадные термопанели с клинкером,Срок службы 25–50 лет. Не требуют покраски. Подберём толщину под ваш дом.,https://marmara-pro.ru?utm_source=yandex&utm_medium=cpc&utm_campaign=termopaneli_priozersk_cpa_search&utm_content=search&utm_term={PHRASE},-,-,-,-,Текстово-графический,Оригинальный,0.00,0,0,-,-,1,-,0.00,0.09,0.00,8.50,5.00,-,-,-
"Приозерский район, Поиск   от 25-07-2026",713047408,17.08.2026,Приозерский район,5776633358,Автотаргетинг,,-,0,-,0,какой фасад для дома выбрать,Сопутствующие запросы,Запросы без упоминания брендов,-,,,,,Поиск,Спецразмещение,Не определено,Смартфоны,Android,Wi-Fi,Мужской,25-34 года,Остальные,Не определено,1916597733861553174,Архивные,Комбинаторное,Термопанели для дома в Приозерске,Утепление и фасад за один этап. Производство в Выборге. Доставка по Ленобласти.,https://marmara-pro.ru?utm_source=yandex&utm_medium=cpc&utm_campaign=termopaneli_priozersk_cpa_search&utm_content=search&utm_term={PHRASE},-,-,-,-,Текстово-графический,Оригинальный,0.00,0,0,-,-,1,-,0.00,0.92,0.00,92.21,1.00,-,-,-
"Приозерский район, Поиск   от 25-07-2026",713047408,17.08.2026,Приозерский район,5776633358,Автотаргетинг,,-,0,-,0,калькулятор расхода строительных материалов,Сопутствующие запросы,Запросы без упоминания брендов,-,,,,,Поиск,Спецразмещение,Не определено,Смартфоны,iOS,Wi-Fi,Женский,45-54 года,Остальные,Не определено,1916597733861553174,Архивные,Комбинаторное,Производство в Выборге — доставка в район,Утепление и фасад за один этап. Производство в Выборге. Доставка по Ленобласти.,https://marmara-pro.ru?utm_source=yandex&utm_medium=cpc&utm_campaign=termopaneli_priozersk_cpa_search&utm_content=search&utm_term={PHRASE},-,-,-,-,Текстово-графический,Оригинальный,0.00,0,0,-,-,1,-,0.00,0.85,0.00,84.89,1.00,-,-,-
"Приозерский район, Поиск   от 25-07-2026",713047408,17.08.2026,Приозерский район,5776633358,Автотаргетинг,,-,0,-,0,калькулятор расхода строительных материалов,Сопутствующие запросы,Запросы без упоминания брендов,-,,,,,Поиск,Прочее,Не определено,Смартфоны,iOS,Wi-Fi,Женский,45-54 года,Топ 1%,Не определено,1916597733861553174,Архивные,Комбинаторное,Производство в Выборге — доставка в район,Утепление и фасад за один этап. Производство в Выборге. Доставка по Ленобласти.,https://marmara-pro.ru?utm_source=yandex&utm_medium=cpc&utm_campaign=termopaneli_priozersk_cpa_search&utm_content=search&utm_term={PHRASE},-,-,-,-,Текстово-графический,Оригинальный,0.00,0,0,-,-,1,-,0.00,1.00,0.00,100.00,5.00,-,-,-
"Приозерский район, Поиск   от 25-07-2026",713047408,17.08.2026,Приозерский район,5776633358,Автотаргетинг,,-,0,-,0,каталог стройудача в сосново приозерского р на лен обл,Широкие запросы,Запросы с упоминанием брендов конкурентов,-,,,,,Поиск,Прочее,Не определено,Смартфоны,Android,Wi-Fi,Женский,Старше 55,Остальные,Не определено,1916597733861553174,Архивные,Комбинаторное,Производство в Выборге — доставка в район,Клинкерный фасад без мокрых работ. Монтаж зимой до −15 °C. ППС и ППУ. Звоните!,https://marmara-pro.ru?utm_source=yandex&utm_medium=cpc&utm_campaign=termopaneli_priozersk_cpa_search&utm_content=search&utm_term={PHRASE},-,-,-,-,Текстово-графический,Оригинальный,0.00,0,0,-,-,1,-,0.00,1.00,0.00,100.00,5.00,-,-,-
"Приозерский район, Поиск   от 25-07-2026",713047408,17.08.2026,Приозерский район,5776633358,Автотаргетинг,,-,0,-,0,каталог стройудача в сосново приозерского р на лен обл,Широкие запросы,Запросы с упоминанием брендов конкурентов,-,,,,,Поиск,Прочее,Не определено,Смартфоны,Android,Wi-Fi,Женский,Старше 55,Остальные,Не определено,1916597733861553174,Архивные,Комбинаторное,Производство в Выборге — доставка в район,Утепление и фасад за один этап. Производство в Выборге. Доставка по Ленобласти.,https://marmara-pro.ru?utm_source=yandex&utm_medium=cpc&utm_campaign=termopaneli_priozersk_cpa_search&utm_content=search&utm_term={PHRASE},-,-,-,-,Текстово-графический,Оригинальный,0.00,0,0,-,-,1,-,0.00,0.09,0.00,8.50,5.00,-,-,-
"Приозерский район, Поиск   от 25-07-2026",713047408,17.08.2026,Приозерский район,5776633358,Автотаргетинг,,-,0,-,0,клинкер что это,Сопутствующие запросы,Запросы без упоминания брендов,-,,,,,Поиск,Прочее,Не определено,Смартфоны,iOS,Wi-Fi,Мужской,Старше 55,6–10%,Не определено,1916597733861553174,Архивные,Комбинаторное,Термопанели с клинкерной плиткой - КлинкерПрофи,Срок службы 25–50 лет. Не требуют покраски. Подберём толщину под ваш дом.,https://marmara-pro.ru?utm_source=yandex&utm_medium=cpc&utm_campaign=termopaneli_priozersk_cpa_search&utm_content=search&utm_term={PHRASE},-,-,-,-,Текстово-графический,Оригинальный,0.00,0,0,-,-,1,-,0.00,1.00,0.00,100.00,5.00,-,-,-
"Приозерский район, Поиск   от 25-07-2026",713047408,17.08.2026,Приозерский район,5776633358,Автотаргетинг,,-,0,-,0,клинкер что это,Сопутствующие запросы,Запросы без упоминания брендов,-,,Термопанели с клинкерной плиткой — КлинкерПрофи,,,Поиск,Спецразмещение,Не определено,Смартфоны,iOS,Wi-Fi,Мужской,Старше 55,6–10%,Не определено,1918168175770350076,Активные,Страницы каталога,Термопанели с клинкерной плиткой. Производство в Выборге,"Фасадные термопанели с клинкером. Производство в Выборге, доставка по СПб...",https://marmara-pro.ru/termo?utm_source=yandex&utm_medium=cpc&utm_campaign=termopaneli_priozersk_cpa_search&utm_content=search&utm_term={PHRASE},-,-,-,-,Текстово-графический,Оригинальный,0.00,0,0,-,-,2,-,0.00,2.38,0.00,118.78,1.50,-,-,-
"Приозерский район, Поиск   от 25-07-2026",713047408,17.08.2026,Приозерский район,5776633358,Автотаргетинг,,-,0,-,0,клинкер что это,Сопутствующие запросы,Запросы без упоминания брендов,-,,Термопанели с клинкерной плиткой — КлинкерПрофи,,,Поиск,Прочее,Не определено,Смартфоны,iOS,Wi-Fi,Мужской,Старше 55,6–10%,Не определено,1918168175770350076,Активные,Страницы каталога,Термопанели с клинкерной плиткой. Производство в Выборге,"Фасадные термопанели с клинкером. Производство в Выборге, доставка по СПб...",https://marmara-pro.ru/termo?utm_source=yandex&utm_medium=cpc&utm_campaign=termopaneli_priozersk_cpa_search&utm_content=search&utm_term={PHRASE},-,-,-,-,Текстово-графический,Оригинальный,0.00,0,0,-,-,2,-,0.00,2.00,0.00,100.00,5.00,-,-,-
"Приозерский район, Поиск   от 25-07-2026",713047408,17.08.2026,Приозерский район,5776633358,Автотаргетинг,,-,0,-,0,клинкерная плитка,Альтернативные запросы,Запросы без упоминания брендов,-,,Термопанели с клинкерной плиткой — КлинкерПрофи,,,Поиск,Прочее,Не определено,Смартфоны,iOS,Wi-Fi,Мужской,45-54 года,6–10%,Не определено,1918168175770350076,Активные,Страницы каталога,Термопанели с клинкерной плиткой. Производство в Выборге,"Фасадные термопанели с клинкером. Производство в Выборге, доставка по СПб...",https://marmara-pro.ru/termo?utm_source=yandex&utm_medium=cpc&utm_campaign=termopaneli_priozersk_cpa_search&utm_content=search&utm_term={PHRASE},-,-,-,-,Текстово-графический,Автоматический,0.00,0,0,-,-,1,-,0.00,1.43,0.00,142.91,5.00,-,-,-
"Приозерский район, Поиск   от 25-07-2026",713047408,17.08.2026,Приозерский район,5776633358,Автотаргетинг,,-,0,-,0,клинкерная плитка,Альтернативные запросы,Запросы без упоминания брендов,-,,Термопанели с клинкерной плиткой — КлинкерПрофи,,,Поиск,Прочее,Не определено,Смартфоны,iOS,Wi-Fi,Мужской,45-54 года,6–10%,Не определено,1918168175770350076,Активные,Страницы каталога,Термопанели с клинкерной плиткой. Производство в Выборге,"Фасадные термопанели с клинкером. Производство в Выборге, доставка по СПб...",https://marmara-pro.ru/termo?utm_source=yandex&utm_medium=cpc&utm_campaign=termopaneli_priozersk_cpa_search&utm_content=search&utm_term={PHRASE},-,-,-,-,Текстово-графический,Оригинальный,0.00,0,0,-,-,1,-,0.00,1.43,0.00,142.91,5.00,-,-,-
"Приозерский район, Поиск   от 25-07-2026",713047408,17.08.2026,Приозерский район,5776633358,Автотаргетинг,,-,0,-,0,клинкерная плитка напольная для улицы,Широкие запросы,Запросы без упоминания брендов,-,,Клинкерная плитка фасадная WALL GREY,,,Поиск,Спецразмещение,Не определено,Смартфоны,iOS,Wi-Fi,Мужской,45-54 года,6–10%,Не определено,1918168175770350076,Активные,Страницы каталога,Клинкерная плитка фасадная WALL GREY,Размер: 245×65 мм Толщина: 7 мм Cтоимость 1 м2 - 1300 ₽,https://marmara-pro.ru/termo/tproduct/2229245581-901775970982-klinkernaya-plitka-fasadnaya-wall-grey?utm_source=yandex&utm_medium=cpc&utm_campaign=termopaneli_priozersk_cpa_search&utm_content=search&utm_term={PHRASE},-,-,-,-,Текстово-графический,Автоматический,0.00,0,0,-,-,1,-,0.00,0.97,0.00,97.29,1.00,-,-,-
"Приозерский район, Поиск   от 25-07-2026",713047408,17.08.2026,Приозерский район,5776633358,Автотаргетинг,,-,0,-,0,компания про дома,Альтернативные запросы,Запросы с упоминанием брендов конкурентов,-,,,,,Поиск,Прочее,Не определено,Смартфоны,Android,Wi-Fi,Мужской,Старше 55,2–5%,Не определено,1916597733861553174,Архивные,Комбинаторное,Производство в Выборге — доставка в район,Срок службы 25–50 лет. Не требуют покраски. Подберём толщину под ваш дом.,https://marmara-pro.ru?utm_source=yandex&utm_medium=cpc&utm_campaign=termopaneli_priozersk_cpa_search&utm_content=search&utm_term={PHRASE},-,-,-,-,Текстово-графический,Оригинальный,0.00,0,0,-,-,1,-,0.00,1.00,0.00,100.00,5.00,-,-,-
"Приозерский район, Поиск   от 25-07-2026",713047408,17.08.2026,Приозерский район,5776633358,Автотаргетинг,,-,0,-,0,купить краску и грунт для цоколя,Альтернативные запросы,Запросы без упоминания брендов,-,,,,,Поиск,Спецразмещение,Не определено,Десктопы,Не определён,Wi-Fi,Мужской,Старше 55,Остальные,Не определено,1916597733861553174,Архивные,Комбинаторное,Производство в Выборге — доставка в район,Клинкерный фасад без мокрых работ. Монтаж зимой до −15 °C. ППС и ППУ. Звоните!,https://marmara-pro.ru?utm_source=yandex&utm_medium=cpc&utm_campaign=termopaneli_priozersk_cpa_search&utm_content=search&utm_term={PHRASE},-,-,-,-,Текстово-графический,Оригинальный,0.00,0,0,-,-,1,-,0.00,0.69,0.00,69.46,1.00,-,-,-
"Приозерский район, Поиск   от 25-07-2026",713047408,17.08.2026,Приозерский район,5776633358,Автотаргетинг,,-,0,-,0,купить краску и грунт для цоколя,Альтернативные запросы,Запросы без упоминания брендов,-,,,,,Поиск,Прочее,Не определено,Десктопы,Не определён,Wi-Fi,Мужской,Старше 55,Остальные,Не определено,1916597733861553174,Архивные,Комбинаторное,Производство в Выборге — доставка в район,Срок службы 25–50 лет. Не требуют покраски. Подберём толщину под ваш дом.,https://marmara-pro.ru?utm_source=yandex&utm_medium=cpc&utm_campaign=termopaneli_priozersk_cpa_search&utm_content=search&utm_term={PHRASE},-,-,-,-,Текстово-графический,Оригинальный,0.00,1,0,0.00,-,2,0.00,50.00,2.28,43.78,114.21,5.00,5.00,100.00,1.00
"Приозерский район, Поиск   от 25-07-2026",713047408,17.08.2026,Приозерский район,5776633358,Автотаргетинг,,-,0,-,0,можно ли штукатурить каркасный дом,Сопутствующие запросы,Запросы без упоминания брендов,-,,,,,Поиск,Прочее,Не определено,Смартфоны,Android,Мобильная связь,Женский,45-54 года,Остальные,Не определено,1916597733861553174,Архивные,Комбинаторное,Термопанели для дома в Приозерске,Утепление и фасад за один этап. Производство в Выборге. Доставка по Ленобласти.,https://marmara-pro.ru?utm_source=yandex&utm_medium=cpc&utm_campaign=termopaneli_priozersk_cpa_search&utm_content=search&utm_term={PHRASE},-,-,-,-,Текстово-графический,Оригинальный,0.00,0,0,-,-,1,-,0.00,1.00,0.00,100.00,5.00,-,-,-
"Приозерский район, Поиск   от 25-07-2026",713047408,17.08.2026,Приозерский район,5776633358,Автотаргетинг,,-,0,-,0,монтаж стартовой доски имитации бруса,Сопутствующие запросы,Запросы без упоминания брендов,-,,,,,Поиск,Прочее,Не определено,Смартфоны,Android,Wi-Fi,Мужской,35-44 года,6–10%,Не определено,1916597733861553174,Архивные,Комбинаторное,Термопанели для дома в Приозерске,Срок службы 25–50 лет. Не требуют покраски. Подберём толщину под ваш дом.,https://marmara-pro.ru?utm_source=yandex&utm_medium=cpc&utm_campaign=termopaneli_priozersk_cpa_search&utm_content=search&utm_term={PHRASE},-,-,-,-,Текстово-графический,Оригинальный,0.00,0,0,-,-,1,-,0.00,0.77,0.00,76.79,5.00,-,-,-
"Приозерский район, Поиск   от 25-07-2026",713047408,17.08.2026,Приозерский район,5776633358,Автотаргетинг,,-,0,-,0,новый дом плитка,Широкие запросы,Запросы с упоминанием брендов конкурентов,-,,Клинкерная плитка фасадная KAYLOS,,,Поиск,Прочее,Не определено,Смартфоны,iOS,Wi-Fi,Женский,25-34 года,6–10%,Не определено,1918168175770350076,Активные,Страницы каталога,Клинкерная плитка фасадная KAYLOS,Размер: 245×65 мм Толщина: 7 мм Cтоимость 1 м2 - 1300 ₽,https://marmara-pro.ru/termo/tproduct/2229245581-699649897752-klinkernaya-plitka-fasadnaya-kaylos?utm_source=yandex&utm_medium=cpc&utm_campaign=termopaneli_priozersk_cpa_search&utm_content=search&utm_term={PHRASE},-,-,-,-,Текстово-графический,Оригинальный,0.00,0,0,-,-,1,-,0.00,0.09,0.00,8.50,5.00,-,-,-
"Приозерский район, Поиск   от 25-07-2026",713047408,17.08.2026,Приозерский район,5776633358,Автотаргетинг,,-,0,-,0,облицовка дома,Сопутствующие запросы,Запросы без упоминания брендов,-,,,,,Поиск,Спецразмещение,Не определено,Смартфоны,iOS,Wi-Fi,Мужской,Старше 55,6–10%,Не определено,1916597733861553174,Архивные,Комбинаторное,Термопанели для дома в Приозерске,Утепление и фасад за один этап. Производство в Выборге. Доставка по Ленобласти.,https://marmara-pro.ru?utm_source=yandex&utm_medium=cpc&utm_campaign=termopaneli_priozersk_cpa_search&utm_content=search&utm_term={PHRASE},-,-,-,-,Текстово-графический,Оригинальный,0.00,0,0,-,-,1,-,0.00,0.88,0.00,88.16,2.00,-,-,-
"Приозерский район, Поиск   от 25-07-2026",713047408,17.08.2026,Приозерский район,5776633358,Автотаргетинг,,-,0,-,0,обшить каркасный дом снаружи варианты,Сопутствующие запросы,Запросы без упоминания брендов,-,,,,,Поиск,Спецразмещение,Не определено,Десктопы,Не определён,Wi-Fi,Мужской,25-34 года,2–5%,Не определено,1916597733861553174,Архивные,Комбинаторное,Термопанели для дома в Приозерске,Утепление и фасад за один этап. Производство в Выборге. Доставка по Ленобласти.,https://marmara-pro.ru?utm_source=yandex&utm_medium=cpc&utm_campaign=termopaneli_priozersk_cpa_search&utm_content=search&utm_term={PHRASE},-,-,-,-,Текстово-графический,Оригинальный,0.00,1,0,0.00,-,1,0.00,100.00,0.83,120.32,83.11,4.00,4.00,100.00,1.00
"Приозерский район, Поиск   от 25-07-2026",713047408,17.08.2026,Приозерский район,5776633358,Автотаргетинг,,-,0,-,0,панели для закрытия фундамента,Широкие запросы,Запросы без упоминания брендов,-,,,,,Поиск,Спецразмещение,Не определено,Десктопы,Не определён,Wi-Fi,Не определен,Не определен,Остальные,Не определено,1916597733861553174,Архивные,Комбинаторное,Клинкерные термопанели — КлинкерПрофи,Срок службы 25–50 лет. Не требуют покраски. Подберём толщину под ваш дом.,https://marmara-pro.ru?utm_source=yandex&utm_medium=cpc&utm_campaign=termopaneli_priozersk_cpa_search&utm_content=search&utm_term={PHRASE},-,-,-,-,Текстово-графический,Оригинальный,0.00,1,0,0.00,-,1,0.00,100.00,0.94,106.01,94.34,1.00,1.00,100.00,1.00
"Приозерский район, Поиск   от 25-07-2026",713047408,17.08.2026,Приозерский район,5776633358,Автотаргетинг,,-,0,-,0,панели для обшивки дома снаружи,Широкие запросы,Запросы без упоминания брендов,-,,,,,Поиск,Прочее,Не определено,Смартфоны,Android,Wi-Fi,Мужской,45-54 года,Остальные,Не определено,1916597733861553174,Архивные,Комбинаторное,Фасадные термопанели с клинкером,Утепление и фасад за один этап. Производство в Выборге. Доставка по Ленобласти.,https://marmara-pro.ru?utm_source=yandex&utm_medium=cpc&utm_campaign=termopaneli_priozersk_cpa_search&utm_content=search&utm_term={PHRASE},-,-,-,-,Текстово-графический,Оригинальный,0.00,0,0,-,-,1,-,0.00,0.09,0.00,8.50,5.00,-,-,-
"Приозерский район, Поиск   от 25-07-2026",713047408,17.08.2026,Приозерский район,5776633358,Автотаргетинг,,-,0,-,0,панели для обшивки дома снаружи,Широкие запросы,Запросы без упоминания брендов,-,,Термопанели с клинкерной плиткой — КлинкерПрофи,,,Поиск,Спецразмещение,Не определено,Смартфоны,Android,Wi-Fi,Мужской,45-54 года,Остальные,Не определено,1918168175770350076,Активные,Страницы каталога,Термопанели с клинкерной плиткой. Производство в Выборге,"Фасадные термопанели с клинкером. Производство в Выборге, доставка по СПб...",https://marmara-pro.ru/termo?utm_source=yandex&utm_medium=cpc&utm_campaign=termopaneli_priozersk_cpa_search&utm_content=search&utm_term={PHRASE},-,-,-,-,Текстово-графический,Автоматический,0.00,0,0,-,-,1,-,0.00,0.48,0.00,48.14,4.00,-,-,-
"Приозерский район, Поиск   от 25-07-2026",713047408,17.08.2026,Приозерский район,5776633358,Автотаргетинг,,-,0,-,0,плитка из агалатова,Альтернативные запросы,Запросы без упоминания брендов,-,,Клинкерная плитка фасадная WALL GREY,,,Поиск,Прочее,Не определено,Смартфоны,Android,Wi-Fi,Женский,Старше 55,Остальные,Не определено,1918168175770350076,Активные,Страницы каталога,Клинкерная плитка фасадная WALL GREY,Размер: 245×65 мм Толщина: 7 мм Cтоимость 1 м2 - 1300 ₽,https://marmara-pro.ru/termo/tproduct/2229245581-901775970982-klinkernaya-plitka-fasadnaya-wall-grey?utm_source=yandex&utm_medium=cpc&utm_campaign=termopaneli_priozersk_cpa_search&utm_content=search&utm_term={PHRASE},-,-,-,-,Текстово-графический,Автоматический,0.00,0,0,-,-,1,-,0.00,1.21,0.00,120.74,5.00,-,-,-
"Приозерский район, Поиск   от 25-07-2026",713047408,17.08.2026,Приозерский район,5776633358,Автотаргетинг,,-,0,-,0,плитка клинкерная базовая семир графит,Альтернативные запросы,Запросы без упоминания брендов,-,,Клинкерная плитка фасадная SANDIA,,,Поиск,Спецразмещение,Не определено,Смартфоны,iOS,Wi-Fi,Мужской,45-54 года,6–10%,Не определено,1918168175770350076,Активные,Страницы каталога,Клинкерная плитка фасадная SANDIA,Размер: 245×65 мм Толщина: 7 мм Cтоимость 1 м2 - 1300 ₽,https://marmara-pro.ru/termo/tproduct/2229245581-939423936422-klinkernaya-plitka-fasadnaya-sandia?utm_source=yandex&utm_medium=cpc&utm_campaign=termopaneli_priozersk_cpa_search&utm_content=search&utm_term={PHRASE},-,-,-,-,Текстово-графический,Автоматический,0.00,0,0,-,-,1,-,0.00,0.89,0.00,89.46,1.00,-,-,-
"Приозерский район, Поиск   от 25-07-2026",713047408,17.08.2026,Приозерский район,5776633358,Автотаргетинг,,-,0,-,0,плитка клинкерная базовая семир графит,Альтернативные запросы,Запросы без упоминания брендов,-,,Клинкерная плитка фасадная SANDIA,,,Поиск,Прочее,Не определено,Смартфоны,iOS,Wi-Fi,Мужской,45-54 года,6–10%,Не определено,1918168175770350076,Активные,Страницы каталога,Клинкерная плитка фасадная SANDIA,Размер: 245×65 мм Толщина: 7 мм Cтоимость 1 м2 - 1300 ₽,https://marmara-pro.ru/termo/tproduct/2229245581-939423936422-klinkernaya-plitka-fasadnaya-sandia?utm_source=yandex&utm_medium=cpc&utm_campaign=termopaneli_priozersk_cpa_search&utm_content=search&utm_term={PHRASE},-,-,-,-,Текстово-графический,Автоматический,0.00,1,0,0.00,-,1,0.00,100.00,1.42,70.66,141.52,5.00,5.00,0.00,2.00
"Приозерский район, Поиск   от 25-07-2026",713047408,17.08.2026,Приозерский район,5776633358,Автотаргетинг,,-,0,-,0,плитка клинкерная базовая семир графит,Альтернативные запросы,Запросы без упоминания брендов,-,,Клинкерная плитка фасадная STONE (графитовый),,,Поиск,Спецразмещение,Не определено,Смартфоны,iOS,Wi-Fi,Мужской,45-54 года,6–10%,Не определено,1918168175770350076,Активные,Страницы каталога,Клинкерная плитка фасадная STONE (графитовый),Размер: 245×65 мм Толщина: 7 мм Cтоимость 1 м2 - 1300 ₽,https://marmara-pro.ru/termo/tproduct/2229245581-730709481672-klinkernaya-plitka-fasadnaya-stone-grafi?utm_source=yandex&utm_medium=cpc&utm_campaign=termopaneli_priozersk_cpa_search&utm_content=search&utm_term={PHRASE},-,-,-,-,Текстово-графический,Автоматический,0.00,0,0,-,-,1,-,0.00,0.89,0.00,88.96,1.00,-,-,-
"Приозерский район, Поиск   от 25-07-2026",713047408,17.08.2026,Приозерский район,5776633358,Автотаргетинг,,-,0,-,0,плитка клинкерная базовая семир графит,Альтернативные запросы,Запросы без упоминания брендов,-,,Клинкерная плитка фасадная WALL GREY,,,Поиск,Спецразмещение,Не определено,Смартфоны,iOS,Wi-Fi,Мужской,45-54 года,6–10%,Не определено,1918168175770350076,Активные,Страницы каталога,Клинкерная плитка фасадная WALL GREY,Размер: 245×65 мм Толщина: 7 мм Cтоимость 1 м2 - 1300 ₽,https://marmara-pro.ru/termo/tproduct/2229245581-901775970982-klinkernaya-plitka-fasadnaya-wall-grey?utm_source=yandex&utm_medium=cpc&utm_campaign=termopaneli_priozersk_cpa_search&utm_content=search&utm_term={PHRASE},-,-,-,-,Текстово-графический,Автоматический,0.00,0,0,-,-,1,-,0.00,0.88,0.00,87.75,1.00,-,-,-
"Приозерский район, Поиск   от 25-07-2026",713047408,17.08.2026,Приозерский район,5776633358,Автотаргетинг,,-,0,-,0,плиты белтермо,Альтернативные запросы,Запросы без упоминания брендов,-,,,,,Поиск,Спецразмещение,Не определено,Десктопы,Не определён,Wi-Fi,Не определен,Не определен,Остальные,Не определено,1916597733861553174,Архивные,Комбинаторное,Клинкерные термопанели — КлинкерПрофи,Срок службы 25–50 лет. Не требуют покраски. Подберём толщину под ваш дом.,https://marmara-pro.ru?utm_source=yandex&utm_medium=cpc&utm_campaign=termopaneli_priozersk_cpa_search&utm_content=search&utm_term={PHRASE},-,-,-,-,Текстово-графический,Оригинальный,0.00,0,0,-,-,1,-,0.00,0.34,0.00,33.66,4.00,-,-,-
"Приозерский район, Поиск   от 25-07-2026",713047408,17.08.2026,Приозерский район,5776633358,Автотаргетинг,,-,0,-,0,покупки в лемано про,Широкие запросы,Запросы с упоминанием брендов конкурентов,-,,,,,Поиск,Прочее,Не определено,Смартфоны,Android,Wi-Fi,Женский,Старше 55,Остальные,Не определено,1916597733861553174,Архивные,Комбинаторное,Производство в Выборге — доставка в район,Утепление и фасад за один этап. Производство в Выборге. Доставка по Ленобласти.,https://marmara-pro.ru?utm_source=yandex&utm_medium=cpc&utm_campaign=termopaneli_priozersk_cpa_search&utm_content=search&utm_term={PHRASE},-,-,-,-,Текстово-графический,Оригинальный,0.00,0,0,-,-,1,-,0.00,0.09,0.00,8.50,5.00,-,-,-
"Приозерский район, Поиск   от 25-07-2026",713047408,17.08.2026,Приозерский район,5776633358,Автотаргетинг,,-,0,-,0,раздолье база стройматериалов сосново каталог с ценами,Широкие запросы,Запросы с упоминанием брендов конкурентов,-,,,,,Поиск,Спецразмещение,Не определено,Смартфоны,Android,Wi-Fi,Женский,Старше 55,Остальные,Не определено,1916597733861553174,Архивные,Комбинаторное,Производство в Выборге — доставка в район,Утепление и фасад за один этап. Производство в Выборге. Доставка по Ленобласти.,https://marmara-pro.ru?utm_source=yandex&utm_medium=cpc&utm_campaign=termopaneli_priozersk_cpa_search&utm_content=search&utm_term={PHRASE},-,-,-,-,Текстово-графический,Оригинальный,0.00,0,0,-,-,1,-,0.00,0.51,0.00,51.27,2.00,-,-,-
"Приозерский район, Поиск   от 25-07-2026",713047408,17.08.2026,Приозерский район,5776633358,Автотаргетинг,,-,0,-,0,реконструкция дома с утеплением,Сопутствующие запросы,Запросы без упоминания брендов,-,,,,,Поиск,Спецразмещение,Не определено,Смартфоны,Android,Wi-Fi,Женский,45-54 года,6–10%,Не определено,1916597733861553174,Архивные,Комбинаторное,Термопанели для дома в Приозерске,Утепление и фасад за один этап. Производство в Выборге. Доставка по Ленобласти.,https://marmara-pro.ru?utm_source=yandex&utm_medium=cpc&utm_campaign=termopaneli_priozersk_cpa_search&utm_content=search&utm_term={PHRASE},-,-,-,-,Текстово-графический,Оригинальный,0.00,1,0,0.00,-,2,0.00,50.00,1.37,72.79,68.69,3.50,3.00,0.00,2.00
"Приозерский район, Поиск   от 25-07-2026",713047408,17.08.2026,Приозерский район,5776633358,Автотаргетинг,,-,0,-,0,снегиревка стройматериалы,Широкие запросы,Запросы без упоминания брендов,-,,,,,Поиск,Прочее,Не определено,Смартфоны,Android,Wi-Fi,Мужской,35-44 года,Остальные,Не определено,1916597733861553174,Архивные,Комбинаторное,Производство в Выборге — доставка в район,Утепление и фасад за один этап. Производство в Выборге. Доставка по Ленобласти.,https://marmara-pro.ru?utm_source=yandex&utm_medium=cpc&utm_campaign=termopaneli_priozersk_cpa_search&utm_content=search&utm_term={PHRASE},-,-,-,-,Текстово-графический,Оригинальный,0.00,0,0,-,-,1,-,0.00,1.00,0.00,100.00,5.00,-,-,-
"Приозерский район, Поиск   от 25-07-2026",713047408,17.08.2026,Приозерский район,5776633358,Автотаргетинг,,-,0,-,0,стартовый профиль под фасадный пенопласт 100 мм описание и внешний вид,Сопутствующие запросы,Запросы без упоминания брендов,-,,,,,Поиск,Спецразмещение,Не определено,Планшеты,Android,Wi-Fi,Мужской,25-34 года,2–5%,Не определено,1916597733861553174,Архивные,Комбинаторное,Термопанели для дома в Приозерске,Утепление и фасад за один этап. Производство в Выборге. Доставка по Ленобласти.,https://marmara-pro.ru?utm_source=yandex&utm_medium=cpc&utm_campaign=termopaneli_priozersk_cpa_search&utm_content=search&utm_term={PHRASE},-,-,-,-,Текстово-графический,Оригинальный,0.00,0,0,-,-,1,-,0.00,1.00,0.00,100.00,1.00,-,-,-
"Приозерский район, Поиск   от 25-07-2026",713047408,17.08.2026,Приозерский район,5776633358,Автотаргетинг,,-,0,-,0,стартовый профиль под фасадный пенопласт 100 мм описание и внешний вид,Сопутствующие запросы,Запросы без упоминания брендов,-,,,,,Поиск,Спецразмещение,Не определено,Планшеты,iOS,Wi-Fi,Мужской,25-34 года,2–5%,Не определено,1916597733861553174,Архивные,Комбинаторное,Термопанели для дома в Приозерске,Утепление и фасад за один этап. Производство в Выборге. Доставка по Ленобласти.,https://marmara-pro.ru?utm_source=yandex&utm_medium=cpc&utm_campaign=termopaneli_priozersk_cpa_search&utm_content=search&utm_term={PHRASE},-,-,-,-,Текстово-графический,Оригинальный,0.00,1,0,0.00,-,0,0.00,-,0.00,-,-,-,1.00,100.00,1.00
"Приозерский район, Поиск   от 25-07-2026",713047408,17.08.2026,Приозерский район,5776633358,Автотаргетинг,,-,0,-,0,строительная база в сосново,Широкие запросы,Запросы без упоминания брендов,-,,,,,Поиск,Спецразмещение,Не определено,Смартфоны,Android,Wi-Fi,Женский,Старше 55,Остальные,Не определено,1916597733861553174,Архивные,Комбинаторное,Производство в Выборге — доставка в район,Утепление и фасад за один этап. Производство в Выборге. Доставка по Ленобласти.,https://marmara-pro.ru?utm_source=yandex&utm_medium=cpc&utm_campaign=termopaneli_priozersk_cpa_search&utm_content=search&utm_term={PHRASE},-,-,-,-,Текстово-графический,Оригинальный,0.00,0,0,-,-,1,-,0.00,0.79,0.00,78.75,1.00,-,-,-
"Приозерский район, Поиск   от 25-07-2026",713047408,17.08.2026,Приозерский район,5776633358,Автотаргетинг,,-,0,-,0,строительные магазины в приозерске,Широкие запросы,Запросы без упоминания брендов,-,,,,,Поиск,Прочее,Не определено,Смартфоны,iOS,Wi-Fi,Женский,Старше 55,2–5%,Не определено,1916597733861553174,Архивные,Комбинаторное,Производство в Выборге — доставка в район,Утепление и фасад за один этап. Производство в Выборге. Доставка по Ленобласти.,https://marmara-pro.ru?utm_source=yandex&utm_medium=cpc&utm_campaign=termopaneli_priozersk_cpa_search&utm_content=search&utm_term={PHRASE},-,-,-,-,Текстово-графический,Оригинальный,0.00,0,0,-,-,1,-,0.00,0.09,0.00,8.50,5.00,-,-,-
"Приозерский район, Поиск   от 25-07-2026",713047408,17.08.2026,Приозерский район,5776633358,Автотаргетинг,,-,0,-,0,строительные магазины в сосново,Широкие запросы,Запросы без упоминания брендов,-,,,,,Поиск,Прочее,Не определено,Смартфоны,iOS,Wi-Fi,Женский,25-34 года,2–5%,Не определено,1916597733861553174,Архивные,Комбинаторное,Производство в Выборге — доставка в район,Срок службы 25–50 лет. Не требуют покраски. Подберём толщину под ваш дом.,https://marmara-pro.ru?utm_source=yandex&utm_medium=cpc&utm_campaign=termopaneli_priozersk_cpa_search&utm_content=search&utm_term={PHRASE},-,-,-,-,Текстово-графический,Оригинальный,0.00,0,0,-,-,1,-,0.00,1.00,0.00,100.00,5.00,-,-,-
"Приозерский район, Поиск   от 25-07-2026",713047408,17.08.2026,Приозерский район,5776633358,Автотаргетинг,,-,0,-,0,строительный магазин дзержинск,Широкие запросы,Запросы без упоминания брендов,-,,,,,Поиск,Прочее,Не определено,Смартфоны,iOS,Wi-Fi,Мужской,Не определен,2–5%,Не определено,1916597733861553174,Архивные,Комбинаторное,Производство в Выборге — доставка в район,Утепление и фасад за один этап. Производство в Выборге. Доставка по Ленобласти.,https://marmara-pro.ru?utm_source=yandex&utm_medium=cpc&utm_campaign=termopaneli_priozersk_cpa_search&utm_content=search&utm_term={PHRASE},-,-,-,-,Текстово-графический,Оригинальный,0.00,0,0,-,-,1,-,0.00,0.09,0.00,8.50,5.00,-,-,-
"Приозерский район, Поиск   от 25-07-2026",713047408,17.08.2026,Приозерский район,5776633358,Автотаргетинг,,-,0,-,0,строительный магазин дзержинск,Широкие запросы,Запросы без упоминания брендов,-,,,,,Поиск,Прочее,Не определено,Смартфоны,iOS,Wi-Fi,Мужской,Не определен,Топ 1%,Не определено,1916597733861553174,Архивные,Комбинаторное,Производство в Выборге — доставка в район,Утепление и фасад за один этап. Производство в Выборге. Доставка по Ленобласти.,https://marmara-pro.ru?utm_source=yandex&utm_medium=cpc&utm_campaign=termopaneli_priozersk_cpa_search&utm_content=search&utm_term={PHRASE},-,-,-,-,Текстово-графический,Оригинальный,0.00,0,0,-,-,1,-,0.00,0.09,0.00,8.50,5.00,-,-,-
"Приозерский район, Поиск   от 25-07-2026",713047408,17.08.2026,Приозерский район,5776633358,Автотаргетинг,,-,0,-,0,строительный магазин приозерск,Широкие запросы,Запросы без упоминания брендов,-,,,,,Поиск,Прочее,Не определено,Смартфоны,Android,Wi-Fi,Женский,25-34 года,6–10%,Не определено,1916597733861553174,Архивные,Комбинаторное,Производство в Выборге — доставка в район,Утепление и фасад за один этап. Производство в Выборге. Доставка по Ленобласти.,https://marmara-pro.ru?utm_source=yandex&utm_medium=cpc&utm_campaign=termopaneli_priozersk_cpa_search&utm_content=search&utm_term={PHRASE},-,-,-,-,Текстово-графический,Оригинальный,0.00,0,0,-,-,1,-,0.00,0.09,0.00,8.50,5.00,-,-,-
"Приозерский район, Поиск   от 25-07-2026",713047408,17.08.2026,Приозерский район,5776633358,Автотаргетинг,,-,0,-,0,стройбаза раздолье ларионово приозерский район каталог товаров и цены,Широкие запросы,Запросы с упоминанием брендов конкурентов,-,,,,,Поиск,Прочее,Не определено,Смартфоны,Android,Wi-Fi,Мужской,45-54 года,Остальные,Не определено,1916597733861553174,Архивные,Комбинаторное,Производство в Выборге — доставка в район,Утепление и фасад за один этап. Производство в Выборге. Доставка по Ленобласти.,https://marmara-pro.ru?utm_source=yandex&utm_medium=cpc&utm_campaign=termopaneli_priozersk_cpa_search&utm_content=search&utm_term={PHRASE},-,-,-,-,Текстово-графический,Оригинальный,0.00,0,0,-,-,1,-,0.00,1.00,0.00,100.00,5.00,-,-,-
"Приозерский район, Поиск   от 25-07-2026",713047408,17.08.2026,Приозерский район,5776633358,Автотаргетинг,,-,0,-,0,строймагазины в приозерске,Широкие запросы,Запросы без упоминания брендов,-,,,,,Поиск,Прочее,Не определено,Планшеты,Android,Wi-Fi,Женский,35-44 года,Остальные,Не определено,1916597733861553174,Архивные,Комбинаторное,Производство в Выборге — доставка в район,Утепление и фасад за один этап. Производство в Выборге. Доставка по Ленобласти.,https://marmara-pro.ru?utm_source=yandex&utm_medium=cpc&utm_campaign=termopaneli_priozersk_cpa_search&utm_content=search&utm_term={PHRASE},-,-,-,-,Текстово-графический,Оригинальный,0.00,0,0,-,-,1,-,0.00,0.09,0.00,8.50,5.00,-,-,-
"Приозерский район, Поиск   от 25-07-2026",713047408,17.08.2026,Приозерский район,5776633358,Автотаргетинг,,-,0,-,0,стройматериалы,Широкие запросы,Запросы без упоминания брендов,-,,,,,Поиск,Спецразмещение,Не определено,Смартфоны,iOS,Wi-Fi,Женский,25-34 года,Топ 1%,Не определено,1916597733861553174,Архивные,Комбинаторное,Производство в Выборге — доставка в район,Утепление и фасад за один этап. Производство в Выборге. Доставка по Ленобласти.,https://marmara-pro.ru?utm_source=yandex&utm_medium=cpc&utm_campaign=termopaneli_priozersk_cpa_search&utm_content=search&utm_term={PHRASE},-,-,-,-,Текстово-графический,Оригинальный,0.00,0,0,-,-,1,-,0.00,0.43,0.00,42.67,3.00,-,-,-
"Приозерский район, Поиск   от 25-07-2026",713047408,17.08.2026,Приозерский район,5776633358,Автотаргетинг,,-,0,-,0,стройудача каталог товаров в ленинградской области,Широкие запросы,Запросы с упоминанием брендов конкурентов,-,,,,,Поиск,Спецразмещение,Не определено,Смартфоны,Android,Wi-Fi,Мужской,Старше 55,Остальные,Не определено,1916597733861553174,Архивные,Комбинаторное,Производство в Выборге — доставка в район,Утепление и фасад за один этап. Производство в Выборге. Доставка по Ленобласти.,https://marmara-pro.ru?utm_source=yandex&utm_medium=cpc&utm_campaign=termopaneli_priozersk_cpa_search&utm_content=search&utm_term={PHRASE},-,-,-,-,Текстово-графический,Оригинальный,0.00,0,0,-,-,3,-,0.00,2.26,0.00,75.40,1.00,-,-,-
"Приозерский район, Поиск   от 25-07-2026",713047408,17.08.2026,Приозерский район,5776633358,Автотаргетинг,,-,0,-,0,стройудача каталог товаров в ленинградской области,Широкие запросы,Запросы с упоминанием брендов конкурентов,-,,,,,Поиск,Прочее,Не определено,Смартфоны,Android,Wi-Fi,Мужской,Старше 55,Остальные,Не определено,1916597733861553174,Архивные,Комбинаторное,Производство в Выборге — доставка в район,Утепление и фасад за один этап. Производство в Выборге. Доставка по Ленобласти.,https://marmara-pro.ru?utm_source=yandex&utm_medium=cpc&utm_campaign=termopaneli_priozersk_cpa_search&utm_content=search&utm_term={PHRASE},-,-,-,-,Текстово-графический,Оригинальный,0.00,0,0,-,-,1,-,0.00,1.00,0.00,100.00,5.00,-,-,-
"Приозерский район, Поиск   от 25-07-2026",713047408,17.08.2026,Приозерский район,5776633358,Автотаргетинг,,-,0,-,0,утепление каркасного дома роквул,Альтернативные запросы,Запросы без упоминания брендов,-,,,,,Поиск,Спецразмещение,Не определено,Смартфоны,Android,Wi-Fi,Мужской,Старше 55,Остальные,Не определено,1916597733861553174,Архивные,Комбинаторное,Утепление фасада термопанелями,Клинкерный фасад без мокрых работ. Монтаж зимой до −15 °C. ППС и ППУ. Звоните!,https://marmara-pro.ru?utm_source=yandex&utm_medium=cpc&utm_campaign=termopaneli_priozersk_cpa_search&utm_content=search&utm_term={PHRASE},-,-,-,-,Текстово-графический,Оригинальный,0.00,0,0,-,-,1,-,0.00,0.81,0.00,81.03,1.00,-,-,-
"Приозерский район, Поиск   от 25-07-2026",713047408,17.08.2026,Приозерский район,5776633358,Автотаргетинг,,-,0,-,0,утеплитель с клинкерной плиткой для фасада,Целевые запросы,Запросы без упоминания брендов,-,,Термопанели с клинкерной плиткой — КлинкерПрофи,,,Поиск,Спецразмещение,Не определено,Смартфоны,iOS,Wi-Fi,Мужской,35-44 года,2–5%,Не определено,1918168175770350076,Активные,Страницы каталога,Термопанели с клинкерной плиткой. Производство в Выборге,"Фасадные термопанели с клинкером. Производство в Выборге, доставка по СПб...",https://marmara-pro.ru/termo?utm_source=yandex&utm_medium=cpc&utm_campaign=termopaneli_priozersk_cpa_search&utm_content=search&utm_term={PHRASE},-,-,-,-,Текстово-графический,Оригинальный,0.00,0,0,-,-,1,-,0.00,1.01,0.00,101.08,1.00,-,-,-
"Приозерский район, Поиск   от 25-07-2026",713047408,17.08.2026,Приозерский район,5776633358,Автотаргетинг,,-,0,-,0,фасадная плитка carrizo grey elewacja struktura stripes mix mat 6 6x40,Альтернативные запросы,Запросы без упоминания брендов,-,,Клинкерная плитка фасадная STONE (графитовый),,,Поиск,Спецразмещение,Не определено,Десктопы,Не определён,Wi-Fi,Женский,35-44 года,Топ 1%,Не определено,1918168175770350076,Активные,Страницы каталога,Клинкерная плитка фасадная STONE (графитовый),Размер: 245×65 мм Толщина: 7 мм Cтоимость 1 м2 - 1300 ₽,https://marmara-pro.ru/termo/tproduct/2229245581-730709481672-klinkernaya-plitka-fasadnaya-stone-grafi?utm_source=yandex&utm_medium=cpc&utm_campaign=termopaneli_priozersk_cpa_search&utm_content=search&utm_term={PHRASE},-,-,-,-,Текстово-графический,Автоматический,0.00,0,0,-,-,1,-,0.00,0.83,0.00,83.28,1.00,-,-,-
"Приозерский район, Поиск   от 25-07-2026",713047408,17.08.2026,Приозерский район,5776633358,Автотаргетинг,,-,0,-,0,фасадные панели,Широкие запросы,Запросы без упоминания брендов,-,,,,,Поиск,Спецразмещение,Не определено,Смартфоны,Android,Wi-Fi,Мужской,35-44 года,Остальные,Не определено,1916597733861553174,Архивные,Комбинаторное,Клинкерные термопанели — КлинкерПрофи,Утепление и фасад за один этап. Производство в Выборге. Доставка по Ленобласти.,https://marmara-pro.ru?utm_source=yandex&utm_medium=cpc&utm_campaign=termopaneli_priozersk_cpa_search&utm_content=search&utm_term={PHRASE},-,-,-,-,Текстово-графический,Оригинальный,0.00,0,0,-,-,1,-,0.00,0.44,0.00,43.76,4.00,-,-,-
"Приозерский район, Поиск   от 25-07-2026",713047408,17.08.2026,Приозерский район,5776633358,Автотаргетинг,,-,0,-,0,фасадный плитка hauber технониколь,Альтернативные запросы,Запросы без упоминания брендов,-,,Клинкерная плитка фасадная STONE (графитовый),,,Поиск,Спецразмещение,Не определено,Десктопы,Не определён,Wi-Fi,Мужской,Старше 55,Остальные,Не определено,1918168175770350076,Активные,Страницы каталога,Клинкерная плитка фасадная STONE (графитовый),Размер: 245×65 мм Толщина: 7 мм Cтоимость 1 м2 - 1300 ₽,https://marmara-pro.ru/termo/tproduct/2229245581-730709481672-klinkernaya-plitka-fasadnaya-stone-grafi?utm_source=yandex&utm_medium=cpc&utm_campaign=termopaneli_priozersk_cpa_search&utm_content=search&utm_term={PHRASE},-,-,-,-,Текстово-графический,Автоматический,0.00,0,0,-,-,1,-,0.00,0.69,0.00,69.13,1.00,-,-,-
"Приозерский район, Поиск   от 25-07-2026",713047408,17.08.2026,Приозерский район,5776633358,Автотаргетинг,,-,0,-,0,фасадный технониколь для наружной отделки стен,Альтернативные запросы,Запросы с упоминанием брендов конкурентов,-,,,,,Поиск,Спецразмещение,Не определено,Десктопы,Не определён,Wi-Fi,Мужской,Старше 55,Остальные,Не определено,1916597733861553174,Архивные,Комбинаторное,Термопанели для дома в Приозерске,Утепление и фасад за один этап. Производство в Выборге. Доставка по Ленобласти.,https://marmara-pro.ru?utm_source=yandex&utm_medium=cpc&utm_campaign=termopaneli_priozersk_cpa_search&utm_content=search&utm_term={PHRASE},-,-,-,-,Текстово-графический,Оригинальный,0.00,0,0,-,-,1,-,0.00,0.73,0.00,73.07,1.00,-,-,-
"Приозерский район, Поиск   от 25-07-2026",713047408,17.08.2026,Приозерский район,5776633358,Автотаргетинг,,-,0,-,0,чем зашить фронтон,Сопутствующие запросы,Запросы без упоминания брендов,-,,,,,Поиск,Спецразмещение,Не определено,Смартфоны,Android,Wi-Fi,Женский,25-34 года,Остальные,Не определено,1916597733861553174,Архивные,Комбинаторное,Фасадные термопанели с клинкером,Срок службы 25–50 лет. Не требуют покраски. Подберём толщину под ваш дом.,https://marmara-pro.ru?utm_source=yandex&utm_medium=cpc&utm_campaign=termopaneli_priozersk_cpa_search&utm_content=search&utm_term={PHRASE},-,-,-,-,Текстово-графический,Оригинальный,0.00,0,0,-,-,1,-,0.00,1.27,0.00,126.99,1.00,-,-,-
"Приозерский район, Поиск   от 25-07-2026",713047408,17.08.2026,Приозерский район,5776633358,Автотаргетинг,,-,0,-,0,чем зашить фронтоны крыши,Сопутствующие запросы,Запросы без упоминания брендов,-,,,,,Поиск,Спецразмещение,Не определено,Смартфоны,Android,Wi-Fi,Женский,25-34 года,Остальные,Не определено,1916597733861553174,Архивные,Комбинаторное,Клинкерные термопанели — КлинкерПрофи,Срок службы 25–50 лет. Не требуют покраски. Подберём толщину под ваш дом.,https://marmara-pro.ru?utm_source=yandex&utm_medium=cpc&utm_campaign=termopaneli_priozersk_cpa_search&utm_content=search&utm_term={PHRASE},-,-,-,-,Текстово-графический,Оригинальный,0.00,0,0,-,-,1,-,0.00,1.00,0.00,100.00,-,-,-,-
"Приозерский район, Поиск   от 25-07-2026",713047408,17.08.2026,Приозерский район,5776633358,Автотаргетинг,,-,0,-,0,чем зашить фронтоны крыши,Сопутствующие запросы,Запросы без упоминания брендов,-,,,,,Поиск,Спецразмещение,Не определено,Смартфоны,Android,Wi-Fi,Женский,25-34 года,Остальные,Не определено,1916597733861553174,Архивные,Комбинаторное,Фасадные термопанели с клинкером,Утепление и фасад за один этап. Производство в Выборге. Доставка по Ленобласти.,https://marmara-pro.ru?utm_source=yandex&utm_medium=cpc&utm_campaign=termopaneli_priozersk_cpa_search&utm_content=search&utm_term={PHRASE},-,-,-,-,Текстово-графический,Оригинальный,0.00,0,0,-,-,1,-,0.00,1.00,0.00,100.00,1.00,-,-,-
"Приозерский район, Поиск   от 25-07-2026",713047408,17.08.2026,Приозерский район,5776633358,Автотаргетинг,,-,0,-,0,чем накрыть террасу зимой,Сопутствующие запросы,Запросы без упоминания брендов,-,,,,,Поиск,Прочее,Не определено,Десктопы,Не определён,Wi-Fi,Мужской,35-44 года,2–5%,Не определено,1916597733861553174,Архивные,Комбинаторное,Термопанели с клинкерной плиткой - КлинкерПрофи,Срок службы 25–50 лет. Не требуют покраски. Подберём толщину под ваш дом.,https://marmara-pro.ru?utm_source=yandex&utm_medium=cpc&utm_campaign=termopaneli_priozersk_cpa_search&utm_content=search&utm_term={PHRASE},-,-,-,-,Текстово-графический,Оригинальный,0.00,0,0,-,-,2,-,0.00,2.30,0.00,114.84,5.00,-,-,-
"Приозерский район, Поиск   от 25-07-2026",713047408,17.08.2026,Приозерский район,5776633358,Автотаргетинг,,-,0,-,0,чем накрыть террасу зимой,Сопутствующие запросы,Запросы без упоминания брендов,-,,Термопанель Колорадо 5 (32 шт),,,Поиск,Спецразмещение,Не определено,Десктопы,Не определён,Wi-Fi,Мужской,35-44 года,2–5%,Не определено,1918168175770350076,Активные,Страницы каталога,Термопанель Колорадо 5 (32 шт),Термопанели с клинкерной плиткой. Производство в Выборге. Доставка.,https://marmara-pro.ru/termo/tproduct/2229245581-936117304142-termopanel-kolorado-5-32-sht?utm_source=yandex&utm_medium=cpc&utm_campaign=termopaneli_priozersk_cpa_search&utm_content=search&utm_term={PHRASE},-,-,-,-,Текстово-графический,Автоматический,0.00,0,0,-,-,1,-,0.00,1.01,0.00,101.45,2.00,-,-,-
"Приозерский район, Поиск   от 25-07-2026",713047408,17.08.2026,Приозерский район,5776633358,Автотаргетинг,,-,0,-,0,чем недорого отделать фасад дома,Сопутствующие запросы,Запросы без упоминания брендов,-,,,,,Поиск,Спецразмещение,Не определено,Смартфоны,Android,Wi-Fi,Мужской,25-34 года,Остальные,Не определено,1916597733861553174,Архивные,Комбинаторное,Термопанели для дома в Приозерске,Утепление и фасад за один этап. Производство в Выборге. Доставка по Ленобласти.,https://marmara-pro.ru?utm_source=yandex&utm_medium=cpc&utm_campaign=termopaneli_priozersk_cpa_search&utm_content=search&utm_term={PHRASE},-,-,-,-,Текстово-графический,Оригинальный,0.00,0,0,-,-,1,-,0.00,1.07,0.00,106.51,2.00,-,-,-
"Приозерский район, Поиск   от 25-07-2026",713047408,17.08.2026,Приозерский район,5776633358,Автотаргетинг,,-,0,-,0,чем недорого отделать фасад дома,Сопутствующие запросы,Запросы без упоминания брендов,-,,Термопанели с клинкерной плиткой — КлинкерПрофи,,,Поиск,Прочее,Не определено,Смартфоны,Android,Wi-Fi,Мужской,25-34 года,Остальные,Не определено,1918168175770350076,Активные,Страницы каталога,Термопанели с клинкерной плиткой. Производство в Выборге,"Фасадные термопанели с клинкером. Производство в Выборге, доставка по СПб...",https://marmara-pro.ru/termo?utm_source=yandex&utm_medium=cpc&utm_campaign=termopaneli_priozersk_cpa_search&utm_content=search&utm_term={PHRASE},-,-,-,-,Текстово-графический,Оригинальный,0.00,0,0,-,-,1,-,0.00,1.38,0.00,137.95,5.00,-,-,-
"Приозерский район, Поиск   от 25-07-2026",713047408,17.08.2026,Приозерский район,5776633358,Автотаргетинг,,-,0,-,0,чем облагородить беседку на улице,Сопутствующие запросы,Запросы без упоминания брендов,-,,Клинкерная плитка фасадная STONE (палевый),,,Поиск,Прочее,Не определено,Смартфоны,iOS,Wi-Fi,Женский,45-54 года,Остальные,Не определено,1918168175770350076,Активные,Страницы каталога,Клинкерная плитка фасадная STONE (палевый),Размер: 245×65 мм Толщина: 7 мм Cтоимость 1 м2 - 1300 ₽,https://marmara-pro.ru/termo/tproduct/2229245581-400587526422-klinkernaya-plitka-fasadnaya-stone-palev?utm_source=yandex&utm_medium=cpc&utm_campaign=termopaneli_priozersk_cpa_search&utm_content=search&utm_term={PHRASE},-,-,-,-,Текстово-графический,Оригинальный,0.00,0,0,-,-,1,-,0.00,1.00,0.00,100.00,5.00,-,-,-
"Приозерский район, Поиск   от 25-07-2026",713047408,17.08.2026,Приозерский район,5776633358,Автотаргетинг,,-,0,-,0,чем облагородить беседку на улице,Сопутствующие запросы,Запросы без упоминания брендов,-,,Клинкерная плитка фасадная АКИТА,,,Поиск,Спецразмещение,Не определено,Смартфоны,iOS,Wi-Fi,Женский,45-54 года,Остальные,Не определено,1918168175770350076,Активные,Страницы каталога,Клинкерная плитка фасадная АКИТА,Размер: 245×65 мм Толщина: 7 мм Cтоимость 1 м2 - 1300 ₽,https://marmara-pro.ru/termo/tproduct/2229245581-604719084492-klinkernaya-plitka-fasadnaya-akita?utm_source=yandex&utm_medium=cpc&utm_campaign=termopaneli_priozersk_cpa_search&utm_content=search&utm_term={PHRASE},-,-,-,-,Текстово-графический,Автоматический,0.00,0,0,-,-,1,-,0.00,0.81,0.00,81.10,1.00,-,-,-
"Приозерский район, Поиск   от 25-07-2026",713047408,17.08.2026,Приозерский район,5776633358,Автотаргетинг,,-,0,-,0,чем отделать каркасный дом необычно,Сопутствующие запросы,Запросы без упоминания брендов,-,,,,,Поиск,Спецразмещение,Не определено,Смартфоны,Android,Мобильная связь,Женский,45-54 года,Остальные,Не определено,1916597733861553174,Архивные,Комбинаторное,Термопанели для дома в Приозерске,Утепление и фасад за один этап. Производство в Выборге. Доставка по Ленобласти.,https://marmara-pro.ru?utm_source=yandex&utm_medium=cpc&utm_campaign=termopaneli_priozersk_cpa_search&utm_content=search&utm_term={PHRASE},-,-,-,-,Текстово-графический,Оригинальный,0.00,0,0,-,-,1,-,0.00,1.00,0.00,100.00,-,-,-,-
"Приозерский район, Поиск   от 25-07-2026",713047408,17.08.2026,Приозерский район,5776633358,Автотаргетинг,,-,0,-,0,чем отделать каркасный дом снаружи,Сопутствующие запросы,Запросы без упоминания брендов,-,,,,,Поиск,Спецразмещение,Не определено,Смартфоны,Android,Мобильная связь,Женский,45-54 года,Остальные,Не определено,1916597733861553174,Архивные,Комбинаторное,Фасадные термопанели с клинкером,Срок службы 25–50 лет. Не требуют покраски. Подберём толщину под ваш дом.,https://marmara-pro.ru?utm_source=yandex&utm_medium=cpc&utm_campaign=termopaneli_priozersk_cpa_search&utm_content=search&utm_term={PHRASE},-,-,-,-,Текстово-графический,Оригинальный,0.00,0,0,-,-,1,-,0.00,1.00,0.00,100.00,-,-,-,-
Термопанели в Выборге,712773255,17.08.2026,Группа 1 - коммерческая,5773901452,Фраза,термопанели -цена -производитель -купить -заказывать -доставка,-,0,-,0,термопанели спб,Целевые запросы,Запросы без упоминания брендов,Пословное,,,,,Поиск,Товарная галерея,Не определено,Десктопы,Не определён,Wi-Fi,Женский,45-54 года,Остальные,Не определено,1915802398259215246,Активные,Комбинаторное,Купить термопанели в Выборге напрямую,Свое производство в Выборге. Приезжайте на образцы. Бесплатная доставка по району.,https://marmara-pro.ru?utm_content=commerce&utm_term={PHRASE},http://direct.yandex.ru/images/direct/5250956/5XPY7aqvM1xRQF8e4uTrqg,карусель 4-3_06.jpg,-,-,Текстово-графический,Автоматический,0.00,0,0,-,-,1,-,0.00,0.31,0.00,30.96,9.00,-,-,-
Термопанели в Выборге,712773255,17.08.2026,Группа 1 - коммерческая,5773901452,Фраза,фасадные панели для наружной отделки,-,0,-,0,амк панели минск,Альтернативные запросы,Запросы с упоминанием брендов конкурентов,Семантическое,,,,,Поиск,Спецразмещение,Не определено,Смартфоны,iOS,Wi-Fi,Мужской,45-54 года,2–5%,Не определено,1915802398259215246,Активные,Комбинаторное,"Термопанели в Выборге - завод на Ленина, 11",Клинкерная плитка+утеплитель в одной панели. Оплата в два этапа. Звоните!,https://marmara-pro.ru?utm_content=commerce&utm_term={PHRASE},-,-,-,-,Текстово-графический,Оригинальный,0.00,0,0,-,-,1,-,0.00,0.85,0.00,84.97,1.00,-,-,-
Термопанели в Выборге,712773255,17.08.2026,Группа 1 - коммерческая,5773901452,Автотаргетинг,,-,0,-,0,,Не определено,-,-,,,,,Сети,Прочее,Не определено,Десктопы,Не определён,Wi-Fi,Мужской,45-54 года,2–5%,Не определено,1915802398259215246,Активные,Комбинаторное,"Термопанели в Выборге - завод на Ленина, 11",Клинкерная плитка+утеплитель в одной панели. Оплата в два этапа. Звоните!,https://marmara-pro.ru?utm_content=commerce&utm_term={PHRASE},http://direct.yandex.ru/images/direct/4298071/skS6Zjow652PazB91P1Ung,плитка 01.jpg,1163322157,https://avatars.mds.yandex.net/get-media-adv-screenshooter/20941197/1d06a155-09ca-4034-b8a4-ad411694a4d7/orig,Видео,Оригинальный,0.00,0,0,-,-,2,-,0.00,2.00,0.00,100.00,-,-,-,-
Термопанели в Выборге,712773255,17.08.2026,Группа 1 - коммерческая,5773901452,Автотаргетинг,,-,0,-,0,,Не определено,-,-,,,,,Сети,Прочее,Не определено,Десктопы,Не определён,Wi-Fi,Женский,Старше 55,2–5%,Не определено,1915802398259215246,Активные,Комбинаторное,Термопанели с клинкером - собственный завод в Выборге,Клинкерная плитка+утеплитель в одной панели. Оплата в два этапа. Звоните!,https://marmara-pro.ru?utm_content=commerce&utm_term={PHRASE},http://direct.yandex.ru/images/direct/4298071/skS6Zjow652PazB91P1Ung,плитка 01.jpg,1163322157,https://avatars.mds.yandex.net/get-media-adv-screenshooter/20941197/1d06a155-09ca-4034-b8a4-ad411694a4d7/orig,Текстово-графический,Оригинальный,0.00,0,0,-,-,1,-,0.00,1.00,0.00,100.00,-,-,-,-
Термопанели в Выборге,712773255,17.08.2026,Группа 1 - коммерческая,5773901452,Автотаргетинг,,-,0,-,0,,Не определено,-,-,,,,,Сети,Прочее,Не определено,Десктопы,Не определён,Wi-Fi,Женский,Старше 55,2–5%,Не определено,1915802398259215246,Активные,Комбинаторное,Термопанели с клинкером - собственный завод в Выборге,Свое производство в Выборге. Приезжайте на образцы. Бесплатная доставка по району.,https://marmara-pro.ru?utm_content=commerce&utm_term={PHRASE},http://direct.yandex.ru/images/direct/5245050/6C6d0cQ-RdpqlPYUtMZQkw,пример 2.jpg,1163322157,https://avatars.mds.yandex.net/get-media-adv-screenshooter/20941197/1d06a155-09ca-4034-b8a4-ad411694a4d7/orig,Текстово-графический,Оригинальный,0.00,0,0,-,-,1,-,0.00,1.00,0.00,100.00,-,-,-,-
Термопанели в Выборге,712773255,17.08.2026,Группа 1 - коммерческая,5773901452,Автотаргетинг,,-,0,-,0,,Не определено,-,-,,,,,Сети,Прочее,Не определено,Смартфоны,Android,Wi-Fi,Мужской,45-54 года,2–5%,Не определено,1915802398259215246,Активные,Комбинаторное,"Термопанели в Выборге - завод на Ленина, 11",Без посредников - завод. 60+ видов декора. Доставка по Ленобласти.,https://marmara-pro.ru?utm_content=commerce&utm_term={PHRASE},http://direct.yandex.ru/images/direct/5442016/qtxMfdimB3EKymbW9TWLzQ,термопанель.png,1163321614,https://avatars.mds.yandex.net/get-media-adv-screenshooter/20873747/75477b03-780e-4e10-adff-81a72fc688af/orig,Текстово-графический,Оригинальный,0.00,0,0,-,-,1,-,0.00,1.00,0.00,100.00,-,-,-,-
Термопанели в Выборге,712773255,17.08.2026,Группа 1 - коммерческая,5773901452,Автотаргетинг,,-,0,-,0,,Не определено,-,-,,,,,Сети,Прочее,Не определено,Смартфоны,Android,Wi-Fi,Мужской,Старше 55,Остальные,Не определено,1915802398259215246,Активные,Комбинаторное,Купить термопанели в Выборге напрямую,Свое производство в Выборге. Приезжайте на образцы. Бесплатная доставка по району.,https://marmara-pro.ru?utm_content=commerce&utm_term={PHRASE},http://direct.yandex.ru/images/direct/5250956/5XPY7aqvM1xRQF8e4uTrqg,карусель 4-3_06.jpg,1163321614,https://avatars.mds.yandex.net/get-media-adv-screenshooter/20873747/75477b03-780e-4e10-adff-81a72fc688af/orig,Текстово-графический,Оригинальный,0.00,0,0,-,-,1,-,0.00,1.00,0.00,100.00,-,-,-,-
Термопанели в Выборге,712773255,17.08.2026,Группа 1 - коммерческая,5773901452,Автотаргетинг,,-,0,-,0,,Не определено,-,-,,,,,Сети,Прочее,Не определено,Смартфоны,Android,Wi-Fi,Мужской,Старше 55,Остальные,Не определено,1915802398259215246,Активные,Комбинаторное,Купить термопанели в Выборге напрямую,Свое производство в Выборге. Приезжайте на образцы. Бесплатная доставка по району.,https://marmara-pro.ru?utm_content=commerce&utm_term={PHRASE},http://direct.yandex.ru/images/direct/5250956/5XPY7aqvM1xRQF8e4uTrqg,карусель 4-3_06.jpg,1163321614,https://avatars.mds.yandex.net/get-media-adv-screenshooter/20873747/75477b03-780e-4e10-adff-81a72fc688af/orig,Видео,Оригинальный,0.00,0,0,-,-,1,-,0.00,1.00,0.00,100.00,-,-,-,-
Термопанели в Выборге,712773255,17.08.2026,Группа 1 - коммерческая,5773901452,Автотаргетинг,,-,0,-,0,,Не определено,-,-,,,,,Сети,Прочее,Не определено,Смартфоны,Android,Wi-Fi,Женский,45-54 года,Остальные,Не определено,1915802398259215246,Активные,Комбинаторное,Купить термопанели в Выборге напрямую,Свое производство в Выборге. Приезжайте на образцы. Бесплатная доставка по району.,https://marmara-pro.ru?utm_content=commerce&utm_term={PHRASE},http://direct.yandex.ru/images/direct/5250956/5XPY7aqvM1xRQF8e4uTrqg,карусель 4-3_06.jpg,1163321614,https://avatars.mds.yandex.net/get-media-adv-screenshooter/20873747/75477b03-780e-4e10-adff-81a72fc688af/orig,Текстово-графический,Оригинальный,0.00,0,0,-,-,1,-,0.00,1.00,0.00,100.00,-,-,-,-
Термопанели в Выборге,712773255,17.08.2026,Группа 1 - коммерческая,5773901452,Автотаргетинг,,-,0,-,0,,Не определено,-,-,,,,,Сети,Прочее,Не определено,Смартфоны,Android,Wi-Fi,Женский,Старше 55,Остальные,Не определено,1915802398259215246,Активные,Комбинаторное,Гарантия до 5 лет на термопанели,Свое производство в Выборге. Приезжайте на образцы. Бесплатная доставка по району.,https://marmara-pro.ru?utm_content=commerce&utm_term={PHRASE},http://direct.yandex.ru/images/direct/4298071/skS6Zjow652PazB91P1Ung,плитка 01.jpg,1163322157,https://avatars.mds.yandex.net/get-media-adv-screenshooter/20941197/1d06a155-09ca-4034-b8a4-ad411694a4d7/orig,Текстово-графический,Оригинальный,0.00,0,0,-,-,1,-,0.00,1.00,0.00,100.00,-,-,-,-
Термопанели в Выборге,712773255,17.08.2026,Группа 1 - коммерческая,5773901452,Автотаргетинг,,-,0,-,0,,Не определено,-,-,,,,,Сети,Прочее,Не определено,Смартфоны,Android,Wi-Fi,Женский,Старше 55,Остальные,Не определено,1915802398259215246,Активные,Комбинаторное,Купить термопанели в Выборге напрямую,Свое производство в Выборге. Приезжайте на образцы. Бесплатная доставка по району.,https://marmara-pro.ru?utm_content=commerce&utm_term={PHRASE},http://direct.yandex.ru/images/direct/5250956/5XPY7aqvM1xRQF8e4uTrqg,карусель 4-3_06.jpg,1163321614,https://avatars.mds.yandex.net/get-media-adv-screenshooter/20873747/75477b03-780e-4e10-adff-81a72fc688af/orig,Текстово-графический,Оригинальный,0.00,0,0,-,-,4,-,0.00,4.00,0.00,100.00,-,-,-,-
Термопанели в Выборге,712773255,17.08.2026,Группа 1 - коммерческая,5773901452,Автотаргетинг,,-,0,-,0,,Не определено,-,-,,,,,Сети,Прочее,Не определено,Смартфоны,Android,Wi-Fi,Женский,Старше 55,Остальные,Не определено,1915802398259215246,Активные,Комбинаторное,Купить термопанели в Выборге напрямую,Свое производство в Выборге. Приезжайте на образцы. Бесплатная доставка по району.,https://marmara-pro.ru?utm_content=commerce&utm_term={PHRASE},http://direct.yandex.ru/images/direct/5250956/5XPY7aqvM1xRQF8e4uTrqg,карусель 4-3_06.jpg,1163322157,https://avatars.mds.yandex.net/get-media-adv-screenshooter/20941197/1d06a155-09ca-4034-b8a4-ad411694a4d7/orig,Видео,Оригинальный,0.00,0,0,-,-,1,-,0.00,1.00,0.00,100.00,-,-,-,-
Термопанели в Выборге,712773255,17.08.2026,Группа 1 - коммерческая,5773901452,Автотаргетинг,,-,0,-,0,,Не определено,-,-,,,,,Сети,Прочее,Не определено,Смартфоны,Android,Wi-Fi,Женский,Старше 55,Остальные,Не определено,1915802398259215246,Активные,Комбинаторное,Купить термопанели в Выборге напрямую,Свое производство в Выборге. Приезжайте на образцы. Бесплатная доставка по району.,https://marmara-pro.ru?utm_content=commerce&utm_term={PHRASE},http://direct.yandex.ru/images/direct/5250956/5XPY7aqvM1xRQF8e4uTrqg,карусель 4-3_06.jpg,1163322157,https://avatars.mds.yandex.net/get-media-adv-screenshooter/20941197/1d06a155-09ca-4034-b8a4-ad411694a4d7/orig,Карусель,Оригинальный,0.00,0,0,-,-,1,-,0.00,1.00,0.00,100.00,-,-,-,-
Термопанели в Выборге,712773255,17.08.2026,Группа 1 - коммерческая,5773901452,Автотаргетинг,,-,0,-,0,,Не определено,-,-,,,,,Сети,Прочее,Не определено,Смартфоны,Android,Wi-Fi,Женский,Старше 55,Остальные,Не определено,1915802398259215246,Активные,Комбинаторное,"Термопанели в Выборге - завод на Ленина, 11",Без посредников - завод. 60+ видов декора. Доставка по Ленобласти.,https://marmara-pro.ru?utm_content=commerce&utm_term={PHRASE},http://direct.yandex.ru/images/direct/5442016/qtxMfdimB3EKymbW9TWLzQ,термопанель.png,1163321614,https://avatars.mds.yandex.net/get-media-adv-screenshooter/20873747/75477b03-780e-4e10-adff-81a72fc688af/orig,Текстово-графический,Оригинальный,0.00,0,0,-,-,1,-,0.00,1.00,0.00,100.00,-,-,-,-
Термопанели в Выборге,712773255,17.08.2026,Группа 1 - коммерческая,5773901452,Автотаргетинг,,-,0,-,0,,Не определено,-,-,,,,,Сети,Прочее,Не определено,Смартфоны,iOS,Wi-Fi,Мужской,Старше 55,6–10%,Не определено,1915802398259215246,Активные,Комбинаторное,"Термопанели в Выборге - завод на Ленина, 11",Свое производство в Выборге. Приезжайте на образцы. Бесплатная доставка по району.,https://marmara-pro.ru?utm_content=commerce&utm_term={PHRASE},http://direct.yandex.ru/images/direct/5245050/6C6d0cQ-RdpqlPYUtMZQkw,пример 2.jpg,1163321614,https://avatars.mds.yandex.net/get-media-adv-screenshooter/20873747/75477b03-780e-4e10-adff-81a72fc688af/orig,Видео,Оригинальный,0.00,0,0,-,-,1,-,0.00,1.00,0.00,100.00,-,-,-,-
Термопанели в Выборге,712773255,17.08.2026,Группа 1 - коммерческая,5773901452,Автотаргетинг,,-,0,-,0,гатчина производство клевер про,Альтернативные запросы,Запросы с упоминанием брендов конкурентов,-,,,,,Поиск,Динамические места на поиске,Не определено,Смартфоны,iOS,Wi-Fi,Женский,Старше 55,Остальные,Не определено,1915802398259215246,Активные,Комбинаторное,Заголовок из контента поискового сниппета или настроек объявления,Текст из контента поискового сниппета или настроек объявления,https://marmara-pro.ru?utm_content=commerce&utm_term={PHRASE},-,-,-,-,Текстово-графический,Оригинальный,0.00,0,0,-,-,1,-,0.00,0.86,0.00,85.61,1.00,-,-,-
Термопанели в Выборге,712773255,17.08.2026,Группа 1 - коммерческая,5773901452,Автотаргетинг,,-,0,-,0,клинкерная плитка,Целевые запросы,Запросы без упоминания брендов,-,,,,,Поиск,Товарная галерея,Не определено,Смартфоны,Android,Wi-Fi,Мужской,35-44 года,6–10%,Не определено,1915802398259215246,Активные,Комбинаторное,Термопанели с клинкером - собственный завод в Выборге,Клинкерная плитка+утеплитель в одной панели. Оплата в два этапа. Звоните!,https://marmara-pro.ru?utm_content=commerce&utm_term={PHRASE},http://direct.yandex.ru/images/direct/5250956/5XPY7aqvM1xRQF8e4uTrqg,карусель 4-3_06.jpg,-,-,Текстово-графический,Оригинальный,0.00,0,0,-,-,1,-,0.00,0.06,0.00,5.75,9.00,-,-,-
Термопанели в Выборге,712773255,17.08.2026,Группа 1 - коммерческая,5773901452,Автотаргетинг,,-,0,-,0,клинкерная плитка что это,Целевые запросы,Запросы без упоминания брендов,-,,,,,Поиск,Прочее,Не определено,Смартфоны,Android,Wi-Fi,Женский,45-54 года,Остальные,Не определено,1915802398259215246,Активные,Комбинаторное,Термопанели с клинкером - собственный завод в Выборге,Клинкерная плитка+утеплитель в одной панели. Оплата в два этапа. Звоните!,https://marmara-pro.ru?utm_content=commerce&utm_term={PHRASE},-,-,-,-,Текстово-графический,Оригинальный,0.00,0,0,-,-,1,-,0.00,0.85,0.00,84.88,5.00,-,-,-
Термопанели в Выборге,712773255,17.08.2026,Группа 1 - коммерческая,5773901452,Автотаргетинг,,-,0,-,0,строим наш дом выборг каталог товаров в выборге и цена,Широкие запросы,Запросы с упоминанием брендов конкурентов,-,,,,,Поиск,Прочее,Не определено,Смартфоны,Android,Wi-Fi,Женский,25-34 года,Остальные,Не определено,1915802398259215246,Активные,Комбинаторное,Бесплатная доставка по Выборгскому району,Свое производство в Выборге. Приезжайте на образцы. Бесплатная доставка по району.,https://marmara-pro.ru?utm_content=commerce&utm_term={PHRASE},-,-,-,-,Текстово-графический,Автоматический,0.00,0,0,-,-,1,-,0.00,0.09,0.00,8.50,5.00,-,-,-
Термопанели в Выборге,712773255,17.08.2026,Группа 1 - коммерческая,5773901452,Автотаргетинг,,-,0,-,0,строим наш дом выборг каталог товаров в выборге и цена,Широкие запросы,Запросы с упоминанием брендов конкурентов,-,,,,,Поиск,Прочее,Не определено,Смартфоны,Android,Wi-Fi,Женский,45-54 года,Остальные,Не определено,1915802398259215246,Активные,Комбинаторное,Бесплатная доставка по Выборгскому району,Свое производство в Выборге. Приезжайте на образцы. Бесплатная доставка по району.,https://marmara-pro.ru?utm_content=commerce&utm_term={PHRASE},-,-,-,-,Текстово-графический,Автоматический,0.00,0,0,-,-,1,-,0.00,0.09,0.00,8.50,5.00,-,-,-
Термопанели в Выборге,712773255,17.08.2026,Группа 1 - коммерческая,5773901452,Автотаргетинг,,-,0,-,0,строим наш дом выборг каталог товаров в выборге и цена,Широкие запросы,Запросы с упоминанием брендов конкурентов,-,,,,,Поиск,Прочее,Не определено,Смартфоны,Android,Wi-Fi,Женский,45-54 года,Остальные,Не определено,1915802398259215246,Активные,Комбинаторное,Бесплатная доставка по Выборгскому району,Свое производство в Выборге. Приезжайте на образцы. Бесплатная доставка по району.,https://marmara-pro.ru?utm_content=commerce&utm_term={PHRASE},-,-,-,-,Текстово-графический,Оригинальный,0.00,0,0,-,-,1,-,0.00,0.09,0.00,8.50,5.00,-,-,-
Термопанели в Выборге,712773255,17.08.2026,Группа 1 - коммерческая,5773901452,Автотаргетинг,,-,0,-,0,термопанели для наружной отделки дома цена,Целевые запросы,Запросы без упоминания брендов,-,,,,,Поиск,Прочее,Не определено,Десктопы,Не определён,Мобильная связь,Мужской,Старше 55,6–10%,Не определено,1915802398259215246,Активные,Комбинаторное,Гарантия до 5 лет на термопанели,Клинкерная плитка+утеплитель в одной панели. Оплата в два этапа. Звоните!,https://marmara-pro.ru?utm_content=commerce&utm_term={PHRASE},-,-,-,-,Текстово-графический,Оригинальный,0.00,1,0,0.00,-,1,0.00,100.00,0.55,183.23,54.58,7.00,7.00,0.00,2.00
Термопанели в Выборге,712773255,17.08.2026,Группа 1 - коммерческая,5773901452,Автотаргетинг,,-,0,-,0,термопанели для цоколя,Целевые запросы,Запросы без упоминания брендов,-,,,,,Поиск,Товарная галерея,Не определено,Смартфоны,Android,Wi-Fi,Мужской,35-44 года,Остальные,Не определено,1915802398259215246,Активные,Комбинаторное,Гарантия до 5 лет на термопанели,Свое производство в Выборге. Приезжайте на образцы. Бесплатная доставка по району.,https://marmara-pro.ru?utm_content=commerce&utm_term={PHRASE},http://direct.yandex.ru/images/direct/5442016/qtxMfdimB3EKymbW9TWLzQ,термопанель.png,-,-,Текстово-графический,Автоматический,0.00,0,0,-,-,1,-,0.00,0.21,0.00,21.07,8.00,-,-,-
Термопанели в Выборге,712773255,17.08.2026,Группа 1 - коммерческая,5773901452,Автотаргетинг,,-,0,-,0,утепленные панели для цоколя,Целевые запросы,Запросы без упоминания брендов,-,,,,,Поиск,Прочее,Не определено,Смартфоны,Android,Wi-Fi,Мужской,35-44 года,Остальные,Не определено,1915802398259215246,Активные,Комбинаторное,Производитель термопанелей в Ленобласти,Клинкерная плитка+утеплитель в одной панели. Оплата в два этапа. Звоните!,https://marmara-pro.ru?utm_content=commerce&utm_term={PHRASE},-,-,-,-,Текстово-графический,Оригинальный,0.00,0,0,-,-,1,-,0.00,0.55,0.00,54.58,7.00,-,-,-
Термопанели в Выборге,712773255,17.08.2026,Группа 2 - Гео (ключевая),5773898865,Автотаргетинг,,-,0,-,0,,Не определено,-,-,,,,,Сети,Прочее,Не определено,Смартфоны,Android,Wi-Fi,Мужской,45-54 года,Остальные,Не определено,1915800871397818629,Активные,Комбинаторное,Купить термопанели в Выборге напрямую,Клинкерная плитка+утеплитель в одной панели. Оплата в два этапа. Звоните!,https://marmara-pro.ru?utm_content=zavod&utm_term={PHRASE},http://direct.yandex.ru/images/direct/4298071/skS6Zjow652PazB91P1Ung,плитка 01.jpg,1163322157,https://avatars.mds.yandex.net/get-media-adv-screenshooter/20941197/1d06a155-09ca-4034-b8a4-ad411694a4d7/orig,Текстово-графический,Оригинальный,0.00,0,0,-,-,2,-,0.00,2.00,0.00,100.00,-,-,-,-
Термопанели в Выборге,712773255,17.08.2026,Группа 2 - Гео (ключевая),5773898865,Автотаргетинг,,-,0,-,0,,Не определено,-,-,,,,,Сети,Прочее,Не определено,Смартфоны,Android,Wi-Fi,Мужской,Старше 55,Остальные,Не определено,1915800871397818629,Активные,Комбинаторное,Купить термопанели в Выборге напрямую,Клинкерная плитка+утеплитель в одной панели. Оплата в два этапа. Звоните!,https://marmara-pro.ru?utm_content=zavod&utm_term={PHRASE},http://direct.yandex.ru/images/direct/4298071/skS6Zjow652PazB91P1Ung,плитка 01.jpg,1163322157,https://avatars.mds.yandex.net/get-media-adv-screenshooter/20941197/1d06a155-09ca-4034-b8a4-ad411694a4d7/orig,Видео,Оригинальный,0.00,0,0,-,-,2,-,0.00,2.00,0.00,100.00,-,-,-,-
Термопанели в Выборге,712773255,17.08.2026,Группа 2 - Гео (ключевая),5773898865,Автотаргетинг,,-,0,-,0,,Не определено,-,-,,,,,Сети,Прочее,Не определено,Смартфоны,Android,Wi-Fi,Мужской,Старше 55,Остальные,Не определено,1915800871397818629,Активные,Комбинаторное,Производитель термопанелей в Ленобласти,Свое производство в Выборге. Приезжайте на образцы. Бесплатная доставка по району.,https://marmara-pro.ru?utm_content=zavod&utm_term={PHRASE},http://direct.yandex.ru/images/direct/5250956/5XPY7aqvM1xRQF8e4uTrqg,карусель 4-3_06.jpg,1163322157,https://avatars.mds.yandex.net/get-media-adv-screenshooter/20941197/1d06a155-09ca-4034-b8a4-ad411694a4d7/orig,Текстово-графический,Оригинальный,0.00,0,0,-,-,1,-,0.00,1.00,0.00,100.00,-,-,-,-
Термопанели в Выборге,712773255,17.08.2026,Группа 2 - Гео (ключевая),5773898865,Автотаргетинг,,-,0,-,0,,Не определено,-,-,,,,,Сети,Прочее,Не определено,Смартфоны,Android,Wi-Fi,Мужской,Старше 55,2–5%,Не определено,1915800871397818629,Активные,Комбинаторное,Купить термопанели в Выборге напрямую,Клинкерная плитка+утеплитель в одной панели. Оплата в два этапа. Звоните!,https://marmara-pro.ru?utm_content=zavod&utm_term={PHRASE},http://direct.yandex.ru/images/direct/4298071/skS6Zjow652PazB91P1Ung,плитка 01.jpg,1163322157,https://avatars.mds.yandex.net/get-media-adv-screenshooter/20941197/1d06a155-09ca-4034-b8a4-ad411694a4d7/orig,Текстово-графический,Оригинальный,0.00,0,0,-,-,1,-,0.00,1.00,0.00,100.00,-,-,-,-
Термопанели в Выборге,712773255,17.08.2026,Группа 2 - Гео (ключевая),5773898865,Автотаргетинг,,-,0,-,0,,Не определено,-,-,,,,,Сети,Прочее,Не определено,Смартфоны,Android,Wi-Fi,Женский,35-44 года,Остальные,Не определено,1915800871397818629,Активные,Комбинаторное,Купить термопанели в Выборге напрямую,Без посредников - завод. 60+ видов декора. Доставка по Ленобласти.,https://marmara-pro.ru?utm_content=zavod&utm_term={PHRASE},http://direct.yandex.ru/images/direct/5250956/5XPY7aqvM1xRQF8e4uTrqg,карусель 4-3_06.jpg,1163321614,https://avatars.mds.yandex.net/get-media-adv-screenshooter/20873747/75477b03-780e-4e10-adff-81a72fc688af/orig,Текстово-графический,Оригинальный,0.00,0,0,-,-,1,-,0.00,1.00,0.00,100.00,-,-,-,-
Термопанели в Выборге,712773255,17.08.2026,Группа 2 - Гео (ключевая),5773898865,Автотаргетинг,,-,0,-,0,,Не определено,-,-,,,,,Сети,Прочее,Не определено,Смартфоны,Android,Wi-Fi,Женский,Старше 55,Остальные,Не определено,1915800871397818629,Активные,Комбинаторное,Купить термопанели в Выборге напрямую,Без посредников - завод. 60+ видов декора. Доставка по Ленобласти.,https://marmara-pro.ru?utm_content=zavod&utm_term={PHRASE},http://direct.yandex.ru/images/direct/5250956/5XPY7aqvM1xRQF8e4uTrqg,карусель 4-3_06.jpg,1163321614,https://avatars.mds.yandex.net/get-media-adv-screenshooter/20873747/75477b03-780e-4e10-adff-81a72fc688af/orig,Текстово-графический,Оригинальный,0.00,0,0,-,-,1,-,0.00,1.00,0.00,100.00,-,-,-,-
Термопанели в Выборге,712773255,17.08.2026,Группа 2 - Гео (ключевая),5773898865,Автотаргетинг,,-,0,-,0,,Не определено,-,-,,,,,Сети,Прочее,Не определено,Смартфоны,Android,Wi-Fi,Женский,Старше 55,2–5%,Не определено,1915800871397818629,Активные,Комбинаторное,"Термопанели в Выборге - завод на Ленина, 11",Клинкерная плитка+утеплитель в одной панели. Оплата в два этапа. Звоните!,https://marmara-pro.ru?utm_content=zavod&utm_term={PHRASE},http://direct.yandex.ru/images/direct/5245050/6C6d0cQ-RdpqlPYUtMZQkw,пример 2.jpg,1163321614,https://avatars.mds.yandex.net/get-media-adv-screenshooter/20873747/75477b03-780e-4e10-adff-81a72fc688af/orig,Текстово-графический,Оригинальный,0.00,0,0,-,-,1,-,0.00,1.00,0.00,100.00,-,-,-,-
Термопанели в Выборге,712773255,17.08.2026,Группа 2 - Гео (ключевая),5773898865,Автотаргетинг,,-,0,-,0,,Сопутствующие запросы,Запросы без упоминания брендов,-,,,,,Поиск,Прочее,Не определено,Смартфоны,Android,Wi-Fi,Мужской,45-54 года,Остальные,Не определено,1915800871397818629,Активные,Комбинаторное,"Термопанели в Выборге - завод на Ленина, 11",Клинкерная плитка+утеплитель в одной панели. Оплата в два этапа. Звоните!,https://marmara-pro.ru?utm_content=zavod&utm_term={PHRASE},-,-,-,-,Текстово-графический,Автоматический,0.00,0,0,-,-,1,-,0.00,0.86,0.00,86.06,5.00,-,-,-
Термопанели в Выборге,712773255,17.08.2026,Группа 2 - Гео (ключевая),5773898865,Автотаргетинг,,-,0,-,0,купить цокольные панели в спб,Широкие запросы,Запросы без упоминания брендов,-,,,,,Поиск,Прочее,Не определено,Смартфоны,Android,Wi-Fi,Женский,Старше 55,Остальные,Не определено,1915800871397818629,Активные,Комбинаторное,Гарантия до 5 лет на термопанели,Свое производство в Выборге. Приезжайте на образцы. Бесплатная доставка по району.,https://marmara-pro.ru?utm_content=zavod&utm_term={PHRASE},-,-,-,-,Текстово-графический,Оригинальный,0.00,0,0,-,-,1,-,0.00,0.09,0.00,8.50,5.00,-,-,-
Термопанели в Выборге,712773255,17.08.2026,Группа 2 - Гео (ключевая),5773898865,Автотаргетинг,,-,0,-,0,отзывы о термопанелях,Целевые запросы,Запросы без упоминания брендов,-,,,,,Поиск,Прочее,Не определено,Смартфоны,Android,Wi-Fi,Женский,35-44 года,Остальные,Не определено,1915800871397818629,Активные,Комбинаторное,Клинкерные термопанели - производство Выборг,Свое производство в Выборге. Приезжайте на образцы. Бесплатная доставка по району.,https://marmara-pro.ru?utm_content=zavod&utm_term={PHRASE},-,-,-,-,Текстово-графический,Оригинальный,0.00,0,0,-,-,1,-,0.00,0.65,0.00,64.58,-,-,-,-
Термопанели в Выборге,712773255,17.08.2026,Группа 2 - Гео (ключевая),5773898865,Автотаргетинг,,-,0,-,0,панель с утеплителем для дома наружная,Целевые запросы,Запросы без упоминания брендов,-,,,,,Поиск,Прочее,Не определено,Смартфоны,iOS,Wi-Fi,Мужской,18-24 года,Остальные,Не определено,1915800871397818629,Активные,Комбинаторное,Гарантия до 5 лет на термопанели,Без посредников - завод. 60+ видов декора. Доставка по Ленобласти.,https://marmara-pro.ru?utm_content=zavod&utm_term={PHRASE},-,-,-,-,Текстово-графический,Оригинальный,0.00,0,0,-,-,1,-,0.00,0.09,0.00,8.50,5.00,-,-,-
Термопанели в Выборге,712773255,17.08.2026,Группа 3 - клинкер (продуктовая),5773902142,Автотаргетинг,,-,0,-,0,,Не определено,-,-,,,,,Сети,Прочее,Не определено,Десктопы,Не определён,Wi-Fi,Мужской,18-24 года,2–5%,Не определено,1915802914729060647,Активные,Комбинаторное,"Термопанели в Выборге - завод на Ленина, 11",Свое производство в Выборге. Приезжайте на образцы. Бесплатная доставка по району.,https://marmara-pro.ru?utm_content=product&utm_term={PHRASE},http://direct.yandex.ru/images/direct/5245050/6C6d0cQ-RdpqlPYUtMZQkw,пример 2.jpg,1163321614,https://avatars.mds.yandex.net/get-media-adv-screenshooter/20873747/75477b03-780e-4e10-adff-81a72fc688af/orig,Текстово-графический,Оригинальный,0.00,0,0,-,-,1,-,0.00,1.00,0.00,100.00,-,-,-,-
Термопанели в Выборге,712773255,17.08.2026,Группа 3 - клинкер (продуктовая),5773902142,Автотаргетинг,,-,0,-,0,,Не определено,-,-,,,,,Сети,Прочее,Не определено,Десктопы,Не определён,Wi-Fi,Мужской,45-54 года,Остальные,Не определено,1915802914729060647,Активные,Комбинаторное,"Термопанели в Выборге - завод на Ленина, 11",Свое производство в Выборге. Приезжайте на образцы. Бесплатная доставка по району.,https://marmara-pro.ru?utm_content=product&utm_term={PHRASE},http://direct.yandex.ru/images/direct/5245050/6C6d0cQ-RdpqlPYUtMZQkw,пример 2.jpg,1163321614,https://avatars.mds.yandex.net/get-media-adv-screenshooter/20873747/75477b03-780e-4e10-adff-81a72fc688af/orig,Текстово-графический,Оригинальный,0.00,0,0,-,-,1,-,0.00,1.00,0.00,100.00,-,-,-,-
Термопанели в Выборге,712773255,17.08.2026,Группа 3 - клинкер (продуктовая),5773902142,Автотаргетинг,,-,0,-,0,,Не определено,-,-,,,,,Сети,Прочее,Не определено,Десктопы,Не определён,Wi-Fi,Мужской,45-54 года,Остальные,Не определено,1915802914729060647,Активные,Комбинаторное,"Термопанели в Выборге - завод на Ленина, 11",Свое производство в Выборге. Приезжайте на образцы. Бесплатная доставка по району.,https://marmara-pro.ru?utm_content=product&utm_term={PHRASE},http://direct.yandex.ru/images/direct/5245050/6C6d0cQ-RdpqlPYUtMZQkw,пример 2.jpg,1163321614,https://avatars.mds.yandex.net/get-media-adv-screenshooter/20873747/75477b03-780e-4e10-adff-81a72fc688af/orig,Видео,Оригинальный,0.00,0,0,-,-,1,-,0.00,1.00,0.00,100.00,-,-,-,-
Термопанели в Выборге,712773255,17.08.2026,Группа 3 - клинкер (продуктовая),5773902142,Автотаргетинг,,-,0,-,0,,Не определено,-,-,,,,,Сети,Прочее,Не определено,Десктопы,Не определён,Wi-Fi,Мужской,45-54 года,Остальные,Не определено,1915802914729060647,Активные,Комбинаторное,"Термопанели в Выборге - завод на Ленина, 11",Свое производство в Выборге. Приезжайте на образцы. Бесплатная доставка по району.,https://marmara-pro.ru?utm_content=product&utm_term={PHRASE},http://direct.yandex.ru/images/direct/6195656/qVbV_RGwHrqBiQiD1NgoCw,бейджик (1).jpg,1163321614,https://avatars.mds.yandex.net/get-media-adv-screenshooter/20873747/75477b03-780e-4e10-adff-81a72fc688af/orig,Видео,Оригинальный,0.00,0,0,-,-,1,-,0.00,1.00,0.00,100.00,-,-,-,-
Термопанели в Выборге,712773255,17.08.2026,Группа 3 - клинкер (продуктовая),5773902142,Автотаргетинг,,-,0,-,0,,Не определено,-,-,,,,,Сети,Прочее,Не определено,Десктопы,Не определён,Wi-Fi,Мужской,45-54 года,2–5%,Не определено,1915802914729060647,Активные,Комбинаторное,"Термопанели в Выборге - завод на Ленина, 11",Без посредников - завод. 60+ видов декора. Доставка по Ленобласти.,https://marmara-pro.ru?utm_content=product&utm_term={PHRASE},http://direct.yandex.ru/images/direct/5250956/5XPY7aqvM1xRQF8e4uTrqg,карусель 4-3_06.jpg,1163322157,https://avatars.mds.yandex.net/get-media-adv-screenshooter/20941197/1d06a155-09ca-4034-b8a4-ad411694a4d7/orig,Текстово-графический,Оригинальный,0.00,0,0,-,-,1,-,0.00,1.00,0.00,100.00,-,-,-,-
Термопанели в Выборге,712773255,17.08.2026,Группа 3 - клинкер (продуктовая),5773902142,Автотаргетинг,,-,0,-,0,,Не определено,-,-,,,,,Сети,Прочее,Не определено,Десктопы,Не определён,Wi-Fi,Женский,45-54 года,Остальные,Не определено,1915802914729060647,Активные,Комбинаторное,Термопанели с клинкером - собственный завод в Выборге,Без посредников - завод. 60+ видов декора. Доставка по Ленобласти.,https://marmara-pro.ru?utm_content=product&utm_term={PHRASE},http://direct.yandex.ru/images/direct/5442016/qtxMfdimB3EKymbW9TWLzQ,термопанель.png,1163321614,https://avatars.mds.yandex.net/get-media-adv-screenshooter/20873747/75477b03-780e-4e10-adff-81a72fc688af/orig,Текстово-графический,Оригинальный,0.00,0,0,-,-,4,-,0.00,4.00,0.00,100.00,-,-,-,-
Термопанели в Выборге,712773255,17.08.2026,Группа 3 - клинкер (продуктовая),5773902142,Автотаргетинг,,-,0,-,0,,Не определено,-,-,,,,,Сети,Прочее,Не определено,Десктопы,Не определён,Wi-Fi,Женский,45-54 года,Остальные,Не определено,1915802914729060647,Активные,Комбинаторное,Термопанели с клинкером - собственный завод в Выборге,Без посредников - завод. 60+ видов декора. Доставка по Ленобласти.,https://marmara-pro.ru?utm_content=product&utm_term={PHRASE},http://direct.yandex.ru/images/direct/5442016/qtxMfdimB3EKymbW9TWLzQ,термопанель.png,1163321614,https://avatars.mds.yandex.net/get-media-adv-screenshooter/20873747/75477b03-780e-4e10-adff-81a72fc688af/orig,Карусель,Оригинальный,0.00,0,0,-,-,1,-,0.00,1.00,0.00,100.00,-,-,-,-
Термопанели в Выборге,712773255,17.08.2026,Группа 3 - клинкер (продуктовая),5773902142,Автотаргетинг,,-,0,-,0,,Не определено,-,-,,,,,Сети,Прочее,Не определено,Десктопы,Не определён,Wi-Fi,Женский,Старше 55,6–10%,Не определено,1915802914729060647,Активные,Комбинаторное,"Термопанели в Выборге - завод на Ленина, 11",Свое производство в Выборге. Приезжайте на образцы. Бесплатная доставка по району.,https://marmara-pro.ru?utm_content=product&utm_term={PHRASE},http://direct.yandex.ru/images/direct/5245050/6C6d0cQ-RdpqlPYUtMZQkw,пример 2.jpg,1163321614,https://avatars.mds.yandex.net/get-media-adv-screenshooter/20873747/75477b03-780e-4e10-adff-81a72fc688af/orig,Видео,Оригинальный,0.00,0,0,-,-,1,-,0.00,1.00,0.00,100.00,-,-,-,-
Термопанели в Выборге,712773255,17.08.2026,Группа 3 - клинкер (продуктовая),5773902142,Автотаргетинг,,-,0,-,0,,Не определено,-,-,,,,,Сети,Прочее,Не определено,Смартфоны,Android,Wi-Fi,Мужской,45-54 года,Остальные,Не определено,1915802914729060647,Активные,Комбинаторное,Бесплатная доставка по Выборгскому району,Свое производство в Выборге. Приезжайте на образцы. Бесплатная доставка по району.,https://marmara-pro.ru?utm_content=product&utm_term={PHRASE},http://direct.yandex.ru/images/direct/5245050/6C6d0cQ-RdpqlPYUtMZQkw,пример 2.jpg,1163322157,https://avatars.mds.yandex.net/get-media-adv-screenshooter/20941197/1d06a155-09ca-4034-b8a4-ad411694a4d7/orig,Текстово-графический,Оригинальный,0.00,0,0,-,-,1,-,0.00,1.00,0.00,100.00,-,-,-,-
Термопанели в Выборге,712773255,17.08.2026,Группа 3 - клинкер (продуктовая),5773902142,Автотаргетинг,,-,0,-,0,,Не определено,-,-,,,,,Сети,Прочее,Не определено,Смартфоны,Android,Wi-Fi,Мужской,45-54 года,Остальные,Не определено,1915802914729060647,Активные,Комбинаторное,"Термопанели в Выборге - завод на Ленина, 11",Без посредников - завод. 60+ видов декора. Доставка по Ленобласти.,https://marmara-pro.ru?utm_content=product&utm_term={PHRASE},http://direct.yandex.ru/images/direct/5250956/5XPY7aqvM1xRQF8e4uTrqg,карусель 4-3_06.jpg,1163322157,https://avatars.mds.yandex.net/get-media-adv-screenshooter/20941197/1d06a155-09ca-4034-b8a4-ad411694a4d7/orig,Текстово-графический,Оригинальный,0.00,0,0,-,-,1,-,0.00,1.00,0.00,100.00,-,-,-,-
Термопанели в Выборге,712773255,17.08.2026,Группа 3 - клинкер (продуктовая),5773902142,Автотаргетинг,,-,0,-,0,,Не определено,-,-,,,,,Сети,Прочее,Не определено,Смартфоны,Android,Wi-Fi,Мужской,45-54 года,Остальные,Не определено,1915802914729060647,Активные,Комбинаторное,"Термопанели в Выборге - завод на Ленина, 11",Без посредников - завод. 60+ видов декора. Доставка по Ленобласти.,https://marmara-pro.ru?utm_content=product&utm_term={PHRASE},http://direct.yandex.ru/images/direct/5250956/5XPY7aqvM1xRQF8e4uTrqg,карусель 4-3_06.jpg,1163322157,https://avatars.mds.yandex.net/get-media-adv-screenshooter/20941197/1d06a155-09ca-4034-b8a4-ad411694a4d7/orig,Видео,Оригинальный,0.00,0,0,-,-,1,-,0.00,1.00,0.00,100.00,-,-,-,-
Термопанели в Выборге,712773255,17.08.2026,Группа 3 - клинкер (продуктовая),5773902142,Автотаргетинг,,-,0,-,0,,Не определено,-,-,,,,,Сети,Прочее,Не определено,Смартфоны,Android,Wi-Fi,Мужской,45-54 года,Остальные,Не определено,1915802914729060647,Активные,Комбинаторное,"Термопанели в Выборге - завод на Ленина, 11",Свое производство в Выборге. Приезжайте на образцы. Бесплатная доставка по району.,https://marmara-pro.ru?utm_content=product&utm_term={PHRASE},http://direct.yandex.ru/images/direct/6195656/qVbV_RGwHrqBiQiD1NgoCw,бейджик (1).jpg,1163321614,https://avatars.mds.yandex.net/get-media-adv-screenshooter/20873747/75477b03-780e-4e10-adff-81a72fc688af/orig,Текстово-графический,Оригинальный,0.00,0,0,-,-,1,-,0.00,1.00,0.00,100.00,-,-,-,-
Термопанели в Выборге,712773255,17.08.2026,Группа 3 - клинкер (продуктовая),5773902142,Автотаргетинг,,-,0,-,0,,Не определено,-,-,,,,,Сети,Прочее,Не определено,Смартфоны,Android,Wi-Fi,Мужской,45-54 года,Остальные,Не определено,1915802914729060647,Активные,Комбинаторное,Термопанели с клинкером - собственный завод в Выборге,Без посредников - завод. 60+ видов декора. Доставка по Ленобласти.,https://marmara-pro.ru?utm_content=product&utm_term={PHRASE},http://direct.yandex.ru/images/direct/5442016/qtxMfdimB3EKymbW9TWLzQ,термопанель.png,1163321614,https://avatars.mds.yandex.net/get-media-adv-screenshooter/20873747/75477b03-780e-4e10-adff-81a72fc688af/orig,Текстово-графический,Оригинальный,0.00,0,0,-,-,7,-,0.00,7.00,0.00,100.00,-,-,-,-
Термопанели в Выборге,712773255,17.08.2026,Группа 3 - клинкер (продуктовая),5773902142,Автотаргетинг,,-,0,-,0,,Не определено,-,-,,,,,Сети,Прочее,Не определено,Смартфоны,Android,Wi-Fi,Мужской,45-54 года,Остальные,Не определено,1915802914729060647,Активные,Комбинаторное,Термопанели с клинкером - собственный завод в Выборге,Без посредников - завод. 60+ видов декора. Доставка по Ленобласти.,https://marmara-pro.ru?utm_content=product&utm_term={PHRASE},http://direct.yandex.ru/images/direct/5442016/qtxMfdimB3EKymbW9TWLzQ,термопанель.png,1163321614,https://avatars.mds.yandex.net/get-media-adv-screenshooter/20873747/75477b03-780e-4e10-adff-81a72fc688af/orig,Видео,Оригинальный,0.00,0,0,-,-,1,-,0.00,1.00,0.00,100.00,-,-,-,-
Термопанели в Выборге,712773255,17.08.2026,Группа 3 - клинкер (продуктовая),5773902142,Автотаргетинг,,-,0,-,0,,Не определено,-,-,,,,,Сети,Прочее,Не определено,Смартфоны,Android,Wi-Fi,Мужской,45-54 года,6–10%,Не определено,1915802914729060647,Активные,Комбинаторное,Производитель термопанелей в Ленобласти,Без посредников - завод. 60+ видов декора. Доставка по Ленобласти.,https://marmara-pro.ru?utm_content=product&utm_term={PHRASE},http://direct.yandex.ru/images/direct/4298071/skS6Zjow652PazB91P1Ung,плитка 01.jpg,1163322157,https://avatars.mds.yandex.net/get-media-adv-screenshooter/20941197/1d06a155-09ca-4034-b8a4-ad411694a4d7/orig,Текстово-графический,Оригинальный,0.00,0,0,-,-,1,-,0.00,1.00,0.00,100.00,-,-,-,-
Термопанели в Выборге,712773255,17.08.2026,Группа 3 - клинкер (продуктовая),5773902142,Автотаргетинг,,-,0,-,0,,Не определено,-,-,,,,,Сети,Прочее,Не определено,Смартфоны,Android,Wi-Fi,Мужской,45-54 года,6–10%,Не определено,1915802914729060647,Активные,Комбинаторное,Производитель термопанелей в Ленобласти,Без посредников - завод. 60+ видов декора. Доставка по Ленобласти.,https://marmara-pro.ru?utm_content=product&utm_term={PHRASE},http://direct.yandex.ru/images/direct/4298071/skS6Zjow652PazB91P1Ung,плитка 01.jpg,1163322157,https://avatars.mds.yandex.net/get-media-adv-screenshooter/20941197/1d06a155-09ca-4034-b8a4-ad411694a4d7/orig,Видео,Оригинальный,0.00,0,0,-,-,1,-,0.00,1.00,0.00,100.00,-,-,-,-
Термопанели в Выборге,712773255,17.08.2026,Группа 3 - клинкер (продуктовая),5773902142,Автотаргетинг,,-,0,-,0,,Не определено,-,-,,,,,Сети,Прочее,Не определено,Смартфоны,Android,Wi-Fi,Мужской,45-54 года,6–10%,Не определено,1915802914729060647,Активные,Комбинаторное,"Термопанели в Выборге - завод на Ленина, 11",Свое производство в Выборге. Приезжайте на образцы. Бесплатная доставка по району.,https://marmara-pro.ru?utm_content=product&utm_term={PHRASE},http://direct.yandex.ru/images/direct/4298071/skS6Zjow652PazB91P1Ung,плитка 01.jpg,1163321614,https://avatars.mds.yandex.net/get-media-adv-screenshooter/20873747/75477b03-780e-4e10-adff-81a72fc688af/orig,Текстово-графический,Оригинальный,0.00,0,0,-,-,1,-,0.00,1.00,0.00,100.00,-,-,-,-
Термопанели в Выборге,712773255,17.08.2026,Группа 3 - клинкер (продуктовая),5773902142,Автотаргетинг,,-,0,-,0,,Не определено,-,-,,,,,Сети,Прочее,Не определено,Смартфоны,Android,Wi-Fi,Мужской,45-54 года,6–10%,Не определено,1915802914729060647,Активные,Комбинаторное,Термопанели с клинкером - собственный завод в Выборге,Без посредников - завод. 60+ видов декора. Доставка по Ленобласти.,https://marmara-pro.ru?utm_content=product&utm_term={PHRASE},http://direct.yandex.ru/images/direct/5442016/qtxMfdimB3EKymbW9TWLzQ,термопанель.png,1163321614,https://avatars.mds.yandex.net/get-media-adv-screenshooter/20873747/75477b03-780e-4e10-adff-81a72fc688af/orig,Текстово-графический,Оригинальный,0.00,0,0,-,-,2,-,0.00,2.00,0.00,100.00,-,-,-,-
Термопанели в Выборге,712773255,17.08.2026,Группа 3 - клинкер (продуктовая),5773902142,Автотаргетинг,,-,0,-,0,,Не определено,-,-,,,,,Сети,Прочее,Не определено,Смартфоны,Android,Wi-Fi,Мужской,45-54 года,6–10%,Не определено,1915802914729060647,Активные,Комбинаторное,Термопанели с клинкером - собственный завод в Выборге,Без посредников - завод. 60+ видов декора. Доставка по Ленобласти.,https://marmara-pro.ru?utm_content=product&utm_term={PHRASE},http://direct.yandex.ru/images/direct/5442016/qtxMfdimB3EKymbW9TWLzQ,термопанель.png,1163321614,https://avatars.mds.yandex.net/get-media-adv-screenshooter/20873747/75477b03-780e-4e10-adff-81a72fc688af/orig,Видео,Оригинальный,0.00,1,0,0.00,-,1,0.00,100.00,1.00,100.00,100.00,-,-,0.00,2.00
Термопанели в Выборге,712773255,17.08.2026,Группа 3 - клинкер (продуктовая),5773902142,Автотаргетинг,,-,0,-,0,,Не определено,-,-,,,,,Сети,Прочее,Не определено,Смартфоны,Android,Wi-Fi,Мужской,Старше 55,Остальные,Не определено,1915802914729060647,Активные,Комбинаторное,"Термопанели в Выборге - завод на Ленина, 11",Без посредников - завод. 60+ видов декора. Доставка по Ленобласти.,https://marmara-pro.ru?utm_content=product&utm_term={PHRASE},http://direct.yandex.ru/images/direct/5250956/5XPY7aqvM1xRQF8e4uTrqg,карусель 4-3_06.jpg,1163322157,https://avatars.mds.yandex.net/get-media-adv-screenshooter/20941197/1d06a155-09ca-4034-b8a4-ad411694a4d7/orig,Текстово-графический,Оригинальный,0.00,0,0,-,-,2,-,0.00,2.00,0.00,100.00,-,-,-,-
Термопанели в Выборге,712773255,17.08.2026,Группа 3 - клинкер (продуктовая),5773902142,Автотаргетинг,,-,0,-,0,,Не определено,-,-,,,,,Сети,Прочее,Не определено,Смартфоны,Android,Wi-Fi,Мужской,Старше 55,Остальные,Не определено,1915802914729060647,Активные,Комбинаторное,"Термопанели в Выборге - завод на Ленина, 11",Свое производство в Выборге. Приезжайте на образцы. Бесплатная доставка по району.,https://marmara-pro.ru?utm_content=product&utm_term={PHRASE},http://direct.yandex.ru/images/direct/5245050/6C6d0cQ-RdpqlPYUtMZQkw,пример 2.jpg,1163321614,https://avatars.mds.yandex.net/get-media-adv-screenshooter/20873747/75477b03-780e-4e10-adff-81a72fc688af/orig,Текстово-графический,Оригинальный,0.00,0,0,-,-,1,-,0.00,1.00,0.00,100.00,-,-,-,-
Термопанели в Выборге,712773255,17.08.2026,Группа 3 - клинкер (продуктовая),5773902142,Автотаргетинг,,-,0,-,0,,Не определено,-,-,,,,,Сети,Прочее,Не определено,Смартфоны,Android,Wi-Fi,Мужской,Старше 55,Остальные,Не определено,1915802914729060647,Активные,Комбинаторное,"Термопанели в Выборге - завод на Ленина, 11",Свое производство в Выборге. Приезжайте на образцы. Бесплатная доставка по району.,https://marmara-pro.ru?utm_content=product&utm_term={PHRASE},http://direct.yandex.ru/images/direct/6195656/qVbV_RGwHrqBiQiD1NgoCw,бейджик (1).jpg,1163321614,https://avatars.mds.yandex.net/get-media-adv-screenshooter/20873747/75477b03-780e-4e10-adff-81a72fc688af/orig,Текстово-графический,Оригинальный,0.00,0,0,-,-,1,-,0.00,1.00,0.00,100.00,-,-,-,-
Термопанели в Выборге,712773255,17.08.2026,Группа 3 - клинкер (продуктовая),5773902142,Автотаргетинг,,-,0,-,0,,Не определено,-,-,,,,,Сети,Прочее,Не определено,Смартфоны,Android,Wi-Fi,Мужской,Старше 55,Остальные,Не определено,1915802914729060647,Активные,Комбинаторное,Термопанели с клинкером - собственный завод в Выборге,Без посредников - завод. 60+ видов декора. Доставка по Ленобласти.,https://marmara-pro.ru?utm_content=product&utm_term={PHRASE},http://direct.yandex.ru/images/direct/5442016/qtxMfdimB3EKymbW9TWLzQ,термопанель.png,1163321614,https://avatars.mds.yandex.net/get-media-adv-screenshooter/20873747/75477b03-780e-4e10-adff-81a72fc688af/orig,Текстово-графический,Оригинальный,0.00,0,0,-,-,1,-,0.00,1.00,0.00,100.00,-,-,-,-
Термопанели в Выборге,712773255,17.08.2026,Группа 3 - клинкер (продуктовая),5773902142,Автотаргетинг,,-,0,-,0,,Не определено,-,-,,,,,Сети,Прочее,Не определено,Смартфоны,Android,Wi-Fi,Мужской,Старше 55,Остальные,Не определено,1915802914729060647,Активные,Комбинаторное,Термопанели с клинкером - собственный завод в Выборге,Без посредников - завод. 60+ видов декора. Доставка по Ленобласти.,https://marmara-pro.ru?utm_content=product&utm_term={PHRASE},http://direct.yandex.ru/images/direct/5442016/qtxMfdimB3EKymbW9TWLzQ,термопанель.png,1163321614,https://avatars.mds.yandex.net/get-media-adv-screenshooter/20873747/75477b03-780e-4e10-adff-81a72fc688af/orig,Видео,Оригинальный,0.00,0,0,-,-,1,-,0.00,1.00,0.00,100.00,-,-,-,-
Термопанели в Выборге,712773255,17.08.2026,Группа 3 - клинкер (продуктовая),5773902142,Автотаргетинг,,-,0,-,0,,Не определено,-,-,,,,,Сети,Прочее,Не определено,Смартфоны,Android,Wi-Fi,Мужской,Старше 55,6–10%,Не определено,1915802914729060647,Активные,Комбинаторное,"Термопанели в Выборге - завод на Ленина, 11",Без посредников - завод. 60+ видов декора. Доставка по Ленобласти.,https://marmara-pro.ru?utm_content=product&utm_term={PHRASE},http://direct.yandex.ru/images/direct/5250956/5XPY7aqvM1xRQF8e4uTrqg,карусель 4-3_06.jpg,1163322157,https://avatars.mds.yandex.net/get-media-adv-screenshooter/20941197/1d06a155-09ca-4034-b8a4-ad411694a4d7/orig,Видео,Оригинальный,0.00,0,0,-,-,1,-,0.00,1.00,0.00,100.00,-,-,-,-
Термопанели в Выборге,712773255,17.08.2026,Группа 3 - клинкер (продуктовая),5773902142,Автотаргетинг,,-,0,-,0,,Не определено,-,-,,,,,Сети,Прочее,Не определено,Смартфоны,Android,Wi-Fi,Мужской,Старше 55,2–5%,Не определено,1915802914729060647,Активные,Комбинаторное,"Термопанели в Выборге - завод на Ленина, 11",Без посредников - завод. 60+ видов декора. Доставка по Ленобласти.,https://marmara-pro.ru?utm_content=product&utm_term={PHRASE},http://direct.yandex.ru/images/direct/5250956/5XPY7aqvM1xRQF8e4uTrqg,карусель 4-3_06.jpg,1163322157,https://avatars.mds.yandex.net/get-media-adv-screenshooter/20941197/1d06a155-09ca-4034-b8a4-ad411694a4d7/orig,Текстово-графический,Оригинальный,0.00,0,0,-,-,2,-,0.00,2.00,0.00,100.00,-,-,-,-
Термопанели в Выборге,712773255,17.08.2026,Группа 3 - клинкер (продуктовая),5773902142,Автотаргетинг,,-,0,-,0,,Не определено,-,-,,,,,Сети,Прочее,Не определено,Смартфоны,Android,Wi-Fi,Мужской,Старше 55,2–5%,Не определено,1915802914729060647,Активные,Комбинаторное,Термопанели с клинкером - собственный завод в Выборге,Без посредников - завод. 60+ видов декора. Доставка по Ленобласти.,https://marmara-pro.ru?utm_content=product&utm_term={PHRASE},http://direct.yandex.ru/images/direct/5442016/qtxMfdimB3EKymbW9TWLzQ,термопанель.png,1163321614,https://avatars.mds.yandex.net/get-media-adv-screenshooter/20873747/75477b03-780e-4e10-adff-81a72fc688af/orig,Текстово-графический,Оригинальный,0.00,0,0,-,-,2,-,0.00,2.00,0.00,100.00,-,-,-,-
Термопанели в Выборге,712773255,17.08.2026,Группа 3 - клинкер (продуктовая),5773902142,Автотаргетинг,,-,0,-,0,,Не определено,-,-,,,,,Сети,Прочее,Не определено,Смартфоны,Android,Wi-Fi,Женский,35-44 года,Остальные,Не определено,1915802914729060647,Активные,Комбинаторное,Термопанели с клинкером - собственный завод в Выборге,Без посредников - завод. 60+ видов декора. Доставка по Ленобласти.,https://marmara-pro.ru?utm_content=product&utm_term={PHRASE},http://direct.yandex.ru/images/direct/5442016/qtxMfdimB3EKymbW9TWLzQ,термопанель.png,1163321614,https://avatars.mds.yandex.net/get-media-adv-screenshooter/20873747/75477b03-780e-4e10-adff-81a72fc688af/orig,Текстово-графический,Оригинальный,0.00,0,0,-,-,1,-,0.00,1.00,0.00,100.00,-,-,-,-
Термопанели в Выборге,712773255,17.08.2026,Группа 3 - клинкер (продуктовая),5773902142,Автотаргетинг,,-,0,-,0,,Не определено,-,-,,,,,Сети,Прочее,Не определено,Смартфоны,Android,Wi-Fi,Женский,45-54 года,Остальные,Не определено,1915802914729060647,Активные,Комбинаторное,Термопанели с клинкером - собственный завод в Выборге,Без посредников - завод. 60+ видов декора. Доставка по Ленобласти.,https://marmara-pro.ru?utm_content=product&utm_term={PHRASE},http://direct.yandex.ru/images/direct/5442016/qtxMfdimB3EKymbW9TWLzQ,термопанель.png,1163321614,https://avatars.mds.yandex.net/get-media-adv-screenshooter/20873747/75477b03-780e-4e10-adff-81a72fc688af/orig,Текстово-графический,Оригинальный,0.00,0,0,-,-,1,-,0.00,1.00,0.00,100.00,-,-,-,-
Термопанели в Выборге,712773255,17.08.2026,Группа 3 - клинкер (продуктовая),5773902142,Автотаргетинг,,-,0,-,0,,Не определено,-,-,,,,,Сети,Прочее,Не определено,Смартфоны,Android,Wi-Fi,Женский,45-54 года,2–5%,Не определено,1915802914729060647,Активные,Комбинаторное,"Термопанели в Выборге - завод на Ленина, 11",Свое производство в Выборге. Приезжайте на образцы. Бесплатная доставка по району.,https://marmara-pro.ru?utm_content=product&utm_term={PHRASE},http://direct.yandex.ru/images/direct/6195656/qVbV_RGwHrqBiQiD1NgoCw,бейджик (1).jpg,1163321614,https://avatars.mds.yandex.net/get-media-adv-screenshooter/20873747/75477b03-780e-4e10-adff-81a72fc688af/orig,Текстово-графический,Оригинальный,0.00,0,0,-,-,1,-,0.00,1.00,0.00,100.00,-,-,-,-
Термопанели в Выборге,712773255,17.08.2026,Группа 3 - клинкер (продуктовая),5773902142,Автотаргетинг,,-,0,-,0,,Не определено,-,-,,,,,Сети,Прочее,Не определено,Смартфоны,Android,Wi-Fi,Женский,Старше 55,Остальные,Не определено,1915802914729060647,Активные,Комбинаторное,"Термопанели в Выборге - завод на Ленина, 11",Без посредников - завод. 60+ видов декора. Доставка по Ленобласти.,https://marmara-pro.ru?utm_content=product&utm_term={PHRASE},http://direct.yandex.ru/images/direct/4298071/skS6Zjow652PazB91P1Ung,плитка 01.jpg,1163322157,https://avatars.mds.yandex.net/get-media-adv-screenshooter/20941197/1d06a155-09ca-4034-b8a4-ad411694a4d7/orig,Текстово-графический,Оригинальный,0.00,1,0,0.00,-,3,0.00,33.33,3.00,33.33,100.00,-,-,0.00,1.00
Термопанели в Выборге,712773255,17.08.2026,Группа 3 - клинкер (продуктовая),5773902142,Автотаргетинг,,-,0,-,0,,Не определено,-,-,,,,,Сети,Прочее,Не определено,Смартфоны,Android,Wi-Fi,Женский,Старше 55,Остальные,Не определено,1915802914729060647,Активные,Комбинаторное,"Термопанели в Выборге - завод на Ленина, 11",Без посредников - завод. 60+ видов декора. Доставка по Ленобласти.,https://marmara-pro.ru?utm_content=product&utm_term={PHRASE},http://direct.yandex.ru/images/direct/5250956/5XPY7aqvM1xRQF8e4uTrqg,карусель 4-3_06.jpg,1163322157,https://avatars.mds.yandex.net/get-media-adv-screenshooter/20941197/1d06a155-09ca-4034-b8a4-ad411694a4d7/orig,Текстово-графический,Оригинальный,0.00,0,0,-,-,7,-,0.00,7.00,0.00,100.00,-,-,-,-
Термопанели в Выборге,712773255,17.08.2026,Группа 3 - клинкер (продуктовая),5773902142,Автотаргетинг,,-,0,-,0,,Не определено,-,-,,,,,Сети,Прочее,Не определено,Смартфоны,Android,Wi-Fi,Женский,Старше 55,Остальные,Не определено,1915802914729060647,Активные,Комбинаторное,"Термопанели в Выборге - завод на Ленина, 11",Без посредников - завод. 60+ видов декора. Доставка по Ленобласти.,https://marmara-pro.ru?utm_content=product&utm_term={PHRASE},http://direct.yandex.ru/images/direct/5250956/5XPY7aqvM1xRQF8e4uTrqg,карусель 4-3_06.jpg,1163322157,https://avatars.mds.yandex.net/get-media-adv-screenshooter/20941197/1d06a155-09ca-4034-b8a4-ad411694a4d7/orig,Видео,Автоматический,0.00,0,0,-,-,1,-,0.00,1.00,0.00,100.00,-,-,-,-
Термопанели в Выборге,712773255,17.08.2026,Группа 3 - клинкер (продуктовая),5773902142,Автотаргетинг,,-,0,-,0,,Не определено,-,-,,,,,Сети,Прочее,Не определено,Смартфоны,Android,Wi-Fi,Женский,Старше 55,Остальные,Не определено,1915802914729060647,Активные,Комбинаторное,"Термопанели в Выборге - завод на Ленина, 11",Без посредников - завод. 60+ видов декора. Доставка по Ленобласти.,https://marmara-pro.ru?utm_content=product&utm_term={PHRASE},http://direct.yandex.ru/images/direct/5250956/5XPY7aqvM1xRQF8e4uTrqg,карусель 4-3_06.jpg,1163322157,https://avatars.mds.yandex.net/get-media-adv-screenshooter/20941197/1d06a155-09ca-4034-b8a4-ad411694a4d7/orig,Видео,Оригинальный,0.00,0,0,-,-,1,-,0.00,1.00,0.00,100.00,-,-,-,-
Термопанели в Выборге,712773255,17.08.2026,Группа 3 - клинкер (продуктовая),5773902142,Автотаргетинг,,-,0,-,0,,Не определено,-,-,,,,,Сети,Прочее,Не определено,Смартфоны,Android,Wi-Fi,Женский,Старше 55,Остальные,Не определено,1915802914729060647,Активные,Комбинаторное,"Термопанели в Выборге - завод на Ленина, 11",Клинкерная плитка+утеплитель в одной панели. Оплата в два этапа. Звоните!,https://marmara-pro.ru?utm_content=product&utm_term={PHRASE},http://direct.yandex.ru/images/direct/5442016/qtxMfdimB3EKymbW9TWLzQ,термопанель.png,1163321614,https://avatars.mds.yandex.net/get-media-adv-screenshooter/20873747/75477b03-780e-4e10-adff-81a72fc688af/orig,Текстово-графический,Оригинальный,0.00,0,0,-,-,1,-,0.00,1.00,0.00,100.00,-,-,-,-
Термопанели в Выборге,712773255,17.08.2026,Группа 3 - клинкер (продуктовая),5773902142,Автотаргетинг,,-,0,-,0,,Не определено,-,-,,,,,Сети,Прочее,Не определено,Смартфоны,Android,Wi-Fi,Женский,Старше 55,Остальные,Не определено,1915802914729060647,Активные,Комбинаторное,Термопанели с клинкером - собственный завод в Выборге,Без посредников - завод. 60+ видов декора. Доставка по Ленобласти.,https://marmara-pro.ru?utm_content=product&utm_term={PHRASE},http://direct.yandex.ru/images/direct/5442016/qtxMfdimB3EKymbW9TWLzQ,термопанель.png,1163321614,https://avatars.mds.yandex.net/get-media-adv-screenshooter/20873747/75477b03-780e-4e10-adff-81a72fc688af/orig,Текстово-графический,Оригинальный,0.00,0,0,-,-,3,-,0.00,3.00,0.00,100.00,-,-,-,-
Термопанели в Выборге,712773255,17.08.2026,Группа 3 - клинкер (продуктовая),5773902142,Автотаргетинг,,-,0,-,0,,Не определено,-,-,,,,,Сети,Прочее,Не определено,Смартфоны,Android,Wi-Fi,Женский,Старше 55,Остальные,Не определено,1915802914729060647,Активные,Комбинаторное,Термопанели с клинкером - собственный завод в Выборге,Без посредников - завод. 60+ видов декора. Доставка по Ленобласти.,https://marmara-pro.ru?utm_content=product&utm_term={PHRASE},http://direct.yandex.ru/images/direct/5442016/qtxMfdimB3EKymbW9TWLzQ,термопанель.png,1163321614,https://avatars.mds.yandex.net/get-media-adv-screenshooter/20873747/75477b03-780e-4e10-adff-81a72fc688af/orig,Видео,Оригинальный,0.00,0,0,-,-,3,-,0.00,3.00,0.00,100.00,-,-,-,-
Термопанели в Выборге,712773255,17.08.2026,Группа 3 - клинкер (продуктовая),5773902142,Автотаргетинг,,-,0,-,0,,Не определено,-,-,,,,,Сети,Прочее,Не определено,Смартфоны,Android,Мобильная связь,Мужской,Старше 55,Остальные,Не определено,1915802914729060647,Активные,Комбинаторное,"Термопанели в Выборге - завод на Ленина, 11",Без посредников - завод. 60+ видов декора. Доставка по Ленобласти.,https://marmara-pro.ru?utm_content=product&utm_term={PHRASE},http://direct.yandex.ru/images/direct/5245050/6C6d0cQ-RdpqlPYUtMZQkw,пример 2.jpg,1163321614,https://avatars.mds.yandex.net/get-media-adv-screenshooter/20873747/75477b03-780e-4e10-adff-81a72fc688af/orig,Текстово-графический,Оригинальный,0.00,0,0,-,-,1,-,0.00,1.00,0.00,100.00,-,-,-,-
Термопанели в Выборге,712773255,17.08.2026,Группа 3 - клинкер (продуктовая),5773902142,Автотаргетинг,,-,0,-,0,,Не определено,-,-,,,,,Сети,Прочее,Не определено,Смартфоны,iOS,Wi-Fi,Мужской,45-54 года,Топ 1%,Не определено,1915802914729060647,Активные,Комбинаторное,Термопанели с клинкером - собственный завод в Выборге,Без посредников - завод. 60+ видов декора. Доставка по Ленобласти.,https://marmara-pro.ru?utm_content=product&utm_term={PHRASE},http://direct.yandex.ru/images/direct/5442016/qtxMfdimB3EKymbW9TWLzQ,термопанель.png,1163321614,https://avatars.mds.yandex.net/get-media-adv-screenshooter/20873747/75477b03-780e-4e10-adff-81a72fc688af/orig,Видео,Оригинальный,0.00,0,0,-,-,1,-,0.00,1.00,0.00,100.00,-,-,-,-
Термопанели в Выборге,712773255,17.08.2026,Группа 3 - клинкер (продуктовая),5773902142,Автотаргетинг,,-,0,-,0,,Не определено,-,-,,,,,Сети,Прочее,Не определено,Смартфоны,iOS,Wi-Fi,Женский,45-54 года,6–10%,Не определено,1915802914729060647,Активные,Комбинаторное,"Термопанели в Выборге - завод на Ленина, 11",Без посредников - завод. 60+ видов декора. Доставка по Ленобласти.,https://marmara-pro.ru?utm_content=product&utm_term={PHRASE},http://direct.yandex.ru/images/direct/5250956/5XPY7aqvM1xRQF8e4uTrqg,карусель 4-3_06.jpg,1163322157,https://avatars.mds.yandex.net/get-media-adv-screenshooter/20941197/1d06a155-09ca-4034-b8a4-ad411694a4d7/orig,Текстово-графический,Оригинальный,0.00,1,0,0.00,-,0,0.00,-,0.00,-,-,-,-,-,-
Термопанели в Выборге,712773255,17.08.2026,Группа 3 - клинкер (продуктовая),5773902142,Автотаргетинг,,-,0,-,0,,Не определено,-,-,,,,,Сети,Прочее,Не определено,Смартфоны,iOS,Wi-Fi,Женский,45-54 года,6–10%,Не определено,1915802914729060647,Активные,Комбинаторное,"Термопанели в Выборге - завод на Ленина, 11",Без посредников - завод. 60+ видов декора. Доставка по Ленобласти.,https://marmara-pro.ru?utm_content=product&utm_term={PHRASE},http://direct.yandex.ru/images/direct/5250956/5XPY7aqvM1xRQF8e4uTrqg,карусель 4-3_06.jpg,1163322157,https://avatars.mds.yandex.net/get-media-adv-screenshooter/20941197/1d06a155-09ca-4034-b8a4-ad411694a4d7/orig,Видео,Оригинальный,0.00,0,0,-,-,1,-,0.00,1.00,0.00,100.00,-,-,-,-
Термопанели в Выборге,712773255,17.08.2026,Группа 3 - клинкер (продуктовая),5773902142,Автотаргетинг,,-,0,-,0,,Не определено,-,-,,,,,Сети,Прочее,Не определено,Смартфоны,iOS,Wi-Fi,Женский,45-54 года,6–10%,Не определено,1915802914729060647,Активные,Комбинаторное,Термопанели с клинкером - собственный завод в Выборге,Без посредников - завод. 60+ видов декора. Доставка по Ленобласти.,https://marmara-pro.ru?utm_content=product&utm_term={PHRASE},http://direct.yandex.ru/images/direct/5442016/qtxMfdimB3EKymbW9TWLzQ,термопанель.png,1163321614,https://avatars.mds.yandex.net/get-media-adv-screenshooter/20873747/75477b03-780e-4e10-adff-81a72fc688af/orig,Видео,Оригинальный,0.00,0,0,-,-,1,-,0.00,1.00,0.00,100.00,-,-,-,-
Термопанели в Выборге,712773255,17.08.2026,Группа 3 - клинкер (продуктовая),5773902142,Автотаргетинг,,-,0,-,0,,Не определено,-,-,,,,,Сети,Прочее,Не определено,Смартфоны,iOS,Wi-Fi,Женский,Старше 55,Остальные,Не определено,1915802914729060647,Активные,Комбинаторное,"Термопанели в Выборге - завод на Ленина, 11",Без посредников - завод. 60+ видов декора. Доставка по Ленобласти.,https://marmara-pro.ru?utm_content=product&utm_term={PHRASE},http://direct.yandex.ru/images/direct/5245050/6C6d0cQ-RdpqlPYUtMZQkw,пример 2.jpg,1163321614,https://avatars.mds.yandex.net/get-media-adv-screenshooter/20873747/75477b03-780e-4e10-adff-81a72fc688af/orig,Видео,Оригинальный,0.00,0,0,-,-,1,-,0.00,1.00,0.00,100.00,-,-,-,-
Термопанели в Выборге,712773255,17.08.2026,Группа 3 - клинкер (продуктовая),5773902142,Автотаргетинг,,-,0,-,0,,Не определено,-,-,,,,,Сети,Прочее,Не определено,Планшеты,iOS,Wi-Fi,Мужской,Старше 55,2–5%,Не определено,1915802914729060647,Активные,Комбинаторное,"Термопанели в Выборге - завод на Ленина, 11",Без посредников - завод. 60+ видов декора. Доставка по Ленобласти.,https://marmara-pro.ru?utm_content=product&utm_term={PHRASE},http://direct.yandex.ru/images/direct/5245050/6C6d0cQ-RdpqlPYUtMZQkw,пример 2.jpg,1163321614,https://avatars.mds.yandex.net/get-media-adv-screenshooter/20873747/75477b03-780e-4e10-adff-81a72fc688af/orig,Текстово-графический,Оригинальный,0.00,0,0,-,-,1,-,0.00,1.00,0.00,100.00,-,-,-,-
Термопанели в Выборге,712773255,17.08.2026,Группа 3 - клинкер (продуктовая),5773902142,Автотаргетинг,,-,0,-,0,искусственный камень цоколь отзывы,Целевые запросы,Запросы без упоминания брендов,-,,,,,Поиск,Товарная галерея,Не определено,Смартфоны,Android,Wi-Fi,Мужской,45-54 года,Остальные,Не определено,1915802914729060647,Активные,Комбинаторное,"Термопанели в Выборге - завод на Ленина, 11",Без посредников - завод. 60+ видов декора. Доставка по Ленобласти.,https://marmara-pro.ru?utm_content=product&utm_term={PHRASE},http://direct.yandex.ru/images/direct/5250956/5XPY7aqvM1xRQF8e4uTrqg,карусель 4-3_06.jpg,-,-,Текстово-графический,Оригинальный,0.00,0,0,-,-,2,-,0.00,0.27,0.00,13.52,13.50,-,-,-
Термопанели в Выборге,712773255,17.08.2026,Группа 3 - клинкер (продуктовая),5773902142,Автотаргетинг,,-,0,-,0,купить термопанели на озоне,Целевые запросы,Запросы с упоминанием брендов конкурентов,-,,,,,Поиск,Прочее,Не определено,Смартфоны,Android,Wi-Fi,Женский,Старше 55,Остальные,Не определено,1915802914729060647,Активные,Комбинаторное,"Термопанели в Выборге - завод на Ленина, 11",Без посредников - завод. 60+ видов декора. Доставка по Ленобласти.,https://marmara-pro.ru?utm_content=product&utm_term={PHRASE},-,-,-,-,Текстово-графический,Оригинальный,0.00,0,0,-,-,1,-,0.00,0.45,0.00,44.58,8.00,-,-,-
Термопанели в Выборге,712773255,17.08.2026,Группа 3 - клинкер (продуктовая),5773902142,Автотаргетинг,,-,0,-,0,монтаж термо понедий с готовыми углами,Сопутствующие запросы,Запросы без упоминания брендов,-,,,,,Поиск,Прочее,Не определено,Смартфоны,Android,Wi-Fi,Женский,Старше 55,Остальные,Не определено,1915802914729060647,Активные,Комбинаторное,Гарантия до 5 лет на термопанели,Свое производство в Выборге. Приезжайте на образцы. Бесплатная доставка по району.,https://marmara-pro.ru?utm_content=product&utm_term={PHRASE},-,-,-,-,Текстово-графический,Оригинальный,0.00,0,0,-,-,1,-,0.00,0.09,0.00,8.50,5.00,-,-,-
Термопанели в Выборге,712773255,17.08.2026,Группа 3 - клинкер (продуктовая),5773902142,Автотаргетинг,,-,0,-,0,отзывы о термопанелях,Целевые запросы,Запросы без упоминания брендов,-,,,,,Поиск,Прочее,Не определено,Смартфоны,Android,Wi-Fi,Женский,35-44 года,Остальные,Не определено,1915802914729060647,Активные,Комбинаторное,"Термопанели в Выборге - завод на Ленина, 11",Без посредников - завод. 60+ видов декора. Доставка по Ленобласти.,https://marmara-pro.ru?utm_content=product&utm_term={PHRASE},-,-,-,-,Текстово-графический,Оригинальный,0.00,0,0,-,-,1,-,0.00,0.65,0.00,64.58,-,-,-,-
Термопанели в Выборге,712773255,17.08.2026,Группа 3 - клинкер (продуктовая),5773902142,Автотаргетинг,,-,0,-,0,отзывы о термопанелях,Целевые запросы,Запросы без упоминания брендов,-,,,,,Поиск,Товарная галерея,Не определено,Смартфоны,Android,Wi-Fi,Женский,35-44 года,Остальные,Не определено,1915802914729060647,Активные,Комбинаторное,"Термопанели в Выборге - завод на Ленина, 11",Без посредников - завод. 60+ видов декора. Доставка по Ленобласти.,https://marmara-pro.ru?utm_content=product&utm_term={PHRASE},http://direct.yandex.ru/images/direct/5250956/5XPY7aqvM1xRQF8e4uTrqg,карусель 4-3_06.jpg,-,-,Текстово-графический,Оригинальный,0.00,0,0,-,-,1,-,0.00,0.23,0.00,22.94,-,-,-,-
Термопанели в Выборге,712773255,17.08.2026,Группа 3 - клинкер (продуктовая),5773902142,Автотаргетинг,,-,0,-,0,панели для фасада дома пенопласт,Целевые запросы,Запросы без упоминания брендов,-,,,,,Поиск,Прочее,Не определено,Смартфоны,Android,Wi-Fi,Женский,45-54 года,Остальные,Не определено,1915802914729060647,Активные,Комбинаторное,"Термопанели в Выборге - завод на Ленина, 11",Без посредников - завод. 60+ видов декора. Доставка по Ленобласти.,https://marmara-pro.ru?utm_content=product&utm_term={PHRASE},-,-,-,-,Текстово-графический,Оригинальный,0.00,0,0,-,-,1,-,0.00,0.55,0.00,54.58,7.00,-,-,-
Термопанели в Выборге,712773255,17.08.2026,Группа 3 - клинкер (продуктовая),5773902142,Автотаргетинг,,-,0,-,0,строим наш дом выборг каталог товаров в выборге и цена,Широкие запросы,Запросы с упоминанием брендов конкурентов,-,,,,,Поиск,Прочее,Не определено,Смартфоны,Android,Wi-Fi,Женский,25-34 года,Остальные,Не определено,1915802914729060647,Активные,Комбинаторное,Бесплатная доставка по Выборгскому району,Свое производство в Выборге. Приезжайте на образцы. Бесплатная доставка по району.,https://marmara-pro.ru?utm_content=product&utm_term={PHRASE},-,-,-,-,Текстово-графический,Оригинальный,0.00,0,0,-,-,1,-,0.00,0.09,0.00,8.50,5.00,-,-,-
Термопанели в Выборге,712773255,17.08.2026,Группа 3 - клинкер (продуктовая),5773902142,Автотаргетинг,,-,0,-,0,стройтовары в рощино,Целевые запросы,Запросы без упоминания брендов,-,,,,,Поиск,Прочее,Не определено,Смартфоны,Android,Wi-Fi,Мужской,35-44 года,Остальные,Не определено,1915802914729060647,Активные,Комбинаторное,Бесплатная доставка по Выборгскому району,Без посредников - завод. 60+ видов декора. Доставка по Ленобласти.,https://marmara-pro.ru?utm_content=product&utm_term={PHRASE},-,-,-,-,Текстово-графический,Оригинальный,0.00,0,0,-,-,1,-,0.00,0.45,0.00,44.58,8.00,-,-,-
Термопанели в Выборге,712773255,17.08.2026,Группа 3 - клинкер (продуктовая),5773902142,Автотаргетинг,,-,0,-,0,теплопанели для отделки фасадов,Целевые запросы,Запросы без упоминания брендов,-,,,,,Поиск,Прочее,Не определено,Смартфоны,iOS,Wi-Fi,Женский,45-54 года,Остальные,Не определено,1915802914729060647,Активные,Комбинаторное,"Термопанели в Выборге - завод на Ленина, 11",Без посредников - завод. 60+ видов декора. Доставка по Ленобласти.,https://marmara-pro.ru?utm_content=product&utm_term={PHRASE},-,-,-,-,Текстово-графический,Оригинальный,0.00,0,0,-,-,2,-,0.00,1.23,0.00,61.58,6.50,-,-,-
Термопанели в Выборге,712773255,17.08.2026,Группа 3 - клинкер (продуктовая),5773902142,Автотаргетинг,,-,0,-,0,термопанели фасадные из натурального камня,Целевые запросы,Запросы без упоминания брендов,-,,,,,Поиск,Прочее,Не определено,Десктопы,Не определён,Wi-Fi,Мужской,45-54 года,Остальные,Не определено,1915802914729060647,Активные,Комбинаторное,"Термопанели в Выборге - завод на Ленина, 11",Без посредников - завод. 60+ видов декора. Доставка по Ленобласти.,https://marmara-pro.ru?utm_content=product&utm_term={PHRASE},-,-,-,-,Текстово-графический,Оригинальный,0.00,0,0,-,-,1,-,0.00,0.53,0.00,52.59,7.00,-,-,-
Термопанели в Выборге,712773255,17.08.2026,Группа 3 - клинкер (продуктовая),5773902142,Автотаргетинг,,-,0,-,0,термоплиты для неотапливаемых помещений,Целевые запросы,Запросы без упоминания брендов,-,,,,,Поиск,Прочее,Не определено,Смартфоны,Android,Wi-Fi,Мужской,45-54 года,Остальные,Не определено,1915802914729060647,Активные,Комбинаторное,"Термопанели в Выборге - завод на Ленина, 11",Без посредников - завод. 60+ видов декора. Доставка по Ленобласти.,https://marmara-pro.ru?utm_content=product&utm_term={PHRASE},-,-,-,-,Текстово-графический,Оригинальный,0.00,0,0,-,-,1,-,0.00,0.45,0.00,44.58,8.00,-,-,-
Термопанели в Выборге,712773255,17.08.2026,Термопанели (Лен. область),5773097196,Автотаргетинг,,-,0,-,0,,Не определено,-,-,,,,,Сети,Прочее,Не определено,Десктопы,Не определён,Wi-Fi,Женский,Старше 55,Остальные,Не определено,1915608023072927866,Активные,Комбинаторное,Термопанели с клинкером. Свое производство в Выборге,"Термопанели с клинкером. Собственное производство, своя цена, нет посредников.",https://marmara-pro.ru?utm_content=geo&utm_term={PHRASE},http://direct.yandex.ru/images/direct/4298071/skS6Zjow652PazB91P1Ung,плитка 01.jpg,1163322157,https://avatars.mds.yandex.net/get-media-adv-screenshooter/20941197/1d06a155-09ca-4034-b8a4-ad411694a4d7/orig,Текстово-графический,Оригинальный,0.00,0,0,-,-,1,-,0.00,1.00,0.00,100.00,-,-,-,-
Термопанели в Выборге,712773255,17.08.2026,Термопанели (Лен. область),5773097196,Автотаргетинг,,-,0,-,0,,Не определено,-,-,,,,,Сети,Прочее,Не определено,Десктопы,Не определён,Wi-Fi,Женский,Старше 55,Остальные,Не определено,1915608023072927866,Активные,Комбинаторное,Термопанели с клинкером. Свое производство в Выборге,"Термопанели с клинкером. Собственное производство, своя цена, нет посредников.",https://marmara-pro.ru?utm_content=geo&utm_term={PHRASE},http://direct.yandex.ru/images/direct/5245050/6C6d0cQ-RdpqlPYUtMZQkw,пример 2.jpg,1163322157,https://avatars.mds.yandex.net/get-media-adv-screenshooter/20941197/1d06a155-09ca-4034-b8a4-ad411694a4d7/orig,Текстово-графический,Оригинальный,0.00,0,0,-,-,1,-,0.00,1.00,0.00,100.00,-,-,-,-
Термопанели в Выборге,712773255,17.08.2026,Термопанели (Лен. область),5773097196,Автотаргетинг,,-,0,-,0,,Не определено,-,-,,,,,Сети,Прочее,Не определено,Десктопы,Не определён,Wi-Fi,Женский,Старше 55,2–5%,Не определено,1915608023072927866,Активные,Комбинаторное,Термопанели с клинкером. Свое производство в Выборге,"Термопанели с клинкером. Собственное производство, своя цена, нет посредников.",https://marmara-pro.ru?utm_content=geo&utm_term={PHRASE},http://direct.yandex.ru/images/direct/4298071/skS6Zjow652PazB91P1Ung,плитка 01.jpg,1163322157,https://avatars.mds.yandex.net/get-media-adv-screenshooter/20941197/1d06a155-09ca-4034-b8a4-ad411694a4d7/orig,Текстово-графический,Оригинальный,0.00,0,0,-,-,1,-,0.00,1.00,0.00,100.00,-,-,-,-
Термопанели в Выборге,712773255,17.08.2026,Термопанели (Лен. область),5773097196,Автотаргетинг,,-,0,-,0,,Не определено,-,-,,,,,Сети,Прочее,Не определено,Смартфоны,Android,Wi-Fi,Мужской,45-54 года,6–10%,Не определено,1915608023072927866,Активные,Комбинаторное,Термопанели с клинкером. Свое производство в Выборге,"Термопанели с клинкером. Собственное производство, своя цена, нет посредников.",https://marmara-pro.ru?utm_content=geo&utm_term={PHRASE},http://direct.yandex.ru/images/direct/4298071/skS6Zjow652PazB91P1Ung,плитка 01.jpg,1163322157,https://avatars.mds.yandex.net/get-media-adv-screenshooter/20941197/1d06a155-09ca-4034-b8a4-ad411694a4d7/orig,Видео,Оригинальный,0.00,0,0,-,-,1,-,0.00,1.00,0.00,100.00,-,-,-,-
Термопанели в Выборге,712773255,17.08.2026,Термопанели (Лен. область),5773097196,Автотаргетинг,,-,0,-,0,,Не определено,-,-,,,,,Сети,Прочее,Не определено,Смартфоны,Android,Wi-Fi,Мужской,Старше 55,Остальные,Не определено,1915608023072927866,Активные,Комбинаторное,Термопанели с клинкером. Свое производство в Выборге,"Термопанели с клинкером. Собственное производство, своя цена, нет посредников.",https://marmara-pro.ru?utm_content=geo&utm_term={PHRASE},http://direct.yandex.ru/images/direct/4298071/skS6Zjow652PazB91P1Ung,плитка 01.jpg,1163322157,https://avatars.mds.yandex.net/get-media-adv-screenshooter/20941197/1d06a155-09ca-4034-b8a4-ad411694a4d7/orig,Текстово-графический,Оригинальный,0.00,0,0,-,-,1,-,0.00,1.00,0.00,100.00,-,-,-,-
Термопанели в Выборге,712773255,17.08.2026,Термопанели (Лен. область),5773097196,Автотаргетинг,,-,0,-,0,,Не определено,-,-,,,,,Сети,Прочее,Не определено,Смартфоны,Android,Wi-Fi,Женский,35-44 года,Остальные,Не определено,1915608023072927866,Активные,Комбинаторное,Термопанели с клинкером. Свое производство в Выборге,"Термопанели с клинкером. Собственное производство, своя цена, нет посредников.",https://marmara-pro.ru?utm_content=geo&utm_term={PHRASE},http://direct.yandex.ru/images/direct/4298071/skS6Zjow652PazB91P1Ung,плитка 01.jpg,1163322157,https://avatars.mds.yandex.net/get-media-adv-screenshooter/20941197/1d06a155-09ca-4034-b8a4-ad411694a4d7/orig,Текстово-графический,Оригинальный,0.00,0,0,-,-,1,-,0.00,1.00,0.00,100.00,-,-,-,-
Термопанели в Выборге,712773255,17.08.2026,Термопанели (Лен. область),5773097196,Автотаргетинг,,-,0,-,0,,Не определено,-,-,,,,,Сети,Прочее,Не определено,Смартфоны,Android,Wi-Fi,Женский,Старше 55,Остальные,Не определено,1915608023072927866,Активные,Комбинаторное,Термопанели с клинкером. Свое производство в Выборге,"Термопанели с клинкером. Собственное производство, своя цена, нет посредников.",https://marmara-pro.ru?utm_content=geo&utm_term={PHRASE},http://direct.yandex.ru/images/direct/4298071/skS6Zjow652PazB91P1Ung,плитка 01.jpg,1163321614,https://avatars.mds.yandex.net/get-media-adv-screenshooter/20873747/75477b03-780e-4e10-adff-81a72fc688af/orig,Видео,Оригинальный,0.00,0,0,-,-,1,-,0.00,1.00,0.00,100.00,-,-,-,-
Термопанели в Выборге,712773255,17.08.2026,Термопанели (Лен. область),5773097196,Автотаргетинг,,-,0,-,0,вес клинкерной плитки,Целевые запросы,Запросы без упоминания брендов,-,,,,,Поиск,Товарная галерея,Не определено,Смартфоны,Android,Wi-Fi,Мужской,45-54 года,Остальные,Не определено,1915608023072927866,Активные,Комбинаторное,Термопанели с клинкерной плиткой. Производство в Выборге,"Термопанели с клинкером. Собственное производство, своя цена, нет посредников.",https://marmara-pro.ru?utm_content=geo&utm_term={PHRASE},http://direct.yandex.ru/images/direct/5250956/5XPY7aqvM1xRQF8e4uTrqg,карусель 4-3_06.jpg,-,-,Текстово-графический,Автоматический,0.00,0,0,-,-,1,-,0.00,0.14,0.00,13.54,13.00,-,-,-
Термопанели в Выборге,712773255,17.08.2026,Термопанели (Лен. область),5773097196,Автотаргетинг,,-,0,-,0,кингисепп термопанели купить,Целевые запросы,Запросы без упоминания брендов,-,,,,,Поиск,Прочее,Не определено,Десктопы,Не определён,Wi-Fi,Мужской,35-44 года,Остальные,Не определено,1915608023072927866,Активные,Комбинаторное,Термопанели с клинкерной плиткой. Производство в Выборге,"Термопанели с клинкером. Собственное производство, своя цена, нет посредников.",https://marmara-pro.ru?utm_content=geo&utm_term={PHRASE},-,-,-,-,Текстово-графический,Автоматический,0.00,0,0,-,-,1,-,0.00,0.45,0.00,44.58,8.00,-,-,-
Термопанели в Выборге,712773255,17.08.2026,Термопанели (Лен. область),5773097196,Автотаргетинг,,-,0,-,0,клинкерная плитка,Целевые запросы,Запросы без упоминания брендов,-,,,,,Поиск,Прочее,Не определено,Смартфоны,Android,Wi-Fi,Мужской,35-44 года,6–10%,Не определено,1915608023072927866,Активные,Комбинаторное,Термопанели с клинкерной плиткой. Производство в Выборге,"Термопанели с клинкером. Собственное производство, своя цена, нет посредников.",https://marmara-pro.ru?utm_content=geo&utm_term={PHRASE},-,-,-,-,Текстово-графический,Оригинальный,0.00,0,0,-,-,2,-,0.00,1.07,0.00,53.58,7.00,-,-,-
Термопанели в Выборге,712773255,17.08.2026,Термопанели (Лен. область),5773097196,Автотаргетинг,,-,0,-,0,клинкерная плитка,Целевые запросы,Запросы без упоминания брендов,-,,,,,Поиск,Прочее,Не определено,Смартфоны,Android,Wi-Fi,Женский,45-54 года,6–10%,Не определено,1915608023072927866,Активные,Комбинаторное,Термопанели с клинкерной плиткой. Производство в Выборге,"Термопанели с клинкером. Собственное производство, своя цена, нет посредников.",https://marmara-pro.ru?utm_content=geo&utm_term={PHRASE},-,-,-,-,Текстово-графический,Оригинальный,0.00,0,0,-,-,1,-,0.00,0.45,0.00,44.58,8.00,-,-,-
Термопанели в Выборге,712773255,17.08.2026,Термопанели (Лен. область),5773097196,Автотаргетинг,,-,0,-,0,клинкерная плитка,Целевые запросы,Запросы без упоминания брендов,-,,,,,Поиск,Товарная галерея,Не определено,Смартфоны,Android,Wi-Fi,Мужской,35-44 года,6–10%,Не определено,1915608023072927866,Активные,Комбинаторное,Термопанели с клинкерной плиткой. Производство в Выборге,"Термопанели с клинкером. Собственное производство, своя цена, нет посредников.",https://marmara-pro.ru?utm_content=geo&utm_term={PHRASE},http://direct.yandex.ru/images/direct/5250956/5XPY7aqvM1xRQF8e4uTrqg,карусель 4-3_06.jpg,-,-,Текстово-графический,Оригинальный,0.00,0,0,-,-,2,-,0.00,0.62,0.00,30.83,6.50,-,-,-
Термопанели в Выборге,712773255,17.08.2026,Термопанели (Лен. область),5773097196,Автотаргетинг,,-,0,-,0,клинкерная плитка для фасада,Целевые запросы,Запросы без упоминания брендов,-,,,,,Поиск,Прочее,Не определено,Смартфоны,iOS,Wi-Fi,Мужской,35-44 года,Остальные,Не определено,1915608023072927866,Активные,Комбинаторное,Термопанели с клинкерной плиткой. Производство в Выборге,"Термопанели с клинкером. Собственное производство, своя цена, нет посредников.",https://marmara-pro.ru?utm_content=geo&utm_term={PHRASE},-,-,-,-,Текстово-графический,Автоматический,0.00,0,0,-,-,1,-,0.00,0.65,0.00,64.58,6.00,-,-,-
Термопанели в Выборге,712773255,17.08.2026,Термопанели (Лен. область),5773097196,Автотаргетинг,,-,0,-,0,клинкерная плитка для цоколя,Целевые запросы,Запросы без упоминания брендов,-,,,,,Поиск,Прочее,Не определено,Смартфоны,iOS,Wi-Fi,Мужской,35-44 года,Остальные,Не определено,1915608023072927866,Активные,Комбинаторное,Термопанели с клинкерной плиткой. Производство в Выборге,"Термопанели с клинкером. Собственное производство, своя цена, нет посредников.",https://marmara-pro.ru?utm_content=geo&utm_term={PHRASE},-,-,-,-,Текстово-графический,Автоматический,0.00,1,0,0.00,-,1,0.00,100.00,0.45,224.33,44.58,8.00,8.00,100.00,1.00
Термопанели в Выборге,712773255,17.08.2026,Термопанели (Лен. область),5773097196,Автотаргетинг,,-,0,-,0,клинкерная плитка что это,Целевые запросы,Запросы без упоминания брендов,-,,,,,Поиск,Товарная галерея,Не определено,Смартфоны,Android,Wi-Fi,Женский,45-54 года,Остальные,Не определено,1915608023072927866,Активные,Комбинаторное,Термопанели с клинкерной плиткой. Производство в Выборге,"Термопанели с клинкером. Собственное производство, своя цена, нет посредников.",https://marmara-pro.ru?utm_content=geo&utm_term={PHRASE},http://direct.yandex.ru/images/direct/5250956/5XPY7aqvM1xRQF8e4uTrqg,карусель 4-3_06.jpg,-,-,Текстово-графический,Автоматический,0.00,0,0,-,-,2,-,0.00,0.40,0.00,19.94,6.00,-,-,-
Термопанели в Выборге,712773255,17.08.2026,Термопанели (Лен. область),5773097196,Автотаргетинг,,-,0,-,0,клинкерная термопанель,Целевые запросы,Запросы без упоминания брендов,-,,,,,Поиск,Товарная галерея,Не определено,Смартфоны,Android,Мобильная связь,Женский,Старше 55,Остальные,Не определено,1915608023072927866,Активные,Комбинаторное,Термопанели с клинкерной плиткой. Производство в Выборге,"Термопанели с клинкером. Собственное производство, своя цена, нет посредников.",https://marmara-pro.ru?utm_content=geo&utm_term={PHRASE},http://direct.yandex.ru/images/direct/5250956/5XPY7aqvM1xRQF8e4uTrqg,карусель 4-3_06.jpg,-,-,Текстово-графический,Автоматический,0.00,0,0,-,-,4,-,0.00,0.92,0.00,23.07,9.50,-,-,-
Термопанели в Выборге,712773255,17.08.2026,Термопанели (Лен. область),5773097196,Автотаргетинг,,-,0,-,0,купить облицовочный кирпич панелями,Целевые запросы,Запросы без упоминания брендов,-,,,,,Поиск,Товарная галерея,Не определено,Смартфоны,Android,Wi-Fi,Женский,35-44 года,Остальные,Не определено,1915608023072927866,Активные,Комбинаторное,Термопанели с клинкерной плиткой. Производство в Выборге,"Термопанели с клинкером. Собственное производство, своя цена, нет посредников.",https://marmara-pro.ru?utm_content=geo&utm_term={PHRASE},http://direct.yandex.ru/images/direct/5250956/5XPY7aqvM1xRQF8e4uTrqg,карусель 4-3_06.jpg,-,-,Текстово-графический,Автоматический,0.00,0,0,-,-,1,-,0.00,0.13,0.00,13.42,16.00,-,-,-
Термопанели в Выборге,712773255,17.08.2026,Термопанели (Лен. область),5773097196,Автотаргетинг,,-,0,-,0,материалы для отделки фасада дома,Целевые запросы,Запросы без упоминания брендов,-,,,,,Поиск,Товарная галерея,Не определено,Смартфоны,iOS,Wi-Fi,Не определен,25-34 года,Остальные,Не определено,1915608023072927866,Активные,Комбинаторное,Термопанели с клинкерной плиткой. Производство в Выборге,"Термопанели с клинкером. Собственное производство, своя цена, нет посредников.",https://marmara-pro.ru?utm_content=geo&utm_term={PHRASE},http://direct.yandex.ru/images/direct/5250956/5XPY7aqvM1xRQF8e4uTrqg,карусель 4-3_06.jpg,-,-,Текстово-графический,Автоматический,0.00,0,0,-,-,1,-,0.00,0.17,0.00,16.68,10.00,-,-,-
Термопанели в Выборге,712773255,17.08.2026,Термопанели (Лен. область),5773097196,Автотаргетинг,,-,0,-,0,материалы для отделки фасада дома,Целевые запросы,Запросы без упоминания брендов,-,,,,,Поиск,Товарная галерея,Не определено,Смартфоны,iOS,Wi-Fi,Не определен,25-34 года,2–5%,Не определено,1915608023072927866,Активные,Комбинаторное,Термопанели с клинкерной плиткой. Производство в Выборге,"Термопанели с клинкером. Собственное производство, своя цена, нет посредников.",https://marmara-pro.ru?utm_content=geo&utm_term={PHRASE},http://direct.yandex.ru/images/direct/5250956/5XPY7aqvM1xRQF8e4uTrqg,карусель 4-3_06.jpg,-,-,Текстово-графический,Автоматический,0.00,0,0,-,-,1,-,0.00,0.19,0.00,19.36,9.00,-,-,-
Термопанели в Выборге,712773255,17.08.2026,Термопанели (Лен. область),5773097196,Автотаргетинг,,-,0,-,0,негорючие термопанели для наружной отделки дома,Целевые запросы,Запросы без упоминания брендов,-,,,,,Поиск,Прочее,Не определено,Десктопы,Не определён,Wi-Fi,Мужской,45-54 года,6–10%,Не определено,1915608023072927866,Активные,Комбинаторное,Термопанели с клинкерной плиткой. Производство в Выборге,"Термопанели с клинкером. Собственное производство, своя цена, нет посредников.",https://marmara-pro.ru?utm_content=geo&utm_term={PHRASE},-,-,-,-,Текстово-графический,Автоматический,0.00,0,0,-,-,1,-,0.00,0.55,0.00,54.58,7.00,-,-,-
Термопанели в Выборге,712773255,17.08.2026,Термопанели (Лен. область),5773097196,Автотаргетинг,,-,0,-,0,отзывы о термопанелях,Целевые запросы,Запросы без упоминания брендов,-,,,,,Поиск,Прочее,Не определено,Смартфоны,Android,Wi-Fi,Женский,35-44 года,Остальные,Не определено,1915608023072927866,Активные,Комбинаторное,Термопанели с клинкерной плиткой. Производство в Выборге,"Термопанели с клинкером. Собственное производство, своя цена, нет посредников.",https://marmara-pro.ru?utm_content=geo&utm_term={PHRASE},-,-,-,-,Текстово-графический,Оригинальный,0.00,0,0,-,-,1,-,0.00,0.45,0.00,44.58,8.00,-,-,-
Термопанели в Выборге,712773255,17.08.2026,Термопанели (Лен. область),5773097196,Автотаргетинг,,-,0,-,0,отзывы о термопанелях,Целевые запросы,Запросы без упоминания брендов,-,,,,,Поиск,Товарная галерея,Не определено,Смартфоны,Android,Wi-Fi,Женский,35-44 года,Остальные,Не определено,1915608023072927866,Активные,Комбинаторное,Термопанели с клинкерной плиткой. Производство в Выборге,"Термопанели с клинкером. Собственное производство, своя цена, нет посредников.",https://marmara-pro.ru?utm_content=geo&utm_term={PHRASE},http://direct.yandex.ru/images/direct/4298071/skS6Zjow652PazB91P1Ung,плитка 01.jpg,-,-,Текстово-графический,Оригинальный,0.00,0,0,-,-,2,-,0.00,0.35,0.00,17.32,10.00,-,-,-
Термопанели в Выборге,712773255,17.08.2026,Термопанели (Лен. область),5773097196,Автотаргетинг,,-,0,-,0,панели для фасада дома пенопласт,Целевые запросы,Запросы без упоминания брендов,-,,,,,Поиск,Прочее,Не определено,Смартфоны,Android,Wi-Fi,Женский,45-54 года,Остальные,Не определено,1915608023072927866,Активные,Комбинаторное,Термопанели с клинкерной плиткой. Производство в Выборге,"Термопанели с клинкером. Собственное производство, своя цена, нет посредников.",https://marmara-pro.ru?utm_content=geo&utm_term={PHRASE},-,-,-,-,Текстово-графический,Автоматический,0.00,0,0,-,-,1,-,0.00,0.69,0.00,68.59,6.00,-,-,-
Термопанели в Выборге,712773255,17.08.2026,Термопанели (Лен. область),5773097196,Автотаргетинг,,-,0,-,0,размеры термопанелей,Целевые запросы,Запросы без упоминания брендов,-,,,,,Поиск,Прочее,Не определено,Смартфоны,Android,Wi-Fi,Мужской,45-54 года,Остальные,Не определено,1915608023072927866,Активные,Комбинаторное,Термопанели с клинкерной плиткой. Производство в Выборге,"Термопанели с клинкером. Собственное производство, своя цена, нет посредников.",https://marmara-pro.ru?utm_content=geo&utm_term={PHRASE},-,-,-,-,Текстово-графический,Автоматический,0.00,0,0,-,-,1,-,0.00,0.45,0.00,44.58,8.00,-,-,-
Термопанели в Выборге,712773255,17.08.2026,Термопанели (Лен. область),5773097196,Автотаргетинг,,-,0,-,0,спб фасадная термопанель dolomit термосайдинг дагестанский камень радонит 20 мм,Альтернативные запросы,Запросы с упоминанием брендов конкурентов,-,,Термопанели с клинкерной плиткой — КлинкерПрофи,,,Поиск,Спецразмещение,Не определено,Десктопы,Не определён,Wi-Fi,Мужской,45-54 года,Остальные,Не определено,1918167638897563177,Активные,Страницы каталога,Термопанели с клинкерной плиткой. Производство в Выборге,"Фасадные термопанели с клинкером. Производство в Выборге, доставка по СПб...",https://marmara-pro.ru/termo?utm_content=catalog&utm_term={PHRASE},-,-,-,-,Текстово-графический,Автоматический,0.00,1,0,0.00,-,1,0.00,100.00,0.76,132.38,75.54,-,-,0.00,2.00
Термопанели в Выборге,712773255,17.08.2026,Термопанели (Лен. область),5773097196,Автотаргетинг,,-,0,-,0,сэндвич панели под кирпич,Целевые запросы,Запросы без упоминания брендов,-,,,,,Поиск,Товарная галерея,Не определено,Планшеты,iOS,Wi-Fi,Женский,35-44 года,2–5%,Не определено,1915608023072927866,Активные,Комбинаторное,Термопанели с клинкерной плиткой. Производство в Выборге,"Термопанели с клинкером. Собственное производство, своя цена, нет посредников.",https://marmara-pro.ru?utm_content=geo&utm_term={PHRASE},http://direct.yandex.ru/images/direct/5250956/5XPY7aqvM1xRQF8e4uTrqg,карусель 4-3_06.jpg,-,-,Текстово-графический,Автоматический,0.00,0,0,-,-,1,-,0.00,0.07,0.00,7.08,8.00,-,-,-
Термопанели в Выборге,712773255,17.08.2026,Термопанели (Лен. область),5773097196,Автотаргетинг,,-,0,-,0,термопанели,Целевые запросы,Запросы без упоминания брендов,-,,,,,Поиск,Товарная галерея,Не определено,Смартфоны,Android,Wi-Fi,Мужской,Старше 55,Остальные,Не определено,1915608023072927866,Активные,Комбинаторное,Термопанели с клинкерной плиткой. Производство в Выборге,"Термопанели с клинкером. Собственное производство, своя цена, нет посредников.",https://marmara-pro.ru?utm_content=geo&utm_term={PHRASE},http://direct.yandex.ru/images/direct/5250956/5XPY7aqvM1xRQF8e4uTrqg,карусель 4-3_06.jpg,-,-,Текстово-графический,Автоматический,0.00,0,0,-,-,1,-,0.00,0.13,0.00,13.38,17.00,-,-,-
Термопанели в Выборге,712773255,17.08.2026,Термопанели (Лен. область),5773097196,Автотаргетинг,,-,0,-,0,термопанели 40 мм,Целевые запросы,Запросы без упоминания брендов,-,,,,,Поиск,Прочее,Не определено,Десктопы,Не определён,Wi-Fi,Мужской,45-54 года,Остальные,Не определено,1915608023072927866,Активные,Комбинаторное,Термопанели с клинкерной плиткой. Производство в Выборге,"Термопанели с клинкером. Собственное производство, своя цена, нет посредников.",https://marmara-pro.ru?utm_content=geo&utm_term={PHRASE},-,-,-,-,Текстово-графический,Автоматический,0.00,0,0,-,-,1,-,0.00,0.45,0.00,44.58,8.00,-,-,-
Термопанели в Выборге,712773255,17.08.2026,Термопанели (Лен. область),5773097196,Автотаргетинг,,-,0,-,0,термопанели для наружной отделки дома,Целевые запросы,Запросы без упоминания брендов,-,,,,,Поиск,Прочее,Не определено,Смартфоны,Android,Wi-Fi,Женский,45-54 года,Остальные,Не определено,1915608023072927866,Активные,Комбинаторное,Термопанели с клинкерной плиткой. Производство в Выборге,"Термопанели с клинкером. Собственное производство, своя цена, нет посредников.",https://marmara-pro.ru?utm_content=geo&utm_term={PHRASE},-,-,-,-,Текстово-графический,Автоматический,0.00,0,0,-,-,1,-,0.00,0.55,0.00,54.58,7.00,-,-,-
Термопанели в Выборге,712773255,17.08.2026,Термопанели (Лен. область),5773097196,Автотаргетинг,,-,0,-,0,термопанели для наружной отделки дома,Целевые запросы,Запросы без упоминания брендов,-,,,,,Поиск,Товарная галерея,Не определено,Смартфоны,Android,Wi-Fi,Женский,45-54 года,Остальные,Не определено,1915608023072927866,Активные,Комбинаторное,Термопанели с клинкерной плиткой. Производство в Выборге,"Термопанели с клинкером. Собственное производство, своя цена, нет посредников.",https://marmara-pro.ru?utm_content=geo&utm_term={PHRASE},http://direct.yandex.ru/images/direct/5250956/5XPY7aqvM1xRQF8e4uTrqg,карусель 4-3_06.jpg,-,-,Текстово-графический,Автоматический,0.00,0,0,-,-,1,-,0.00,0.25,0.00,25.29,9.00,-,-,-
Термопанели в Выборге,712773255,17.08.2026,Термопанели (Лен. область),5773097196,Автотаргетинг,,-,0,-,0,термопанели для наружной отделки дома негорючие,Целевые запросы,Запросы без упоминания брендов,-,,,,,Поиск,Прочее,Не определено,Десктопы,Не определён,Wi-Fi,Мужской,45-54 года,6–10%,Не определено,1915608023072927866,Активные,Комбинаторное,Термопанели с клинкерной плиткой. Производство в Выборге,"Термопанели с клинкером. Собственное производство, своя цена, нет посредников.",https://marmara-pro.ru?utm_content=geo&utm_term={PHRASE},-,-,-,-,Текстово-графический,Автоматический,0.00,0,0,-,-,1,-,0.00,0.45,0.00,44.58,8.00,-,-,-
Термопанели в Выборге,712773255,17.08.2026,Термопанели (Лен. область),5773097196,Автотаргетинг,,-,0,-,0,термопанели для наружной отделки дома негорючие,Целевые запросы,Запросы без упоминания брендов,-,,,,,Поиск,Товарная галерея,Не определено,Десктопы,Не определён,Wi-Fi,Мужской,45-54 года,6–10%,Не определено,1915608023072927866,Активные,Комбинаторное,Термопанели с клинкерной плиткой. Производство в Выборге,"Термопанели с клинкером. Собственное производство, своя цена, нет посредников.",https://marmara-pro.ru?utm_content=geo&utm_term={PHRASE},http://direct.yandex.ru/images/direct/5250956/5XPY7aqvM1xRQF8e4uTrqg,карусель 4-3_06.jpg,-,-,Текстово-графический,Автоматический,0.00,0,0,-,-,1,-,0.00,0.40,0.00,39.81,5.00,-,-,-
Термопанели в Выборге,712773255,17.08.2026,Термопанели (Лен. область),5773097196,Автотаргетинг,,-,0,-,0,термопанели для наружной отделки дома цена фасадные в гатчине,Целевые запросы,Запросы без упоминания брендов,-,,,,,Поиск,Прочее,Не определено,Смартфоны,Android,Wi-Fi,Мужской,45-54 года,Остальные,Не определено,1915608023072927866,Активные,Комбинаторное,Термопанели с клинкерной плиткой. Производство в Выборге,"Термопанели с клинкером. Собственное производство, своя цена, нет посредников.",https://marmara-pro.ru?utm_content=geo&utm_term={PHRASE},-,-,-,-,Текстово-графический,Автоматический,0.00,0,0,-,-,1,-,0.00,0.45,0.00,44.58,8.00,-,-,-
Термопанели в Выборге,712773255,17.08.2026,Термопанели (Лен. область),5773097196,Автотаргетинг,,-,0,-,0,термопанели отзывы владельцев домов,Целевые запросы,Запросы без упоминания брендов,-,,,,,Поиск,Прочее,Не определено,Десктопы,Не определён,Wi-Fi,Женский,45-54 года,Остальные,Не определено,1915608023072927866,Активные,Комбинаторное,Термопанели с клинкерной плиткой. Производство в Выборге,"Термопанели с клинкером. Собственное производство, своя цена, нет посредников.",https://marmara-pro.ru?utm_content=geo&utm_term={PHRASE},-,-,-,-,Текстово-графический,Автоматический,0.00,0,0,-,-,1,-,0.00,0.45,0.00,44.58,8.00,-,-,-
Термопанели в Выборге,712773255,17.08.2026,Термопанели (Лен. область),5773097196,Автотаргетинг,,-,0,-,0,термопанели отзывы владельцев домов,Целевые запросы,Запросы без упоминания брендов,-,,,,,Поиск,Товарная галерея,Не определено,Десктопы,Не определён,Wi-Fi,Женский,45-54 года,Остальные,Не определено,1915608023072927866,Активные,Комбинаторное,Термопанели с клинкерной плиткой. Производство в Выборге,"Термопанели с клинкером. Собственное производство, своя цена, нет посредников.",https://marmara-pro.ru?utm_content=geo&utm_term={PHRASE},http://direct.yandex.ru/images/direct/5250956/5XPY7aqvM1xRQF8e4uTrqg,карусель 4-3_06.jpg,-,-,Текстово-графический,Автоматический,0.00,0,0,-,-,2,-,0.00,0.62,0.00,30.96,9.00,-,-,-
Термопанели в Выборге,712773255,17.08.2026,Термопанели (Лен. область),5773097196,Автотаргетинг,,-,0,-,0,термопанели фасадные,Целевые запросы,Запросы без упоминания брендов,-,,,,,Поиск,Прочее,Не определено,Смартфоны,Android,Wi-Fi,Не определен,Старше 55,Остальные,Не определено,1915608023072927866,Активные,Комбинаторное,Термопанели с клинкерной плиткой. Производство в Выборге,"Термопанели с клинкером. Собственное производство, своя цена, нет посредников.",https://marmara-pro.ru?utm_content=geo&utm_term={PHRASE},-,-,-,-,Текстово-графический,Автоматический,0.00,0,0,-,-,1,-,0.00,0.65,0.00,64.58,6.00,-,-,-
Термопанели в Выборге,712773255,17.08.2026,Термопанели (Лен. область),5773097196,Автотаргетинг,,-,0,-,0,фасадные мраморные термопанели для наружной отделки сколько клей пены нужно на метр квадратный,Целевые запросы,Запросы без упоминания брендов,-,,,,,Поиск,Прочее,Не определено,Смартфоны,Android,Wi-Fi,Женский,35-44 года,Остальные,Не определено,1915608023072927866,Активные,Комбинаторное,Термопанели с клинкерной плиткой. Производство в Выборге,"Термопанели с клинкером. Собственное производство, своя цена, нет посредников.",https://marmara-pro.ru?utm_content=geo&utm_term={PHRASE},-,-,-,-,Текстово-графический,Автоматический,0.00,0,0,-,-,1,-,0.00,0.55,0.00,54.58,7.00,-,-,-
Термопанели в Выборге,712773255,17.08.2026,Термопанели (Лен. область),5773097196,Автотаргетинг,,-,0,-,0,фасадные термопанели,Целевые запросы,Запросы без упоминания брендов,-,,,,,Поиск,Прочее,Не определено,Смартфоны,Android,Wi-Fi,Не определен,25-34 года,Остальные,Не определено,1915608023072927866,Активные,Комбинаторное,Термопанели с клинкерной плиткой. Производство в Выборге,"Термопанели с клинкером. Собственное производство, своя цена, нет посредников.",https://marmara-pro.ru?utm_content=geo&utm_term={PHRASE},-,-,-,-,Текстово-графический,Автоматический,0.00,0,0,-,-,1,-,0.00,0.45,0.00,44.58,8.00,-,-,-
Термопанели в Выборге,712773255,17.08.2026,Термопанели (Лен. область),5773097196,Автотаргетинг,,-,0,-,0,фасадные термопанели,Целевые запросы,Запросы без упоминания брендов,-,,,,,Поиск,Товарная галерея,Не определено,Смартфоны,Android,Wi-Fi,Не определен,25-34 года,Остальные,Не определено,1915608023072927866,Активные,Комбинаторное,Термопанели с клинкерной плиткой. Производство в Выборге,"Термопанели с клинкером. Собственное производство, своя цена, нет посредников.",https://marmara-pro.ru?utm_content=geo&utm_term={PHRASE},http://direct.yandex.ru/images/direct/5250956/5XPY7aqvM1xRQF8e4uTrqg,карусель 4-3_06.jpg,-,-,Текстово-графический,Автоматический,0.00,0,0,-,-,1,-,0.00,0.13,0.00,13.38,17.00,-,-,-
Термопанели в Выборге,712773255,17.08.2026,Термопанели (Лен. область),5773097196,Автотаргетинг,,-,0,-,0,фасадные термопанели топ хаус,Целевые запросы,Запросы с упоминанием брендов конкурентов,-,,,,,Поиск,Прочее,Не определено,Десктопы,Не определён,Wi-Fi,Мужской,45-54 года,Остальные,Не определено,1915608023072927866,Активные,Комбинаторное,Термопанели с клинкерной плиткой. Производство в Выборге,"Термопанели с клинкером. Собственное производство, своя цена, нет посредников.",https://marmara-pro.ru?utm_content=geo&utm_term={PHRASE},-,-,-,-,Текстово-графический,Автоматический,0.00,0,0,-,-,1,-,0.00,0.55,0.00,54.58,7.00,-,-,-
Термопанели в Выборге,712773255,17.08.2026,Термопанели (транз),5772834263,Автотаргетинг,,-,0,-,0,,Не определено,-,-,,,,,Сети,Прочее,Не определено,Десктопы,Не определён,Wi-Fi,Женский,Старше 55,Остальные,Не определено,1915593209731060056,Архивные,Комбинаторное,Термопанели с клинкером. Производство в Выборге,"Термопанели с клинкером. Собственное производство, своя цена, нет посредников.",https://marmara-pro.ru?utm_content=termopanel&utm_term={PHRASE},http://direct.yandex.ru/images/direct/5347710/IQolrV6N3GE66OPIldGIug,карусель 4-3_03.jpg,1163321614,https://avatars.mds.yandex.net/get-media-adv-screenshooter/20873747/75477b03-780e-4e10-adff-81a72fc688af/orig,Текстово-графический,Оригинальный,0.00,0,0,-,-,3,-,0.00,3.00,0.00,100.00,-,-,-,-
Термопанели в Выборге,712773255,17.08.2026,Термопанели (транз),5772834263,Автотаргетинг,,-,0,-,0,,Не определено,-,-,,,,,Сети,Прочее,Не определено,Десктопы,Не определён,Wi-Fi,Женский,Старше 55,2–5%,Не определено,1915593209731060056,Архивные,Комбинаторное,Термопанели с клинкером. Производство в Выборге,"Термопанели с клинкером. Собственное производство, своя цена, нет посредников.",https://marmara-pro.ru?utm_content=termopanel&utm_term={PHRASE},http://direct.yandex.ru/images/direct/5250956/5XPY7aqvM1xRQF8e4uTrqg,карусель 4-3_06.jpg,1163321614,https://avatars.mds.yandex.net/get-media-adv-screenshooter/20873747/75477b03-780e-4e10-adff-81a72fc688af/orig,Текстово-графический,Оригинальный,0.00,0,0,-,-,1,-,0.00,1.00,0.00,100.00,-,-,-,-
Термопанели в Выборге,712773255,17.08.2026,Термопанели (транз),5772834263,Автотаргетинг,,-,0,-,0,,Не определено,-,-,,,,,Сети,Прочее,Не определено,Десктопы,Не определён,Wi-Fi,Женский,Старше 55,2–5%,Не определено,1915593209731060056,Архивные,Комбинаторное,Термопанели с клинкером. Производство в Выборге,"Термопанели с клинкером. Собственное производство, своя цена, нет посредников.",https://marmara-pro.ru?utm_content=termopanel&utm_term={PHRASE},http://direct.yandex.ru/images/direct/5347710/IQolrV6N3GE66OPIldGIug,карусель 4-3_03.jpg,1163321614,https://avatars.mds.yandex.net/get-media-adv-screenshooter/20873747/75477b03-780e-4e10-adff-81a72fc688af/orig,Текстово-графический,Оригинальный,0.00,0,0,-,-,2,-,0.00,2.00,0.00,100.00,-,-,-,-
Термопанели в Выборге,712773255,17.08.2026,Термопанели (транз),5772834263,Автотаргетинг,,-,0,-,0,,Не определено,-,-,,,,,Сети,Прочее,Не определено,Смартфоны,Android,Wi-Fi,Мужской,Старше 55,Остальные,Не определено,1915593209731060056,Архивные,Комбинаторное,Термопанели с клинкером. Производство в Выборге,"Термопанели с клинкером. Собственное производство, своя цена, нет посредников.",https://marmara-pro.ru?utm_content=termopanel&utm_term={PHRASE},http://direct.yandex.ru/images/direct/5250956/5XPY7aqvM1xRQF8e4uTrqg,карусель 4-3_06.jpg,1163321614,https://avatars.mds.yandex.net/get-media-adv-screenshooter/20873747/75477b03-780e-4e10-adff-81a72fc688af/orig,Видео,Оригинальный,0.00,0,0,-,-,1,-,0.00,1.00,0.00,100.00,-,-,-,-
Термопанели в Выборге,712773255,17.08.2026,Термопанели (транз),5772834263,Автотаргетинг,,-,0,-,0,,Не определено,-,-,,,,,Сети,Прочее,Не определено,Смартфоны,Android,Wi-Fi,Женский,45-54 года,Остальные,Не определено,1915593209731060056,Архивные,Комбинаторное,Клинкерные термопанели для наружной отделки дома.,Термопанели с клинкерной плиткой. Современный дизайн. Гарантия. Доставка бесплатно.,https://marmara-pro.ru?utm_content=termopanel&utm_term={PHRASE},http://direct.yandex.ru/images/direct/5258838/atsdh--6wjffT4BtoVXAmw,карусель 4-3_01.jpg,1163321614,https://avatars.mds.yandex.net/get-media-adv-screenshooter/20873747/75477b03-780e-4e10-adff-81a72fc688af/orig,Текстово-графический,Оригинальный,0.00,0,0,-,-,1,-,0.00,1.00,0.00,100.00,-,-,-,-
Термопанели в Выборге,712773255,17.08.2026,Термопанели (транз),5772834263,Автотаргетинг,,-,0,-,0,,Не определено,-,-,,,,,Сети,Прочее,Не определено,Смартфоны,iOS,Wi-Fi,Женский,45-54 года,6–10%,Не определено,1915593209731060056,Архивные,Комбинаторное,Термопанели с клинкером. Производство в Выборге,"Термопанели с клинкером. Собственное производство, своя цена, нет посредников.",https://marmara-pro.ru?utm_content=termopanel&utm_term={PHRASE},http://direct.yandex.ru/images/direct/5250956/5XPY7aqvM1xRQF8e4uTrqg,карусель 4-3_06.jpg,1163321614,https://avatars.mds.yandex.net/get-media-adv-screenshooter/20873747/75477b03-780e-4e10-adff-81a72fc688af/orig,Видео,Оригинальный,0.00,0,0,-,-,1,-,0.00,1.00,0.00,100.00,-,-,-,-
Термопанели в Выборге,712773255,17.08.2026,Термопанели (транз),5772834263,Автотаргетинг,,-,0,-,0,какой толщины клинкерная плитка,Целевые запросы,Запросы без упоминания брендов,-,,,,,Поиск,Товарная галерея,Не определено,Смартфоны,Android,Wi-Fi,Женский,Старше 55,6–10%,Не определено,1915593209731060056,Архивные,Комбинаторное,Термопанели с клинкерной плиткой в Выборге!,"Термопанели с клинкером. Собственное производство, своя цена, нет посредников.",https://marmara-pro.ru?utm_content=termopanel&utm_term={PHRASE},http://direct.yandex.ru/images/direct/5442016/qtxMfdimB3EKymbW9TWLzQ,термопанель.png,-,-,Текстово-графический,Автоматический,0.00,0,0,-,-,1,-,0.00,0.14,0.00,13.50,14.00,-,-,-
Термопанели в Выборге,712773255,17.08.2026,Термопанели (транз),5772834263,Автотаргетинг,,-,0,-,0,термопанель фасадная цена,Целевые запросы,Запросы без упоминания брендов,-,,,,,Поиск,Прочее,Не определено,Смартфоны,Android,Wi-Fi,Женский,45-54 года,Остальные,Не определено,1915593209731060056,Архивные,Комбинаторное,Клинкерные термопанели для наружной отделки дома.,"Термопанели с клинкером. Собственное производство, своя цена, нет посредников.",https://marmara-pro.ru?utm_content=termopanel&utm_term={PHRASE},-,-,-,-,Текстово-графический,Автоматический,0.00,0,0,-,-,1,-,0.00,0.45,0.00,44.58,8.00,-,-,-
Термопанели в Выборге,712773255,17.08.2026,Термопанели (транз),5772834263,Автотаргетинг,,-,0,-,0,утепленная отмостка,Сопутствующие запросы,Запросы без упоминания брендов,-,,,,,Поиск,Реклама в саджесте,Не определено,Смартфоны,iOS,Wi-Fi,Мужской,Старше 55,2–5%,Не определено,1915593209731060056,Архивные,Комбинаторное,Клинкерные термопанели для наружной отделки дома.,"Термопанели с клинкером. Собственное производство, своя цена, нет посредников.",https://marmara-pro.ru?utm_content=termopanel&utm_term={PHRASE},-,-,-,-,Текстово-графический,Автоматический,0.00,0,0,-,-,1,-,0.00,1.00,0.00,100.00,1.00,-,-,-
Термопанели в Выборге,712773255,17.08.2026,Термопанели (транз),5772834263,Автотаргетинг,,-,0,-,0,утеплитель с клинкерной плиткой для фасада,Целевые запросы,Запросы без упоминания брендов,-,,,,,Поиск,Прочее,Не определено,Смартфоны,iOS,Wi-Fi,Мужской,35-44 года,2–5%,Не определено,1915593209731060056,Архивные,Комбинаторное,Клинкерные термопанели для наружной отделки дома.,"Термопанели с клинкером. Собственное производство, своя цена, нет посредников.",https://marmara-pro.ru?utm_content=termopanel&utm_term={PHRASE},-,-,-,-,Текстово-графический,Оригинальный,0.00,0,0,-,-,1,-,0.00,0.55,0.00,54.58,7.00,-,-,-
Термопанели в Выборге,712773255,17.08.2026,Термопанели (транз),5772834263,Автотаргетинг,,-,0,-,0,утеплитель с клинкерной плиткой для фасада,Целевые запросы,Запросы без упоминания брендов,-,,,,,Поиск,Товарная галерея,Не определено,Смартфоны,iOS,Wi-Fi,Мужской,35-44 года,2–5%,Не определено,1915593209731060056,Архивные,Комбинаторное,Клинкерные термопанели для наружной отделки дома.,"Термопанели с клинкером. Собственное производство, своя цена, нет посредников.",https://marmara-pro.ru?utm_content=termopanel&utm_term={PHRASE},http://direct.yandex.ru/images/direct/5347710/IQolrV6N3GE66OPIldGIug,карусель 4-3_03.jpg,-,-,Текстово-графический,Оригинальный,0.00,0,0,-,-,2,-,0.00,0.56,0.00,28.21,6.00,-,-,-
"Приозерский район, Поиск   от 25-07-2026",713047408,18.08.2026,Приозерский район,5776633358,Автотаргетинг,,-,0,-,0,,Широкие запросы,Запросы без упоминания брендов,-,,Термопанели с клинкерной плиткой — КлинкерПрофи,,,Поиск,Прочее,Не определено,Смартфоны,Android,Wi-Fi,Мужской,45-54 года,Остальные,Не определено,1918168175770350076,Активные,Страницы каталога,Термопанели с клинкерной плиткой. Производство в Выборге,"Фасадные термопанели с клинкером. Производство в Выборге, доставка по СПб...",https://marmara-pro.ru/termo?utm_source=yandex&utm_medium=cpc&utm_campaign=termopaneli_priozersk_cpa_search&utm_content=search&utm_term={PHRASE},-,-,-,-,Текстово-графический,Автоматический,0.00,0,0,-,-,1,-,0.00,1.00,0.00,100.00,5.00,-,-,-
"Приозерский район, Поиск   от 25-07-2026",713047408,18.08.2026,Приозерский район,5776633358,Автотаргетинг,,-,0,-,0,амбар строй парнас каталог товаров,Широкие запросы,Запросы с упоминанием брендов конкурентов,-,,,,,Поиск,Спецразмещение,Не определено,Десктопы,Не определён,Wi-Fi,Женский,45-54 года,Остальные,Не определено,1916597733861553174,Архивные,Комбинаторное,Производство в Выборге — доставка в район,Утепление и фасад за один этап. Производство в Выборге. Доставка по Ленобласти.,https://marmara-pro.ru?utm_source=yandex&utm_medium=cpc&utm_campaign=termopaneli_priozersk_cpa_search&utm_content=search&utm_term={PHRASE},-,-,-,-,Текстово-графический,Оригинальный,0.00,0,0,-,-,1,-,0.00,0.63,0.00,63.10,1.00,-,-,-
"Приозерский район, Поиск   от 25-07-2026",713047408,18.08.2026,Приозерский район,5776633358,Автотаргетинг,,-,0,-,0,база раздолье сосново стройматериалов приозерский район,Альтернативные запросы,Запросы с упоминанием брендов конкурентов,-,,,,,Поиск,Спецразмещение,Не определено,Смартфоны,Android,Мобильная связь,Женский,Старше 55,Остальные,Не определено,1916597733861553174,Архивные,Комбинаторное,Производство в Выборге — доставка в район,Утепление и фасад за один этап. Производство в Выборге. Доставка по Ленобласти.,https://marmara-pro.ru?utm_source=yandex&utm_medium=cpc&utm_campaign=termopaneli_priozersk_cpa_search&utm_content=search&utm_term={PHRASE},-,-,-,-,Текстово-графический,Оригинальный,0.00,0,0,-,-,1,-,0.00,0.34,0.00,33.70,2.00,-,-,-
"Приозерский район, Поиск   от 25-07-2026",713047408,18.08.2026,Приозерский район,5776633358,Автотаргетинг,,-,0,-,0,вертикальная и горизонтальная обшивка,Сопутствующие запросы,Запросы без упоминания брендов,-,,,,,Поиск,Спецразмещение,Не определено,Смартфоны,iOS,Wi-Fi,Мужской,35-44 года,Остальные,Не определено,1916597733861553174,Архивные,Комбинаторное,Клинкерные термопанели — КлинкерПрофи,Утепление и фасад за один этап. Производство в Выборге. Доставка по Ленобласти.,https://marmara-pro.ru?utm_source=yandex&utm_medium=cpc&utm_campaign=termopaneli_priozersk_cpa_search&utm_content=search&utm_term={PHRASE},-,-,-,-,Текстово-графический,Оригинальный,0.00,0,0,-,-,2,-,0.00,1.84,0.00,91.94,2.00,-,-,-
"Приозерский район, Поиск   от 25-07-2026",713047408,18.08.2026,Приозерский район,5776633358,Автотаргетинг,,-,0,-,0,вертикальная и горизонтальная обшивка,Сопутствующие запросы,Запросы без упоминания брендов,-,,,,,Поиск,Прочее,Не определено,Смартфоны,iOS,Wi-Fi,Мужской,35-44 года,Остальные,Не определено,1916597733861553174,Архивные,Комбинаторное,Клинкерные термопанели — КлинкерПрофи,Утепление и фасад за один этап. Производство в Выборге. Доставка по Ленобласти.,https://marmara-pro.ru?utm_source=yandex&utm_medium=cpc&utm_campaign=termopaneli_priozersk_cpa_search&utm_content=search&utm_term={PHRASE},-,-,-,-,Текстово-графический,Оригинальный,0.00,0,0,-,-,1,-,0.00,0.77,0.00,76.79,5.00,-,-,-
"Приозерский район, Поиск   от 25-07-2026",713047408,18.08.2026,Приозерский район,5776633358,Автотаргетинг,,-,0,-,0,деке панели фасадные официальный сайт,Альтернативные запросы,Запросы с упоминанием брендов конкурентов,-,,,,,Поиск,Спецразмещение,Не определено,Смартфоны,Android,Wi-Fi,Мужской,35-44 года,Остальные,Не определено,1916597733861553174,Архивные,Комбинаторное,Фасадные термопанели с клинкером,Срок службы 25–50 лет. Не требуют покраски. Подберём толщину под ваш дом.,https://marmara-pro.ru?utm_source=yandex&utm_medium=cpc&utm_campaign=termopaneli_priozersk_cpa_search&utm_content=search&utm_term={PHRASE},-,-,-,-,Текстово-графический,Оригинальный,0.00,0,0,-,-,1,-,0.00,0.33,0.00,32.83,2.00,-,-,-
"Приозерский район, Поиск   от 25-07-2026",713047408,18.08.2026,Приозерский район,5776633358,Автотаргетинг,,-,0,-,0,деке панели фасадные официальный сайт,Альтернативные запросы,Запросы с упоминанием брендов конкурентов,-,,,,,Поиск,Прочее,Не определено,Смартфоны,Android,Wi-Fi,Мужской,35-44 года,Остальные,Не определено,1916597733861553174,Архивные,Комбинаторное,Фасадные термопанели с клинкером,Утепление и фасад за один этап. Производство в Выборге. Доставка по Ленобласти.,https://marmara-pro.ru?utm_source=yandex&utm_medium=cpc&utm_campaign=termopaneli_priozersk_cpa_search&utm_content=search&utm_term={PHRASE},-,-,-,-,Текстово-графический,Оригинальный,0.00,0,0,-,-,1,-,0.00,0.09,0.00,8.50,5.00,-,-,-
"Приозерский район, Поиск   от 25-07-2026",713047408,18.08.2026,Приозерский район,5776633358,Автотаргетинг,,-,0,-,0,если пеноплекс смонтировать к цоколю без клея,Сопутствующие запросы,Запросы без упоминания брендов,-,,,,,Поиск,Прочее,Не определено,Смартфоны,iOS,Wi-Fi,Мужской,25-34 года,2–5%,Не определено,1916597733861553174,Архивные,Комбинаторное,Фасадные термопанели с клинкером,Утепление и фасад за один этап. Производство в Выборге. Доставка по Ленобласти.,https://marmara-pro.ru?utm_source=yandex&utm_medium=cpc&utm_campaign=termopaneli_priozersk_cpa_search&utm_content=search&utm_term={PHRASE},-,-,-,-,Текстово-графический,Оригинальный,0.00,0,0,-,-,1,-,0.00,1.00,0.00,100.00,5.00,-,-,-
"Приозерский район, Поиск   от 25-07-2026",713047408,18.08.2026,Приозерский район,5776633358,Автотаргетинг,,-,0,-,0,если пеноплекс смонтировать к цоколю без клея,Сопутствующие запросы,Запросы без упоминания брендов,-,,Термопанель Колорадо 4 (32 шт),,,Поиск,Прочее,Не определено,Смартфоны,iOS,Wi-Fi,Мужской,25-34 года,2–5%,Не определено,1918168175770350076,Активные,Страницы каталога,Термопанель Колорадо 4 (32 шт),"Фасадная термопанель на основе пенополистирола плотностью 25 кг/м3, с клинкерной...",https://marmara-pro.ru/termo/tproduct/2229245581-395566131472-termopanel-kolorado-4-32-sht?utm_source=yandex&utm_medium=cpc&utm_campaign=termopaneli_priozersk_cpa_search&utm_content=search&utm_term={PHRASE},-,-,-,-,Текстово-графический,Автоматический,0.00,0,0,-,-,1,-,0.00,1.00,0.00,100.00,5.00,-,-,-
"Приозерский район, Поиск   от 25-07-2026",713047408,18.08.2026,Приозерский район,5776633358,Автотаргетинг,,-,0,-,0,зеленый фасад домика с коричневыми рамами,Сопутствующие запросы,Запросы без упоминания брендов,-,,,,,Поиск,Прочее,Не определено,Смартфоны,Android,Wi-Fi,Женский,Старше 55,Остальные,Не определено,1916597733861553174,Архивные,Комбинаторное,Термопанели для дома в Приозерске,Утепление и фасад за один этап. Производство в Выборге. Доставка по Ленобласти.,https://marmara-pro.ru?utm_source=yandex&utm_medium=cpc&utm_campaign=termopaneli_priozersk_cpa_search&utm_content=search&utm_term={PHRASE},-,-,-,-,Текстово-графический,Оригинальный,0.00,0,0,-,-,1,-,0.00,0.09,0.00,8.50,5.00,-,-,-
"Приозерский район, Поиск   от 25-07-2026",713047408,18.08.2026,Приозерский район,5776633358,Автотаргетинг,,-,0,-,0,зеленый фасад домика с серыми рамами,Сопутствующие запросы,Запросы без упоминания брендов,-,,,,,Поиск,Прочее,Не определено,Смартфоны,Android,Wi-Fi,Женский,Старше 55,Остальные,Не определено,1916597733861553174,Архивные,Комбинаторное,Клинкерные термопанели — КлинкерПрофи,Клинкерный фасад без мокрых работ. Монтаж зимой до −15 °C. ППС и ППУ. Звоните!,https://marmara-pro.ru?utm_source=yandex&utm_medium=cpc&utm_campaign=termopaneli_priozersk_cpa_search&utm_content=search&utm_term={PHRASE},-,-,-,-,Текстово-графический,Оригинальный,0.00,0,0,-,-,2,-,0.00,0.17,0.00,8.50,5.00,-,-,-
"Приозерский район, Поиск   от 25-07-2026",713047408,18.08.2026,Приозерский район,5776633358,Автотаргетинг,,-,0,-,0,изыстим в кирпичной облицовке,Сопутствующие запросы,Запросы без упоминания брендов,-,,Клинкерная плитка фасадная STONE (графитовый),,,Поиск,Прочее,Не определено,Смартфоны,Android,Wi-Fi,Женский,18-24 года,Остальные,Не определено,1918168175770350076,Активные,Страницы каталога,Клинкерная плитка фасадная STONE (графитовый),Размер: 245×65 мм Толщина: 7 мм Cтоимость 1 м2 - 1300 ₽,https://marmara-pro.ru/termo/tproduct/2229245581-730709481672-klinkernaya-plitka-fasadnaya-stone-grafi?utm_source=yandex&utm_medium=cpc&utm_campaign=termopaneli_priozersk_cpa_search&utm_content=search&utm_term={PHRASE},-,-,-,-,Текстово-графический,Оригинальный,0.00,0,0,-,-,2,-,0.00,0.17,0.00,8.50,5.00,-,-,-
"Приозерский район, Поиск   от 25-07-2026",713047408,18.08.2026,Приозерский район,5776633358,Автотаргетинг,,-,0,-,0,как крепить фасадные панели,Сопутствующие запросы,Запросы без упоминания брендов,-,,Термопанели с клинкерной плиткой — КлинкерПрофи,,,Поиск,Спецразмещение,Не определено,Смартфоны,iOS,Wi-Fi,Женский,35-44 года,2–5%,Не определено,1918168175770350076,Активные,Страницы каталога,Термопанели с клинкерной плиткой. Производство в Выборге,"Фасадные термопанели с клинкером. Производство в Выборге, доставка по СПб...",https://marmara-pro.ru/termo?utm_source=yandex&utm_medium=cpc&utm_campaign=termopaneli_priozersk_cpa_search&utm_content=search&utm_term={PHRASE},-,-,-,-,Текстово-графический,Оригинальный,0.00,0,0,-,-,1,-,0.00,1.00,0.00,100.00,-,-,-,-
"Приозерский район, Поиск   от 25-07-2026",713047408,18.08.2026,Приозерский район,5776633358,Автотаргетинг,,-,0,-,0,как крепить фасадные панели,Сопутствующие запросы,Запросы без упоминания брендов,-,,Термопанели с клинкерной плиткой — КлинкерПрофи,,,Поиск,Прочее,Не определено,Смартфоны,iOS,Wi-Fi,Женский,35-44 года,2–5%,Не определено,1918168175770350076,Активные,Страницы каталога,Термопанели с клинкерной плиткой. Производство в Выборге,"Фасадные термопанели с клинкером. Производство в Выборге, доставка по СПб...",https://marmara-pro.ru/termo?utm_source=yandex&utm_medium=cpc&utm_campaign=termopaneli_priozersk_cpa_search&utm_content=search&utm_term={PHRASE},-,-,-,-,Текстово-графический,Автоматический,0.00,0,0,-,-,1,-,0.00,0.42,0.00,41.63,6.00,-,-,-
"Приозерский район, Поиск   от 25-07-2026",713047408,18.08.2026,Приозерский район,5776633358,Автотаргетинг,,-,0,-,0,каньон фасадные системы,Альтернативные запросы,Запросы без упоминания брендов,-,,,,,Поиск,Спецразмещение,Не определено,Смартфоны,Android,Wi-Fi,Мужской,35-44 года,2–5%,Не определено,1916597733861553174,Архивные,Комбинаторное,Фасадные термопанели с клинкером,Утепление и фасад за один этап. Производство в Выборге. Доставка по Ленобласти.,https://marmara-pro.ru?utm_source=yandex&utm_medium=cpc&utm_campaign=termopaneli_priozersk_cpa_search&utm_content=search&utm_term={PHRASE},-,-,-,-,Текстово-графический,Оригинальный,0.00,0,0,-,-,1,-,0.00,0.34,0.00,33.90,4.00,-,-,-
"Приозерский район, Поиск   от 25-07-2026",713047408,18.08.2026,Приозерский район,5776633358,Автотаргетинг,,-,0,-,0,клинкер полнотелый для фасада купить,Альтернативные запросы,Запросы без упоминания брендов,-,,Термопанели с клинкерной плиткой — КлинкерПрофи,,,Поиск,Спецразмещение,Не определено,Смартфоны,Android,Wi-Fi,Мужской,45-54 года,Остальные,Не определено,1918168175770350076,Активные,Страницы каталога,Термопанели с клинкерной плиткой. Производство в Выборге,"Фасадные термопанели с клинкером. Производство в Выборге, доставка по СПб...",https://marmara-pro.ru/termo?utm_source=yandex&utm_medium=cpc&utm_campaign=termopaneli_priozersk_cpa_search&utm_content=search&utm_term={PHRASE},-,-,-,-,Текстово-графический,Автоматический,0.00,0,0,-,-,1,-,0.00,0.97,0.00,96.73,1.00,-,-,-
"Приозерский район, Поиск   от 25-07-2026",713047408,18.08.2026,Приозерский район,5776633358,Автотаргетинг,,-,0,-,0,коричневый фасад домика с серыми рамами,Сопутствующие запросы,Запросы без упоминания брендов,-,,,,,Поиск,Прочее,Не определено,Смартфоны,Android,Wi-Fi,Женский,Старше 55,Остальные,Не определено,1916597733861553174,Архивные,Комбинаторное,Термопанели для дома в Приозерске,Клинкерный фасад без мокрых работ. Монтаж зимой до −15 °C. ППС и ППУ. Звоните!,https://marmara-pro.ru?utm_source=yandex&utm_medium=cpc&utm_campaign=termopaneli_priozersk_cpa_search&utm_content=search&utm_term={PHRASE},-,-,-,-,Текстово-графический,Оригинальный,0.00,0,0,-,-,1,-,0.00,0.09,0.00,8.50,5.00,-,-,-
"Приозерский район, Поиск   от 25-07-2026",713047408,18.08.2026,Приозерский район,5776633358,Автотаргетинг,,-,0,-,0,коричневый фасад домика с серыми рамами,Сопутствующие запросы,Запросы без упоминания брендов,-,,,,,Поиск,Прочее,Не определено,Смартфоны,Android,Wi-Fi,Женский,Старше 55,Остальные,Не определено,1916597733861553174,Архивные,Комбинаторное,Термопанели для дома в Приозерске,Утепление и фасад за один этап. Производство в Выборге. Доставка по Ленобласти.,https://marmara-pro.ru?utm_source=yandex&utm_medium=cpc&utm_campaign=termopaneli_priozersk_cpa_search&utm_content=search&utm_term={PHRASE},-,-,-,-,Текстово-графический,Оригинальный,0.00,0,0,-,-,1,-,0.00,0.09,0.00,8.50,5.00,-,-,-
"Приозерский район, Поиск   от 25-07-2026",713047408,18.08.2026,Приозерский район,5776633358,Автотаргетинг,,-,0,-,0,купить облицовку стен снаружи,Широкие запросы,Запросы без упоминания брендов,-,,Термопанели с клинкерной плиткой — КлинкерПрофи,,,Поиск,Спецразмещение,Не определено,Планшеты,Android,Wi-Fi,Мужской,45-54 года,Остальные,Не определено,1918168175770350076,Активные,Страницы каталога,Термопанели с клинкерной плиткой. Производство в Выборге,"Фасадные термопанели с клинкером. Производство в Выборге, доставка по СПб...",https://marmara-pro.ru/termo?utm_source=yandex&utm_medium=cpc&utm_campaign=termopaneli_priozersk_cpa_search&utm_content=search&utm_term={PHRASE},-,-,-,-,Текстово-графический,Оригинальный,0.00,0,0,-,-,1,-,0.00,1.00,0.00,100.00,1.00,-,-,-
"Приозерский район, Поиск   от 25-07-2026",713047408,18.08.2026,Приозерский район,5776633358,Автотаргетинг,,-,0,-,0,купить фасадные панели в гомеле,Альтернативные запросы,Запросы без упоминания брендов,-,,Клинкерная плитка фасадная ALARCON,,,Поиск,Спецразмещение,Не определено,Смартфоны,Android,Wi-Fi,Мужской,Старше 55,Остальные,Не определено,1918168175770350076,Активные,Страницы каталога,Клинкерная плитка фасадная ALARCON,Размер: 245×65 мм Толщина: 7 мм Cтоимость 1 м2 - 1300 ₽,https://marmara-pro.ru/termo/tproduct/2229245581-968229798762-klinkernaya-plitka-fasadnaya-alarcon?utm_source=yandex&utm_medium=cpc&utm_campaign=termopaneli_priozersk_cpa_search&utm_content=search&utm_term={PHRASE},-,-,-,-,Текстово-графический,Автоматический,0.00,0,0,-,-,1,-,0.00,0.76,0.00,76.38,4.00,-,-,-
"Приозерский район, Поиск   от 25-07-2026",713047408,18.08.2026,Приозерский район,5776633358,Автотаргетинг,,-,0,-,0,куплю белорусские термопанели,Альтернативные запросы,Запросы без упоминания брендов,-,,Термопанели с клинкерной плиткой — КлинкерПрофи,,,Поиск,Спецразмещение,Не определено,Смартфоны,Android,Wi-Fi,Мужской,Старше 55,Остальные,Не определено,1918168175770350076,Активные,Страницы каталога,Термопанели с клинкерной плиткой. Производство в Выборге,"Фасадные термопанели с клинкером. Производство в Выборге, доставка по СПб...",https://marmara-pro.ru/termo?utm_source=yandex&utm_medium=cpc&utm_campaign=termopaneli_priozersk_cpa_search&utm_content=search&utm_term={PHRASE},-,-,-,-,Текстово-графический,Автоматический,0.00,0,0,-,-,1,-,0.00,0.91,0.00,90.82,1.00,-,-,-
"Приозерский район, Поиск   от 25-07-2026",713047408,18.08.2026,Приозерский район,5776633358,Автотаргетинг,,-,0,-,0,куплю белорусские термопанели,Альтернативные запросы,Запросы без упоминания брендов,-,,Термопанели с клинкерной плиткой — КлинкерПрофи,,,Поиск,Прочее,Не определено,Смартфоны,Android,Wi-Fi,Мужской,Старше 55,Остальные,Не определено,1918168175770350076,Активные,Страницы каталога,Термопанели с клинкерной плиткой. Производство в Выборге,"Фасадные термопанели с клинкером. Производство в Выборге, доставка по СПб...",https://marmara-pro.ru/termo?utm_source=yandex&utm_medium=cpc&utm_campaign=termopaneli_priozersk_cpa_search&utm_content=search&utm_term={PHRASE},-,-,-,-,Текстово-графический,Автоматический,0.00,0,0,-,-,1,-,0.00,1.37,0.00,137.08,5.00,-,-,-
"Приозерский район, Поиск   от 25-07-2026",713047408,18.08.2026,Приозерский район,5776633358,Автотаргетинг,,-,0,-,0,куплю панели ю пласт клинкерный кирпич,Альтернативные запросы,Запросы без упоминания брендов,-,,Термопанели с клинкерной плиткой — КлинкерПрофи,,,Поиск,Спецразмещение,Не определено,Смартфоны,Android,Wi-Fi,Мужской,Старше 55,Остальные,Не определено,1918168175770350076,Активные,Страницы каталога,Термопанели с клинкерной плиткой. Производство в Выборге,"Фасадные термопанели с клинкером. Производство в Выборге, доставка по СПб...",https://marmara-pro.ru/termo?utm_source=yandex&utm_medium=cpc&utm_campaign=termopaneli_priozersk_cpa_search&utm_content=search&utm_term={PHRASE},-,-,-,-,Текстово-графический,Автоматический,0.00,0,0,-,-,1,-,0.00,0.79,0.00,78.98,1.00,-,-,-
"Приозерский район, Поиск   от 25-07-2026",713047408,18.08.2026,Приозерский район,5776633358,Автотаргетинг,,-,0,-,0,мокрый фасад что это такое,Сопутствующие запросы,Запросы без упоминания брендов,-,,,,,Поиск,Прочее,Не определено,Смартфоны,Android,Wi-Fi,Женский,35-44 года,Остальные,Не определено,1916597733861553174,Архивные,Комбинаторное,Фасадные термопанели с клинкером,Срок службы 25–50 лет. Не требуют покраски. Подберём толщину под ваш дом.,https://marmara-pro.ru?utm_source=yandex&utm_medium=cpc&utm_campaign=termopaneli_priozersk_cpa_search&utm_content=search&utm_term={PHRASE},-,-,-,-,Текстово-графический,Оригинальный,0.00,0,0,-,-,1,-,0.00,0.77,0.00,76.79,5.00,-,-,-
"Приозерский район, Поиск   от 25-07-2026",713047408,18.08.2026,Приозерский район,5776633358,Автотаргетинг,,-,0,-,0,монтаж фибросайдинга fibraplank,Сопутствующие запросы,Запросы без упоминания брендов,-,,,,,Поиск,Прочее,Не определено,Десктопы,Не определён,Wi-Fi,Мужской,35-44 года,Остальные,Не определено,1916597733861553174,Архивные,Комбинаторное,Термопанели для дома в Приозерске,Клинкерный фасад без мокрых работ. Монтаж зимой до −15 °C. ППС и ППУ. Звоните!,https://marmara-pro.ru?utm_source=yandex&utm_medium=cpc&utm_campaign=termopaneli_priozersk_cpa_search&utm_content=search&utm_term={PHRASE},-,-,-,-,Текстово-графический,Оригинальный,0.00,0,0,-,-,1,-,0.00,1.00,0.00,100.00,5.00,-,-,-
"Приозерский район, Поиск   от 25-07-2026",713047408,18.08.2026,Приозерский район,5776633358,Автотаргетинг,,-,0,-,0,на сколько нужно утеплить газобетонный дом из 200 мм,Сопутствующие запросы,Запросы без упоминания брендов,-,,,,,Поиск,Спецразмещение,Не определено,Смартфоны,Android,Wi-Fi,Мужской,Старше 55,Остальные,Не определено,1916597733861553174,Архивные,Комбинаторное,Термопанели для дома в Приозерске,Утепление и фасад за один этап. Производство в Выборге. Доставка по Ленобласти.,https://marmara-pro.ru?utm_source=yandex&utm_medium=cpc&utm_campaign=termopaneli_priozersk_cpa_search&utm_content=search&utm_term={PHRASE},-,-,-,-,Текстово-графический,Оригинальный,0.00,0,0,-,-,1,-,0.00,0.92,0.00,91.95,1.00,-,-,-
"Приозерский район, Поиск   от 25-07-2026",713047408,18.08.2026,Приозерский район,5776633358,Автотаргетинг,,-,0,-,0,облицовка стен снаружи,Сопутствующие запросы,Запросы без упоминания брендов,-,,,,,Поиск,Спецразмещение,Не определено,Смартфоны,Android,Wi-Fi,Мужской,45-54 года,Остальные,Не определено,1916597733861553174,Архивные,Комбинаторное,"Приозерск, Сосново — термопанели с клинкером",Утепление и фасад за один этап. Производство в Выборге. Доставка по Ленобласти.,https://marmara-pro.ru?utm_source=yandex&utm_medium=cpc&utm_campaign=termopaneli_priozersk_cpa_search&utm_content=search&utm_term={PHRASE},-,-,-,-,Текстово-графический,Оригинальный,0.00,0,0,-,-,1,-,0.00,0.73,0.00,73.21,1.00,-,-,-
"Приозерский район, Поиск   от 25-07-2026",713047408,18.08.2026,Приозерский район,5776633358,Автотаргетинг,,-,0,-,0,обрешетка для цокольных панелей свайного фундамента,Сопутствующие запросы,Запросы без упоминания брендов,-,,,,,Поиск,Спецразмещение,Не определено,Десктопы,Не определён,Wi-Fi,Мужской,Старше 55,2–5%,Не определено,1916597733861553174,Архивные,Комбинаторное,Термопанели с клинкерной плиткой - КлинкерПрофи,Срок службы 25–50 лет. Не требуют покраски. Подберём толщину под ваш дом.,https://marmara-pro.ru?utm_source=yandex&utm_medium=cpc&utm_campaign=termopaneli_priozersk_cpa_search&utm_content=search&utm_term={PHRASE},-,-,-,-,Текстово-графический,Оригинальный,0.00,0,0,-,-,1,-,0.00,0.90,0.00,89.90,-,-,-,-
"Приозерский район, Поиск   от 25-07-2026",713047408,18.08.2026,Приозерский район,5776633358,Автотаргетинг,,-,0,-,0,оранжевый утеплитель,Альтернативные запросы,Запросы без упоминания брендов,-,,Термопанель Колорадо 4 (32 шт),,,Поиск,Прочее,Не определено,Смартфоны,Android,Wi-Fi,Мужской,25-34 года,Остальные,Не определено,1918168175770350076,Активные,Страницы каталога,Термопанель Колорадо 4 (32 шт),"Фасадная термопанель на основе пенополистирола плотностью 25 кг/м3, с клинкерной...",https://marmara-pro.ru/termo/tproduct/2229245581-395566131472-termopanel-kolorado-4-32-sht?utm_source=yandex&utm_medium=cpc&utm_campaign=termopaneli_priozersk_cpa_search&utm_content=search&utm_term={PHRASE},-,-,-,-,Текстово-графический,Оригинальный,0.00,0,0,-,-,1,-,0.00,0.09,0.00,8.50,5.00,-,-,-
"Приозерский район, Поиск   от 25-07-2026",713047408,18.08.2026,Приозерский район,5776633358,Автотаргетинг,,-,0,-,0,отделка окон снаружи,Сопутствующие запросы,Запросы без упоминания брендов,-,,,,,Поиск,Спецразмещение,Не определено,Смартфоны,Android,Wi-Fi,Мужской,45-54 года,Остальные,Не определено,1916597733861553174,Архивные,Комбинаторное,Фасадные термопанели с клинкером,Утепление и фасад за один этап. Производство в Выборге. Доставка по Ленобласти.,https://marmara-pro.ru?utm_source=yandex&utm_medium=cpc&utm_campaign=termopaneli_priozersk_cpa_search&utm_content=search&utm_term={PHRASE},-,-,-,-,Текстово-графический,Оригинальный,0.00,0,0,-,-,1,-,0.00,0.86,0.00,86.12,2.00,-,-,-
"Приозерский район, Поиск   от 25-07-2026",713047408,18.08.2026,Приозерский район,5776633358,Автотаргетинг,,-,0,-,0,отделочные панели для наружных стен с утеплителем,Целевые запросы,Запросы без упоминания брендов,-,,,,,Поиск,Спецразмещение,Не определено,Смартфоны,Android,Wi-Fi,Мужской,35-44 года,6–10%,Не определено,1916597733861553174,Архивные,Комбинаторное,Термопанели для дома в Приозерске,Утепление и фасад за один этап. Производство в Выборге. Доставка по Ленобласти.,https://marmara-pro.ru?utm_source=yandex&utm_medium=cpc&utm_campaign=termopaneli_priozersk_cpa_search&utm_content=search&utm_term={PHRASE},-,-,-,-,Текстово-графический,Оригинальный,0.00,0,0,-,-,1,-,0.00,0.63,0.00,63.49,2.00,-,-,-
"Приозерский район, Поиск   от 25-07-2026",713047408,18.08.2026,Приозерский район,5776633358,Автотаргетинг,,-,0,-,0,отделочный материал для наружных стен,Широкие запросы,Запросы без упоминания брендов,-,,Термопанели с клинкерной плиткой — КлинкерПрофи,,,Поиск,Спецразмещение,Не определено,Смартфоны,Android,Wi-Fi,Мужской,45-54 года,Топ 1%,Не определено,1918168175770350076,Активные,Страницы каталога,Термопанели с клинкерной плиткой. Производство в Выборге,"Фасадные термопанели с клинкером. Производство в Выборге, доставка по СПб...",https://marmara-pro.ru/termo?utm_source=yandex&utm_medium=cpc&utm_campaign=termopaneli_priozersk_cpa_search&utm_content=search&utm_term={PHRASE},-,-,-,-,Текстово-графический,Оригинальный,0.00,1,0,0.00,-,1,0.00,100.00,0.95,105.04,95.20,1.00,1.00,0.00,1.00
"Приозерский район, Поиск   от 25-07-2026",713047408,18.08.2026,Приозерский район,5776633358,Автотаргетинг,,-,0,-,0,панель цокольная для фундамента,Широкие запросы,Запросы без упоминания брендов,-,,Термопанели с клинкерной плиткой — КлинкерПрофи,,,Поиск,Спецразмещение,Не определено,Смартфоны,Android,Wi-Fi,Мужской,Старше 55,Остальные,Не определено,1918168175770350076,Активные,Страницы каталога,Термопанели с клинкерной плиткой. Производство в Выборге,"Фасадные термопанели с клинкером. Производство в Выборге, доставка по СПб...",https://marmara-pro.ru/termo?utm_source=yandex&utm_medium=cpc&utm_campaign=termopaneli_priozersk_cpa_search&utm_content=search&utm_term={PHRASE},-,-,-,-,Текстово-графический,Автоматический,0.00,1,0,0.00,-,1,0.00,100.00,0.89,112.72,88.72,1.00,1.00,0.00,1.00
"Приозерский район, Поиск   от 25-07-2026",713047408,18.08.2026,Приозерский район,5776633358,Автотаргетинг,,-,0,-,0,планкен сосновый,Альтернативные запросы,Запросы без упоминания брендов,-,,,,,Поиск,Спецразмещение,Не определено,Смартфоны,iOS,Wi-Fi,Мужской,35-44 года,2–5%,Не определено,1916597733861553174,Архивные,Комбинаторное,Клинкерные термопанели — КлинкерПрофи,Утепление и фасад за один этап. Производство в Выборге. Доставка по Ленобласти.,https://marmara-pro.ru?utm_source=yandex&utm_medium=cpc&utm_campaign=termopaneli_priozersk_cpa_search&utm_content=search&utm_term={PHRASE},-,-,-,-,Текстово-графический,Оригинальный,0.00,0,0,-,-,1,-,0.00,0.41,0.00,41.17,2.00,-,-,-
"Приозерский район, Поиск   от 25-07-2026",713047408,18.08.2026,Приозерский район,5776633358,Автотаргетинг,,-,0,-,0,планкен сосновый разноформатный,Альтернативные запросы,Запросы без упоминания брендов,-,,,,,Поиск,Спецразмещение,Не определено,Смартфоны,iOS,Wi-Fi,Мужской,35-44 года,2–5%,Не определено,1916597733861553174,Архивные,Комбинаторное,Фасадные термопанели с клинкером,Утепление и фасад за один этап. Производство в Выборге. Доставка по Ленобласти.,https://marmara-pro.ru?utm_source=yandex&utm_medium=cpc&utm_campaign=termopaneli_priozersk_cpa_search&utm_content=search&utm_term={PHRASE},-,-,-,-,Текстово-графический,Оригинальный,0.00,0,0,-,-,1,-,0.00,0.92,0.00,91.78,1.00,-,-,-
"Приозерский район, Поиск   от 25-07-2026",713047408,18.08.2026,Приозерский район,5776633358,Автотаргетинг,,-,0,-,0,роквул для фасада каркасного дома,Альтернативные запросы,Запросы без упоминания брендов,-,,,,,Поиск,Спецразмещение,Не определено,Десктопы,Не определён,Wi-Fi,Женский,35-44 года,Остальные,Не определено,1916597733861553174,Архивные,Комбинаторное,Термопанели для дома в Приозерске,Утепление и фасад за один этап. Производство в Выборге. Доставка по Ленобласти.,https://marmara-pro.ru?utm_source=yandex&utm_medium=cpc&utm_campaign=termopaneli_priozersk_cpa_search&utm_content=search&utm_term={PHRASE},-,-,-,-,Текстово-графический,Оригинальный,0.00,0,0,-,-,1,-,0.00,0.70,0.00,70.36,3.00,-,-,-
"Приозерский район, Поиск   от 25-07-2026",713047408,18.08.2026,Приозерский район,5776633358,Автотаргетинг,,-,0,-,0,русь строй материалы,Альтернативные запросы,Запросы с упоминанием брендов конкурентов,-,,,,,Поиск,Спецразмещение,Не определено,Смартфоны,Android,Wi-Fi,Женский,Старше 55,6–10%,Не определено,1916597733861553174,Архивные,Комбинаторное,Производство в Выборге — доставка в район,Утепление и фасад за один этап. Производство в Выборге. Доставка по Ленобласти.,https://marmara-pro.ru?utm_source=yandex&utm_medium=cpc&utm_campaign=termopaneli_priozersk_cpa_search&utm_content=search&utm_term={PHRASE},-,-,-,-,Текстово-графический,Оригинальный,0.00,0,0,-,-,1,-,0.00,0.95,0.00,94.95,1.00,-,-,-
"Приозерский район, Поиск   от 25-07-2026",713047408,18.08.2026,Приозерский район,5776633358,Автотаргетинг,,-,0,-,0,силка теплоизоляционные плиты,Альтернативные запросы,Запросы без упоминания брендов,-,,,,,Поиск,Спецразмещение,Не определено,Смартфоны,Android,Wi-Fi,Женский,Старше 55,Остальные,Не определено,1916597733861553174,Архивные,Комбинаторное,Утепление фасада термопанелями,Клинкерный фасад без мокрых работ. Монтаж зимой до −15 °C. ППС и ППУ. Звоните!,https://marmara-pro.ru?utm_source=yandex&utm_medium=cpc&utm_campaign=termopaneli_priozersk_cpa_search&utm_content=search&utm_term={PHRASE},-,-,-,-,Текстово-графический,Оригинальный,0.00,0,0,-,-,1,-,0.00,0.68,0.00,68.01,2.00,-,-,-
"Приозерский район, Поиск   от 25-07-2026",713047408,18.08.2026,Приозерский район,5776633358,Автотаргетинг,,-,0,-,0,сколько стоит отштукатурить дом,Альтернативные запросы,Запросы без упоминания брендов,-,,,,,Поиск,Спецразмещение,Не определено,Смартфоны,Android,Wi-Fi,Мужской,25-34 года,Остальные,Не определено,1916597733861553174,Архивные,Комбинаторное,Фасадные термопанели с клинкером,Утепление и фасад за один этап. Производство в Выборге. Доставка по Ленобласти.,https://marmara-pro.ru?utm_source=yandex&utm_medium=cpc&utm_campaign=termopaneli_priozersk_cpa_search&utm_content=search&utm_term={PHRASE},-,-,-,-,Текстово-графический,Оригинальный,0.00,0,0,-,-,1,-,0.00,0.55,0.00,54.66,2.00,-,-,-
"Приозерский район, Поиск   от 25-07-2026",713047408,18.08.2026,Приозерский район,5776633358,Автотаргетинг,,-,0,-,0,стоимость укладки клинкерной плитки за квадратный метр,Целевые запросы,Запросы без упоминания брендов,-,,,,,Поиск,Спецразмещение,Не определено,Смартфоны,Android,Wi-Fi,Мужской,35-44 года,6–10%,Не определено,1916597733861553174,Архивные,Комбинаторное,Термопанели с клинкерной плиткой - КлинкерПрофи,Утепление и фасад за один этап. Производство в Выборге. Доставка по Ленобласти.,https://marmara-pro.ru?utm_source=yandex&utm_medium=cpc&utm_campaign=termopaneli_priozersk_cpa_search&utm_content=search&utm_term={PHRASE},-,-,-,-,Текстово-графический,Оригинальный,0.00,0,0,-,-,2,-,0.00,1.94,0.00,97.01,1.00,-,-,-
"Приозерский район, Поиск   от 25-07-2026",713047408,18.08.2026,Приозерский район,5776633358,Автотаргетинг,,-,0,-,0,стоимость укладки клинкерной плитки за квадратный метр,Сопутствующие запросы,Запросы без упоминания брендов,-,,,,,Поиск,Спецразмещение,Не определено,Смартфоны,Android,Wi-Fi,Мужской,35-44 года,6–10%,Не определено,1916597733861553174,Архивные,Комбинаторное,Клинкерные термопанели — КлинкерПрофи,Клинкерный фасад без мокрых работ. Монтаж зимой до −15 °C. ППС и ППУ. Звоните!,https://marmara-pro.ru?utm_source=yandex&utm_medium=cpc&utm_campaign=termopaneli_priozersk_cpa_search&utm_content=search&utm_term={PHRASE},-,-,-,-,Текстово-графический,Оригинальный,0.00,0,0,-,-,1,-,0.00,1.00,0.00,100.00,-,-,-,-
"Приозерский район, Поиск   от 25-07-2026",713047408,18.08.2026,Приозерский район,5776633358,Автотаргетинг,,-,0,-,0,строительная база ларионово,Альтернативные запросы,Запросы без упоминания брендов,-,,,,,Поиск,Спецразмещение,Не определено,Смартфоны,Android,Wi-Fi,Мужской,35-44 года,2–5%,Не определено,1916597733861553174,Архивные,Комбинаторное,Производство в Выборге — доставка в район,Утепление и фасад за один этап. Производство в Выборге. Доставка по Ленобласти.,https://marmara-pro.ru?utm_source=yandex&utm_medium=cpc&utm_campaign=termopaneli_priozersk_cpa_search&utm_content=search&utm_term={PHRASE},-,-,-,-,Текстово-графический,Оригинальный,0.00,0,0,-,-,1,-,0.00,0.83,0.00,82.71,1.00,-,-,-
"Приозерский район, Поиск   от 25-07-2026",713047408,18.08.2026,Приозерский район,5776633358,Автотаргетинг,,-,0,-,0,строительные товары в вартемягах ленинградской области,Широкие запросы,Запросы без упоминания брендов,-,,,,,Поиск,Спецразмещение,Не определено,Десктопы,Не определён,Wi-Fi,Мужской,Старше 55,Остальные,Не определено,1916597733861553174,Архивные,Комбинаторное,Производство в Выборге — доставка в район,Утепление и фасад за один этап. Производство в Выборге. Доставка по Ленобласти.,https://marmara-pro.ru?utm_source=yandex&utm_medium=cpc&utm_campaign=termopaneli_priozersk_cpa_search&utm_content=search&utm_term={PHRASE},-,-,-,-,Текстово-графический,Оригинальный,0.00,0,0,-,-,1,-,0.00,0.74,0.00,74.46,2.00,-,-,-
"Приозерский район, Поиск   от 25-07-2026",713047408,18.08.2026,Приозерский район,5776633358,Автотаргетинг,,-,0,-,0,строительный магазин адмиралтейская,Альтернативные запросы,Запросы без упоминания брендов,-,,,,,Поиск,Прочее,Не определено,Смартфоны,iOS,Wi-Fi,Мужской,25-34 года,6–10%,Не определено,1916597733861553174,Архивные,Комбинаторное,Производство в Выборге — доставка в район,Утепление и фасад за один этап. Производство в Выборге. Доставка по Ленобласти.,https://marmara-pro.ru?utm_source=yandex&utm_medium=cpc&utm_campaign=termopaneli_priozersk_cpa_search&utm_content=search&utm_term={PHRASE},-,-,-,-,Текстово-графический,Оригинальный,0.00,0,0,-,-,1,-,0.00,0.09,0.00,8.50,5.00,-,-,-
"Приозерский район, Поиск   от 25-07-2026",713047408,18.08.2026,Приозерский район,5776633358,Автотаргетинг,,-,0,-,0,строй удача каталог,Широкие запросы,Запросы с упоминанием брендов конкурентов,-,,,,,Поиск,Прочее,Не определено,Смартфоны,Android,Wi-Fi,Мужской,35-44 года,2–5%,Не определено,1916597733861553174,Архивные,Комбинаторное,Производство в Выборге — доставка в район,Утепление и фасад за один этап. Производство в Выборге. Доставка по Ленобласти.,https://marmara-pro.ru?utm_source=yandex&utm_medium=cpc&utm_campaign=termopaneli_priozersk_cpa_search&utm_content=search&utm_term={PHRASE},-,-,-,-,Текстово-графический,Оригинальный,0.00,0,0,-,-,1,-,0.00,0.09,0.00,8.50,5.00,-,-,-
"Приозерский район, Поиск   от 25-07-2026",713047408,18.08.2026,Приозерский район,5776633358,Автотаргетинг,,-,0,-,0,строймагазин в поселке ефимовский бокситогорского района,Альтернативные запросы,Запросы без упоминания брендов,-,,,,,Поиск,Прочее,Не определено,Смартфоны,Android,Wi-Fi,Мужской,35-44 года,Остальные,Не определено,1916597733861553174,Архивные,Комбинаторное,Производство в Выборге — доставка в район,Срок службы 25–50 лет. Не требуют покраски. Подберём толщину под ваш дом.,https://marmara-pro.ru?utm_source=yandex&utm_medium=cpc&utm_campaign=termopaneli_priozersk_cpa_search&utm_content=search&utm_term={PHRASE},-,-,-,-,Текстово-графический,Оригинальный,0.00,0,0,-,-,2,-,0.00,1.77,0.00,88.40,5.00,-,-,-
"Приозерский район, Поиск   от 25-07-2026",713047408,18.08.2026,Приозерский район,5776633358,Автотаргетинг,,-,0,-,0,строймагазин в поселке ефимовский бокситогорского района,Широкие запросы,Запросы без упоминания брендов,-,,,,,Поиск,Прочее,Не определено,Смартфоны,Android,Wi-Fi,Мужской,35-44 года,Остальные,Не определено,1916597733861553174,Архивные,Комбинаторное,Производство в Выборге — доставка в район,Утепление и фасад за один этап. Производство в Выборге. Доставка по Ленобласти.,https://marmara-pro.ru?utm_source=yandex&utm_medium=cpc&utm_campaign=termopaneli_priozersk_cpa_search&utm_content=search&utm_term={PHRASE},-,-,-,-,Текстово-графический,Оригинальный,0.00,0,0,-,-,1,-,0.00,0.09,0.00,8.50,5.00,-,-,-
"Приозерский район, Поиск   от 25-07-2026",713047408,18.08.2026,Приозерский район,5776633358,Автотаргетинг,,-,0,-,0,стройудача сосново каталог товаров,Широкие запросы,Запросы с упоминанием брендов конкурентов,-,,,,,Поиск,Спецразмещение,Не определено,Смартфоны,Android,Wi-Fi,Женский,Старше 55,6–10%,Не определено,1916597733861553174,Архивные,Комбинаторное,Производство в Выборге — доставка в район,Утепление и фасад за один этап. Производство в Выборге. Доставка по Ленобласти.,https://marmara-pro.ru?utm_source=yandex&utm_medium=cpc&utm_campaign=termopaneli_priozersk_cpa_search&utm_content=search&utm_term={PHRASE},-,-,-,-,Текстово-графический,Оригинальный,0.00,0,0,-,-,1,-,0.00,0.65,0.00,65.28,1.00,-,-,-
"Приозерский район, Поиск   от 25-07-2026",713047408,18.08.2026,Приозерский район,5776633358,Автотаргетинг,,-,0,-,0,термопанели для наружной отделки дома,Целевые запросы,Запросы без упоминания брендов,-,,,,,Поиск,Спецразмещение,Не определено,Смартфоны,Android,Wi-Fi,Женский,Старше 55,Остальные,Не определено,1916597733861553174,Архивные,Комбинаторное,Термопанели для дома в Приозерске,Утепление и фасад за один этап. Производство в Выборге. Доставка по Ленобласти.,https://marmara-pro.ru?utm_source=yandex&utm_medium=cpc&utm_campaign=termopaneli_priozersk_cpa_search&utm_content=search&utm_term={PHRASE},-,-,-,-,Текстово-графический,Оригинальный,0.00,0,0,-,-,1,-,0.00,0.63,0.00,63.39,3.00,-,-,-
"Приозерский район, Поиск   от 25-07-2026",713047408,18.08.2026,Приозерский район,5776633358,Автотаргетинг,,-,0,-,0,фасад микеа,Сопутствующие запросы,Запросы без упоминания брендов,-,,,,,Поиск,Спецразмещение,Не определено,Смартфоны,Android,Wi-Fi,Женский,25-34 года,Остальные,Не определено,1916597733861553174,Архивные,Комбинаторное,Фасадные термопанели с клинкером,Утепление и фасад за один этап. Производство в Выборге. Доставка по Ленобласти.,https://marmara-pro.ru?utm_source=yandex&utm_medium=cpc&utm_campaign=termopaneli_priozersk_cpa_search&utm_content=search&utm_term={PHRASE},-,-,-,-,Текстово-графический,Оригинальный,0.00,0,0,-,-,1,-,0.00,1.00,0.00,100.00,-,-,-,-
"Приозерский район, Поиск   от 25-07-2026",713047408,18.08.2026,Приозерский район,5776633358,Автотаргетинг,,-,0,-,0,фасад микеа,Сопутствующие запросы,Запросы без упоминания брендов,-,,,,,Поиск,Прочее,Не определено,Смартфоны,Android,Wi-Fi,Женский,25-34 года,Остальные,Не определено,1916597733861553174,Архивные,Комбинаторное,Фасадные термопанели с клинкером,Утепление и фасад за один этап. Производство в Выборге. Доставка по Ленобласти.,https://marmara-pro.ru?utm_source=yandex&utm_medium=cpc&utm_campaign=termopaneli_priozersk_cpa_search&utm_content=search&utm_term={PHRASE},-,-,-,-,Текстово-графический,Оригинальный,0.00,0,0,-,-,1,-,0.00,0.09,0.00,8.50,5.00,-,-,-
"Приозерский район, Поиск   от 25-07-2026",713047408,18.08.2026,Приозерский район,5776633358,Автотаргетинг,,-,0,-,0,чем крепить фасадные панели,Сопутствующие запросы,Запросы без упоминания брендов,-,,,,,Поиск,Спецразмещение,Не определено,Смартфоны,iOS,Wi-Fi,Женский,35-44 года,2–5%,Не определено,1916597733861553174,Архивные,Комбинаторное,Клинкерные термопанели — КлинкерПрофи,Клинкерный фасад без мокрых работ. Монтаж зимой до −15 °C. ППС и ППУ. Звоните!,https://marmara-pro.ru?utm_source=yandex&utm_medium=cpc&utm_campaign=termopaneli_priozersk_cpa_search&utm_content=search&utm_term={PHRASE},-,-,-,-,Текстово-графический,Оригинальный,0.00,0,0,-,-,1,-,0.00,0.65,0.00,65.27,2.00,-,-,-
"Приозерский район, Поиск   от 25-07-2026",713047408,18.08.2026,Приозерский район,5776633358,Автотаргетинг,,-,0,-,0,чем обшить дом изнутри,Сопутствующие запросы,Запросы без упоминания брендов,-,,,,,Поиск,Спецразмещение,Не определено,Смартфоны,Android,Wi-Fi,Мужской,35-44 года,Остальные,Не определено,1916597733861553174,Архивные,Комбинаторное,Клинкерные термопанели — КлинкерПрофи,Утепление и фасад за один этап. Производство в Выборге. Доставка по Ленобласти.,https://marmara-pro.ru?utm_source=yandex&utm_medium=cpc&utm_campaign=termopaneli_priozersk_cpa_search&utm_content=search&utm_term={PHRASE},-,-,-,-,Текстово-графический,Оригинальный,0.00,0,0,-,-,1,-,0.00,0.86,0.00,86.43,3.00,-,-,-
"Приозерский район, Поиск   от 25-07-2026",713047408,18.08.2026,Приозерский район,5776633358,Автотаргетинг,,-,0,-,0,чистовые варианты отделки цоколя,Сопутствующие запросы,Запросы без упоминания брендов,-,,,,,Поиск,Спецразмещение,Не определено,Смартфоны,iOS,Wi-Fi,Мужской,25-34 года,2–5%,Не определено,1916597733861553174,Архивные,Комбинаторное,Клинкерные термопанели — КлинкерПрофи,Клинкерный фасад без мокрых работ. Монтаж зимой до −15 °C. ППС и ППУ. Звоните!,https://marmara-pro.ru?utm_source=yandex&utm_medium=cpc&utm_campaign=termopaneli_priozersk_cpa_search&utm_content=search&utm_term={PHRASE},-,-,-,-,Текстово-графический,Оригинальный,0.00,0,0,-,-,1,-,0.00,1.14,0.00,113.77,1.00,-,-,-
"Приозерский район, Поиск   от 25-07-2026",713047408,18.08.2026,Приозерский район,5776633358,Автотаргетинг,,-,0,-,0,чистовые варианты отделки цоколя,Сопутствующие запросы,Запросы без упоминания брендов,-,,,,,Поиск,Прочее,Не определено,Смартфоны,iOS,Wi-Fi,Мужской,25-34 года,2–5%,Не определено,1916597733861553174,Архивные,Комбинаторное,Клинкерные термопанели — КлинкерПрофи,Клинкерный фасад без мокрых работ. Монтаж зимой до −15 °C. ППС и ППУ. Звоните!,https://marmara-pro.ru?utm_source=yandex&utm_medium=cpc&utm_campaign=termopaneli_priozersk_cpa_search&utm_content=search&utm_term={PHRASE},-,-,-,-,Текстово-графический,Оригинальный,0.00,0,0,-,-,1,-,0.00,1.00,0.00,100.00,5.00,-,-,-
"Приозерский район, Поиск   от 25-07-2026",713047408,18.08.2026,Приозерский район,5776633358,Автотаргетинг,,-,0,-,0,что будет если на стены снаружи смонтировать пароизоляцию вместо ветрозащитной мембраны,Сопутствующие запросы,Запросы без упоминания брендов,-,,,,,Поиск,Прочее,Не определено,Смартфоны,Android,Wi-Fi,Мужской,45-54 года,Остальные,Не определено,1916597733861553174,Архивные,Комбинаторное,Клинкерные термопанели — КлинкерПрофи,Срок службы 25–50 лет. Не требуют покраски. Подберём толщину под ваш дом.,https://marmara-pro.ru?utm_source=yandex&utm_medium=cpc&utm_campaign=termopaneli_priozersk_cpa_search&utm_content=search&utm_term={PHRASE},-,-,-,-,Текстово-графический,Оригинальный,0.00,0,0,-,-,1,-,0.00,0.77,0.00,76.79,5.00,-,-,-
Термопанели в Выборге,712773255,18.08.2026,Группа 1 - коммерческая,5773901452,Автотаргетинг,,-,0,-,0,,Не определено,-,-,,,,,Сети,Прочее,Не определено,Десктопы,Не определён,Wi-Fi,Мужской,Старше 55,Остальные,Не определено,1915802398259215246,Активные,Комбинаторное,"Термопанели в Выборге - завод на Ленина, 11",Свое производство в Выборге. Приезжайте на образцы. Бесплатная доставка по району.,https://marmara-pro.ru?utm_content=commerce&utm_term={PHRASE},http://direct.yandex.ru/images/direct/5245050/6C6d0cQ-RdpqlPYUtMZQkw,пример 2.jpg,1163322157,https://avatars.mds.yandex.net/get-media-adv-screenshooter/20941197/1d06a155-09ca-4034-b8a4-ad411694a4d7/orig,Видео,Оригинальный,0.00,0,0,-,-,3,-,0.00,3.00,0.00,100.00,-,-,-,-
Термопанели в Выборге,712773255,18.08.2026,Группа 1 - коммерческая,5773901452,Автотаргетинг,,-,0,-,0,,Не определено,-,-,,,,,Сети,Прочее,Не определено,Смартфоны,Android,Wi-Fi,Мужской,Старше 55,Остальные,Не определено,1915802398259215246,Активные,Комбинаторное,Термопанели с клинкером - собственный завод в Выборге,Без посредников - завод. 60+ видов декора. Доставка по Ленобласти.,https://marmara-pro.ru?utm_content=commerce&utm_term={PHRASE},http://direct.yandex.ru/images/direct/4298071/skS6Zjow652PazB91P1Ung,плитка 01.jpg,1163321614,https://avatars.mds.yandex.net/get-media-adv-screenshooter/20873747/75477b03-780e-4e10-adff-81a72fc688af/orig,Текстово-графический,Оригинальный,0.00,0,0,-,-,1,-,0.00,1.00,0.00,100.00,-,-,-,-
Термопанели в Выборге,712773255,18.08.2026,Группа 1 - коммерческая,5773901452,Автотаргетинг,,-,0,-,0,,Не определено,-,-,,,,,Сети,Прочее,Не определено,Смартфоны,Android,Wi-Fi,Женский,45-54 года,Остальные,Не определено,1915802398259215246,Активные,Комбинаторное,Купить термопанели в Выборге напрямую,Свое производство в Выборге. Приезжайте на образцы. Бесплатная доставка по району.,https://marmara-pro.ru?utm_content=commerce&utm_term={PHRASE},http://direct.yandex.ru/images/direct/5250956/5XPY7aqvM1xRQF8e4uTrqg,карусель 4-3_06.jpg,1163321614,https://avatars.mds.yandex.net/get-media-adv-screenshooter/20873747/75477b03-780e-4e10-adff-81a72fc688af/orig,Текстово-графический,Автоматический,0.00,0,0,-,-,1,-,0.00,1.00,0.00,100.00,-,-,-,-
Термопанели в Выборге,712773255,18.08.2026,Группа 1 - коммерческая,5773901452,Автотаргетинг,,-,0,-,0,,Не определено,-,-,,,,,Сети,Прочее,Не определено,Смартфоны,Android,Wi-Fi,Женский,45-54 года,Остальные,Не определено,1915802398259215246,Активные,Комбинаторное,Купить термопанели в Выборге напрямую,Свое производство в Выборге. Приезжайте на образцы. Бесплатная доставка по району.,https://marmara-pro.ru?utm_content=commerce&utm_term={PHRASE},http://direct.yandex.ru/images/direct/5250956/5XPY7aqvM1xRQF8e4uTrqg,карусель 4-3_06.jpg,1163321614,https://avatars.mds.yandex.net/get-media-adv-screenshooter/20873747/75477b03-780e-4e10-adff-81a72fc688af/orig,Видео,Оригинальный,0.00,0,0,-,-,1,-,0.00,1.00,0.00,100.00,-,-,-,-
Термопанели в Выборге,712773255,18.08.2026,Группа 1 - коммерческая,5773901452,Автотаргетинг,,-,0,-,0,,Не определено,-,-,,,,,Сети,Прочее,Не определено,Смартфоны,Android,Wi-Fi,Женский,Старше 55,Остальные,Не определено,1915802398259215246,Активные,Комбинаторное,Клинкерные термопанели - производство Выборг,Свое производство в Выборге. Приезжайте на образцы. Бесплатная доставка по району.,https://marmara-pro.ru?utm_content=commerce&utm_term={PHRASE},http://direct.yandex.ru/images/direct/4298071/skS6Zjow652PazB91P1Ung,плитка 01.jpg,1163322157,https://avatars.mds.yandex.net/get-media-adv-screenshooter/20941197/1d06a155-09ca-4034-b8a4-ad411694a4d7/orig,Текстово-графический,Оригинальный,0.00,0,0,-,-,1,-,0.00,1.00,0.00,100.00,-,-,-,-
Термопанели в Выборге,712773255,18.08.2026,Группа 1 - коммерческая,5773901452,Автотаргетинг,,-,0,-,0,,Не определено,-,-,,,,,Сети,Прочее,Не определено,Смартфоны,Android,Wi-Fi,Женский,Старше 55,Остальные,Не определено,1915802398259215246,Активные,Комбинаторное,Купить термопанели в Выборге напрямую,Свое производство в Выборге. Приезжайте на образцы. Бесплатная доставка по району.,https://marmara-pro.ru?utm_content=commerce&utm_term={PHRASE},http://direct.yandex.ru/images/direct/5250956/5XPY7aqvM1xRQF8e4uTrqg,карусель 4-3_06.jpg,1163321614,https://avatars.mds.yandex.net/get-media-adv-screenshooter/20873747/75477b03-780e-4e10-adff-81a72fc688af/orig,Текстово-графический,Оригинальный,0.00,0,0,-,-,2,-,0.00,2.00,0.00,100.00,-,-,-,-
Термопанели в Выборге,712773255,18.08.2026,Группа 1 - коммерческая,5773901452,Автотаргетинг,,-,0,-,0,,Не определено,-,-,,,,,Сети,Прочее,Не определено,Смартфоны,Android,Мобильная связь,Женский,Старше 55,Остальные,Не определено,1915802398259215246,Активные,Комбинаторное,Клинкерные термопанели - производство Выборг,Без посредников - завод. 60+ видов декора. Доставка по Ленобласти.,https://marmara-pro.ru?utm_content=commerce&utm_term={PHRASE},http://direct.yandex.ru/images/direct/5245050/6C6d0cQ-RdpqlPYUtMZQkw,пример 2.jpg,1163322157,https://avatars.mds.yandex.net/get-media-adv-screenshooter/20941197/1d06a155-09ca-4034-b8a4-ad411694a4d7/orig,Видео,Оригинальный,0.00,0,0,-,-,1,-,0.00,1.00,0.00,100.00,-,-,-,-
Термопанели в Выборге,712773255,18.08.2026,Группа 1 - коммерческая,5773901452,Автотаргетинг,,-,0,-,0,,Не определено,-,-,,,,,Сети,Прочее,Не определено,Смартфоны,Android,Мобильная связь,Женский,Старше 55,Остальные,Не определено,1915802398259215246,Активные,Комбинаторное,Клинкерные термопанели - производство Выборг,Без посредников - завод. 60+ видов декора. Доставка по Ленобласти.,https://marmara-pro.ru?utm_content=commerce&utm_term={PHRASE},http://direct.yandex.ru/images/direct/6195656/qVbV_RGwHrqBiQiD1NgoCw,бейджик (1).jpg,1163322157,https://avatars.mds.yandex.net/get-media-adv-screenshooter/20941197/1d06a155-09ca-4034-b8a4-ad411694a4d7/orig,Текстово-графический,Оригинальный,0.00,0,0,-,-,1,-,0.00,1.00,0.00,100.00,-,-,-,-
Термопанели в Выборге,712773255,18.08.2026,Группа 1 - коммерческая,5773901452,Автотаргетинг,,-,0,-,0,завод сип панелей сертолово,Альтернативные запросы,Запросы без упоминания брендов,-,,,,,Поиск,Прочее,Не определено,Смартфоны,Android,Wi-Fi,Мужской,35-44 года,6–10%,Не определено,1915802398259215246,Активные,Комбинаторное,Производитель термопанелей в Ленобласти,Клинкерная плитка+утеплитель в одной панели. Оплата в два этапа. Звоните!,https://marmara-pro.ru?utm_content=commerce&utm_term={PHRASE},-,-,-,-,Текстово-графический,Оригинальный,0.00,0,0,-,-,1,-,0.00,0.09,0.00,8.50,5.00,-,-,-
Термопанели в Выборге,712773255,18.08.2026,Группа 1 - коммерческая,5773901452,Автотаргетинг,,-,0,-,0,как называется материал для обшивки цоколя из пенопласта и гипса,Целевые запросы,Запросы без упоминания брендов,-,,,,,Поиск,Товарная галерея,Не определено,Смартфоны,Android,Wi-Fi,Женский,45-54 года,2–5%,Не определено,1915802398259215246,Активные,Комбинаторное,Термопанели с клинкером - собственный завод в Выборге,Клинкерная плитка+утеплитель в одной панели. Оплата в два этапа. Звоните!,https://marmara-pro.ru?utm_content=commerce&utm_term={PHRASE},http://direct.yandex.ru/images/direct/6195656/qVbV_RGwHrqBiQiD1NgoCw,бейджик (1).jpg,-,-,Текстово-графический,Оригинальный,0.00,0,0,-,-,1,-,0.00,0.88,0.00,88.34,2.00,-,-,-
Термопанели в Выборге,712773255,18.08.2026,Группа 1 - коммерческая,5773901452,Автотаргетинг,,-,0,-,0,как утеплить лоджию,Сопутствующие запросы,Запросы без упоминания брендов,-,,,,,Поиск,Прочее,Не определено,Смартфоны,iOS,Wi-Fi,Мужской,Старше 55,6–10%,Не определено,1915802398259215246,Активные,Комбинаторное,Гарантия до 5 лет на термопанели,Свое производство в Выборге. Приезжайте на образцы. Бесплатная доставка по району.,https://marmara-pro.ru?utm_content=commerce&utm_term={PHRASE},-,-,-,-,Текстово-графический,Автоматический,0.00,0,0,-,-,1,-,0.00,0.77,0.00,76.79,5.00,-,-,-
Термопанели в Выборге,712773255,18.08.2026,Группа 1 - коммерческая,5773901452,Автотаргетинг,,-,0,-,0,клинкерные термопанели для наружной отделки дома в спб,Целевые запросы,Запросы без упоминания брендов,-,,,,,Поиск,Спецразмещение,Не определено,Десктопы,Не определён,Wi-Fi,Мужской,45-54 года,2–5%,Не определено,1915802398259215246,Активные,Комбинаторное,Клинкерные термопанели - производство Выборг,Клинкерная плитка+утеплитель в одной панели. Оплата в два этапа. Звоните!,https://marmara-pro.ru?utm_content=commerce&utm_term={PHRASE},-,-,-,-,Текстово-графический,Автоматический,0.00,1,0,0.00,-,1,0.00,100.00,0.57,175.93,56.84,3.00,3.00,0.00,1.00
Термопанели в Выборге,712773255,18.08.2026,Группа 1 - коммерческая,5773901452,Автотаргетинг,,-,0,-,0,купить клинкерную плитку т коричневую 240х70х7,Альтернативные запросы,Запросы без упоминания брендов,-,,,,,Поиск,Прочее,Не определено,Смартфоны,iOS,Wi-Fi,Мужской,25-34 года,2–5%,Не определено,1915802398259215246,Активные,Комбинаторное,Термопанели с клинкером - собственный завод в Выборге,Клинкерная плитка+утеплитель в одной панели. Оплата в два этапа. Звоните!,https://marmara-pro.ru?utm_content=commerce&utm_term={PHRASE},-,-,-,-,Текстово-графический,Оригинальный,0.00,0,0,-,-,1,-,0.00,0.09,0.00,8.50,5.00,-,-,-
Термопанели в Выборге,712773255,18.08.2026,Группа 1 - коммерческая,5773901452,Автотаргетинг,,-,0,-,0,купить фасадные панели в гомеле,Целевые запросы,Запросы без упоминания брендов,-,,,,,Поиск,Прочее,Не определено,Смартфоны,Android,Wi-Fi,Мужской,Старше 55,Остальные,Не определено,1915802398259215246,Активные,Комбинаторное,"Термопанели в Выборге - завод на Ленина, 11",Свое производство в Выборге. Приезжайте на образцы. Бесплатная доставка по району.,https://marmara-pro.ru?utm_content=commerce&utm_term={PHRASE},-,-,-,-,Текстово-графический,Оригинальный,0.00,0,0,-,-,2,-,0.00,1.09,0.00,54.58,7.00,-,-,-
Термопанели в Выборге,712773255,18.08.2026,Группа 1 - коммерческая,5773901452,Автотаргетинг,,-,0,-,0,недорогие варианты утепления террасы,Целевые запросы,Запросы без упоминания брендов,-,,,,,Поиск,Товарная галерея,Не определено,Смартфоны,Android,Wi-Fi,Мужской,35-44 года,6–10%,Не определено,1915802398259215246,Активные,Комбинаторное,Производитель термопанелей в Ленобласти,Свое производство в Выборге. Приезжайте на образцы. Бесплатная доставка по району.,https://marmara-pro.ru?utm_content=commerce&utm_term={PHRASE},http://direct.yandex.ru/images/direct/4298071/skS6Zjow652PazB91P1Ung,плитка 01.jpg,-,-,Текстово-графический,Оригинальный,0.00,0,0,-,-,1,-,0.00,0.05,0.00,5.24,21.00,-,-,-
Термопанели в Выборге,712773255,18.08.2026,Группа 1 - коммерческая,5773901452,Автотаргетинг,,-,0,-,0,панели для утепления дома наружные,Целевые запросы,Запросы без упоминания брендов,-,,,,,Поиск,Прочее,Не определено,Смартфоны,iOS,Wi-Fi,Мужской,45-54 года,6–10%,Не определено,1915802398259215246,Активные,Комбинаторное,Производитель термопанелей в Ленобласти,Клинкерная плитка+утеплитель в одной панели. Оплата в два этапа. Звоните!,https://marmara-pro.ru?utm_content=commerce&utm_term={PHRASE},-,-,-,-,Текстово-графический,Оригинальный,0.00,0,0,-,-,1,-,0.00,0.85,0.00,84.88,5.00,-,-,-
Термопанели в Выборге,712773255,18.08.2026,Группа 1 - коммерческая,5773901452,Автотаргетинг,,-,0,-,0,плита цементная 8 мм knauf аквапанель 900x1200 мм 1.08 м2,Альтернативные запросы,Запросы с упоминанием брендов конкурентов,-,,,,,Поиск,Спецразмещение,Не определено,Десктопы,Не определён,Wi-Fi,Мужской,45-54 года,Остальные,Не определено,1915802398259215246,Активные,Комбинаторное,"Термопанели в Выборге - завод на Ленина, 11",Клинкерная плитка+утеплитель в одной панели. Оплата в два этапа. Звоните!,https://marmara-pro.ru?utm_content=commerce&utm_term={PHRASE},-,-,-,-,Текстово-графический,Автоматический,0.00,0,0,-,-,1,-,0.00,0.51,0.00,50.57,2.00,-,-,-
Термопанели в Выборге,712773255,18.08.2026,Группа 1 - коммерческая,5773901452,Автотаргетинг,,-,0,-,0,плитка клинкерная от производителя заказать,Широкие запросы,Запросы без упоминания брендов,-,,,,,Поиск,Прочее,Не определено,Десктопы,Не определён,Wi-Fi,Не определен,Не определен,Остальные,Не определено,1915802398259215246,Активные,Комбинаторное,Клинкерные термопанели - производство Выборг,Клинкерная плитка+утеплитель в одной панели. Оплата в два этапа. Звоните!,https://marmara-pro.ru?utm_content=commerce&utm_term={PHRASE},-,-,-,-,Текстово-графический,Оригинальный,0.00,0,0,-,-,1,-,0.00,0.06,0.00,5.58,-,-,-,-
Термопанели в Выборге,712773255,18.08.2026,Группа 1 - коммерческая,5773901452,Автотаргетинг,,-,0,-,0,профиль стартовый для термопанелей,Сопутствующие запросы,Запросы без упоминания брендов,-,,,,,Поиск,Прочее,Не определено,Смартфоны,Android,Wi-Fi,Мужской,35-44 года,6–10%,Не определено,1915802398259215246,Активные,Комбинаторное,Производитель термопанелей в Ленобласти,Клинкерная плитка+утеплитель в одной панели. Оплата в два этапа. Звоните!,https://marmara-pro.ru?utm_content=commerce&utm_term={PHRASE},-,-,-,-,Текстово-графический,Оригинальный,0.00,0,0,-,-,1,-,0.00,0.09,0.00,8.50,5.00,-,-,-
Термопанели в Выборге,712773255,18.08.2026,Группа 1 - коммерческая,5773901452,Автотаргетинг,,-,0,-,0,термопанели купить двс ап,Целевые запросы,Запросы с упоминанием брендов конкурентов,-,,,,,Поиск,Прочее,Не определено,Десктопы,Не определён,Wi-Fi,Мужской,Не определен,Остальные,Не определено,1915802398259215246,Активные,Комбинаторное,Гарантия до 5 лет на термопанели,Свое производство в Выборге. Приезжайте на образцы. Бесплатная доставка по району.,https://marmara-pro.ru?utm_content=commerce&utm_term={PHRASE},-,-,-,-,Текстово-графический,Автоматический,0.00,0,0,-,-,1,-,0.00,0.55,0.00,54.58,7.00,-,-,-
Термопанели в Выборге,712773255,18.08.2026,Группа 1 - коммерческая,5773901452,Автотаргетинг,,-,0,-,0,термопанели купить двс ап,Целевые запросы,Запросы с упоминанием брендов конкурентов,-,,,,,Поиск,Товарная галерея,Не определено,Десктопы,Не определён,Wi-Fi,Мужской,Не определен,Остальные,Не определено,1915802398259215246,Активные,Комбинаторное,Гарантия до 5 лет на термопанели,Свое производство в Выборге. Приезжайте на образцы. Бесплатная доставка по району.,https://marmara-pro.ru?utm_content=commerce&utm_term={PHRASE},http://direct.yandex.ru/images/direct/5442016/qtxMfdimB3EKymbW9TWLzQ,термопанель.png,-,-,Текстово-графический,Автоматический,0.00,0,0,-,-,1,-,0.00,0.68,0.00,67.76,3.00,-,-,-
Термопанели в Выборге,712773255,18.08.2026,Группа 1 - коммерческая,5773901452,Автотаргетинг,,-,0,-,0,терморустик панели,Альтернативные запросы,Запросы с упоминанием брендов конкурентов,-,,,,,Поиск,Спецразмещение,Не определено,Смартфоны,Android,Wi-Fi,Мужской,Старше 55,Остальные,Не определено,1915802398259215246,Активные,Комбинаторное,"Термопанели в Выборге - завод на Ленина, 11",Свое производство в Выборге. Приезжайте на образцы. Бесплатная доставка по району.,https://marmara-pro.ru?utm_content=commerce&utm_term={PHRASE},-,-,-,-,Текстово-графический,Автоматический,0.00,0,0,-,-,1,-,0.00,0.47,0.00,46.54,3.00,-,-,-
Термопанели в Выборге,712773255,18.08.2026,Группа 1 - коммерческая,5773901452,Автотаргетинг,,-,0,-,0,уличные реечные панели,Узкие запросы,Запросы без упоминания брендов,-,,,,,Поиск,Прочее,Не определено,Десктопы,Не определён,Wi-Fi,Мужской,45-54 года,6–10%,Не определено,1915802398259215246,Активные,Комбинаторное,Производитель термопанелей в Ленобласти,Без посредников - завод. 60+ видов декора. Доставка по Ленобласти.,https://marmara-pro.ru?utm_content=commerce&utm_term={PHRASE},-,-,-,-,Текстово-графический,Автоматический,0.00,0,0,-,-,1,-,0.00,1.00,0.00,100.00,5.00,-,-,-
Термопанели в Выборге,712773255,18.08.2026,Группа 1 - коммерческая,5773901452,Автотаргетинг,,-,0,-,0,фасадные панели для наружной отделки дома,Целевые запросы,Запросы без упоминания брендов,-,,,,,Поиск,Прочее,Не определено,Десктопы,Не определён,Wi-Fi,Мужской,Старше 55,Остальные,Не определено,1915802398259215246,Активные,Комбинаторное,Гарантия до 5 лет на термопанели,Свое производство в Выборге. Приезжайте на образцы. Бесплатная доставка по району.,https://marmara-pro.ru?utm_content=commerce&utm_term={PHRASE},-,-,-,-,Текстово-графический,Оригинальный,0.00,0,0,-,-,1,-,0.00,0.55,0.00,54.58,7.00,-,-,-
Термопанели в Выборге,712773255,18.08.2026,Группа 1 - коммерческая,5773901452,Автотаргетинг,,-,0,-,0,цокольные панели для фундамента,Целевые запросы,Запросы без упоминания брендов,-,,,,,Поиск,Прочее,Не определено,Десктопы,Не определён,Wi-Fi,Женский,45-54 года,Остальные,Не определено,1915802398259215246,Активные,Комбинаторное,Производитель термопанелей в Ленобласти,Свое производство в Выборге. Приезжайте на образцы. Бесплатная доставка по району.,https://marmara-pro.ru?utm_content=commerce&utm_term={PHRASE},-,-,-,-,Текстово-графический,Оригинальный,0.00,0,0,-,-,1,-,0.00,0.45,0.00,44.58,8.00,-,-,-
Термопанели в Выборге,712773255,18.08.2026,Группа 1 - коммерческая,5773901452,Автотаргетинг,,-,0,-,0,цокольные термопанели под камень,Узкие запросы,Запросы без упоминания брендов,-,,,,,Поиск,Прочее,Не определено,Десктопы,Не определён,Wi-Fi,Мужской,45-54 года,Остальные,Не определено,1915802398259215246,Активные,Комбинаторное,Производитель термопанелей в Ленобласти,Клинкерная плитка+утеплитель в одной панели. Оплата в два этапа. Звоните!,https://marmara-pro.ru?utm_content=commerce&utm_term={PHRASE},-,-,-,-,Текстово-графический,Оригинальный,0.00,0,0,-,-,1,-,0.00,0.06,0.00,6.31,-,-,-,-
Термопанели в Выборге,712773255,18.08.2026,Группа 2 - Гео (ключевая),5773898865,Автотаргетинг,,-,0,-,0,,Не определено,-,-,,,,,Сети,Прочее,Не определено,Смартфоны,Android,Wi-Fi,Мужской,25-34 года,2–5%,Не определено,1915800871397818629,Активные,Комбинаторное,"Термопанели в Выборге - завод на Ленина, 11",Клинкерная плитка+утеплитель в одной панели. Оплата в два этапа. Звоните!,https://marmara-pro.ru?utm_content=zavod&utm_term={PHRASE},http://direct.yandex.ru/images/direct/5442016/qtxMfdimB3EKymbW9TWLzQ,термопанель.png,1163322157,https://avatars.mds.yandex.net/get-media-adv-screenshooter/20941197/1d06a155-09ca-4034-b8a4-ad411694a4d7/orig,Текстово-графический,Оригинальный,0.00,0,0,-,-,1,-,0.00,1.00,0.00,100.00,-,-,-,-
Термопанели в Выборге,712773255,18.08.2026,Группа 2 - Гео (ключевая),5773898865,Автотаргетинг,,-,0,-,0,,Не определено,-,-,,,,,Сети,Прочее,Не определено,Смартфоны,Android,Wi-Fi,Мужской,45-54 года,Остальные,Не определено,1915800871397818629,Активные,Комбинаторное,Купить термопанели в Выборге напрямую,Клинкерная плитка+утеплитель в одной панели. Оплата в два этапа. Звоните!,https://marmara-pro.ru?utm_content=zavod&utm_term={PHRASE},http://direct.yandex.ru/images/direct/4298071/skS6Zjow652PazB91P1Ung,плитка 01.jpg,1163322157,https://avatars.mds.yandex.net/get-media-adv-screenshooter/20941197/1d06a155-09ca-4034-b8a4-ad411694a4d7/orig,Видео,Оригинальный,0.00,0,0,-,-,1,-,0.00,1.00,0.00,100.00,-,-,-,-
Термопанели в Выборге,712773255,18.08.2026,Группа 2 - Гео (ключевая),5773898865,Автотаргетинг,,-,0,-,0,,Не определено,-,-,,,,,Сети,Прочее,Не определено,Смартфоны,Android,Wi-Fi,Мужской,Старше 55,Остальные,Не определено,1915800871397818629,Активные,Комбинаторное,Купить термопанели в Выборге напрямую,Клинкерная плитка+утеплитель в одной панели. Оплата в два этапа. Звоните!,https://marmara-pro.ru?utm_content=zavod&utm_term={PHRASE},http://direct.yandex.ru/images/direct/4298071/skS6Zjow652PazB91P1Ung,плитка 01.jpg,1163322157,https://avatars.mds.yandex.net/get-media-adv-screenshooter/20941197/1d06a155-09ca-4034-b8a4-ad411694a4d7/orig,Текстово-графический,Автоматический,0.00,0,0,-,-,1,-,0.00,1.00,0.00,100.00,-,-,-,-
Термопанели в Выборге,712773255,18.08.2026,Группа 2 - Гео (ключевая),5773898865,Автотаргетинг,,-,0,-,0,,Не определено,-,-,,,,,Сети,Прочее,Не определено,Смартфоны,Android,Wi-Fi,Женский,45-54 года,Остальные,Не определено,1915800871397818629,Активные,Комбинаторное,Производитель термопанелей в Ленобласти,Свое производство в Выборге. Приезжайте на образцы. Бесплатная доставка по району.,https://marmara-pro.ru?utm_content=zavod&utm_term={PHRASE},http://direct.yandex.ru/images/direct/5250956/5XPY7aqvM1xRQF8e4uTrqg,карусель 4-3_06.jpg,1163322157,https://avatars.mds.yandex.net/get-media-adv-screenshooter/20941197/1d06a155-09ca-4034-b8a4-ad411694a4d7/orig,Текстово-графический,Оригинальный,0.00,0,0,-,-,1,-,0.00,1.00,0.00,100.00,-,-,-,-
Термопанели в Выборге,712773255,18.08.2026,Группа 2 - Гео (ключевая),5773898865,Автотаргетинг,,-,0,-,0,,Не определено,-,-,,,,,Сети,Прочее,Не определено,Смартфоны,Android,Wi-Fi,Женский,Старше 55,Остальные,Не определено,1915800871397818629,Активные,Комбинаторное,Купить термопанели в Выборге напрямую,Клинкерная плитка+утеплитель в одной панели. Оплата в два этапа. Звоните!,https://marmara-pro.ru?utm_content=zavod&utm_term={PHRASE},http://direct.yandex.ru/images/direct/4298071/skS6Zjow652PazB91P1Ung,плитка 01.jpg,1163322157,https://avatars.mds.yandex.net/get-media-adv-screenshooter/20941197/1d06a155-09ca-4034-b8a4-ad411694a4d7/orig,Видео,Автоматический,0.00,0,0,-,-,1,-,0.00,1.00,0.00,100.00,-,-,-,-
Термопанели в Выборге,712773255,18.08.2026,Группа 2 - Гео (ключевая),5773898865,Автотаргетинг,,-,0,-,0,искусственная каменная панель для отделки стен,Целевые запросы,Запросы без упоминания брендов,-,,,,,Поиск,Прочее,Не определено,Десктопы,Не определён,Wi-Fi,Мужской,45-54 года,Остальные,Не определено,1915800871397818629,Активные,Комбинаторное,Гарантия до 5 лет на термопанели,Свое производство в Выборге. Приезжайте на образцы. Бесплатная доставка по району.,https://marmara-pro.ru?utm_content=zavod&utm_term={PHRASE},-,-,-,-,Текстово-графический,Оригинальный,0.00,0,0,-,-,1,-,0.00,0.55,0.00,54.58,7.00,-,-,-
Термопанели в Выборге,712773255,18.08.2026,Группа 2 - Гео (ключевая),5773898865,Автотаргетинг,,-,0,-,0,керамическая фасадная плитка для наружной отделки дома,Целевые запросы,Запросы без упоминания брендов,-,,,,,Поиск,Прочее,Не определено,Десктопы,Не определён,Мобильная связь,Женский,25-34 года,2–5%,Не определено,1915800871397818629,Активные,Комбинаторное,Клинкерные термопанели - производство Выборг,Свое производство в Выборге. Приезжайте на образцы. Бесплатная доставка по району.,https://marmara-pro.ru?utm_content=zavod&utm_term={PHRASE},-,-,-,-,Текстово-графический,Оригинальный,0.00,0,0,-,-,1,-,0.00,0.45,0.00,44.58,8.00,-,-,-
Термопанели в Выборге,712773255,18.08.2026,Группа 2 - Гео (ключевая),5773898865,Автотаргетинг,,-,0,-,0,керамическая фасадная плитка для наружной отделки дома,Целевые запросы,Запросы без упоминания брендов,-,,,,,Поиск,Товарная галерея,Не определено,Десктопы,Не определён,Мобильная связь,Женский,25-34 года,2–5%,Не определено,1915800871397818629,Активные,Комбинаторное,Клинкерные термопанели - производство Выборг,Свое производство в Выборге. Приезжайте на образцы. Бесплатная доставка по району.,https://marmara-pro.ru?utm_content=zavod&utm_term={PHRASE},http://direct.yandex.ru/images/direct/5250956/5XPY7aqvM1xRQF8e4uTrqg,карусель 4-3_06.jpg,-,-,Текстово-графический,Оригинальный,0.00,0,0,-,-,1,-,0.00,0.08,0.00,7.94,16.00,-,-,-
Термопанели в Выборге,712773255,18.08.2026,Группа 2 - Гео (ключевая),5773898865,Автотаргетинг,,-,0,-,0,плитка из искусственного камня для наружной отделки,Целевые запросы,Запросы без упоминания брендов,-,,,,,Поиск,Товарная галерея,Не определено,Десктопы,Не определён,Wi-Fi,Женский,Старше 55,Остальные,Не определено,1915800871397818629,Активные,Комбинаторное,Клинкерные термопанели - производство Выборг,Свое производство в Выборге. Приезжайте на образцы. Бесплатная доставка по району.,https://marmara-pro.ru?utm_content=zavod&utm_term={PHRASE},http://direct.yandex.ru/images/direct/5250956/5XPY7aqvM1xRQF8e4uTrqg,карусель 4-3_06.jpg,-,-,Текстово-графический,Оригинальный,0.00,0,0,-,-,1,-,0.00,0.06,0.00,5.76,30.00,-,-,-
Термопанели в Выборге,712773255,18.08.2026,Группа 2 - Гео (ключевая),5773898865,Автотаргетинг,,-,0,-,0,стройтовары выборг,Широкие запросы,Запросы без упоминания брендов,-,,,,,Поиск,Прочее,Не определено,Смартфоны,iOS,Мобильная связь,Женский,Старше 55,6–10%,Не определено,1915800871397818629,Активные,Комбинаторное,Бесплатная доставка по Выборгскому району,Клинкерная плитка+утеплитель в одной панели. Оплата в два этапа. Звоните!,https://marmara-pro.ru?utm_content=zavod&utm_term={PHRASE},-,-,-,-,Текстово-графический,Оригинальный,0.00,0,0,-,-,1,-,0.00,0.09,0.00,8.50,5.00,-,-,-
Термопанели в Выборге,712773255,18.08.2026,Группа 2 - Гео (ключевая),5773898865,Автотаргетинг,,-,0,-,0,стройтовары выборг,Широкие запросы,Запросы без упоминания брендов,-,,,,,Поиск,Прочее,Не определено,Смартфоны,iOS,Мобильная связь,Женский,Старше 55,6–10%,Не определено,1915800871397818629,Активные,Комбинаторное,Бесплатная доставка по Выборгскому району,Свое производство в Выборге. Приезжайте на образцы. Бесплатная доставка по району.,https://marmara-pro.ru?utm_content=zavod&utm_term={PHRASE},-,-,-,-,Текстово-графический,Оригинальный,0.00,0,0,-,-,1,-,0.00,0.09,0.00,8.50,5.00,-,-,-
Термопанели в Выборге,712773255,18.08.2026,Группа 2 - Гео (ключевая),5773898865,Автотаргетинг,,-,0,-,0,термопанели без текстуры,Целевые запросы,Запросы без упоминания брендов,-,,,,,Поиск,Товарная галерея,Не определено,Десктопы,Не определён,Wi-Fi,Мужской,35-44 года,2–5%,Не определено,1915800871397818629,Активные,Комбинаторное,Гарантия до 5 лет на термопанели,Клинкерная плитка+утеплитель в одной панели. Оплата в два этапа. Звоните!,https://marmara-pro.ru?utm_content=zavod&utm_term={PHRASE},http://direct.yandex.ru/images/direct/5442016/qtxMfdimB3EKymbW9TWLzQ,термопанель.png,-,-,Текстово-графический,Оригинальный,0.00,0,0,-,-,1,-,0.00,0.31,0.00,30.99,8.00,-,-,-
Термопанели в Выборге,712773255,18.08.2026,Группа 2 - Гео (ключевая),5773898865,Автотаргетинг,,-,0,-,0,термопанель рядовая амстердам 7,Альтернативные запросы,Запросы с упоминанием брендов конкурентов,-,,,,,Поиск,Спецразмещение,Не определено,Десктопы,Не определён,Wi-Fi,Мужской,35-44 года,2–5%,Не определено,1915800871397818629,Активные,Комбинаторное,Производитель термопанелей в Ленобласти,Свое производство в Выборге. Приезжайте на образцы. Бесплатная доставка по району.,https://marmara-pro.ru?utm_content=zavod&utm_term={PHRASE},-,-,-,-,Текстово-графический,Оригинальный,0.00,0,0,-,-,1,-,0.00,0.54,0.00,53.70,2.00,-,-,-
Термопанели в Выборге,712773255,18.08.2026,Группа 2 - Гео (ключевая),5773898865,Автотаргетинг,,-,0,-,0,уличные реечные панели,Альтернативные запросы,Запросы без упоминания брендов,-,,,,,Поиск,Спецразмещение,Не определено,Десктопы,Не определён,Wi-Fi,Мужской,45-54 года,6–10%,Не определено,1915800871397818629,Активные,Комбинаторное,Купить термопанели в Выборге напрямую,Клинкерная плитка+утеплитель в одной панели. Оплата в два этапа. Звоните!,https://marmara-pro.ru?utm_content=zavod&utm_term={PHRASE},-,-,-,-,Текстово-графический,Автоматический,0.00,0,0,-,-,1,-,0.00,0.61,0.00,61.18,3.00,-,-,-
Термопанели в Выборге,712773255,18.08.2026,Группа 2 - Гео (ключевая),5773898865,Автотаргетинг,,-,0,-,0,уличные реечные панели,Альтернативные запросы,Запросы без упоминания брендов,-,,,,,Поиск,Прочее,Не определено,Десктопы,Не определён,Wi-Fi,Мужской,45-54 года,6–10%,Не определено,1915800871397818629,Активные,Комбинаторное,Клинкерные термопанели - производство Выборг,Свое производство в Выборге. Приезжайте на образцы. Бесплатная доставка по району.,https://marmara-pro.ru?utm_content=zavod&utm_term={PHRASE},-,-,-,-,Текстово-графический,Автоматический,0.00,0,0,-,-,1,-,0.00,1.12,0.00,112.46,5.00,-,-,-
Термопанели в Выборге,712773255,18.08.2026,Группа 2 - Гео (ключевая),5773898865,Автотаргетинг,,-,0,-,0,уличные реечные панели из дпк,Альтернативные запросы,Запросы без упоминания брендов,-,,,,,Поиск,Спецразмещение,Не определено,Десктопы,Не определён,Wi-Fi,Мужской,45-54 года,6–10%,Не определено,1915800871397818629,Активные,Комбинаторное,Производитель термопанелей в Ленобласти,Свое производство в Выборге. Приезжайте на образцы. Бесплатная доставка по району.,https://marmara-pro.ru?utm_content=zavod&utm_term={PHRASE},-,-,-,-,Текстово-графический,Автоматический,0.00,0,0,-,-,1,-,0.00,0.48,0.00,48.47,4.00,-,-,-
Термопанели в Выборге,712773255,18.08.2026,Группа 2 - Гео (ключевая),5773898865,Автотаргетинг,,-,0,-,0,уличные реечные панели из дпк,Альтернативные запросы,Запросы без упоминания брендов,-,,,,,Поиск,Спецразмещение,Не определено,Десктопы,Не определён,Wi-Fi,Мужской,45-54 года,6–10%,Не определено,1915800871397818629,Активные,Комбинаторное,Термопанели с клинкером - собственный завод в Выборге,Без посредников - завод. 60+ видов декора. Доставка по Ленобласти.,https://marmara-pro.ru?utm_content=zavod&utm_term={PHRASE},-,-,-,-,Текстово-графический,Автоматический,0.00,0,0,-,-,1,-,0.00,0.82,0.00,82.48,2.00,-,-,-
Термопанели в Выборге,712773255,18.08.2026,Группа 2 - Гео (ключевая),5773898865,Автотаргетинг,,-,0,-,0,фасадные панели пенополистирол с расшивкой,Целевые запросы,Запросы без упоминания брендов,-,,,,,Поиск,Прочее,Не определено,Смартфоны,Android,Wi-Fi,Женский,45-54 года,Остальные,Не определено,1915800871397818629,Активные,Комбинаторное,Гарантия до 5 лет на термопанели,Свое производство в Выборге. Приезжайте на образцы. Бесплатная доставка по району.,https://marmara-pro.ru?utm_content=zavod&utm_term={PHRASE},-,-,-,-,Текстово-графический,Оригинальный,0.00,0,0,-,-,1,-,0.00,0.85,0.00,84.88,5.00,-,-,-
Термопанели в Выборге,712773255,18.08.2026,Группа 3 - клинкер (продуктовая),5773902142,Автотаргетинг,,-,0,-,0,,Не определено,-,-,,,,,Сети,Прочее,Не определено,Десктопы,Не определён,Wi-Fi,Мужской,45-54 года,Остальные,Не определено,1915802914729060647,Активные,Комбинаторное,"Термопанели в Выборге - завод на Ленина, 11",Свое производство в Выборге. Приезжайте на образцы. Бесплатная доставка по району.,https://marmara-pro.ru?utm_content=product&utm_term={PHRASE},http://direct.yandex.ru/images/direct/5245050/6C6d0cQ-RdpqlPYUtMZQkw,пример 2.jpg,1163321614,https://avatars.mds.yandex.net/get-media-adv-screenshooter/20873747/75477b03-780e-4e10-adff-81a72fc688af/orig,Видео,Оригинальный,0.00,0,0,-,-,1,-,0.00,1.00,0.00,100.00,-,-,-,-
Термопанели в Выборге,712773255,18.08.2026,Группа 3 - клинкер (продуктовая),5773902142,Автотаргетинг,,-,0,-,0,,Не определено,-,-,,,,,Сети,Прочее,Не определено,Десктопы,Не определён,Wi-Fi,Мужской,45-54 года,2–5%,Не определено,1915802914729060647,Активные,Комбинаторное,Термопанели с клинкером - собственный завод в Выборге,Без посредников - завод. 60+ видов декора. Доставка по Ленобласти.,https://marmara-pro.ru?utm_content=product&utm_term={PHRASE},http://direct.yandex.ru/images/direct/5442016/qtxMfdimB3EKymbW9TWLzQ,термопанель.png,1163321614,https://avatars.mds.yandex.net/get-media-adv-screenshooter/20873747/75477b03-780e-4e10-adff-81a72fc688af/orig,Текстово-графический,Автоматический,0.00,0,0,-,-,1,-,0.00,1.00,0.00,100.00,-,-,-,-
Термопанели в Выборге,712773255,18.08.2026,Группа 3 - клинкер (продуктовая),5773902142,Автотаргетинг,,-,0,-,0,,Не определено,-,-,,,,,Сети,Прочее,Не определено,Десктопы,Не определён,Wi-Fi,Мужской,Старше 55,Остальные,Не определено,1915802914729060647,Активные,Комбинаторное,"Термопанели в Выборге - завод на Ленина, 11",Свое производство в Выборге. Приезжайте на образцы. Бесплатная доставка по району.,https://marmara-pro.ru?utm_content=product&utm_term={PHRASE},http://direct.yandex.ru/images/direct/6195656/qVbV_RGwHrqBiQiD1NgoCw,бейджик (1).jpg,1163322157,https://avatars.mds.yandex.net/get-media-adv-screenshooter/20941197/1d06a155-09ca-4034-b8a4-ad411694a4d7/orig,Видео,Оригинальный,0.00,0,0,-,-,1,-,0.00,1.00,0.00,100.00,-,-,-,-
Термопанели в Выборге,712773255,18.08.2026,Группа 3 - клинкер (продуктовая),5773902142,Автотаргетинг,,-,0,-,0,,Не определено,-,-,,,,,Сети,Прочее,Не определено,Десктопы,Не определён,Wi-Fi,Мужской,Старше 55,Остальные,Не определено,1915802914729060647,Активные,Комбинаторное,"Термопанели в Выборге - завод на Ленина, 11",Свое производство в Выборге. Приезжайте на образцы. Бесплатная доставка по району.,https://marmara-pro.ru?utm_content=product&utm_term={PHRASE},http://direct.yandex.ru/images/direct/6195656/qVbV_RGwHrqBiQiD1NgoCw,бейджик (1).jpg,1163322157,https://avatars.mds.yandex.net/get-media-adv-screenshooter/20941197/1d06a155-09ca-4034-b8a4-ad411694a4d7/orig,Карусель,Оригинальный,0.00,0,0,-,-,1,-,0.00,1.00,0.00,100.00,-,-,-,-
Термопанели в Выборге,712773255,18.08.2026,Группа 3 - клинкер (продуктовая),5773902142,Автотаргетинг,,-,0,-,0,,Не определено,-,-,,,,,Сети,Прочее,Не определено,Десктопы,Не определён,Wi-Fi,Мужской,Старше 55,Остальные,Не определено,1915802914729060647,Активные,Комбинаторное,Термопанели с клинкером - собственный завод в Выборге,Без посредников - завод. 60+ видов декора. Доставка по Ленобласти.,https://marmara-pro.ru?utm_content=product&utm_term={PHRASE},http://direct.yandex.ru/images/direct/5442016/qtxMfdimB3EKymbW9TWLzQ,термопанель.png,1163321614,https://avatars.mds.yandex.net/get-media-adv-screenshooter/20873747/75477b03-780e-4e10-adff-81a72fc688af/orig,Видео,Автоматический,0.00,0,0,-,-,1,-,0.00,1.00,0.00,100.00,-,-,-,-
Термопанели в Выборге,712773255,18.08.2026,Группа 3 - клинкер (продуктовая),5773902142,Автотаргетинг,,-,0,-,0,,Не определено,-,-,,,,,Сети,Прочее,Не определено,Смартфоны,Android,Wi-Fi,Мужской,Не определен,Остальные,Не определено,1915802914729060647,Активные,Комбинаторное,Бесплатная доставка по Выборгскому району,Свое производство в Выборге. Приезжайте на образцы. Бесплатная доставка по району.,https://marmara-pro.ru?utm_content=product&utm_term={PHRASE},http://direct.yandex.ru/images/direct/5245050/6C6d0cQ-RdpqlPYUtMZQkw,пример 2.jpg,1163322157,https://avatars.mds.yandex.net/get-media-adv-screenshooter/20941197/1d06a155-09ca-4034-b8a4-ad411694a4d7/orig,Текстово-графический,Оригинальный,0.00,0,0,-,-,1,-,0.00,1.00,0.00,100.00,-,-,-,-
Термопанели в Выборге,712773255,18.08.2026,Группа 3 - клинкер (продуктовая),5773902142,Автотаргетинг,,-,0,-,0,,Не определено,-,-,,,,,Сети,Прочее,Не определено,Смартфоны,Android,Wi-Fi,Мужской,45-54 года,Остальные,Не определено,1915802914729060647,Активные,Комбинаторное,"Термопанели в Выборге - завод на Ленина, 11",Без посредников - завод. 60+ видов декора. Доставка по Ленобласти.,https://marmara-pro.ru?utm_content=product&utm_term={PHRASE},http://direct.yandex.ru/images/direct/5250956/5XPY7aqvM1xRQF8e4uTrqg,карусель 4-3_06.jpg,1163322157,https://avatars.mds.yandex.net/get-media-adv-screenshooter/20941197/1d06a155-09ca-4034-b8a4-ad411694a4d7/orig,Видео,Автоматический,0.00,0,0,-,-,1,-,0.00,1.00,0.00,100.00,-,-,-,-
Термопанели в Выборге,712773255,18.08.2026,Группа 3 - клинкер (продуктовая),5773902142,Автотаргетинг,,-,0,-,0,,Не определено,-,-,,,,,Сети,Прочее,Не определено,Смартфоны,Android,Wi-Fi,Мужской,45-54 года,Остальные,Не определено,1915802914729060647,Активные,Комбинаторное,Термопанели с клинкером - собственный завод в Выборге,Без посредников - завод. 60+ видов декора. Доставка по Ленобласти.,https://marmara-pro.ru?utm_content=product&utm_term={PHRASE},http://direct.yandex.ru/images/direct/5442016/qtxMfdimB3EKymbW9TWLzQ,термопанель.png,1163321614,https://avatars.mds.yandex.net/get-media-adv-screenshooter/20873747/75477b03-780e-4e10-adff-81a72fc688af/orig,Текстово-графический,Автоматический,0.00,0,0,-,-,1,-,0.00,1.00,0.00,100.00,-,-,-,-
Термопанели в Выборге,712773255,18.08.2026,Группа 3 - клинкер (продуктовая),5773902142,Автотаргетинг,,-,0,-,0,,Не определено,-,-,,,,,Сети,Прочее,Не определено,Смартфоны,Android,Wi-Fi,Мужской,45-54 года,6–10%,Не определено,1915802914729060647,Активные,Комбинаторное,Термопанели с клинкером - собственный завод в Выборге,Без посредников - завод. 60+ видов декора. Доставка по Ленобласти.,https://marmara-pro.ru?utm_content=product&utm_term={PHRASE},http://direct.yandex.ru/images/direct/5442016/qtxMfdimB3EKymbW9TWLzQ,термопанель.png,1163321614,https://avatars.mds.yandex.net/get-media-adv-screenshooter/20873747/75477b03-780e-4e10-adff-81a72fc688af/orig,Текстово-графический,Оригинальный,0.00,0,0,-,-,2,-,0.00,2.00,0.00,100.00,-,-,-,-
Термопанели в Выборге,712773255,18.08.2026,Группа 3 - клинкер (продуктовая),5773902142,Автотаргетинг,,-,0,-,0,,Не определено,-,-,,,,,Сети,Прочее,Не определено,Смартфоны,Android,Wi-Fi,Мужской,45-54 года,2–5%,Не определено,1915802914729060647,Активные,Комбинаторное,"Термопанели в Выборге - завод на Ленина, 11",Без посредников - завод. 60+ видов декора. Доставка по Ленобласти.,https://marmara-pro.ru?utm_content=product&utm_term={PHRASE},http://direct.yandex.ru/images/direct/5250956/5XPY7aqvM1xRQF8e4uTrqg,карусель 4-3_06.jpg,1163322157,https://avatars.mds.yandex.net/get-media-adv-screenshooter/20941197/1d06a155-09ca-4034-b8a4-ad411694a4d7/orig,Видео,Оригинальный,0.00,0,0,-,-,1,-,0.00,1.00,0.00,100.00,-,-,-,-
Термопанели в Выборге,712773255,18.08.2026,Группа 3 - клинкер (продуктовая),5773902142,Автотаргетинг,,-,0,-,0,,Не определено,-,-,,,,,Сети,Прочее,Не определено,Смартфоны,Android,Wi-Fi,Мужской,Старше 55,Остальные,Не определено,1915802914729060647,Активные,Комбинаторное,Производитель термопанелей в Ленобласти,Без посредников - завод. 60+ видов декора. Доставка по Ленобласти.,https://marmara-pro.ru?utm_content=product&utm_term={PHRASE},http://direct.yandex.ru/images/direct/5245050/6C6d0cQ-RdpqlPYUtMZQkw,пример 2.jpg,1163322157,https://avatars.mds.yandex.net/get-media-adv-screenshooter/20941197/1d06a155-09ca-4034-b8a4-ad411694a4d7/orig,Текстово-графический,Оригинальный,0.00,0,0,-,-,1,-,0.00,1.00,0.00,100.00,-,-,-,-
Термопанели в Выборге,712773255,18.08.2026,Группа 3 - клинкер (продуктовая),5773902142,Автотаргетинг,,-,0,-,0,,Не определено,-,-,,,,,Сети,Прочее,Не определено,Смартфоны,Android,Wi-Fi,Мужской,Старше 55,Остальные,Не определено,1915802914729060647,Активные,Комбинаторное,"Термопанели в Выборге - завод на Ленина, 11",Без посредников - завод. 60+ видов декора. Доставка по Ленобласти.,https://marmara-pro.ru?utm_content=product&utm_term={PHRASE},http://direct.yandex.ru/images/direct/5250956/5XPY7aqvM1xRQF8e4uTrqg,карусель 4-3_06.jpg,1163322157,https://avatars.mds.yandex.net/get-media-adv-screenshooter/20941197/1d06a155-09ca-4034-b8a4-ad411694a4d7/orig,Текстово-графический,Оригинальный,0.00,0,0,-,-,1,-,0.00,1.00,0.00,100.00,-,-,-,-
Термопанели в Выборге,712773255,18.08.2026,Группа 3 - клинкер (продуктовая),5773902142,Автотаргетинг,,-,0,-,0,,Не определено,-,-,,,,,Сети,Прочее,Не определено,Смартфоны,Android,Wi-Fi,Мужской,Старше 55,Остальные,Не определено,1915802914729060647,Активные,Комбинаторное,Термопанели с клинкером - собственный завод в Выборге,Без посредников - завод. 60+ видов декора. Доставка по Ленобласти.,https://marmara-pro.ru?utm_content=product&utm_term={PHRASE},http://direct.yandex.ru/images/direct/5442016/qtxMfdimB3EKymbW9TWLzQ,термопанель.png,1163321614,https://avatars.mds.yandex.net/get-media-adv-screenshooter/20873747/75477b03-780e-4e10-adff-81a72fc688af/orig,Текстово-графический,Автоматический,0.00,0,0,-,-,1,-,0.00,1.00,0.00,100.00,-,-,-,-
Термопанели в Выборге,712773255,18.08.2026,Группа 3 - клинкер (продуктовая),5773902142,Автотаргетинг,,-,0,-,0,,Не определено,-,-,,,,,Сети,Прочее,Не определено,Смартфоны,Android,Wi-Fi,Мужской,Старше 55,Остальные,Не определено,1915802914729060647,Активные,Комбинаторное,Термопанели с клинкером - собственный завод в Выборге,Без посредников - завод. 60+ видов декора. Доставка по Ленобласти.,https://marmara-pro.ru?utm_content=product&utm_term={PHRASE},http://direct.yandex.ru/images/direct/5442016/qtxMfdimB3EKymbW9TWLzQ,термопанель.png,1163321614,https://avatars.mds.yandex.net/get-media-adv-screenshooter/20873747/75477b03-780e-4e10-adff-81a72fc688af/orig,Видео,Оригинальный,0.00,0,0,-,-,1,-,0.00,1.00,0.00,100.00,-,-,-,-
Термопанели в Выборге,712773255,18.08.2026,Группа 3 - клинкер (продуктовая),5773902142,Автотаргетинг,,-,0,-,0,,Не определено,-,-,,,,,Сети,Прочее,Не определено,Смартфоны,Android,Wi-Fi,Женский,25-34 года,Остальные,Не определено,1915802914729060647,Активные,Комбинаторное,"Термопанели в Выборге - завод на Ленина, 11",Без посредников - завод. 60+ видов декора. Доставка по Ленобласти.,https://marmara-pro.ru?utm_content=product&utm_term={PHRASE},http://direct.yandex.ru/images/direct/5245050/6C6d0cQ-RdpqlPYUtMZQkw,пример 2.jpg,1163321614,https://avatars.mds.yandex.net/get-media-adv-screenshooter/20873747/75477b03-780e-4e10-adff-81a72fc688af/orig,Текстово-графический,Автоматический,0.00,0,0,-,-,1,-,0.00,1.00,0.00,100.00,-,-,-,-
Термопанели в Выборге,712773255,18.08.2026,Группа 3 - клинкер (продуктовая),5773902142,Автотаргетинг,,-,0,-,0,,Не определено,-,-,,,,,Сети,Прочее,Не определено,Смартфоны,Android,Wi-Fi,Женский,35-44 года,Остальные,Не определено,1915802914729060647,Активные,Комбинаторное,Термопанели с клинкером - собственный завод в Выборге,Без посредников - завод. 60+ видов декора. Доставка по Ленобласти.,https://marmara-pro.ru?utm_content=product&utm_term={PHRASE},http://direct.yandex.ru/images/direct/5442016/qtxMfdimB3EKymbW9TWLzQ,термопанель.png,1163321614,https://avatars.mds.yandex.net/get-media-adv-screenshooter/20873747/75477b03-780e-4e10-adff-81a72fc688af/orig,Текстово-графический,Оригинальный,0.00,0,0,-,-,1,-,0.00,1.00,0.00,100.00,-,-,-,-
Термопанели в Выборге,712773255,18.08.2026,Группа 3 - клинкер (продуктовая),5773902142,Автотаргетинг,,-,0,-,0,,Не определено,-,-,,,,,Сети,Прочее,Не определено,Смартфоны,Android,Wi-Fi,Женский,45-54 года,Остальные,Не определено,1915802914729060647,Активные,Комбинаторное,"Термопанели в Выборге - завод на Ленина, 11",Без посредников - завод. 60+ видов декора. Доставка по Ленобласти.,https://marmara-pro.ru?utm_content=product&utm_term={PHRASE},http://direct.yandex.ru/images/direct/5250956/5XPY7aqvM1xRQF8e4uTrqg,карусель 4-3_06.jpg,1163322157,https://avatars.mds.yandex.net/get-media-adv-screenshooter/20941197/1d06a155-09ca-4034-b8a4-ad411694a4d7/orig,Текстово-графический,Оригинальный,0.00,0,0,-,-,1,-,0.00,1.00,0.00,100.00,-,-,-,-
Термопанели в Выборге,712773255,18.08.2026,Группа 3 - клинкер (продуктовая),5773902142,Автотаргетинг,,-,0,-,0,,Не определено,-,-,,,,,Сети,Прочее,Не определено,Смартфоны,Android,Wi-Fi,Женский,45-54 года,6–10%,Не определено,1915802914729060647,Активные,Комбинаторное,Термопанели с клинкером - собственный завод в Выборге,Без посредников - завод. 60+ видов декора. Доставка по Ленобласти.,https://marmara-pro.ru?utm_content=product&utm_term={PHRASE},http://direct.yandex.ru/images/direct/5442016/qtxMfdimB3EKymbW9TWLzQ,термопанель.png,1163321614,https://avatars.mds.yandex.net/get-media-adv-screenshooter/20873747/75477b03-780e-4e10-adff-81a72fc688af/orig,Текстово-графический,Автоматический,0.00,0,0,-,-,1,-,0.00,1.00,0.00,100.00,-,-,-,-
Термопанели в Выборге,712773255,18.08.2026,Группа 3 - клинкер (продуктовая),5773902142,Автотаргетинг,,-,0,-,0,,Не определено,-,-,,,,,Сети,Прочее,Не определено,Смартфоны,Android,Wi-Fi,Женский,Старше 55,Остальные,Не определено,1915802914729060647,Активные,Комбинаторное,Гарантия до 5 лет на термопанели,Без посредников - завод. 60+ видов декора. Доставка по Ленобласти.,https://marmara-pro.ru?utm_content=product&utm_term={PHRASE},http://direct.yandex.ru/images/direct/5250956/5XPY7aqvM1xRQF8e4uTrqg,карусель 4-3_06.jpg,1163322157,https://avatars.mds.yandex.net/get-media-adv-screenshooter/20941197/1d06a155-09ca-4034-b8a4-ad411694a4d7/orig,Видео,Оригинальный,0.00,0,0,-,-,1,-,0.00,1.00,0.00,100.00,-,-,-,-
Термопанели в Выборге,712773255,18.08.2026,Группа 3 - клинкер (продуктовая),5773902142,Автотаргетинг,,-,0,-,0,,Не определено,-,-,,,,,Сети,Прочее,Не определено,Смартфоны,Android,Wi-Fi,Женский,Старше 55,Остальные,Не определено,1915802914729060647,Активные,Комбинаторное,Гарантия до 5 лет на термопанели,Свое производство в Выборге. Приезжайте на образцы. Бесплатная доставка по району.,https://marmara-pro.ru?utm_content=product&utm_term={PHRASE},http://direct.yandex.ru/images/direct/5245050/6C6d0cQ-RdpqlPYUtMZQkw,пример 2.jpg,1163321614,https://avatars.mds.yandex.net/get-media-adv-screenshooter/20873747/75477b03-780e-4e10-adff-81a72fc688af/orig,Текстово-графический,Оригинальный,0.00,0,0,-,-,1,-,0.00,1.00,0.00,100.00,-,-,-,-
Термопанели в Выборге,712773255,18.08.2026,Группа 3 - клинкер (продуктовая),5773902142,Автотаргетинг,,-,0,-,0,,Не определено,-,-,,,,,Сети,Прочее,Не определено,Смартфоны,Android,Wi-Fi,Женский,Старше 55,Остальные,Не определено,1915802914729060647,Активные,Комбинаторное,"Термопанели в Выборге - завод на Ленина, 11",Без посредников - завод. 60+ видов декора. Доставка по Ленобласти.,https://marmara-pro.ru?utm_content=product&utm_term={PHRASE},http://direct.yandex.ru/images/direct/5250956/5XPY7aqvM1xRQF8e4uTrqg,карусель 4-3_06.jpg,1163322157,https://avatars.mds.yandex.net/get-media-adv-screenshooter/20941197/1d06a155-09ca-4034-b8a4-ad411694a4d7/orig,Текстово-графический,Автоматический,0.00,0,0,-,-,3,-,0.00,3.00,0.00,100.00,-,-,-,-
Термопанели в Выборге,712773255,18.08.2026,Группа 3 - клинкер (продуктовая),5773902142,Автотаргетинг,,-,0,-,0,,Не определено,-,-,,,,,Сети,Прочее,Не определено,Смартфоны,Android,Wi-Fi,Женский,Старше 55,Остальные,Не определено,1915802914729060647,Активные,Комбинаторное,"Термопанели в Выборге - завод на Ленина, 11",Без посредников - завод. 60+ видов декора. Доставка по Ленобласти.,https://marmara-pro.ru?utm_content=product&utm_term={PHRASE},http://direct.yandex.ru/images/direct/5250956/5XPY7aqvM1xRQF8e4uTrqg,карусель 4-3_06.jpg,1163322157,https://avatars.mds.yandex.net/get-media-adv-screenshooter/20941197/1d06a155-09ca-4034-b8a4-ad411694a4d7/orig,Текстово-графический,Оригинальный,0.00,0,0,-,-,2,-,0.00,2.00,0.00,100.00,-,-,-,-
Термопанели в Выборге,712773255,18.08.2026,Группа 3 - клинкер (продуктовая),5773902142,Автотаргетинг,,-,0,-,0,,Не определено,-,-,,,,,Сети,Прочее,Не определено,Смартфоны,Android,Wi-Fi,Женский,Старше 55,Остальные,Не определено,1915802914729060647,Активные,Комбинаторное,Термопанели с клинкером - собственный завод в Выборге,Без посредников - завод. 60+ видов декора. Доставка по Ленобласти.,https://marmara-pro.ru?utm_content=product&utm_term={PHRASE},http://direct.yandex.ru/images/direct/5442016/qtxMfdimB3EKymbW9TWLzQ,термопанель.png,1163321614,https://avatars.mds.yandex.net/get-media-adv-screenshooter/20873747/75477b03-780e-4e10-adff-81a72fc688af/orig,Текстово-графический,Оригинальный,0.00,0,0,-,-,2,-,0.00,2.00,0.00,100.00,-,-,-,-
Термопанели в Выборге,712773255,18.08.2026,Группа 3 - клинкер (продуктовая),5773902142,Автотаргетинг,,-,0,-,0,,Не определено,-,-,,,,,Сети,Прочее,Не определено,Смартфоны,Android,Мобильная связь,Мужской,45-54 года,Остальные,Не определено,1915802914729060647,Активные,Комбинаторное,Термопанели с клинкером - собственный завод в Выборге,Без посредников - завод. 60+ видов декора. Доставка по Ленобласти.,https://marmara-pro.ru?utm_content=product&utm_term={PHRASE},http://direct.yandex.ru/images/direct/5442016/qtxMfdimB3EKymbW9TWLzQ,термопанель.png,1163321614,https://avatars.mds.yandex.net/get-media-adv-screenshooter/20873747/75477b03-780e-4e10-adff-81a72fc688af/orig,Текстово-графический,Оригинальный,0.00,0,0,-,-,1,-,0.00,1.00,0.00,100.00,-,-,-,-
Термопанели в Выборге,712773255,18.08.2026,Группа 3 - клинкер (продуктовая),5773902142,Автотаргетинг,,-,0,-,0,,Не определено,-,-,,,,,Сети,Прочее,Не определено,Смартфоны,iOS,Wi-Fi,Мужской,25-34 года,2–5%,Не определено,1915802914729060647,Активные,Комбинаторное,Производитель термопанелей в Ленобласти,Свое производство в Выборге. Приезжайте на образцы. Бесплатная доставка по району.,https://marmara-pro.ru?utm_content=product&utm_term={PHRASE},http://direct.yandex.ru/images/direct/6195656/qVbV_RGwHrqBiQiD1NgoCw,бейджик (1).jpg,1163321614,https://avatars.mds.yandex.net/get-media-adv-screenshooter/20873747/75477b03-780e-4e10-adff-81a72fc688af/orig,Текстово-графический,Оригинальный,0.00,0,0,-,-,1,-,0.00,1.00,0.00,100.00,-,-,-,-
Термопанели в Выборге,712773255,18.08.2026,Группа 3 - клинкер (продуктовая),5773902142,Автотаргетинг,,-,0,-,0,,Не определено,-,-,,,,,Сети,Прочее,Не определено,Смартфоны,iOS,Wi-Fi,Мужской,45-54 года,Остальные,Не определено,1915802914729060647,Активные,Комбинаторное,Термопанели с клинкером - собственный завод в Выборге,Без посредников - завод. 60+ видов декора. Доставка по Ленобласти.,https://marmara-pro.ru?utm_content=product&utm_term={PHRASE},http://direct.yandex.ru/images/direct/5442016/qtxMfdimB3EKymbW9TWLzQ,термопанель.png,-,-,Текстово-графический,Оригинальный,0.00,0,0,-,-,1,-,0.00,1.00,0.00,100.00,-,-,-,-
Термопанели в Выборге,712773255,18.08.2026,Группа 3 - клинкер (продуктовая),5773902142,Автотаргетинг,,-,0,-,0,,Не определено,-,-,,,,,Сети,Прочее,Не определено,Смартфоны,iOS,Wi-Fi,Мужской,45-54 года,Остальные,Не определено,1915802914729060647,Активные,Комбинаторное,Термопанели с клинкером - собственный завод в Выборге,Без посредников - завод. 60+ видов декора. Доставка по Ленобласти.,https://marmara-pro.ru?utm_content=product&utm_term={PHRASE},http://direct.yandex.ru/images/direct/5442016/qtxMfdimB3EKymbW9TWLzQ,термопанель.png,1163321614,https://avatars.mds.yandex.net/get-media-adv-screenshooter/20873747/75477b03-780e-4e10-adff-81a72fc688af/orig,Видео,Оригинальный,0.00,0,0,-,-,1,-,0.00,1.00,0.00,100.00,-,-,-,-
Термопанели в Выборге,712773255,18.08.2026,Группа 3 - клинкер (продуктовая),5773902142,Автотаргетинг,,-,0,-,0,,Не определено,-,-,,,,,Сети,Прочее,Не определено,Смартфоны,iOS,Wi-Fi,Мужской,Старше 55,2–5%,Не определено,1915802914729060647,Активные,Комбинаторное,"Термопанели в Выборге - завод на Ленина, 11",Свое производство в Выборге. Приезжайте на образцы. Бесплатная доставка по району.,https://marmara-pro.ru?utm_content=product&utm_term={PHRASE},http://direct.yandex.ru/images/direct/5245050/6C6d0cQ-RdpqlPYUtMZQkw,пример 2.jpg,1163321614,https://avatars.mds.yandex.net/get-media-adv-screenshooter/20873747/75477b03-780e-4e10-adff-81a72fc688af/orig,Текстово-графический,Оригинальный,0.00,0,0,-,-,1,-,0.00,1.00,0.00,100.00,-,-,-,-
Термопанели в Выборге,712773255,18.08.2026,Группа 3 - клинкер (продуктовая),5773902142,Автотаргетинг,,-,0,-,0,,Не определено,-,-,,,,,Сети,Прочее,Не определено,Смартфоны,iOS,Wi-Fi,Женский,25-34 года,6–10%,Не определено,1915802914729060647,Активные,Комбинаторное,Термопанели с клинкером - собственный завод в Выборге,Без посредников - завод. 60+ видов декора. Доставка по Ленобласти.,https://marmara-pro.ru?utm_content=product&utm_term={PHRASE},http://direct.yandex.ru/images/direct/5442016/qtxMfdimB3EKymbW9TWLzQ,термопанель.png,1163321614,https://avatars.mds.yandex.net/get-media-adv-screenshooter/20873747/75477b03-780e-4e10-adff-81a72fc688af/orig,Текстово-графический,Оригинальный,0.00,0,0,-,-,1,-,0.00,1.00,0.00,100.00,-,-,-,-
Термопанели в Выборге,712773255,18.08.2026,Группа 3 - клинкер (продуктовая),5773902142,Автотаргетинг,,-,0,-,0,где в мурино купить фасадные панели,Целевые запросы,Запросы без упоминания брендов,-,,,,,Поиск,Прочее,Не определено,Смартфоны,Android,Мобильная связь,Мужской,Старше 55,Остальные,Не определено,1915802914729060647,Активные,Комбинаторное,"Термопанели в Выборге - завод на Ленина, 11",Без посредников - завод. 60+ видов декора. Доставка по Ленобласти.,https://marmara-pro.ru?utm_content=product&utm_term={PHRASE},-,-,-,-,Текстово-графический,Оригинальный,0.00,0,0,-,-,1,-,0.00,0.45,0.00,44.58,8.00,-,-,-
Термопанели в Выборге,712773255,18.08.2026,Группа 3 - клинкер (продуктовая),5773902142,Автотаргетинг,,-,0,-,0,заказать стену панель,Целевые запросы,Запросы без упоминания брендов,-,,,,,Поиск,Прочее,Не определено,Смартфоны,Android,Wi-Fi,Мужской,Старше 55,Остальные,Не определено,1915802914729060647,Активные,Комбинаторное,"Термопанели в Выборге - завод на Ленина, 11",Без посредников - завод. 60+ видов декора. Доставка по Ленобласти.,https://marmara-pro.ru?utm_content=product&utm_term={PHRASE},-,-,-,-,Текстово-графический,Оригинальный,0.00,0,0,-,-,1,-,0.00,0.45,0.00,44.58,8.00,-,-,-
Термопанели в Выборге,712773255,18.08.2026,Группа 3 - клинкер (продуктовая),5773902142,Автотаргетинг,,-,0,-,0,купить фасадные панели в гомеле,Целевые запросы,Запросы без упоминания брендов,-,,,,,Поиск,Прочее,Не определено,Смартфоны,Android,Wi-Fi,Мужской,Старше 55,Остальные,Не определено,1915802914729060647,Активные,Комбинаторное,"Термопанели в Выборге - завод на Ленина, 11",Без посредников - завод. 60+ видов декора. Доставка по Ленобласти.,https://marmara-pro.ru?utm_content=product&utm_term={PHRASE},-,-,-,-,Текстово-графический,Оригинальный,0.00,0,0,-,-,1,-,0.00,0.55,0.00,54.58,7.00,-,-,-
Термопанели в Выборге,712773255,18.08.2026,Группа 3 - клинкер (продуктовая),5773902142,Автотаргетинг,,-,0,-,0,мягкая фасадная панель для наружной отделки под кирпич на клей,Целевые запросы,Запросы без упоминания брендов,-,,,,,Поиск,Прочее,Не определено,Смартфоны,Android,Wi-Fi,Мужской,35-44 года,6–10%,Не определено,1915802914729060647,Активные,Комбинаторное,"Термопанели в Выборге - завод на Ленина, 11",Без посредников - завод. 60+ видов декора. Доставка по Ленобласти.,https://marmara-pro.ru?utm_content=product&utm_term={PHRASE},-,-,-,-,Текстово-графический,Оригинальный,0.00,0,0,-,-,1,-,0.00,0.65,0.00,64.58,6.00,-,-,-
Термопанели в Выборге,712773255,18.08.2026,Группа 3 - клинкер (продуктовая),5773902142,Автотаргетинг,,-,0,-,0,панели для обшивки дома снаружи,Целевые запросы,Запросы без упоминания брендов,-,,,,,Поиск,Прочее,Не определено,Смартфоны,Android,Wi-Fi,Мужской,Старше 55,Остальные,Не определено,1915802914729060647,Активные,Комбинаторное,"Термопанели в Выборге - завод на Ленина, 11",Без посредников - завод. 60+ видов декора. Доставка по Ленобласти.,https://marmara-pro.ru?utm_content=product&utm_term={PHRASE},-,-,-,-,Текстово-графический,Оригинальный,0.00,0,0,-,-,1,-,0.00,0.65,0.00,64.58,6.00,-,-,-
Термопанели в Выборге,712773255,18.08.2026,Группа 3 - клинкер (продуктовая),5773902142,Автотаргетинг,,-,0,-,0,панели для утепления дома наружные,Целевые запросы,Запросы без упоминания брендов,-,,,,,Поиск,Товарная галерея,Не определено,Смартфоны,iOS,Wi-Fi,Мужской,45-54 года,6–10%,Не определено,1915802914729060647,Активные,Комбинаторное,"Термопанели в Выборге - завод на Ленина, 11",Без посредников - завод. 60+ видов декора. Доставка по Ленобласти.,https://marmara-pro.ru?utm_content=product&utm_term={PHRASE},http://direct.yandex.ru/images/direct/5250956/5XPY7aqvM1xRQF8e4uTrqg,карусель 4-3_06.jpg,-,-,Текстово-графический,Автоматический,0.00,0,0,-,-,1,-,0.00,0.49,0.00,48.86,3.00,-,-,-
Термопанели в Выборге,712773255,18.08.2026,Группа 3 - клинкер (продуктовая),5773902142,Автотаргетинг,,-,0,-,0,стеновые панели,Целевые запросы,Запросы без упоминания брендов,-,,,,,Поиск,Прочее,Не определено,Смартфоны,Android,Wi-Fi,Женский,45-54 года,Остальные,Не определено,1915802914729060647,Активные,Комбинаторное,"Термопанели в Выборге - завод на Ленина, 11",Без посредников - завод. 60+ видов декора. Доставка по Ленобласти.,https://marmara-pro.ru?utm_content=product&utm_term={PHRASE},-,-,-,-,Текстово-графический,Оригинальный,0.00,0,0,-,-,1,-,0.00,0.55,0.00,54.58,7.00,-,-,-
Термопанели в Выборге,712773255,18.08.2026,Группа 3 - клинкер (продуктовая),5773902142,Автотаргетинг,,-,0,-,0,стеновые панели,Целевые запросы,Запросы без упоминания брендов,-,,,,,Поиск,Товарная галерея,Не определено,Смартфоны,Android,Wi-Fi,Женский,45-54 года,Остальные,Не определено,1915802914729060647,Активные,Комбинаторное,"Термопанели в Выборге - завод на Ленина, 11",Без посредников - завод. 60+ видов декора. Доставка по Ленобласти.,https://marmara-pro.ru?utm_content=product&utm_term={PHRASE},http://direct.yandex.ru/images/direct/5250956/5XPY7aqvM1xRQF8e4uTrqg,карусель 4-3_06.jpg,-,-,Текстово-графический,Оригинальный,0.00,0,0,-,-,1,-,0.00,0.13,0.00,13.38,17.00,-,-,-
Термопанели в Выборге,712773255,18.08.2026,Группа 3 - клинкер (продуктовая),5773902142,Автотаргетинг,,-,0,-,0,стройтовары выборг,Широкие запросы,Запросы без упоминания брендов,-,,,,,Поиск,Прочее,Не определено,Смартфоны,iOS,Мобильная связь,Женский,Старше 55,6–10%,Не определено,1915802914729060647,Активные,Комбинаторное,Бесплатная доставка по Выборгскому району,Свое производство в Выборге. Приезжайте на образцы. Бесплатная доставка по району.,https://marmara-pro.ru?utm_content=product&utm_term={PHRASE},-,-,-,-,Текстово-графический,Оригинальный,0.00,0,0,-,-,1,-,0.00,0.09,0.00,8.50,5.00,-,-,-
Термопанели в Выборге,712773255,18.08.2026,Группа 3 - клинкер (продуктовая),5773902142,Автотаргетинг,,-,0,-,0,теплоизолирующие панели,Целевые запросы,Запросы без упоминания брендов,-,,,,,Поиск,Прочее,Не определено,Смартфоны,Android,Wi-Fi,Женский,18-24 года,Остальные,Не определено,1915802914729060647,Активные,Комбинаторное,"Термопанели в Выборге - завод на Ленина, 11",Без посредников - завод. 60+ видов декора. Доставка по Ленобласти.,https://marmara-pro.ru?utm_content=product&utm_term={PHRASE},-,-,-,-,Текстово-графический,Оригинальный,0.00,0,0,-,-,1,-,0.00,0.45,0.00,44.58,8.00,-,-,-
Термопанели в Выборге,712773255,18.08.2026,Группа 3 - клинкер (продуктовая),5773902142,Автотаргетинг,,-,0,-,0,термопанели для наружной отделки дома цена,Целевые запросы,Запросы без упоминания брендов,-,,,,,Поиск,Прочее,Не определено,Смартфоны,Android,Wi-Fi,Мужской,45-54 года,6–10%,Не определено,1915802914729060647,Активные,Комбинаторное,"Термопанели в Выборге - завод на Ленина, 11",Без посредников - завод. 60+ видов декора. Доставка по Ленобласти.,https://marmara-pro.ru?utm_content=product&utm_term={PHRASE},-,-,-,-,Текстово-графический,Оригинальный,0.00,0,0,-,-,1,-,0.00,0.45,0.00,44.58,8.00,-,-,-
Термопанели в Выборге,712773255,18.08.2026,Группа 3 - клинкер (продуктовая),5773902142,Автотаргетинг,,-,0,-,0,термопанели для наружной отделки под кирпич,Целевые запросы,Запросы без упоминания брендов,-,,,,,Поиск,Товарная галерея,Не определено,Смартфоны,Android,Мобильная связь,Мужской,Старше 55,Остальные,Не определено,1915802914729060647,Активные,Комбинаторное,"Термопанели в Выборге - завод на Ленина, 11",Без посредников - завод. 60+ видов декора. Доставка по Ленобласти.,https://marmara-pro.ru?utm_content=product&utm_term={PHRASE},http://direct.yandex.ru/images/direct/5250956/5XPY7aqvM1xRQF8e4uTrqg,карусель 4-3_06.jpg,-,-,Текстово-графический,Автоматический,0.00,0,0,-,-,1,-,0.00,0.14,0.00,13.54,13.00,-,-,-
Термопанели в Выборге,712773255,18.08.2026,Группа 3 - клинкер (продуктовая),5773902142,Автотаргетинг,,-,0,-,0,термопанели для наружной отделки под кирпич без затирки швов,Целевые запросы,Запросы без упоминания брендов,-,,,,,Поиск,Прочее,Не определено,Смартфоны,Android,Мобильная связь,Мужской,Старше 55,Остальные,Не определено,1915802914729060647,Активные,Комбинаторное,"Термопанели в Выборге - завод на Ленина, 11",Без посредников - завод. 60+ видов декора. Доставка по Ленобласти.,https://marmara-pro.ru?utm_content=product&utm_term={PHRASE},-,-,-,-,Текстово-графический,Автоматический,0.00,0,0,-,-,1,-,0.00,0.45,0.00,44.58,8.00,-,-,-
Термопанели в Выборге,712773255,18.08.2026,Группа 3 - клинкер (продуктовая),5773902142,Автотаргетинг,,-,0,-,0,термопанель фасадная,Узкие запросы,Запросы без упоминания брендов,-,,,,,Поиск,Прочее,Не определено,Смартфоны,Android,Wi-Fi,Мужской,18-24 года,Остальные,Не определено,1915802914729060647,Активные,Комбинаторное,Производитель термопанелей в Ленобласти,Свое производство в Выборге. Приезжайте на образцы. Бесплатная доставка по району.,https://marmara-pro.ru?utm_content=product&utm_term={PHRASE},-,-,-,-,Текстово-графический,Оригинальный,0.00,0,0,-,-,1,-,0.00,0.09,0.00,8.50,5.00,-,-,-
Термопанели в Выборге,712773255,18.08.2026,Группа 3 - клинкер (продуктовая),5773902142,Автотаргетинг,,-,0,-,0,термосайдинг для наружной отделки,Целевые запросы,Запросы без упоминания брендов,-,,,,,Поиск,Прочее,Не определено,Смартфоны,Android,Wi-Fi,Женский,45-54 года,Остальные,Не определено,1915802914729060647,Активные,Комбинаторное,"Термопанели в Выборге - завод на Ленина, 11",Без посредников - завод. 60+ видов декора. Доставка по Ленобласти.,https://marmara-pro.ru?utm_content=product&utm_term={PHRASE},-,-,-,-,Текстово-графический,Оригинальный,0.00,0,0,-,-,1,-,0.00,0.55,0.00,54.58,7.00,-,-,-
Термопанели в Выборге,712773255,18.08.2026,Группа 3 - клинкер (продуктовая),5773902142,Автотаргетинг,,-,0,-,0,утепленные панели с клинкером,Целевые запросы,Запросы без упоминания брендов,-,,,,,Поиск,Товарная галерея,Не определено,Десктопы,Не определён,Wi-Fi,Мужской,Старше 55,6–10%,Не определено,1915802914729060647,Активные,Комбинаторное,Термопанели с клинкером - собственный завод в Выборге,Клинкерная плитка+утеплитель в одной панели. Оплата в два этапа. Звоните!,https://marmara-pro.ru?utm_content=product&utm_term={PHRASE},http://direct.yandex.ru/images/direct/6195656/qVbV_RGwHrqBiQiD1NgoCw,бейджик (1).jpg,-,-,Текстово-графический,Оригинальный,0.00,0,0,-,-,1,-,0.00,0.57,0.00,56.81,4.00,-,-,-
Термопанели в Выборге,712773255,18.08.2026,Группа 3 - клинкер (продуктовая),5773902142,Автотаргетинг,,-,0,-,0,фасадные панели,Целевые запросы,Запросы без упоминания брендов,-,,,,,Поиск,Прочее,Не определено,Смартфоны,Android,Мобильная связь,Женский,45-54 года,Остальные,Не определено,1915802914729060647,Активные,Комбинаторное,"Термопанели в Выборге - завод на Ленина, 11",Без посредников - завод. 60+ видов декора. Доставка по Ленобласти.,https://marmara-pro.ru?utm_content=product&utm_term={PHRASE},-,-,-,-,Текстово-графический,Оригинальный,0.00,0,0,-,-,1,-,0.00,0.45,0.00,44.58,8.00,-,-,-
Термопанели в Выборге,712773255,18.08.2026,Группа 3 - клинкер (продуктовая),5773902142,Автотаргетинг,,-,0,-,0,чем отделать цоколь дома на сваях,Целевые запросы,Запросы без упоминания брендов,-,,,,,Поиск,Товарная галерея,Не определено,Планшеты,Android,Wi-Fi,Мужской,45-54 года,2–5%,Не определено,1915802914729060647,Активные,Комбинаторное,"Термопанели в Выборге - завод на Ленина, 11",Без посредников - завод. 60+ видов декора. Доставка по Ленобласти.,https://marmara-pro.ru?utm_content=product&utm_term={PHRASE},http://direct.yandex.ru/images/direct/5250956/5XPY7aqvM1xRQF8e4uTrqg,карусель 4-3_06.jpg,-,-,Текстово-графический,Оригинальный,0.00,0,0,-,-,1,-,0.00,0.05,0.00,4.72,8.00,-,-,-
Термопанели в Выборге,712773255,18.08.2026,Термопанели (Лен. область),5773097196,Автотаргетинг,,-,0,-,0,,Не определено,-,-,,,,,Сети,Прочее,Не определено,Смартфоны,iOS,Wi-Fi,Мужской,45-54 года,Остальные,Не определено,1915608023072927866,Активные,Комбинаторное,Термопанели с клинкером. Свое производство в Выборге,"Термопанели с клинкером. Собственное производство, своя цена, нет посредников.",https://marmara-pro.ru?utm_content=geo&utm_term={PHRASE},http://direct.yandex.ru/images/direct/4298071/skS6Zjow652PazB91P1Ung,плитка 01.jpg,1163322157,https://avatars.mds.yandex.net/get-media-adv-screenshooter/20941197/1d06a155-09ca-4034-b8a4-ad411694a4d7/orig,Видео,Оригинальный,0.00,0,0,-,-,1,-,0.00,1.00,0.00,100.00,-,-,-,-
Термопанели в Выборге,712773255,18.08.2026,Термопанели (Лен. область),5773097196,Автотаргетинг,,-,0,-,0,вентфасад на кронштейнах и утеплением,Целевые запросы,Запросы без упоминания брендов,-,,,,,Поиск,Товарная галерея,Не определено,Десктопы,Не определён,Wi-Fi,Мужской,25-34 года,2–5%,Не определено,1915608023072927866,Активные,Комбинаторное,Термопанели с клинкерной плиткой. Производство в Выборге,"Термопанели с клинкером. Собственное производство, своя цена, нет посредников.",https://marmara-pro.ru?utm_content=geo&utm_term={PHRASE},http://direct.yandex.ru/images/direct/5250956/5XPY7aqvM1xRQF8e4uTrqg,карусель 4-3_06.jpg,-,-,Текстово-графический,Автоматический,0.00,0,0,-,-,1,-,0.00,0.31,0.00,30.99,8.00,-,-,-
Термопанели в Выборге,712773255,18.08.2026,Термопанели (Лен. область),5773097196,Автотаргетинг,,-,0,-,0,дешевые и быстрые фасадные панели для наружной отделки газобетона,Широкие запросы,Запросы без упоминания брендов,-,,Термопанели с клинкерной плиткой — КлинкерПрофи,,,Поиск,Спецразмещение,Не определено,Планшеты,Android,Wi-Fi,Мужской,18-24 года,Остальные,Не определено,1918167638897563177,Активные,Страницы каталога,Термопанели с клинкерной плиткой. Производство в Выборге,"Фасадные термопанели с клинкером. Производство в Выборге, доставка по СПб...",https://marmara-pro.ru/termo?utm_content=catalog&utm_term={PHRASE},-,-,-,-,Текстово-графический,Оригинальный,0.00,0,0,-,-,1,-,0.00,0.07,0.00,7.31,3.00,-,-,-
Термопанели в Выборге,712773255,18.08.2026,Термопанели (Лен. область),5773097196,Автотаргетинг,,-,0,-,0,какой размер термопанели,Целевые запросы,Запросы без упоминания брендов,-,,,,,Поиск,Прочее,Не определено,Смартфоны,Android,Wi-Fi,Мужской,25-34 года,Остальные,Не определено,1915608023072927866,Активные,Комбинаторное,Термопанели с клинкерной плиткой в Выборге!,"Термопанели с клинкером. Собственное производство, своя цена, нет посредников.",https://marmara-pro.ru?utm_content=geo&utm_term={PHRASE},-,-,-,-,Текстово-графический,Автоматический,0.00,0,0,-,-,1,-,0.00,0.65,0.00,64.58,6.00,-,-,-
Термопанели в Выборге,712773255,18.08.2026,Термопанели (Лен. область),5773097196,Автотаргетинг,,-,0,-,0,клинкер,Целевые запросы,Запросы без упоминания брендов,-,,,,,Поиск,Прочее,Не определено,Смартфоны,Android,Wi-Fi,Мужской,Старше 55,2–5%,Не определено,1915608023072927866,Активные,Комбинаторное,Термопанели с клинкерной плиткой. Производство в Выборге,"Термопанели с клинкером. Собственное производство, своя цена, нет посредников.",https://marmara-pro.ru?utm_content=geo&utm_term={PHRASE},-,-,-,-,Текстово-графический,Оригинальный,0.00,0,0,-,-,1,-,0.00,0.55,0.00,54.58,7.00,-,-,-
Термопанели в Выборге,712773255,18.08.2026,Термопанели (Лен. область),5773097196,Автотаргетинг,,-,0,-,0,клинкер,Целевые запросы,Запросы без упоминания брендов,-,,,,,Поиск,Товарная галерея,Не определено,Смартфоны,Android,Wi-Fi,Мужской,Старше 55,2–5%,Не определено,1915608023072927866,Активные,Комбинаторное,Термопанели с клинкерной плиткой. Производство в Выборге,"Термопанели с клинкером. Собственное производство, своя цена, нет посредников.",https://marmara-pro.ru?utm_content=geo&utm_term={PHRASE},http://direct.yandex.ru/images/direct/5250956/5XPY7aqvM1xRQF8e4uTrqg,карусель 4-3_06.jpg,-,-,Текстово-графический,Оригинальный,0.00,0,0,-,-,2,-,0.00,0.66,0.00,33.10,7.00,-,-,-
Термопанели в Выборге,712773255,18.08.2026,Термопанели (Лен. область),5773097196,Автотаргетинг,,-,0,-,0,клинкерная термопанель,Целевые запросы,Запросы без упоминания брендов,-,,,,,Поиск,Прочее,Не определено,Смартфоны,Android,Wi-Fi,Женский,Старше 55,Остальные,Не определено,1915608023072927866,Активные,Комбинаторное,Термопанели с клинкерной плиткой. Производство в Выборге,"Термопанели с клинкером. Собственное производство, своя цена, нет посредников.",https://marmara-pro.ru?utm_content=geo&utm_term={PHRASE},-,-,-,-,Текстово-графический,Автоматический,0.00,0,0,-,-,1,-,0.00,0.45,0.00,44.58,8.00,-,-,-
Термопанели в Выборге,712773255,18.08.2026,Термопанели (Лен. область),5773097196,Автотаргетинг,,-,0,-,0,клинкерная термопанель,Целевые запросы,Запросы без упоминания брендов,-,,,,,Поиск,Товарная галерея,Не определено,Смартфоны,Android,Wi-Fi,Женский,Старше 55,Остальные,Не определено,1915608023072927866,Активные,Комбинаторное,Термопанели с клинкерной плиткой. Производство в Выборге,"Термопанели с клинкером. Собственное производство, своя цена, нет посредников.",https://marmara-pro.ru?utm_content=geo&utm_term={PHRASE},http://direct.yandex.ru/images/direct/5250956/5XPY7aqvM1xRQF8e4uTrqg,карусель 4-3_06.jpg,-,-,Текстово-графический,Автоматический,0.00,0,0,-,-,1,-,0.00,0.13,0.00,13.42,16.00,-,-,-
Термопанели в Выборге,712773255,18.08.2026,Термопанели (Лен. область),5773097196,Автотаргетинг,,-,0,-,0,клинкерный утеплитель для фасада цена,Целевые запросы,Запросы без упоминания брендов,-,,,,,Поиск,Прочее,Не определено,Смартфоны,Android,Wi-Fi,Женский,Старше 55,Остальные,Не определено,1915608023072927866,Активные,Комбинаторное,Термопанели с клинкерной плиткой. Производство в Выборге,"Термопанели с клинкером. Собственное производство, своя цена, нет посредников.",https://marmara-pro.ru?utm_content=geo&utm_term={PHRASE},-,-,-,-,Текстово-графический,Автоматический,0.00,0,0,-,-,1,-,0.00,0.65,0.00,64.58,6.00,-,-,-
Термопанели в Выборге,712773255,18.08.2026,Термопанели (Лен. область),5773097196,Автотаргетинг,,-,0,-,0,клинкерный утеплитель для фасада цена,Целевые запросы,Запросы без упоминания брендов,-,,,,,Поиск,Товарная галерея,Не определено,Смартфоны,Android,Wi-Fi,Женский,Старше 55,Остальные,Не определено,1915608023072927866,Активные,Комбинаторное,Термопанели с клинкерной плиткой. Производство в Выборге,"Термопанели с клинкером. Собственное производство, своя цена, нет посредников.",https://marmara-pro.ru?utm_content=geo&utm_term={PHRASE},http://direct.yandex.ru/images/direct/5250956/5XPY7aqvM1xRQF8e4uTrqg,карусель 4-3_06.jpg,-,-,Текстово-графический,Автоматический,0.00,0,0,-,-,1,-,0.00,0.36,0.00,36.38,4.00,-,-,-
Термопанели в Выборге,712773255,18.08.2026,Термопанели (Лен. область),5773097196,Автотаргетинг,,-,0,-,0,купить термопанели для фасада дома,Целевые запросы,Запросы без упоминания брендов,-,,,,,Поиск,Прочее,Не определено,Смартфоны,Android,Wi-Fi,Женский,25-34 года,Остальные,Не определено,1915608023072927866,Активные,Комбинаторное,Термопанели с клинкерной плиткой. Производство в Выборге,"Термопанели с клинкером. Собственное производство, своя цена, нет посредников.",https://marmara-pro.ru?utm_content=geo&utm_term={PHRASE},-,-,-,-,Текстово-графический,Автоматический,0.00,0,0,-,-,1,-,0.00,0.55,0.00,54.58,7.00,-,-,-
Термопанели в Выборге,712773255,18.08.2026,Термопанели (Лен. область),5773097196,Автотаргетинг,,-,0,-,0,молдинги на фасад дома из пеноплекса купить в санкт петербурге,Сопутствующие запросы,Запросы без упоминания брендов,-,,Термопанель Колорадо 2 (32 шт),,,Поиск,Спецразмещение,Не определено,Смартфоны,Android,Wi-Fi,Мужской,45-54 года,2–5%,Не определено,1918167638897563177,Активные,Страницы каталога,Термопанель Колорадо 2 (32 шт),"Фасадная термопанель на основе пенополистирола плотностью 25 кг/м3, с клинкерной...",https://marmara-pro.ru/termo/tproduct/2229245581-979993457482-termopanel-kolorado-2-32-sht?utm_content=catalog&utm_term={PHRASE},-,-,-,-,Текстово-графический,Оригинальный,0.00,0,0,-,-,1,-,0.00,1.00,0.00,100.00,-,-,-,-
Термопанели в Выборге,712773255,18.08.2026,Термопанели (Лен. область),5773097196,Автотаргетинг,,-,0,-,0,недорогие варианты утепления террасы,Целевые запросы,Запросы без упоминания брендов,-,,,,,Поиск,Прочее,Не определено,Смартфоны,Android,Wi-Fi,Мужской,35-44 года,6–10%,Не определено,1915608023072927866,Активные,Комбинаторное,Термопанели с клинкерной плиткой. Производство в Выборге,"Термопанели с клинкером. Собственное производство, своя цена, нет посредников.",https://marmara-pro.ru?utm_content=geo&utm_term={PHRASE},-,-,-,-,Текстово-графический,Автоматический,0.00,0,0,-,-,1,-,0.00,0.45,0.00,44.58,8.00,-,-,-
Термопанели в Выборге,712773255,18.08.2026,Термопанели (Лен. область),5773097196,Автотаргетинг,,-,0,-,0,озон термопанели на стену электрические для утепления до,Целевые запросы,Запросы с упоминанием брендов конкурентов,-,,,,,Поиск,Прочее,Не определено,Смартфоны,Android,Wi-Fi,Женский,Старше 55,Остальные,Не определено,1915608023072927866,Активные,Комбинаторное,Термопанели с клинкерной плиткой. Производство в Выборге,"Термопанели с клинкером. Собственное производство, своя цена, нет посредников.",https://marmara-pro.ru?utm_content=geo&utm_term={PHRASE},-,-,-,-,Текстово-графический,Автоматический,0.00,0,0,-,-,2,-,0.00,1.29,0.00,64.58,6.00,-,-,-
Термопанели в Выборге,712773255,18.08.2026,Термопанели (Лен. область),5773097196,Автотаргетинг,,-,0,-,0,озон термопанели на стену электрические для утепления до,Целевые запросы,Запросы с упоминанием брендов конкурентов,-,,,,,Поиск,Товарная галерея,Не определено,Смартфоны,Android,Wi-Fi,Женский,Старше 55,Остальные,Не определено,1915608023072927866,Активные,Комбинаторное,Термопанели с клинкерной плиткой. Производство в Выборге,"Термопанели с клинкером. Собственное производство, своя цена, нет посредников.",https://marmara-pro.ru?utm_content=geo&utm_term={PHRASE},http://direct.yandex.ru/images/direct/5250956/5XPY7aqvM1xRQF8e4uTrqg,карусель 4-3_06.jpg,-,-,Текстово-графический,Автоматический,0.00,0,0,-,-,2,-,0.00,0.71,0.00,35.48,4.50,-,-,-
Термопанели в Выборге,712773255,18.08.2026,Термопанели (Лен. область),5773097196,Автотаргетинг,,-,0,-,0,панели для обшивки дома снаружи,Целевые запросы,Запросы без упоминания брендов,-,,,,,Поиск,Прочее,Не определено,Смартфоны,iOS,Wi-Fi,Мужской,Старше 55,2–5%,Не определено,1915608023072927866,Активные,Комбинаторное,Термопанели с клинкерной плиткой. Производство в Выборге,"Термопанели с клинкером. Собственное производство, своя цена, нет посредников.",https://marmara-pro.ru?utm_content=geo&utm_term={PHRASE},-,-,-,-,Текстово-графический,Автоматический,0.00,0,0,-,-,1,-,0.00,0.45,0.00,44.58,8.00,-,-,-
Термопанели в Выборге,712773255,18.08.2026,Термопанели (Лен. область),5773097196,Автотаргетинг,,-,0,-,0,панели для обшивки дома снаружи,Целевые запросы,Запросы без упоминания брендов,-,,,,,Поиск,Товарная галерея,Не определено,Смартфоны,iOS,Wi-Fi,Мужской,Старше 55,2–5%,Не определено,1915608023072927866,Активные,Комбинаторное,Термопанели с клинкерной плиткой. Производство в Выборге,"Термопанели с клинкером. Собственное производство, своя цена, нет посредников.",https://marmara-pro.ru?utm_content=geo&utm_term={PHRASE},http://direct.yandex.ru/images/direct/5250956/5XPY7aqvM1xRQF8e4uTrqg,карусель 4-3_06.jpg,-,-,Текстово-графический,Автоматический,0.00,0,0,-,-,1,-,0.00,0.27,0.00,26.50,6.00,-,-,-
Термопанели в Выборге,712773255,18.08.2026,Термопанели (Лен. область),5773097196,Автотаргетинг,,-,0,-,0,панели под кирпич,Целевые запросы,Запросы без упоминания брендов,-,,,,,Поиск,Прочее,Не определено,Смартфоны,iOS,Wi-Fi,Мужской,25-34 года,2–5%,Не определено,1915608023072927866,Активные,Комбинаторное,Термопанели с клинкерной плиткой. Производство в Выборге,"Термопанели с клинкером. Собственное производство, своя цена, нет посредников.",https://marmara-pro.ru?utm_content=geo&utm_term={PHRASE},-,-,-,-,Текстово-графический,Автоматический,0.00,0,0,-,-,1,-,0.00,0.65,0.00,64.58,6.00,-,-,-
Термопанели в Выборге,712773255,18.08.2026,Термопанели (Лен. область),5773097196,Автотаргетинг,,-,0,-,0,сравнить монолит и серую панель,Целевые запросы,Запросы без упоминания брендов,-,,,,,Поиск,Прочее,Не определено,Смартфоны,Android,Wi-Fi,Мужской,Старше 55,6–10%,Не определено,1915608023072927866,Активные,Комбинаторное,Термопанели с клинкерной плиткой. Производство в Выборге,"Термопанели с клинкером. Собственное производство, своя цена, нет посредников.",https://marmara-pro.ru?utm_content=geo&utm_term={PHRASE},-,-,-,-,Текстово-графический,Автоматический,0.00,0,0,-,-,1,-,0.00,0.45,0.00,44.58,8.00,-,-,-
Термопанели в Выборге,712773255,18.08.2026,Термопанели (Лен. область),5773097196,Автотаргетинг,,-,0,-,0,сравнить монолит и серую панель,Целевые запросы,Запросы без упоминания брендов,-,,,,,Поиск,Товарная галерея,Не определено,Смартфоны,Android,Wi-Fi,Мужской,Старше 55,6–10%,Не определено,1915608023072927866,Активные,Комбинаторное,Термопанели с клинкерной плиткой. Производство в Выборге,"Термопанели с клинкером. Собственное производство, своя цена, нет посредников.",https://marmara-pro.ru?utm_content=geo&utm_term={PHRASE},http://direct.yandex.ru/images/direct/5250956/5XPY7aqvM1xRQF8e4uTrqg,карусель 4-3_06.jpg,-,-,Текстово-графический,Автоматический,0.00,0,0,-,-,1,-,0.00,0.25,0.00,25.32,8.00,-,-,-
Термопанели в Выборге,712773255,18.08.2026,Термопанели (Лен. область),5773097196,Автотаргетинг,,-,0,-,0,сравнить монолит и серую панель для житья,Целевые запросы,Запросы без упоминания брендов,-,,,,,Поиск,Прочее,Не определено,Смартфоны,Android,Wi-Fi,Мужской,Старше 55,6–10%,Не определено,1915608023072927866,Активные,Комбинаторное,Термопанели с клинкерной плиткой. Производство в Выборге,"Термопанели с клинкером. Собственное производство, своя цена, нет посредников.",https://marmara-pro.ru?utm_content=geo&utm_term={PHRASE},-,-,-,-,Текстово-графический,Автоматический,0.00,0,0,-,-,1,-,0.00,0.45,0.00,44.58,8.00,-,-,-
Термопанели в Выборге,712773255,18.08.2026,Термопанели (Лен. область),5773097196,Автотаргетинг,,-,0,-,0,сравнить монолит и серую панель для житья,Целевые запросы,Запросы без упоминания брендов,-,,,,,Поиск,Товарная галерея,Не определено,Смартфоны,Android,Wi-Fi,Мужской,Старше 55,6–10%,Не определено,1915608023072927866,Активные,Комбинаторное,Термопанели с клинкерной плиткой. Производство в Выборге,"Термопанели с клинкером. Собственное производство, своя цена, нет посредников.",https://marmara-pro.ru?utm_content=geo&utm_term={PHRASE},http://direct.yandex.ru/images/direct/5250956/5XPY7aqvM1xRQF8e4uTrqg,карусель 4-3_06.jpg,-,-,Текстово-графический,Автоматический,0.00,0,0,-,-,2,-,0.00,0.27,0.00,13.46,15.00,-,-,-
Термопанели в Выборге,712773255,18.08.2026,Термопанели (Лен. область),5773097196,Автотаргетинг,,-,0,-,0,термопанели,Целевые запросы,Запросы без упоминания брендов,-,,,,,Поиск,Прочее,Не определено,Смартфоны,Android,Wi-Fi,Мужской,45-54 года,Остальные,Не определено,1915608023072927866,Активные,Комбинаторное,Термопанели с клинкерной плиткой. Производство в Выборге,"Термопанели с клинкером. Собственное производство, своя цена, нет посредников.",https://marmara-pro.ru?utm_content=geo&utm_term={PHRASE},-,-,-,-,Текстово-графический,Автоматический,0.00,0,0,-,-,2,-,0.00,0.89,0.00,44.58,8.00,-,-,-
Термопанели в Выборге,712773255,18.08.2026,Термопанели (Лен. область),5773097196,Автотаргетинг,,-,0,-,0,термопанели,Целевые запросы,Запросы без упоминания брендов,-,,,,,Поиск,Товарная галерея,Не определено,Смартфоны,Android,Wi-Fi,Мужской,45-54 года,Остальные,Не определено,1915608023072927866,Активные,Комбинаторное,Термопанели с клинкерной плиткой. Производство в Выборге,"Термопанели с клинкером. Собственное производство, своя цена, нет посредников.",https://marmara-pro.ru?utm_content=geo&utm_term={PHRASE},http://direct.yandex.ru/images/direct/5250956/5XPY7aqvM1xRQF8e4uTrqg,карусель 4-3_06.jpg,-,-,Текстово-графический,Автоматический,0.00,0,0,-,-,2,-,0.00,0.45,0.00,22.34,8.50,-,-,-
Термопанели в Выборге,712773255,18.08.2026,Термопанели (Лен. область),5773097196,Автотаргетинг,,-,0,-,0,термопанели без текстуры,Целевые запросы,Запросы без упоминания брендов,-,,,,,Поиск,Прочее,Не определено,Десктопы,Не определён,Wi-Fi,Мужской,35-44 года,2–5%,Не определено,1915608023072927866,Активные,Комбинаторное,"Клинкерные термопанели. Производство, доставка по ЛО",Собственное производство в Выборге. Экономия на отоплении до 30%. Гарантия 5 лет.,https://marmara-pro.ru?utm_content=geo&utm_term={PHRASE},-,-,-,-,Текстово-графический,Оригинальный,0.00,0,0,-,-,1,-,0.00,0.45,0.00,44.58,8.00,-,-,-
Термопанели в Выборге,712773255,18.08.2026,Термопанели (Лен. область),5773097196,Автотаргетинг,,-,0,-,0,термопанели для наружной отделки дома,Целевые запросы,Запросы без упоминания брендов,-,,,,,Поиск,Прочее,Не определено,Смартфоны,iOS,Wi-Fi,Мужской,35-44 года,2–5%,Не определено,1915608023072927866,Активные,Комбинаторное,Термопанели с клинкерной плиткой. Производство в Выборге,"Термопанели с клинкером. Собственное производство, своя цена, нет посредников.",https://marmara-pro.ru?utm_content=geo&utm_term={PHRASE},-,-,-,-,Текстово-графический,Автоматический,0.00,0,0,-,-,1,-,0.00,0.55,0.00,54.58,7.00,-,-,-
Термопанели в Выборге,712773255,18.08.2026,Термопанели (Лен. область),5773097196,Автотаргетинг,,-,0,-,0,термопанели для наружной отделки дома,Целевые запросы,Запросы без упоминания брендов,-,,,,,Поиск,Товарная галерея,Не определено,Смартфоны,iOS,Wi-Fi,Мужской,35-44 года,2–5%,Не определено,1915608023072927866,Активные,Комбинаторное,Термопанели с клинкерной плиткой. Производство в Выборге,"Термопанели с клинкером. Собственное производство, своя цена, нет посредников.",https://marmara-pro.ru?utm_content=geo&utm_term={PHRASE},http://direct.yandex.ru/images/direct/5250956/5XPY7aqvM1xRQF8e4uTrqg,карусель 4-3_06.jpg,-,-,Текстово-графический,Автоматический,0.00,0,0,-,-,1,-,0.00,0.28,0.00,28.21,6.00,-,-,-
Термопанели в Выборге,712773255,18.08.2026,Термопанели (Лен. область),5773097196,Автотаргетинг,,-,0,-,0,термопанели для наружной отделки дома цена,Целевые запросы,Запросы без упоминания брендов,-,,,,,Поиск,Прочее,Не определено,Планшеты,Android,Wi-Fi,Мужской,Старше 55,Остальные,Не определено,1915608023072927866,Активные,Комбинаторное,Термопанели с клинкерной плиткой. Производство в Выборге,"Термопанели с клинкером. Собственное производство, своя цена, нет посредников.",https://marmara-pro.ru?utm_content=geo&utm_term={PHRASE},-,-,-,-,Текстово-графический,Автоматический,0.00,0,0,-,-,1,-,0.00,0.85,0.00,84.88,5.00,-,-,-
Термопанели в Выборге,712773255,18.08.2026,Термопанели (Лен. область),5773097196,Автотаргетинг,,-,0,-,0,термопанели для наружной отделки дома цена,Целевые запросы,Запросы без упоминания брендов,-,,,,,Поиск,Товарная галерея,Не определено,Планшеты,Android,Wi-Fi,Мужской,Старше 55,Остальные,Не определено,1915608023072927866,Активные,Комбинаторное,Термопанели с клинкерной плиткой. Производство в Выборге,"Термопанели с клинкером. Собственное производство, своя цена, нет посредников.",https://marmara-pro.ru?utm_content=geo&utm_term={PHRASE},http://direct.yandex.ru/images/direct/5250956/5XPY7aqvM1xRQF8e4uTrqg,карусель 4-3_06.jpg,-,-,Текстово-графический,Автоматический,0.00,0,0,-,-,1,-,0.00,0.31,0.00,30.96,9.00,-,-,-
Термопанели в Выборге,712773255,18.08.2026,Термопанели (Лен. область),5773097196,Автотаргетинг,,-,0,-,0,термопанели для наружной отделки дома цена фасадные в гатчине,Целевые запросы,Запросы без упоминания брендов,-,,,,,Поиск,Прочее,Не определено,Смартфоны,Android,Wi-Fi,Мужской,45-54 года,Остальные,Не определено,1915608023072927866,Активные,Комбинаторное,Термопанели с клинкерной плиткой. Производство в Выборге,"Термопанели с клинкером. Собственное производство, своя цена, нет посредников.",https://marmara-pro.ru?utm_content=geo&utm_term={PHRASE},-,-,-,-,Текстово-графический,Автоматический,0.00,0,0,-,-,1,-,0.00,0.65,0.00,64.58,6.00,-,-,-
Термопанели в Выборге,712773255,18.08.2026,Термопанели (Лен. область),5773097196,Автотаргетинг,,-,0,-,0,термопанели для наружной отделки под кирпич без затирки швов,Целевые запросы,Запросы без упоминания брендов,-,,,,,Поиск,Прочее,Не определено,Смартфоны,Android,Мобильная связь,Мужской,Старше 55,Остальные,Не определено,1915608023072927866,Активные,Комбинаторное,Термопанели с клинкерной плиткой в Выборге!,"Термопанели с клинкером. Собственное производство, своя цена, нет посредников.",https://marmara-pro.ru?utm_content=geo&utm_term={PHRASE},-,-,-,-,Текстово-графический,Автоматический,0.00,0,0,-,-,1,-,0.00,0.55,0.00,54.58,7.00,-,-,-
Термопанели в Выборге,712773255,18.08.2026,Термопанели (Лен. область),5773097196,Автотаргетинг,,-,0,-,0,термопанели для цоколя под дикий камень,Целевые запросы,Запросы без упоминания брендов,-,,,,,Поиск,Прочее,Не определено,Смартфоны,iOS,Wi-Fi,Мужской,45-54 года,6–10%,Не определено,1915608023072927866,Активные,Комбинаторное,Термопанели с клинкерной плиткой. Производство в Выборге,"Термопанели с клинкером. Собственное производство, своя цена, нет посредников.",https://marmara-pro.ru?utm_content=geo&utm_term={PHRASE},-,-,-,-,Текстово-графический,Автоматический,0.00,0,0,-,-,1,-,0.00,0.65,0.00,64.58,6.00,-,-,-
Термопанели в Выборге,712773255,18.08.2026,Термопанели (Лен. область),5773097196,Автотаргетинг,,-,0,-,0,термопанели не клинкер,Целевые запросы,Запросы без упоминания брендов,-,,,,,Поиск,Прочее,Не определено,Десктопы,Не определён,Мобильная связь,Мужской,Старше 55,6–10%,Не определено,1915608023072927866,Активные,Комбинаторное,Термопанели с клинкерной плиткой. Производство в Выборге,"Термопанели с клинкером. Собственное производство, своя цена, нет посредников.",https://marmara-pro.ru?utm_content=geo&utm_term={PHRASE},-,-,-,-,Текстово-графический,Автоматический,0.00,0,0,-,-,1,-,0.00,0.65,0.00,64.58,6.00,-,-,-
Термопанели в Выборге,712773255,18.08.2026,Термопанели (Лен. область),5773097196,Автотаргетинг,,-,0,-,0,термопанели не клинкер,Целевые запросы,Запросы без упоминания брендов,-,,,,,Поиск,Товарная галерея,Не определено,Десктопы,Не определён,Мобильная связь,Мужской,Старше 55,6–10%,Не определено,1915608023072927866,Активные,Комбинаторное,Термопанели с клинкерной плиткой. Производство в Выборге,"Термопанели с клинкером. Собственное производство, своя цена, нет посредников.",https://marmara-pro.ru?utm_content=geo&utm_term={PHRASE},http://direct.yandex.ru/images/direct/5250956/5XPY7aqvM1xRQF8e4uTrqg,карусель 4-3_06.jpg,-,-,Текстово-графический,Автоматический,0.00,0,0,-,-,1,-,0.00,0.36,0.00,35.97,7.00,-,-,-
Термопанели в Выборге,712773255,18.08.2026,Термопанели (Лен. область),5773097196,Автотаргетинг,,-,0,-,0,термопанели фасад на газобетон с утеплением,Целевые запросы,Запросы без упоминания брендов,-,,,,,Поиск,Прочее,Не определено,Смартфоны,Android,Wi-Fi,Женский,35-44 года,2–5%,Не определено,1915608023072927866,Активные,Комбинаторное,Термопанели с клинкерной плиткой. Производство в Выборге,"Термопанели с клинкером. Собственное производство, своя цена, нет посредников.",https://marmara-pro.ru?utm_content=geo&utm_term={PHRASE},-,-,-,-,Текстово-графический,Автоматический,0.00,0,0,-,-,1,-,0.00,0.65,0.00,64.58,6.00,-,-,-
Термопанели в Выборге,712773255,18.08.2026,Термопанели (Лен. область),5773097196,Автотаргетинг,,-,0,-,0,термопанели фасадные производство,Целевые запросы,Запросы без упоминания брендов,-,,,,,Поиск,Прочее,Не определено,Смартфоны,Android,Wi-Fi,Мужской,45-54 года,Остальные,Не определено,1915608023072927866,Активные,Комбинаторное,Термопанели с клинкерной плиткой. Производство в Выборге,"Термопанели с клинкером. Собственное производство, своя цена, нет посредников.",https://marmara-pro.ru?utm_content=geo&utm_term={PHRASE},-,-,-,-,Текстово-графический,Автоматический,0.00,0,0,-,-,1,-,0.00,0.45,0.00,44.58,8.00,-,-,-
Термопанели в Выборге,712773255,18.08.2026,Термопанели (Лен. область),5773097196,Автотаргетинг,,-,0,-,0,термопанель,Целевые запросы,Запросы без упоминания брендов,-,,,,,Поиск,Прочее,Не определено,Смартфоны,iOS,Wi-Fi,Женский,35-44 года,6–10%,Не определено,1915608023072927866,Активные,Комбинаторное,Термопанели с клинкерной плиткой. Производство в Выборге,"Термопанели с клинкером. Собственное производство, своя цена, нет посредников.",https://marmara-pro.ru?utm_content=geo&utm_term={PHRASE},-,-,-,-,Текстово-графический,Автоматический,0.00,0,0,-,-,1,-,0.00,0.45,0.00,44.58,8.00,-,-,-
Термопанели в Выборге,712773255,18.08.2026,Термопанели (Лен. область),5773097196,Автотаргетинг,,-,0,-,0,термопанель,Целевые запросы,Запросы без упоминания брендов,-,,,,,Поиск,Товарная галерея,Не определено,Смартфоны,iOS,Wi-Fi,Женский,35-44 года,6–10%,Не определено,1915608023072927866,Активные,Комбинаторное,Термопанели с клинкерной плиткой. Производство в Выборге,"Термопанели с клинкером. Собственное производство, своя цена, нет посредников.",https://marmara-pro.ru?utm_content=geo&utm_term={PHRASE},http://direct.yandex.ru/images/direct/5250956/5XPY7aqvM1xRQF8e4uTrqg,карусель 4-3_06.jpg,-,-,Текстово-графический,Автоматический,0.00,0,0,-,-,2,-,0.00,0.27,0.00,13.48,14.50,-,-,-
Термопанели в Выборге,712773255,18.08.2026,Термопанели (Лен. область),5773097196,Автотаргетинг,,-,0,-,0,термопанель фасадная,Целевые запросы,Запросы без упоминания брендов,-,,,,,Поиск,Прочее,Не определено,Смартфоны,Android,Wi-Fi,Мужской,18-24 года,Остальные,Не определено,1915608023072927866,Активные,Комбинаторное,Термопанели с клинкерной плиткой в Выборге!,"Термопанели с клинкером. Собственное производство, своя цена, нет посредников.",https://marmara-pro.ru?utm_content=geo&utm_term={PHRASE},-,-,-,-,Текстово-графический,Оригинальный,0.00,0,0,-,-,1,-,0.00,0.55,0.00,54.58,7.00,-,-,-
Термопанели в Выборге,712773255,18.08.2026,Термопанели (Лен. область),5773097196,Автотаргетинг,,-,0,-,0,термосайдинг для наружной отделки,Целевые запросы,Запросы без упоминания брендов,-,,,,,Поиск,Товарная галерея,Не определено,Смартфоны,Android,Wi-Fi,Женский,45-54 года,Остальные,Не определено,1915608023072927866,Активные,Комбинаторное,Термопанели с клинкерной плиткой. Производство в Выборге,"Термопанели с клинкером. Собственное производство, своя цена, нет посредников.",https://marmara-pro.ru?utm_content=geo&utm_term={PHRASE},http://direct.yandex.ru/images/direct/5250956/5XPY7aqvM1xRQF8e4uTrqg,карусель 4-3_06.jpg,-,-,Текстово-графический,Автоматический,0.00,0,0,-,-,1,-,0.00,0.25,0.00,25.29,9.00,-,-,-
Термопанели в Выборге,712773255,18.08.2026,Термопанели (Лен. область),5773097196,Автотаргетинг,,-,0,-,0,фасадные панели для наружной отделки,Целевые запросы,Запросы без упоминания брендов,-,,,,,Поиск,Прочее,Не определено,Смартфоны,Android,Wi-Fi,Мужской,45-54 года,Остальные,Не определено,1915608023072927866,Активные,Комбинаторное,Термопанели с клинкерной плиткой. Производство в Выборге,"Термопанели с клинкером. Собственное производство, своя цена, нет посредников.",https://marmara-pro.ru?utm_content=geo&utm_term={PHRASE},-,-,-,-,Текстово-графический,Автоматический,0.00,0,0,-,-,1,-,0.00,0.55,0.00,54.58,7.00,-,-,-
Термопанели в Выборге,712773255,18.08.2026,Термопанели (Лен. область),5773097196,Автотаргетинг,,-,0,-,0,фасадные панели для наружной отделки дома под кирпич,Целевые запросы,Запросы без упоминания брендов,-,,,,,Поиск,Товарная галерея,Не определено,Смартфоны,iOS,Wi-Fi,Женский,18-24 года,Остальные,Не определено,1915608023072927866,Активные,Комбинаторное,Термопанели с клинкерной плиткой. Производство в Выборге,"Термопанели с клинкером. Собственное производство, своя цена, нет посредников.",https://marmara-pro.ru?utm_content=geo&utm_term={PHRASE},http://direct.yandex.ru/images/direct/5250956/5XPY7aqvM1xRQF8e4uTrqg,карусель 4-3_06.jpg,-,-,Текстово-графический,Автоматический,0.00,0,0,-,-,1,-,0.00,0.13,0.00,13.38,17.00,-,-,-
Термопанели в Выборге,712773255,18.08.2026,Термопанели (Лен. область),5773097196,Автотаргетинг,,-,0,-,0,фасадные панели для наружной отделки с утеплителем,Целевые запросы,Запросы без упоминания брендов,-,,,,,Поиск,Прочее,Не определено,Смартфоны,Android,Wi-Fi,Мужской,18-24 года,Остальные,Не определено,1915608023072927866,Активные,Комбинаторное,Термопанели с клинкерной плиткой. Производство в Выборге,"Термопанели с клинкером. Собственное производство, своя цена, нет посредников.",https://marmara-pro.ru?utm_content=geo&utm_term={PHRASE},-,-,-,-,Текстово-графический,Автоматический,0.00,0,0,-,-,1,-,0.00,0.65,0.00,64.58,6.00,-,-,-
Термопанели в Выборге,712773255,18.08.2026,Термопанели (Лен. область),5773097196,Автотаргетинг,,-,0,-,0,фасадные панели для наружной отделки с утеплителем,Целевые запросы,Запросы без упоминания брендов,-,,,,,Поиск,Товарная галерея,Не определено,Смартфоны,Android,Wi-Fi,Мужской,18-24 года,Остальные,Не определено,1915608023072927866,Активные,Комбинаторное,Термопанели с клинкерной плиткой. Производство в Выборге,"Термопанели с клинкером. Собственное производство, своя цена, нет посредников.",https://marmara-pro.ru?utm_content=geo&utm_term={PHRASE},http://direct.yandex.ru/images/direct/5250956/5XPY7aqvM1xRQF8e4uTrqg,карусель 4-3_06.jpg,-,-,Текстово-графический,Автоматический,0.00,0,0,-,-,2,-,0.00,0.62,0.00,30.83,6.50,-,-,-
"Приозерский район, Поиск   от 25-07-2026",713047408,19.08.2026,Приозерский район,5776633358,Фраза,термопанели под кирпич,-,0,-,0,купить фасадные термопанели для наружной отделки дома цена за м2 под кирпич,Не определено,-,Пословное,,,,,Поиск,Реклама в саджесте,Не определено,Смартфоны,Android,Wi-Fi,Мужской,Старше 55,Остальные,Не определено,1916597733861553174,Архивные,Комбинаторное,Утепление фасада термопанелями,Утепление и фасад за один этап. Производство в Выборге. Доставка по Ленобласти.,https://marmara-pro.ru?utm_source=yandex&utm_medium=cpc&utm_campaign=termopaneli_priozersk_cpa_search&utm_content=search&utm_term={PHRASE},-,-,-,-,Текстово-графический,Оригинальный,0.00,0,0,-,-,1,-,0.00,1.00,0.00,100.00,1.00,-,-,-
"Приозерский район, Поиск   от 25-07-2026",713047408,19.08.2026,Приозерский район,5776633358,Автотаргетинг,,-,0,-,0,wps панели для фасада,Альтернативные запросы,Запросы без упоминания брендов,-,,,,,Поиск,Спецразмещение,Не определено,Смартфоны,Android,Wi-Fi,Женский,35-44 года,Остальные,Не определено,1916597733861553174,Архивные,Комбинаторное,Термопанели для дома в Приозерске,Утепление и фасад за один этап. Производство в Выборге. Доставка по Ленобласти.,https://marmara-pro.ru?utm_source=yandex&utm_medium=cpc&utm_campaign=termopaneli_priozersk_cpa_search&utm_content=search&utm_term={PHRASE},-,-,-,-,Текстово-графический,Оригинальный,0.00,1,0,0.00,-,1,0.00,100.00,0.99,100.67,99.33,1.00,1.00,0.00,3.00
"Приозерский район, Поиск   от 25-07-2026",713047408,19.08.2026,Приозерский район,5776633358,Автотаргетинг,,-,0,-,0,байрамикс официальный сайт,Альтернативные запросы,Запросы с упоминанием брендов конкурентов,-,,,,,Поиск,Спецразмещение,Не определено,Десктопы,Не определён,Wi-Fi,Мужской,35-44 года,2–5%,Не определено,1916597733861553174,Архивные,Комбинаторное,Производство в Выборге — доставка в район,Клинкерный фасад без мокрых работ. Монтаж зимой до −15 °C. ППС и ППУ. Звоните!,https://marmara-pro.ru?utm_source=yandex&utm_medium=cpc&utm_campaign=termopaneli_priozersk_cpa_search&utm_content=search&utm_term={PHRASE},-,-,-,-,Текстово-графический,Оригинальный,0.00,0,0,-,-,1,-,0.00,0.67,0.00,66.56,1.00,-,-,-
"Приозерский район, Поиск   от 25-07-2026",713047408,19.08.2026,Приозерский район,5776633358,Автотаргетинг,,-,0,-,0,варианты отделки газобетона снаружи,Сопутствующие запросы,Запросы без упоминания брендов,-,,,,,Поиск,Спецразмещение,Не определено,Смартфоны,iOS,Wi-Fi,Женский,35-44 года,6–10%,Не определено,1916597733861553174,Архивные,Комбинаторное,Клинкерные термопанели — КлинкерПрофи,Клинкерный фасад без мокрых работ. Монтаж зимой до −15 °C. ППС и ППУ. Звоните!,https://marmara-pro.ru?utm_source=yandex&utm_medium=cpc&utm_campaign=termopaneli_priozersk_cpa_search&utm_content=search&utm_term={PHRASE},-,-,-,-,Текстово-графический,Оригинальный,0.00,0,0,-,-,1,-,0.00,1.00,0.00,100.00,-,-,-,-
"Приозерский район, Поиск   от 25-07-2026",713047408,19.08.2026,Приозерский район,5776633358,Автотаргетинг,,-,0,-,0,варианты отделки газобетона снаружи,Сопутствующие запросы,Запросы без упоминания брендов,-,,,,,Поиск,Спецразмещение,Не определено,Смартфоны,iOS,Wi-Fi,Женский,35-44 года,6–10%,Не определено,1916597733861553174,Архивные,Комбинаторное,Фасадные термопанели с клинкером,Клинкерный фасад без мокрых работ. Монтаж зимой до −15 °C. ППС и ППУ. Звоните!,https://marmara-pro.ru?utm_source=yandex&utm_medium=cpc&utm_campaign=termopaneli_priozersk_cpa_search&utm_content=search&utm_term={PHRASE},-,-,-,-,Текстово-графический,Оригинальный,0.00,0,0,-,-,1,-,0.00,1.00,0.00,100.00,-,-,-,-
"Приозерский район, Поиск   от 25-07-2026",713047408,19.08.2026,Приозерский район,5776633358,Автотаргетинг,,-,0,-,0,варианты отделки газобетона снаружи,Сопутствующие запросы,Запросы без упоминания брендов,-,,,,,Поиск,Спецразмещение,Не определено,Смартфоны,iOS,Wi-Fi,Женский,35-44 года,6–10%,Не определено,1916597733861553174,Архивные,Комбинаторное,Фасадные термопанели с клинкером,Срок службы 25–50 лет. Не требуют покраски. Подберём толщину под ваш дом.,https://marmara-pro.ru?utm_source=yandex&utm_medium=cpc&utm_campaign=termopaneli_priozersk_cpa_search&utm_content=search&utm_term={PHRASE},-,-,-,-,Текстово-графический,Оригинальный,0.00,0,0,-,-,1,-,0.00,1.14,0.00,113.89,1.00,-,-,-
"Приозерский район, Поиск   от 25-07-2026",713047408,19.08.2026,Приозерский район,5776633358,Автотаргетинг,,-,0,-,0,варианты отделки газобетона снаружи,Сопутствующие запросы,Запросы без упоминания брендов,-,,,,,Поиск,Прочее,Не определено,Смартфоны,iOS,Wi-Fi,Женский,35-44 года,6–10%,Не определено,1916597733861553174,Архивные,Комбинаторное,Фасадные термопанели с клинкером,Срок службы 25–50 лет. Не требуют покраски. Подберём толщину под ваш дом.,https://marmara-pro.ru?utm_source=yandex&utm_medium=cpc&utm_campaign=termopaneli_priozersk_cpa_search&utm_content=search&utm_term={PHRASE},-,-,-,-,Текстово-графический,Оригинальный,0.00,0,0,-,-,1,-,0.00,1.42,0.00,142.42,5.00,-,-,-
"Приозерский район, Поиск   от 25-07-2026",713047408,19.08.2026,Приозерский район,5776633358,Автотаргетинг,,-,0,-,0,варианты отделки газобетона снаружи,Сопутствующие запросы,Запросы без упоминания брендов,-,,Термопанели с клинкерной плиткой — КлинкерПрофи,,,Поиск,Спецразмещение,Не определено,Смартфоны,iOS,Wi-Fi,Женский,35-44 года,6–10%,Не определено,1918168175770350076,Активные,Страницы каталога,Термопанели с клинкерной плиткой. Производство в Выборге,"Фасадные термопанели с клинкером. Производство в Выборге, доставка по СПб...",https://marmara-pro.ru/termo?utm_source=yandex&utm_medium=cpc&utm_campaign=termopaneli_priozersk_cpa_search&utm_content=search&utm_term={PHRASE},-,-,-,-,Текстово-графический,Автоматический,0.00,0,0,-,-,1,-,0.00,1.00,0.00,100.00,-,-,-,-
"Приозерский район, Поиск   от 25-07-2026",713047408,19.08.2026,Приозерский район,5776633358,Автотаргетинг,,-,0,-,0,восстановление старого дома,Сопутствующие запросы,Запросы без упоминания брендов,-,,,,,Поиск,Прочее,Не определено,Смартфоны,iOS,Wi-Fi,Женский,35-44 года,2–5%,Не определено,1916597733861553174,Архивные,Комбинаторное,Фасадные термопанели с клинкером,Утепление и фасад за один этап. Производство в Выборге. Доставка по Ленобласти.,https://marmara-pro.ru?utm_source=yandex&utm_medium=cpc&utm_campaign=termopaneli_priozersk_cpa_search&utm_content=search&utm_term={PHRASE},-,-,-,-,Текстово-графический,Оригинальный,0.00,0,0,-,-,1,-,0.00,0.42,0.00,41.63,6.00,-,-,-
"Приозерский район, Поиск   от 25-07-2026",713047408,19.08.2026,Приозерский район,5776633358,Автотаргетинг,,-,0,-,0,гидроизоляция дома по периметру процесс и материалы,Сопутствующие запросы,Запросы без упоминания брендов,-,,,,,Поиск,Спецразмещение,Не определено,Планшеты,Android,Wi-Fi,Мужской,45-54 года,Остальные,Не определено,1916597733861553174,Архивные,Комбинаторное,Клинкерные термопанели — КлинкерПрофи,Утепление и фасад за один этап. Производство в Выборге. Доставка по Ленобласти.,https://marmara-pro.ru?utm_source=yandex&utm_medium=cpc&utm_campaign=termopaneli_priozersk_cpa_search&utm_content=search&utm_term={PHRASE},-,-,-,-,Текстово-графический,Оригинальный,0.00,0,0,-,-,1,-,0.00,1.00,0.00,100.00,1.00,-,-,-
"Приозерский район, Поиск   от 25-07-2026",713047408,19.08.2026,Приозерский район,5776633358,Автотаргетинг,,-,0,-,0,декоративная отделка фасада,Сопутствующие запросы,Запросы без упоминания брендов,-,,Термопанели с клинкерной плиткой — КлинкерПрофи,,,Поиск,Спецразмещение,Не определено,Десктопы,Не определён,Wi-Fi,Не определен,Не определен,Остальные,Не определено,1918168175770350076,Активные,Страницы каталога,Термопанели с клинкерной плиткой. Производство в Выборге,"Фасадные термопанели с клинкером. Производство в Выборге, доставка по СПб...",https://marmara-pro.ru/termo?utm_source=yandex&utm_medium=cpc&utm_campaign=termopaneli_priozersk_cpa_search&utm_content=search&utm_term={PHRASE},-,-,-,-,Текстово-графический,Автоматический,0.00,0,0,-,-,1,-,0.00,0.66,0.00,66.00,-,-,-,-
"Приозерский район, Поиск   от 25-07-2026",713047408,19.08.2026,Приозерский район,5776633358,Автотаргетинг,,-,0,-,0,дом в карельском стиле,Сопутствующие запросы,Запросы без упоминания брендов,-,,,,,Поиск,Прочее,Не определено,Десктопы,Не определён,Wi-Fi,Мужской,45-54 года,6–10%,Не определено,1916597733861553174,Архивные,Комбинаторное,Производство в Выборге — доставка в район,Срок службы 25–50 лет. Не требуют покраски. Подберём толщину под ваш дом.,https://marmara-pro.ru?utm_source=yandex&utm_medium=cpc&utm_campaign=termopaneli_priozersk_cpa_search&utm_content=search&utm_term={PHRASE},-,-,-,-,Текстово-графический,Оригинальный,0.00,0,0,-,-,1,-,0.00,0.44,0.00,44.42,6.00,-,-,-
"Приозерский район, Поиск   от 25-07-2026",713047408,19.08.2026,Приозерский район,5776633358,Автотаргетинг,,-,0,-,0,как называется чем обшивают цоколь дома,Сопутствующие запросы,Запросы без упоминания брендов,-,,Термопанели с клинкерной плиткой — КлинкерПрофи,,,Поиск,Спецразмещение,Не определено,Смартфоны,Android,Wi-Fi,Женский,45-54 года,2–5%,Не определено,1918168175770350076,Активные,Страницы каталога,Термопанели с клинкерной плиткой. Производство в Выборге,"Фасадные термопанели с клинкером. Производство в Выборге, доставка по СПб...",https://marmara-pro.ru/termo?utm_source=yandex&utm_medium=cpc&utm_campaign=termopaneli_priozersk_cpa_search&utm_content=search&utm_term={PHRASE},-,-,-,-,Текстово-графический,Автоматический,0.00,0,0,-,-,1,-,0.00,1.01,0.00,100.69,1.00,-,-,-
"Приозерский район, Поиск   от 25-07-2026",713047408,19.08.2026,Приозерский район,5776633358,Автотаргетинг,,-,0,-,0,как правильно работать с фасадной плиткой,Сопутствующие запросы,Запросы без упоминания брендов,-,,Клинкерная плитка фасадная STONE (палевый),,,Поиск,Спецразмещение,Не определено,Смартфоны,Android,Wi-Fi,Женский,45-54 года,Остальные,Не определено,1918168175770350076,Активные,Страницы каталога,Клинкерная плитка фасадная STONE (палевый),Размер: 245×65 мм Толщина: 7 мм Cтоимость 1 м2 - 1300 ₽,https://marmara-pro.ru/termo/tproduct/2229245581-400587526422-klinkernaya-plitka-fasadnaya-stone-palev?utm_source=yandex&utm_medium=cpc&utm_campaign=termopaneli_priozersk_cpa_search&utm_content=search&utm_term={PHRASE},-,-,-,-,Текстово-графический,Автоматический,0.00,1,0,0.00,-,1,0.00,100.00,1.01,99.18,100.83,2.00,2.00,100.00,1.00
"Приозерский район, Поиск   от 25-07-2026",713047408,19.08.2026,Приозерский район,5776633358,Автотаргетинг,,-,0,-,0,какой материал лучше на фронтоны с улицы,Сопутствующие запросы,Запросы без упоминания брендов,-,,,,,Поиск,Прочее,Не определено,Смартфоны,Android,Wi-Fi,Мужской,35-44 года,Остальные,Не определено,1916597733861553174,Архивные,Комбинаторное,Клинкерные термопанели — КлинкерПрофи,Утепление и фасад за один этап. Производство в Выборге. Доставка по Ленобласти.,https://marmara-pro.ru?utm_source=yandex&utm_medium=cpc&utm_campaign=termopaneli_priozersk_cpa_search&utm_content=search&utm_term={PHRASE},-,-,-,-,Текстово-графический,Оригинальный,0.00,0,0,-,-,1,-,0.00,1.00,0.00,100.00,5.00,-,-,-
"Приозерский район, Поиск   от 25-07-2026",713047408,19.08.2026,Приозерский район,5776633358,Автотаргетинг,,-,0,-,0,купить утеплитель роквул,Сопутствующие запросы,Запросы без упоминания брендов,-,,,,,Поиск,Спецразмещение,Не определено,Смартфоны,iOS,Wi-Fi,Женский,25-34 года,6–10%,Не определено,1916597733861553174,Архивные,Комбинаторное,Клинкерные термопанели — КлинкерПрофи,Утепление и фасад за один этап. Производство в Выборге. Доставка по Ленобласти.,https://marmara-pro.ru?utm_source=yandex&utm_medium=cpc&utm_campaign=termopaneli_priozersk_cpa_search&utm_content=search&utm_term={PHRASE},-,-,-,-,Текстово-графический,Оригинальный,0.00,0,0,-,-,1,-,0.00,0.84,0.00,83.92,1.00,-,-,-
"Приозерский район, Поиск   от 25-07-2026",713047408,19.08.2026,Приозерский район,5776633358,Автотаргетинг,,-,0,-,0,купить фасадные щиты,Широкие запросы,Запросы без упоминания брендов,-,,,,,Поиск,Спецразмещение,Не определено,Смартфоны,iOS,Wi-Fi,Женский,45-54 года,6–10%,Не определено,1916597733861553174,Архивные,Комбинаторное,Фасадные термопанели с клинкером,Утепление и фасад за один этап. Производство в Выборге. Доставка по Ленобласти.,https://marmara-pro.ru?utm_source=yandex&utm_medium=cpc&utm_campaign=termopaneli_priozersk_cpa_search&utm_content=search&utm_term={PHRASE},-,-,-,-,Текстово-графический,Оригинальный,0.00,0,0,-,-,1,-,0.00,0.57,0.00,56.95,3.00,-,-,-
"Приозерский район, Поиск   от 25-07-2026",713047408,19.08.2026,Приозерский район,5776633358,Автотаргетинг,,-,0,-,0,магазин строительный приозерск,Широкие запросы,Запросы без упоминания брендов,-,,,,,Поиск,Прочее,Не определено,Смартфоны,iOS,Wi-Fi,Женский,35-44 года,Остальные,Не определено,1916597733861553174,Архивные,Комбинаторное,Производство в Выборге — доставка в район,Утепление и фасад за один этап. Производство в Выборге. Доставка по Ленобласти.,https://marmara-pro.ru?utm_source=yandex&utm_medium=cpc&utm_campaign=termopaneli_priozersk_cpa_search&utm_content=search&utm_term={PHRASE},-,-,-,-,Текстово-графический,Оригинальный,0.00,0,0,-,-,1,-,0.00,0.09,0.00,8.50,5.00,-,-,-
"Приозерский район, Поиск   от 25-07-2026",713047408,19.08.2026,Приозерский район,5776633358,Автотаргетинг,,-,0,-,0,материалы для обшивки цоколя дома,Широкие запросы,Запросы без упоминания брендов,-,,Клинкерная плитка фасадная STONE (палевый),,,Поиск,Спецразмещение,Не определено,Планшеты,Android,Wi-Fi,Женский,45-54 года,2–5%,Не определено,1918168175770350076,Активные,Страницы каталога,Клинкерная плитка фасадная STONE (палевый),Размер: 245×65 мм Толщина: 7 мм Cтоимость 1 м2 - 1300 ₽,https://marmara-pro.ru/termo/tproduct/2229245581-400587526422-klinkernaya-plitka-fasadnaya-stone-palev?utm_source=yandex&utm_medium=cpc&utm_campaign=termopaneli_priozersk_cpa_search&utm_content=search&utm_term={PHRASE},-,-,-,-,Текстово-графический,Оригинальный,0.00,0,0,-,-,1,-,0.00,0.15,0.00,14.73,2.00,-,-,-
"Приозерский район, Поиск   от 25-07-2026",713047408,19.08.2026,Приозерский район,5776633358,Автотаргетинг,,-,0,-,0,облицовка цоколя с разным уровнем,Сопутствующие запросы,Запросы без упоминания брендов,-,,,,,Поиск,Спецразмещение,Не определено,Смартфоны,Android,Wi-Fi,Мужской,25-34 года,Остальные,Не определено,1916597733861553174,Архивные,Комбинаторное,Термопанели для дома в Приозерске,Утепление и фасад за один этап. Производство в Выборге. Доставка по Ленобласти.,https://marmara-pro.ru?utm_source=yandex&utm_medium=cpc&utm_campaign=termopaneli_priozersk_cpa_search&utm_content=search&utm_term={PHRASE},-,-,-,-,Текстово-графический,Оригинальный,0.00,0,0,-,-,1,-,0.00,0.81,0.00,80.90,4.00,-,-,-
"Приозерский район, Поиск   от 25-07-2026",713047408,19.08.2026,Приозерский район,5776633358,Автотаргетинг,,-,0,-,0,обшивка бел термо цена за квадрат,Альтернативные запросы,Запросы без упоминания брендов,-,,,,,Поиск,Прочее,Не определено,Смартфоны,Android,Wi-Fi,Мужской,25-34 года,Остальные,Не определено,1916597733861553174,Архивные,Комбинаторное,Термопанели для дома в Приозерске,Утепление и фасад за один этап. Производство в Выборге. Доставка по Ленобласти.,https://marmara-pro.ru?utm_source=yandex&utm_medium=cpc&utm_campaign=termopaneli_priozersk_cpa_search&utm_content=search&utm_term={PHRASE},-,-,-,-,Текстово-графический,Оригинальный,0.00,0,0,-,-,1,-,0.00,1.21,0.00,120.73,5.00,-,-,-
"Приозерский район, Поиск   от 25-07-2026",713047408,19.08.2026,Приозерский район,5776633358,Автотаргетинг,,-,0,-,0,обшивка белтермо цена за квадрат,Альтернативные запросы,Запросы без упоминания брендов,-,,,,,Поиск,Спецразмещение,Не определено,Смартфоны,Android,Wi-Fi,Мужской,25-34 года,Остальные,Не определено,1916597733861553174,Архивные,Комбинаторное,Термопанели для дома в Приозерске,Утепление и фасад за один этап. Производство в Выборге. Доставка по Ленобласти.,https://marmara-pro.ru?utm_source=yandex&utm_medium=cpc&utm_campaign=termopaneli_priozersk_cpa_search&utm_content=search&utm_term={PHRASE},-,-,-,-,Текстово-графический,Оригинальный,0.00,0,0,-,-,1,-,0.00,0.98,0.00,98.23,1.00,-,-,-
"Приозерский район, Поиск   от 25-07-2026",713047408,19.08.2026,Приозерский район,5776633358,Автотаргетинг,,-,0,-,0,отделка газобетона снаружи варианты,Сопутствующие запросы,Запросы без упоминания брендов,-,,Термопанели с клинкерной плиткой — КлинкерПрофи,,,Поиск,Спецразмещение,Не определено,Смартфоны,iOS,Wi-Fi,Женский,35-44 года,6–10%,Не определено,1918168175770350076,Активные,Страницы каталога,Термопанели с клинкерной плиткой. Производство в Выборге,"Фасадные термопанели с клинкером. Производство в Выборге, доставка по СПб...",https://marmara-pro.ru/termo?utm_source=yandex&utm_medium=cpc&utm_campaign=termopaneli_priozersk_cpa_search&utm_content=search&utm_term={PHRASE},-,-,-,-,Текстово-графический,Автоматический,0.00,0,0,-,-,1,-,0.00,1.00,0.00,100.00,-,-,-,-
"Приозерский район, Поиск   от 25-07-2026",713047408,19.08.2026,Приозерский район,5776633358,Автотаргетинг,,-,0,-,0,панели для обшивки дома снаружи,Широкие запросы,Запросы без упоминания брендов,-,,,,,Поиск,Спецразмещение,Не определено,Смартфоны,Android,Wi-Fi,Мужской,45-54 года,Остальные,Не определено,1916597733861553174,Архивные,Комбинаторное,Термопанели для дома в Приозерске,Утепление и фасад за один этап. Производство в Выборге. Доставка по Ленобласти.,https://marmara-pro.ru?utm_source=yandex&utm_medium=cpc&utm_campaign=termopaneli_priozersk_cpa_search&utm_content=search&utm_term={PHRASE},-,-,-,-,Текстово-графический,Оригинальный,0.00,0,0,-,-,1,-,0.00,0.99,0.00,98.79,1.00,-,-,-
"Приозерский район, Поиск   от 25-07-2026",713047408,19.08.2026,Приозерский район,5776633358,Автотаргетинг,,-,0,-,0,панели под штукатурку для фасада,Широкие запросы,Запросы без упоминания брендов,-,,,,,Поиск,Спецразмещение,Не определено,Десктопы,Не определён,Wi-Fi,Женский,35-44 года,Остальные,Не определено,1916597733861553174,Архивные,Комбинаторное,Клинкерные термопанели — КлинкерПрофи,Утепление и фасад за один этап. Производство в Выборге. Доставка по Ленобласти.,https://marmara-pro.ru?utm_source=yandex&utm_medium=cpc&utm_campaign=termopaneli_priozersk_cpa_search&utm_content=search&utm_term={PHRASE},-,-,-,-,Текстово-графический,Оригинальный,0.00,0,0,-,-,1,-,0.00,0.58,0.00,57.74,4.00,-,-,-
"Приозерский район, Поиск   от 25-07-2026",713047408,19.08.2026,Приозерский район,5776633358,Автотаргетинг,,-,0,-,0,планкен термососна,Альтернативные запросы,Запросы без упоминания брендов,-,,Термопанель Колорадо 5 (32 шт),,,Поиск,Спецразмещение,Не определено,Смартфоны,Android,Wi-Fi,Женский,25-34 года,Остальные,Не определено,1918168175770350076,Активные,Страницы каталога,Термопанель Колорадо 5 (32 шт),Термопанели с клинкерной плиткой. Производство в Выборге. Доставка.,https://marmara-pro.ru/termo/tproduct/2229245581-936117304142-termopanel-kolorado-5-32-sht?utm_source=yandex&utm_medium=cpc&utm_campaign=termopaneli_priozersk_cpa_search&utm_content=search&utm_term={PHRASE},-,-,-,-,Текстово-графический,Автоматический,0.00,0,0,-,-,1,-,0.00,0.56,0.00,56.24,3.00,-,-,-
"Приозерский район, Поиск   от 25-07-2026",713047408,19.08.2026,Приозерский район,5776633358,Автотаргетинг,,-,0,-,0,плиты для каркасного дома,Сопутствующие запросы,Запросы без упоминания брендов,-,,,,,Поиск,Спецразмещение,Не определено,Десктопы,Не определён,Wi-Fi,Женский,35-44 года,Остальные,Не определено,1916597733861553174,Архивные,Комбинаторное,Клинкерные термопанели — КлинкерПрофи,Утепление и фасад за один этап. Производство в Выборге. Доставка по Ленобласти.,https://marmara-pro.ru?utm_source=yandex&utm_medium=cpc&utm_campaign=termopaneli_priozersk_cpa_search&utm_content=search&utm_term={PHRASE},-,-,-,-,Текстово-графический,Оригинальный,0.00,0,0,-,-,1,-,0.00,0.59,0.00,58.66,3.00,-,-,-
"Приозерский район, Поиск   от 25-07-2026",713047408,19.08.2026,Приозерский район,5776633358,Автотаргетинг,,-,0,-,0,плиты юсби для наружной отделки цена,Альтернативные запросы,Запросы без упоминания брендов,-,,,,,Поиск,Спецразмещение,Не определено,Десктопы,Не определён,Wi-Fi,Женский,Старше 55,Остальные,Не определено,1916597733861553174,Архивные,Комбинаторное,Производство в Выборге — доставка в район,Утепление и фасад за один этап. Производство в Выборге. Доставка по Ленобласти.,https://marmara-pro.ru?utm_source=yandex&utm_medium=cpc&utm_campaign=termopaneli_priozersk_cpa_search&utm_content=search&utm_term={PHRASE},-,-,-,-,Текстово-графический,Оригинальный,0.00,0,0,-,-,1,-,0.00,0.94,0.00,93.72,1.00,-,-,-
"Приозерский район, Поиск   от 25-07-2026",713047408,19.08.2026,Приозерский район,5776633358,Автотаргетинг,,-,0,-,0,реечные фасадные панели,Альтернативные запросы,Запросы без упоминания брендов,-,,,,,Поиск,Прочее,Не определено,Смартфоны,iOS,Wi-Fi,Женский,35-44 года,Остальные,Не определено,1916597733861553174,Архивные,Комбинаторное,Фасадные термопанели с клинкером,Утепление и фасад за один этап. Производство в Выборге. Доставка по Ленобласти.,https://marmara-pro.ru?utm_source=yandex&utm_medium=cpc&utm_campaign=termopaneli_priozersk_cpa_search&utm_content=search&utm_term={PHRASE},-,-,-,-,Текстово-графический,Оригинальный,0.00,0,0,-,-,1,-,0.00,0.09,0.00,8.50,5.00,-,-,-
"Приозерский район, Поиск   от 25-07-2026",713047408,19.08.2026,Приозерский район,5776633358,Автотаргетинг,,-,0,-,0,строительная база в сосново,Широкие запросы,Запросы без упоминания брендов,-,,,,,Поиск,Спецразмещение,Не определено,Смартфоны,Android,Wi-Fi,Женский,Старше 55,Остальные,Не определено,1916597733861553174,Архивные,Комбинаторное,Производство в Выборге — доставка в район,Утепление и фасад за один этап. Производство в Выборге. Доставка по Ленобласти.,https://marmara-pro.ru?utm_source=yandex&utm_medium=cpc&utm_campaign=termopaneli_priozersk_cpa_search&utm_content=search&utm_term={PHRASE},-,-,-,-,Текстово-графический,Оригинальный,0.00,0,0,-,-,1,-,0.00,0.81,0.00,80.60,1.00,-,-,-
"Приозерский район, Поиск   от 25-07-2026",713047408,19.08.2026,Приозерский район,5776633358,Автотаргетинг,,-,0,-,0,стройкомплектация,Альтернативные запросы,Запросы с упоминанием брендов конкурентов,-,,,,,Поиск,Прочее,Не определено,Смартфоны,Android,Wi-Fi,Женский,Старше 55,Остальные,Не определено,1916597733861553174,Архивные,Комбинаторное,Производство в Выборге — доставка в район,Утепление и фасад за один этап. Производство в Выборге. Доставка по Ленобласти.,https://marmara-pro.ru?utm_source=yandex&utm_medium=cpc&utm_campaign=termopaneli_priozersk_cpa_search&utm_content=search&utm_term={PHRASE},-,-,-,-,Текстово-графический,Оригинальный,0.00,0,0,-,-,1,-,0.00,1.00,0.00,100.00,5.00,-,-,-
"Приозерский район, Поиск   от 25-07-2026",713047408,19.08.2026,Приозерский район,5776633358,Автотаргетинг,,-,0,-,0,стройудача сосново каталог товаров цены приозерского района,Широкие запросы,Запросы с упоминанием брендов конкурентов,-,,,,,Поиск,Спецразмещение,Не определено,Смартфоны,Android,Wi-Fi,Женский,Старше 55,Остальные,Не определено,1916597733861553174,Архивные,Комбинаторное,Производство в Выборге — доставка в район,Утепление и фасад за один этап. Производство в Выборге. Доставка по Ленобласти.,https://marmara-pro.ru?utm_source=yandex&utm_medium=cpc&utm_campaign=termopaneli_priozersk_cpa_search&utm_content=search&utm_term={PHRASE},-,-,-,-,Текстово-графический,Оригинальный,0.00,0,0,-,-,1,-,0.00,0.78,0.00,77.70,1.00,-,-,-
"Приозерский район, Поиск   от 25-07-2026",713047408,19.08.2026,Приозерский район,5776633358,Автотаргетинг,,-,0,-,0,термопанели для наружной отделки дома из газобетона цена за м2 фасадные,Широкие запросы,Запросы без упоминания брендов,-,,,,,Поиск,Спецразмещение,Не определено,Смартфоны,Android,Wi-Fi,Мужской,Старше 55,Остальные,Не определено,1916597733861553174,Архивные,Комбинаторное,Фасадные термопанели с клинкером,Утепление и фасад за один этап. Производство в Выборге. Доставка по Ленобласти.,https://marmara-pro.ru?utm_source=yandex&utm_medium=cpc&utm_campaign=termopaneli_priozersk_cpa_search&utm_content=search&utm_term={PHRASE},-,-,-,-,Текстово-графический,Оригинальный,0.00,0,0,-,-,1,-,0.00,0.87,0.00,87.22,1.00,-,-,-
"Приозерский район, Поиск   от 25-07-2026",713047408,19.08.2026,Приозерский район,5776633358,Автотаргетинг,,-,0,-,0,технониколь,Альтернативные запросы,Запросы с упоминанием брендов конкурентов,-,,,,,Поиск,Спецразмещение,Не определено,Десктопы,Не определён,Wi-Fi,Женский,35-44 года,Остальные,Не определено,1916597733861553174,Архивные,Комбинаторное,Производство в Выборге — доставка в район,Клинкерный фасад без мокрых работ. Монтаж зимой до −15 °C. ППС и ППУ. Звоните!,https://marmara-pro.ru?utm_source=yandex&utm_medium=cpc&utm_campaign=termopaneli_priozersk_cpa_search&utm_content=search&utm_term={PHRASE},-,-,-,-,Текстово-графический,Оригинальный,0.00,0,0,-,-,1,-,0.00,0.91,0.00,91.09,1.00,-,-,-
"Приозерский район, Поиск   от 25-07-2026",713047408,19.08.2026,Приозерский район,5776633358,Автотаргетинг,,-,0,-,0,технониколь готовые решения,Альтернативные запросы,Запросы с упоминанием брендов конкурентов,-,,Термопанели с клинкерной плиткой — КлинкерПрофи,,,Поиск,Спецразмещение,Не определено,Смартфоны,iOS,Wi-Fi,Женский,35-44 года,2–5%,Не определено,1918168175770350076,Активные,Страницы каталога,Термопанели с клинкерной плиткой. Производство в Выборге,"Фасадные термопанели с клинкером. Производство в Выборге, доставка по СПб...",https://marmara-pro.ru/termo?utm_source=yandex&utm_medium=cpc&utm_campaign=termopaneli_priozersk_cpa_search&utm_content=search&utm_term={PHRASE},-,-,-,-,Текстово-графический,Автоматический,0.00,0,0,-,-,1,-,0.00,0.72,0.00,72.44,2.00,-,-,-
"Приозерский район, Поиск   от 25-07-2026",713047408,19.08.2026,Приозерский район,5776633358,Автотаргетинг,,-,0,-,0,технониколь готовые решения фасад,Альтернативные запросы,Запросы с упоминанием брендов конкурентов,-,,,,,Поиск,Прочее,Не определено,Смартфоны,iOS,Wi-Fi,Женский,35-44 года,2–5%,Не определено,1916597733861553174,Архивные,Комбинаторное,Утепление фасада термопанелями,Утепление и фасад за один этап. Производство в Выборге. Доставка по Ленобласти.,https://marmara-pro.ru?utm_source=yandex&utm_medium=cpc&utm_campaign=termopaneli_priozersk_cpa_search&utm_content=search&utm_term={PHRASE},-,-,-,-,Текстово-графический,Оригинальный,0.00,0,0,-,-,1,-,0.00,0.09,0.00,8.50,5.00,-,-,-
"Приозерский район, Поиск   от 25-07-2026",713047408,19.08.2026,Приозерский район,5776633358,Автотаргетинг,,-,0,-,0,услуги мастера в коробицыно по ремонту деревянного дома,Сопутствующие запросы,Запросы без упоминания брендов,-,,,,,Поиск,Прочее,Не определено,Смартфоны,Android,Wi-Fi,Мужской,35-44 года,Остальные,Не определено,1916597733861553174,Архивные,Комбинаторное,Производство в Выборге — доставка в район,Утепление и фасад за один этап. Производство в Выборге. Доставка по Ленобласти.,https://marmara-pro.ru?utm_source=yandex&utm_medium=cpc&utm_campaign=termopaneli_priozersk_cpa_search&utm_content=search&utm_term={PHRASE},-,-,-,-,Текстово-графический,Оригинальный,0.00,0,0,-,-,1,-,0.00,1.00,0.00,100.00,5.00,-,-,-
"Приозерский район, Поиск   от 25-07-2026",713047408,19.08.2026,Приозерский район,5776633358,Автотаргетинг,,-,0,-,0,устройство терморазрыва в плите фундамента и террасы,Сопутствующие запросы,Запросы без упоминания брендов,-,,,,,Поиск,Спецразмещение,Не определено,Десктопы,Не определён,Wi-Fi,Мужской,45-54 года,Остальные,Не определено,1916597733861553174,Архивные,Комбинаторное,Клинкерные термопанели — КлинкерПрофи,Срок службы 25–50 лет. Не требуют покраски. Подберём толщину под ваш дом.,https://marmara-pro.ru?utm_source=yandex&utm_medium=cpc&utm_campaign=termopaneli_priozersk_cpa_search&utm_content=search&utm_term={PHRASE},-,-,-,-,Текстово-графический,Оригинальный,0.00,0,0,-,-,1,-,0.00,0.76,0.00,75.76,2.00,-,-,-
"Приозерский район, Поиск   от 25-07-2026",713047408,19.08.2026,Приозерский район,5776633358,Автотаргетинг,,-,0,-,0,утепление ппу,Альтернативные запросы,Запросы без упоминания брендов,-,,,,,Поиск,Спецразмещение,Не определено,Десктопы,Не определён,Wi-Fi,Мужской,35-44 года,Остальные,Не определено,1916597733861553174,Архивные,Комбинаторное,Утепление фасада термопанелями,Клинкерный фасад без мокрых работ. Монтаж зимой до −15 °C. ППС и ППУ. Звоните!,https://marmara-pro.ru?utm_source=yandex&utm_medium=cpc&utm_campaign=termopaneli_priozersk_cpa_search&utm_content=search&utm_term={PHRASE},-,-,-,-,Текстово-графический,Оригинальный,0.00,0,0,-,-,1,-,0.00,0.66,0.00,66.39,3.00,-,-,-
"Приозерский район, Поиск   от 25-07-2026",713047408,19.08.2026,Приозерский район,5776633358,Автотаргетинг,,-,0,-,0,утепление ппу територич тепла,Альтернативные запросы,Запросы без упоминания брендов,-,,,,,Поиск,Спецразмещение,Не определено,Десктопы,Не определён,Wi-Fi,Мужской,35-44 года,Остальные,Не определено,1916597733861553174,Архивные,Комбинаторное,Утепление фасада термопанелями,Клинкерный фасад без мокрых работ. Монтаж зимой до −15 °C. ППС и ППУ. Звоните!,https://marmara-pro.ru?utm_source=yandex&utm_medium=cpc&utm_campaign=termopaneli_priozersk_cpa_search&utm_content=search&utm_term={PHRASE},-,-,-,-,Текстово-графический,Оригинальный,0.00,0,0,-,-,1,-,0.00,0.73,0.00,72.75,4.00,-,-,-
"Приозерский район, Поиск   от 25-07-2026",713047408,19.08.2026,Приозерский район,5776633358,Автотаргетинг,,-,0,-,0,утепление стен точа росы,Сопутствующие запросы,Запросы без упоминания брендов,-,,,,,Поиск,Спецразмещение,Не определено,Смартфоны,Android,Wi-Fi,Мужской,Старше 55,Остальные,Не определено,1916597733861553174,Архивные,Комбинаторное,Утепление фасада термопанелями,Клинкерный фасад без мокрых работ. Монтаж зимой до −15 °C. ППС и ППУ. Звоните!,https://marmara-pro.ru?utm_source=yandex&utm_medium=cpc&utm_campaign=termopaneli_priozersk_cpa_search&utm_content=search&utm_term={PHRASE},-,-,-,-,Текстово-графический,Оригинальный,0.00,1,0,0.00,-,2,0.00,50.00,1.80,55.52,90.07,2.00,2.00,0.00,1.00
"Приозерский район, Поиск   от 25-07-2026",713047408,19.08.2026,Приозерский район,5776633358,Автотаргетинг,,-,0,-,0,утеплитель пенный купить в леманапро,Альтернативные запросы,Запросы с упоминанием брендов конкурентов,-,,,,,Поиск,Прочее,Не определено,Смартфоны,Android,Wi-Fi,Мужской,45-54 года,Остальные,Не определено,1916597733861553174,Архивные,Комбинаторное,Утепление фасада термопанелями,Утепление и фасад за один этап. Производство в Выборге. Доставка по Ленобласти.,https://marmara-pro.ru?utm_source=yandex&utm_medium=cpc&utm_campaign=termopaneli_priozersk_cpa_search&utm_content=search&utm_term={PHRASE},-,-,-,-,Текстово-графический,Оригинальный,0.00,0,0,-,-,1,-,0.00,0.09,0.00,8.50,5.00,-,-,-
"Приозерский район, Поиск   от 25-07-2026",713047408,19.08.2026,Приозерский район,5776633358,Автотаргетинг,,-,0,-,0,фасадная панель под камень,Альтернативные запросы,Запросы без упоминания брендов,-,,Клинкерная плитка фасадная STONE (графитовый),,,Поиск,Спецразмещение,Не определено,Смартфоны,Android,Wi-Fi,Мужской,35-44 года,Остальные,Не определено,1918168175770350076,Активные,Страницы каталога,Клинкерная плитка фасадная STONE (графитовый),Размер: 245×65 мм Толщина: 7 мм Cтоимость 1 м2 - 1300 ₽,https://marmara-pro.ru/termo/tproduct/2229245581-730709481672-klinkernaya-plitka-fasadnaya-stone-grafi?utm_source=yandex&utm_medium=cpc&utm_campaign=termopaneli_priozersk_cpa_search&utm_content=search&utm_term={PHRASE},-,-,-,-,Текстово-графический,Автоматический,0.00,0,0,-,-,1,-,0.00,0.66,0.00,66.45,2.00,-,-,-
"Приозерский район, Поиск   от 25-07-2026",713047408,19.08.2026,Приозерский район,5776633358,Автотаргетинг,,-,0,-,0,фасадная панель под камень,Альтернативные запросы,Запросы без упоминания брендов,-,,Клинкерная плитка фасадная STONE (палевый),,,Поиск,Спецразмещение,Не определено,Смартфоны,Android,Wi-Fi,Мужской,35-44 года,Остальные,Не определено,1918168175770350076,Активные,Страницы каталога,Клинкерная плитка фасадная STONE (палевый),Размер: 245×65 мм Толщина: 7 мм Cтоимость 1 м2 - 1300 ₽,https://marmara-pro.ru/termo/tproduct/2229245581-400587526422-klinkernaya-plitka-fasadnaya-stone-palev?utm_source=yandex&utm_medium=cpc&utm_campaign=termopaneli_priozersk_cpa_search&utm_content=search&utm_term={PHRASE},-,-,-,-,Текстово-графический,Автоматический,0.00,0,0,-,-,1,-,0.00,0.68,0.00,67.60,2.00,-,-,-
"Приозерский район, Поиск   от 25-07-2026",713047408,19.08.2026,Приозерский район,5776633358,Автотаргетинг,,-,0,-,0,фасадная плитка,Широкие запросы,Запросы без упоминания брендов,-,,Клинкерная плитка фасадная STONE (палевый),,,Поиск,Спецразмещение,Не определено,Смартфоны,Android,Wi-Fi,Мужской,35-44 года,Остальные,Не определено,1918168175770350076,Активные,Страницы каталога,Клинкерная плитка фасадная STONE (палевый),Размер: 245×65 мм Толщина: 7 мм Cтоимость 1 м2 - 1300 ₽,https://marmara-pro.ru/termo/tproduct/2229245581-400587526422-klinkernaya-plitka-fasadnaya-stone-palev?utm_source=yandex&utm_medium=cpc&utm_campaign=termopaneli_priozersk_cpa_search&utm_content=search&utm_term={PHRASE},-,-,-,-,Текстово-графический,Автоматический,0.00,0,0,-,-,1,-,0.00,0.85,0.00,84.69,1.00,-,-,-
"Приозерский район, Поиск   от 25-07-2026",713047408,19.08.2026,Приозерский район,5776633358,Автотаргетинг,,-,0,-,0,фасадные панели,Широкие запросы,Запросы без упоминания брендов,-,,,,,Поиск,Спецразмещение,Не определено,Десктопы,Не определён,Wi-Fi,Женский,35-44 года,Остальные,Не определено,1916597733861553174,Архивные,Комбинаторное,Клинкерные термопанели — КлинкерПрофи,Утепление и фасад за один этап. Производство в Выборге. Доставка по Ленобласти.,https://marmara-pro.ru?utm_source=yandex&utm_medium=cpc&utm_campaign=termopaneli_priozersk_cpa_search&utm_content=search&utm_term={PHRASE},-,-,-,-,Текстово-графический,Оригинальный,0.00,0,0,-,-,1,-,0.00,0.57,0.00,57.15,3.00,-,-,-
"Приозерский район, Поиск   от 25-07-2026",713047408,19.08.2026,Приозерский район,5776633358,Автотаргетинг,,-,0,-,0,фасадные панели для каркасного дома,Широкие запросы,Запросы без упоминания брендов,-,,,,,Поиск,Спецразмещение,Не определено,Десктопы,Не определён,Wi-Fi,Женский,35-44 года,Остальные,Не определено,1916597733861553174,Архивные,Комбинаторное,Фасадные термопанели с клинкером,Утепление и фасад за один этап. Производство в Выборге. Доставка по Ленобласти.,https://marmara-pro.ru?utm_source=yandex&utm_medium=cpc&utm_campaign=termopaneli_priozersk_cpa_search&utm_content=search&utm_term={PHRASE},-,-,-,-,Текстово-графический,Оригинальный,0.00,0,0,-,-,1,-,0.00,0.61,0.00,60.90,3.00,-,-,-
"Приозерский район, Поиск   от 25-07-2026",713047408,19.08.2026,Приозерский район,5776633358,Автотаргетинг,,-,0,-,0,фасадные панели для наружной отделки дома,Широкие запросы,Запросы без упоминания брендов,-,,,,,Поиск,Спецразмещение,Не определено,Смартфоны,iOS,Wi-Fi,Женский,35-44 года,Остальные,Не определено,1916597733861553174,Архивные,Комбинаторное,Фасадные термопанели с клинкером,Утепление и фасад за один этап. Производство в Выборге. Доставка по Ленобласти.,https://marmara-pro.ru?utm_source=yandex&utm_medium=cpc&utm_campaign=termopaneli_priozersk_cpa_search&utm_content=search&utm_term={PHRASE},-,-,-,-,Текстово-графический,Оригинальный,0.00,0,0,-,-,1,-,0.00,0.99,0.00,98.96,1.00,-,-,-
"Приозерский район, Поиск   от 25-07-2026",713047408,19.08.2026,Приозерский район,5776633358,Автотаргетинг,,-,0,-,0,фасадные панели для наружной отделки дома под дерево,Альтернативные запросы,Запросы без упоминания брендов,-,,,,,Поиск,Спецразмещение,Не определено,Смартфоны,iOS,Wi-Fi,Женский,35-44 года,Остальные,Не определено,1916597733861553174,Архивные,Комбинаторное,Фасадные термопанели с клинкером,Утепление и фасад за один этап. Производство в Выборге. Доставка по Ленобласти.,https://marmara-pro.ru?utm_source=yandex&utm_medium=cpc&utm_campaign=termopaneli_priozersk_cpa_search&utm_content=search&utm_term={PHRASE},-,-,-,-,Текстово-графический,Оригинальный,0.00,1,0,0.00,-,1,0.00,100.00,0.77,130.72,76.50,2.00,2.00,100.00,1.00
"Приозерский район, Поиск   от 25-07-2026",713047408,19.08.2026,Приозерский район,5776633358,Автотаргетинг,,-,0,-,0,фасадные панели технониколь оптима камень серый 10 шт,Альтернативные запросы,Запросы без упоминания брендов,-,,Термопанель Колорадо 1 (32 шт),,,Поиск,Прочее,Не определено,Смартфоны,iOS,Wi-Fi,Женский,35-44 года,6–10%,Не определено,1918168175770350076,Активные,Страницы каталога,Термопанель Колорадо 1 (32 шт),Термопанели с клинкерной плиткой. Производство в Выборге. Доставка.,https://marmara-pro.ru/termo/tproduct/2229245581-133022576952-termopanel-kolorado-1-32-sht?utm_source=yandex&utm_medium=cpc&utm_campaign=termopaneli_priozersk_cpa_search&utm_content=search&utm_term={PHRASE},-,-,-,-,Текстово-графический,Оригинальный,0.00,0,0,-,-,1,-,0.00,0.09,0.00,8.50,5.00,-,-,-
"Приозерский район, Поиск   от 25-07-2026",713047408,19.08.2026,Приозерский район,5776633358,Автотаргетинг,,-,0,-,0,фасадные термопанели,Широкие запросы,Запросы без упоминания брендов,-,,,,,Поиск,Спецразмещение,Не определено,Смартфоны,Android,Wi-Fi,Мужской,35-44 года,Остальные,Не определено,1916597733861553174,Архивные,Комбинаторное,Фасадные термопанели с клинкером,Утепление и фасад за один этап. Производство в Выборге. Доставка по Ленобласти.,https://marmara-pro.ru?utm_source=yandex&utm_medium=cpc&utm_campaign=termopaneli_priozersk_cpa_search&utm_content=search&utm_term={PHRASE},-,-,-,-,Текстово-графический,Оригинальный,0.00,0,0,-,-,1,-,0.00,0.80,0.00,80.43,1.00,-,-,-
"Приозерский район, Поиск   от 25-07-2026",713047408,19.08.2026,Приозерский район,5776633358,Автотаргетинг,,-,0,-,0,фасадный термосайдинг купить,Широкие запросы,Запросы без упоминания брендов,-,,,,,Поиск,Спецразмещение,Не определено,Смартфоны,Android,Wi-Fi,Мужской,45-54 года,Остальные,Не определено,1916597733861553174,Архивные,Комбинаторное,Фасадные термопанели с клинкером,Утепление и фасад за один этап. Производство в Выборге. Доставка по Ленобласти.,https://marmara-pro.ru?utm_source=yandex&utm_medium=cpc&utm_campaign=termopaneli_priozersk_cpa_search&utm_content=search&utm_term={PHRASE},-,-,-,-,Текстово-графический,Оригинальный,0.00,0,0,-,-,1,-,0.00,1.04,0.00,104.44,1.00,-,-,-
"Приозерский район, Поиск   от 25-07-2026",713047408,19.08.2026,Приозерский район,5776633358,Автотаргетинг,,-,0,-,0,хватит ли утепления 150 мм в каркаснике ленинградская область,Сопутствующие запросы,Запросы без упоминания брендов,-,,,,,Поиск,Прочее,Не определено,Смартфоны,Android,Wi-Fi,Женский,25-34 года,Остальные,Не определено,1916597733861553174,Архивные,Комбинаторное,Термопанели для дома в Приозерске,Срок службы 25–50 лет. Не требуют покраски. Подберём толщину под ваш дом.,https://marmara-pro.ru?utm_source=yandex&utm_medium=cpc&utm_campaign=termopaneli_priozersk_cpa_search&utm_content=search&utm_term={PHRASE},-,-,-,-,Текстово-графический,Оригинальный,0.00,0,0,-,-,1,-,0.00,1.00,0.00,100.00,5.00,-,-,-
"Приозерский район, Поиск   от 25-07-2026",713047408,19.08.2026,Приозерский район,5776633358,Автотаргетинг,,-,0,-,0,чем бюджетно заделать цоколь,Сопутствующие запросы,Запросы без упоминания брендов,-,,Термопанели с клинкерной плиткой — КлинкерПрофи,,,Поиск,Спецразмещение,Не определено,Смартфоны,Android,Wi-Fi,Женский,25-34 года,Остальные,Не определено,1918168175770350076,Активные,Страницы каталога,Термопанели с клинкерной плиткой. Производство в Выборге,"Фасадные термопанели с клинкером. Производство в Выборге, доставка по СПб...",https://marmara-pro.ru/termo?utm_source=yandex&utm_medium=cpc&utm_campaign=termopaneli_priozersk_cpa_search&utm_content=search&utm_term={PHRASE},-,-,-,-,Текстово-графический,Автоматический,0.00,0,0,-,-,1,-,0.00,0.93,0.00,93.04,2.00,-,-,-
"Приозерский район, Поиск   от 25-07-2026",713047408,19.08.2026,Приозерский район,5776633358,Автотаргетинг,,-,0,-,0,чем зашить фронтоны крыши,Сопутствующие запросы,Запросы без упоминания брендов,-,,,,,Поиск,Спецразмещение,Не определено,Смартфоны,Android,Wi-Fi,Женский,25-34 года,Остальные,Не определено,1916597733861553174,Архивные,Комбинаторное,Фасадные термопанели с клинкером,Срок службы 25–50 лет. Не требуют покраски. Подберём толщину под ваш дом.,https://marmara-pro.ru?utm_source=yandex&utm_medium=cpc&utm_campaign=termopaneli_priozersk_cpa_search&utm_content=search&utm_term={PHRASE},-,-,-,-,Текстово-графический,Оригинальный,0.00,0,0,-,-,1,-,0.00,1.00,0.00,100.00,-,-,-,-
"Приозерский район, Поиск   от 25-07-2026",713047408,19.08.2026,Приозерский район,5776633358,Автотаргетинг,,-,0,-,0,чем отделать бетонный погреб,Сопутствующие запросы,Запросы без упоминания брендов,-,,,,,Поиск,Спецразмещение,Не определено,Смартфоны,Android,Wi-Fi,Мужской,45-54 года,Остальные,Не определено,1916597733861553174,Архивные,Комбинаторное,Клинкерные термопанели — КлинкерПрофи,Клинкерный фасад без мокрых работ. Монтаж зимой до −15 °C. ППС и ППУ. Звоните!,https://marmara-pro.ru?utm_source=yandex&utm_medium=cpc&utm_campaign=termopaneli_priozersk_cpa_search&utm_content=search&utm_term={PHRASE},-,-,-,-,Текстово-графический,Оригинальный,0.00,0,0,-,-,1,-,0.00,0.73,0.00,72.76,1.00,-,-,-
Термопанели в Выборге,712773255,19.08.2026,Группа 1 - коммерческая,5773901452,Автотаргетинг,,-,0,-,0,,Не определено,-,-,,,,,Сети,Прочее,Не определено,Десктопы,Не определён,Wi-Fi,Женский,Старше 55,Остальные,Не определено,1915802398259215246,Активные,Комбинаторное,"Термопанели в Выборге - завод на Ленина, 11",Свое производство в Выборге. Приезжайте на образцы. Бесплатная доставка по району.,https://marmara-pro.ru?utm_content=commerce&utm_term={PHRASE},http://direct.yandex.ru/images/direct/5442016/qtxMfdimB3EKymbW9TWLzQ,термопанель.png,1163321614,https://avatars.mds.yandex.net/get-media-adv-screenshooter/20873747/75477b03-780e-4e10-adff-81a72fc688af/orig,Карусель,Оригинальный,0.00,0,0,-,-,1,-,0.00,1.00,0.00,100.00,-,-,-,-
Термопанели в Выборге,712773255,19.08.2026,Группа 1 - коммерческая,5773901452,Автотаргетинг,,-,0,-,0,,Не определено,-,-,,,,,Сети,Прочее,Не определено,Десктопы,Не определён,Мобильная связь,Женский,Не определен,Остальные,Не определено,1915802398259215246,Активные,Комбинаторное,Термопанели с клинкером - собственный завод в Выборге,Клинкерная плитка+утеплитель в одной панели. Оплата в два этапа. Звоните!,https://marmara-pro.ru?utm_content=commerce&utm_term={PHRASE},http://direct.yandex.ru/images/direct/4298071/skS6Zjow652PazB91P1Ung,плитка 01.jpg,1163322157,https://avatars.mds.yandex.net/get-media-adv-screenshooter/20941197/1d06a155-09ca-4034-b8a4-ad411694a4d7/orig,Текстово-графический,Оригинальный,0.00,1,0,0.00,-,1,0.00,100.00,1.00,100.00,100.00,-,-,0.00,1.00
Термопанели в Выборге,712773255,19.08.2026,Группа 1 - коммерческая,5773901452,Автотаргетинг,,-,0,-,0,,Не определено,-,-,,,,,Сети,Прочее,Не определено,Смартфоны,Android,Wi-Fi,Мужской,45-54 года,Остальные,Не определено,1915802398259215246,Активные,Комбинаторное,Купить термопанели в Выборге напрямую,Без посредников - завод. 60+ видов декора. Доставка по Ленобласти.,https://marmara-pro.ru?utm_content=commerce&utm_term={PHRASE},http://direct.yandex.ru/images/direct/4298071/skS6Zjow652PazB91P1Ung,плитка 01.jpg,1163321614,https://avatars.mds.yandex.net/get-media-adv-screenshooter/20873747/75477b03-780e-4e10-adff-81a72fc688af/orig,Карусель,Оригинальный,0.00,0,0,-,-,1,-,0.00,1.00,0.00,100.00,-,-,-,-
Термопанели в Выборге,712773255,19.08.2026,Группа 1 - коммерческая,5773901452,Автотаргетинг,,-,0,-,0,,Не определено,-,-,,,,,Сети,Прочее,Не определено,Смартфоны,Android,Wi-Fi,Мужской,Старше 55,Остальные,Не определено,1915802398259215246,Активные,Комбинаторное,"Термопанели в Выборге - завод на Ленина, 11",Без посредников - завод. 60+ видов декора. Доставка по Ленобласти.,https://marmara-pro.ru?utm_content=commerce&utm_term={PHRASE},http://direct.yandex.ru/images/direct/4298071/skS6Zjow652PazB91P1Ung,плитка 01.jpg,1163321614,https://avatars.mds.yandex.net/get-media-adv-screenshooter/20873747/75477b03-780e-4e10-adff-81a72fc688af/orig,Видео,Оригинальный,0.00,0,0,-,-,1,-,0.00,1.00,0.00,100.00,-,-,-,-
Термопанели в Выборге,712773255,19.08.2026,Группа 1 - коммерческая,5773901452,Автотаргетинг,,-,0,-,0,,Не определено,-,-,,,,,Сети,Прочее,Не определено,Смартфоны,Android,Wi-Fi,Женский,45-54 года,Остальные,Не определено,1915802398259215246,Активные,Комбинаторное,"Термопанели в Выборге - завод на Ленина, 11",Без посредников - завод. 60+ видов декора. Доставка по Ленобласти.,https://marmara-pro.ru?utm_content=commerce&utm_term={PHRASE},http://direct.yandex.ru/images/direct/4298071/skS6Zjow652PazB91P1Ung,плитка 01.jpg,1163321614,https://avatars.mds.yandex.net/get-media-adv-screenshooter/20873747/75477b03-780e-4e10-adff-81a72fc688af/orig,Видео,Оригинальный,0.00,0,0,-,-,1,-,0.00,1.00,0.00,100.00,-,-,-,-
Термопанели в Выборге,712773255,19.08.2026,Группа 1 - коммерческая,5773901452,Автотаргетинг,,-,0,-,0,как выглядят термопанели,Целевые запросы,Запросы без упоминания брендов,-,,,,,Поиск,Прочее,Не определено,Смартфоны,Android,Wi-Fi,Не определен,Не определен,Остальные,Не определено,1915802398259215246,Активные,Комбинаторное,Гарантия до 5 лет на термопанели,Свое производство в Выборге. Приезжайте на образцы. Бесплатная доставка по району.,https://marmara-pro.ru?utm_content=commerce&utm_term={PHRASE},-,-,-,-,Текстово-графический,Автоматический,0.00,0,0,-,-,1,-,0.00,0.85,0.00,84.88,5.00,-,-,-
Термопанели в Выборге,712773255,19.08.2026,Группа 1 - коммерческая,5773901452,Автотаргетинг,,-,0,-,0,как утеплить морской контейнер для проживания для холодной зимы,Сопутствующие запросы,Запросы без упоминания брендов,-,,,,,Поиск,Прочее,Не определено,Смартфоны,Android,Wi-Fi,Мужской,45-54 года,Остальные,Не определено,1915802398259215246,Активные,Комбинаторное,"Термопанели в Выборге - завод на Ленина, 11",Свое производство в Выборге. Приезжайте на образцы. Бесплатная доставка по району.,https://marmara-pro.ru?utm_content=commerce&utm_term={PHRASE},-,-,-,-,Текстово-графический,Автоматический,0.00,0,0,-,-,1,-,0.00,0.77,0.00,76.79,5.00,-,-,-
Термопанели в Выборге,712773255,19.08.2026,Группа 1 - коммерческая,5773901452,Автотаргетинг,,-,0,-,0,клинкерные термопанели,Целевые запросы,Запросы без упоминания брендов,-,,,,,Поиск,Товарная галерея,Не определено,Смартфоны,Android,Wi-Fi,Женский,45-54 года,Остальные,Не определено,1915802398259215246,Активные,Комбинаторное,Термопанели с клинкером - собственный завод в Выборге,Клинкерная плитка+утеплитель в одной панели. Оплата в два этапа. Звоните!,https://marmara-pro.ru?utm_content=commerce&utm_term={PHRASE},http://direct.yandex.ru/images/direct/5250956/5XPY7aqvM1xRQF8e4uTrqg,карусель 4-3_06.jpg,-,-,Текстово-графический,Оригинальный,0.00,0,0,-,-,1,-,0.00,0.19,0.00,18.60,3.00,-,-,-
Термопанели в Выборге,712773255,19.08.2026,Группа 1 - коммерческая,5773901452,Автотаргетинг,,-,0,-,0,пеноплекс кириши,Альтернативные запросы,Запросы без упоминания брендов,-,,,,,Поиск,Прочее,Не определено,Смартфоны,Android,Wi-Fi,Мужской,35-44 года,Остальные,Не определено,1915802398259215246,Активные,Комбинаторное,"Термопанели в Выборге - завод на Ленина, 11",Свое производство в Выборге. Приезжайте на образцы. Бесплатная доставка по району.,https://marmara-pro.ru?utm_content=commerce&utm_term={PHRASE},-,-,-,-,Текстово-графический,Автоматический,0.00,0,0,-,-,1,-,0.00,0.09,0.00,8.50,5.00,-,-,-
Термопанели в Выборге,712773255,19.08.2026,Группа 1 - коммерческая,5773901452,Автотаргетинг,,-,0,-,0,пенополистирол для клинкера,Целевые запросы,Запросы без упоминания брендов,-,,,,,Поиск,Прочее,Не определено,Десктопы,Не определён,Wi-Fi,Мужской,25-34 года,6–10%,Не определено,1915802398259215246,Активные,Комбинаторное,Термопанели с клинкером - собственный завод в Выборге,Клинкерная плитка+утеплитель в одной панели. Оплата в два этапа. Звоните!,https://marmara-pro.ru?utm_content=commerce&utm_term={PHRASE},-,-,-,-,Текстово-графический,Оригинальный,0.00,0,0,-,-,1,-,0.00,0.45,0.00,44.58,8.00,-,-,-
Термопанели в Выборге,712773255,19.08.2026,Группа 1 - коммерческая,5773901452,Автотаргетинг,,-,0,-,0,стекло пластиковые фасадные панели под кирпич купить спб выборг лен обл,Альтернативные запросы,Запросы без упоминания брендов,-,,,,,Поиск,Спецразмещение,Не определено,Смартфоны,Android,Wi-Fi,Мужской,Старше 55,Остальные,Не определено,1915802398259215246,Активные,Комбинаторное,"Термопанели в Выборге - завод на Ленина, 11",Свое производство в Выборге. Приезжайте на образцы. Бесплатная доставка по району.,https://marmara-pro.ru?utm_content=commerce&utm_term={PHRASE},-,-,-,-,Текстово-графический,Автоматический,0.00,0,0,-,-,1,-,0.00,0.91,0.00,90.60,1.00,-,-,-
Термопанели в Выборге,712773255,19.08.2026,Группа 1 - коммерческая,5773901452,Автотаргетинг,,-,0,-,0,строительный рынок волхов,Альтернативные запросы,Запросы без упоминания брендов,-,,,,,Поиск,Прочее,Не определено,Смартфоны,Android,Wi-Fi,Женский,45-54 года,Остальные,Не определено,1915802398259215246,Активные,Комбинаторное,Бесплатная доставка по Выборгскому району,Свое производство в Выборге. Приезжайте на образцы. Бесплатная доставка по району.,https://marmara-pro.ru?utm_content=commerce&utm_term={PHRASE},-,-,-,-,Текстово-графический,Автоматический,0.00,0,0,-,-,1,-,0.00,0.09,0.00,8.50,5.00,-,-,-
Термопанели в Выборге,712773255,19.08.2026,Группа 1 - коммерческая,5773901452,Автотаргетинг,,-,0,-,0,термопанели на цоколь дома купить хорошее качество по минимальной цене,Целевые запросы,Запросы без упоминания брендов,-,,,,,Поиск,Товарная галерея,Не определено,Смартфоны,iOS,Wi-Fi,Женский,45-54 года,6–10%,Не определено,1915802398259215246,Активные,Комбинаторное,Купить термопанели в Выборге напрямую,Без посредников - завод. 60+ видов декора. Доставка по Ленобласти.,https://marmara-pro.ru?utm_content=commerce&utm_term={PHRASE},http://direct.yandex.ru/images/direct/5245050/6C6d0cQ-RdpqlPYUtMZQkw,пример 2.jpg,-,-,Текстово-графический,Оригинальный,0.00,0,0,-,-,1,-,0.00,0.05,0.00,5.38,20.00,-,-,-
Термопанели в Выборге,712773255,19.08.2026,Группа 1 - коммерческая,5773901452,Автотаргетинг,,-,0,-,0,термопанель с клинкерной плиткой для фасада цена,Целевые запросы,Запросы без упоминания брендов,-,,,,,Поиск,Прочее,Не определено,Десктопы,Не определён,Wi-Fi,Женский,45-54 года,6–10%,Не определено,1915802398259215246,Активные,Комбинаторное,Клинкерные термопанели - производство Выборг,Свое производство в Выборге. Приезжайте на образцы. Бесплатная доставка по району.,https://marmara-pro.ru?utm_content=commerce&utm_term={PHRASE},-,-,-,-,Текстово-графический,Оригинальный,0.00,0,0,-,-,1,-,0.00,0.65,0.00,64.58,6.00,-,-,-
Термопанели в Выборге,712773255,19.08.2026,Группа 2 - Гео (ключевая),5773898865,Автотаргетинг,,-,0,-,0,,Не определено,-,-,,,,,Сети,Прочее,Не определено,Смартфоны,Android,Wi-Fi,Мужской,25-34 года,Остальные,Не определено,1915800871397818629,Активные,Комбинаторное,Клинкерные термопанели - производство Выборг,Свое производство в Выборге. Приезжайте на образцы. Бесплатная доставка по району.,https://marmara-pro.ru?utm_content=zavod&utm_term={PHRASE},http://direct.yandex.ru/images/direct/5250956/5XPY7aqvM1xRQF8e4uTrqg,карусель 4-3_06.jpg,1163322157,https://avatars.mds.yandex.net/get-media-adv-screenshooter/20941197/1d06a155-09ca-4034-b8a4-ad411694a4d7/orig,Текстово-графический,Оригинальный,0.00,0,0,-,-,1,-,0.00,1.00,0.00,100.00,-,-,-,-
Термопанели в Выборге,712773255,19.08.2026,Группа 2 - Гео (ключевая),5773898865,Автотаргетинг,,-,0,-,0,,Не определено,-,-,,,,,Сети,Прочее,Не определено,Смартфоны,Android,Wi-Fi,Мужской,25-34 года,Остальные,Не определено,1915800871397818629,Активные,Комбинаторное,Купить термопанели в Выборге напрямую,Клинкерная плитка+утеплитель в одной панели. Оплата в два этапа. Звоните!,https://marmara-pro.ru?utm_content=zavod&utm_term={PHRASE},http://direct.yandex.ru/images/direct/4298071/skS6Zjow652PazB91P1Ung,плитка 01.jpg,1163322157,https://avatars.mds.yandex.net/get-media-adv-screenshooter/20941197/1d06a155-09ca-4034-b8a4-ad411694a4d7/orig,Текстово-графический,Оригинальный,0.00,0,0,-,-,1,-,0.00,1.00,0.00,100.00,-,-,-,-
Термопанели в Выборге,712773255,19.08.2026,Группа 2 - Гео (ключевая),5773898865,Автотаргетинг,,-,0,-,0,,Не определено,-,-,,,,,Сети,Прочее,Не определено,Смартфоны,Android,Wi-Fi,Мужской,45-54 года,6–10%,Не определено,1915800871397818629,Активные,Комбинаторное,"Термопанели в Выборге - завод на Ленина, 11",Клинкерная плитка+утеплитель в одной панели. Оплата в два этапа. Звоните!,https://marmara-pro.ru?utm_content=zavod&utm_term={PHRASE},http://direct.yandex.ru/images/direct/5442016/qtxMfdimB3EKymbW9TWLzQ,термопанель.png,1163322157,https://avatars.mds.yandex.net/get-media-adv-screenshooter/20941197/1d06a155-09ca-4034-b8a4-ad411694a4d7/orig,Текстово-графический,Оригинальный,0.00,0,0,-,-,1,-,0.00,1.00,0.00,100.00,-,-,-,-
Термопанели в Выборге,712773255,19.08.2026,Группа 2 - Гео (ключевая),5773898865,Автотаргетинг,,-,0,-,0,,Не определено,-,-,,,,,Сети,Прочее,Не определено,Смартфоны,Android,Wi-Fi,Мужской,Старше 55,Остальные,Не определено,1915800871397818629,Активные,Комбинаторное,Купить термопанели в Выборге напрямую,Клинкерная плитка+утеплитель в одной панели. Оплата в два этапа. Звоните!,https://marmara-pro.ru?utm_content=zavod&utm_term={PHRASE},http://direct.yandex.ru/images/direct/4298071/skS6Zjow652PazB91P1Ung,плитка 01.jpg,1163322157,https://avatars.mds.yandex.net/get-media-adv-screenshooter/20941197/1d06a155-09ca-4034-b8a4-ad411694a4d7/orig,Текстово-графический,Оригинальный,0.00,0,0,-,-,1,-,0.00,1.00,0.00,100.00,-,-,-,-
Термопанели в Выборге,712773255,19.08.2026,Группа 2 - Гео (ключевая),5773898865,Автотаргетинг,,-,0,-,0,,Не определено,-,-,,,,,Сети,Прочее,Не определено,Смартфоны,iOS,Wi-Fi,Женский,35-44 года,Остальные,Не определено,1915800871397818629,Активные,Комбинаторное,Купить термопанели в Выборге напрямую,Клинкерная плитка+утеплитель в одной панели. Оплата в два этапа. Звоните!,https://marmara-pro.ru?utm_content=zavod&utm_term={PHRASE},http://direct.yandex.ru/images/direct/4298071/skS6Zjow652PazB91P1Ung,плитка 01.jpg,1163322157,https://avatars.mds.yandex.net/get-media-adv-screenshooter/20941197/1d06a155-09ca-4034-b8a4-ad411694a4d7/orig,Текстово-графический,Оригинальный,0.00,0,0,-,-,1,-,0.00,1.00,0.00,100.00,-,-,-,-
Термопанели в Выборге,712773255,19.08.2026,Группа 2 - Гео (ключевая),5773898865,Автотаргетинг,,-,0,-,0,,Не определено,-,-,,,,,Сети,Прочее,Не определено,Смартфоны,iOS,Wi-Fi,Женский,35-44 года,Остальные,Не определено,1915800871397818629,Активные,Комбинаторное,"Термопанели в Выборге - завод на Ленина, 11",Клинкерная плитка+утеплитель в одной панели. Оплата в два этапа. Звоните!,https://marmara-pro.ru?utm_content=zavod&utm_term={PHRASE},http://direct.yandex.ru/images/direct/5442016/qtxMfdimB3EKymbW9TWLzQ,термопанель.png,1163322157,https://avatars.mds.yandex.net/get-media-adv-screenshooter/20941197/1d06a155-09ca-4034-b8a4-ad411694a4d7/orig,Текстово-графический,Оригинальный,0.00,0,0,-,-,1,-,0.00,1.00,0.00,100.00,-,-,-,-
Термопанели в Выборге,712773255,19.08.2026,Группа 2 - Гео (ключевая),5773898865,Автотаргетинг,,-,0,-,0,,Не определено,-,-,,,,,Сети,Прочее,Не определено,Смартфоны,iOS,Wi-Fi,Женский,35-44 года,Остальные,Не определено,1915800871397818629,Активные,Комбинаторное,"Термопанели в Выборге - завод на Ленина, 11",Клинкерная плитка+утеплитель в одной панели. Оплата в два этапа. Звоните!,https://marmara-pro.ru?utm_content=zavod&utm_term={PHRASE},http://direct.yandex.ru/images/direct/5442016/qtxMfdimB3EKymbW9TWLzQ,термопанель.png,1163322157,https://avatars.mds.yandex.net/get-media-adv-screenshooter/20941197/1d06a155-09ca-4034-b8a4-ad411694a4d7/orig,Видео,Оригинальный,0.00,0,0,-,-,1,-,0.00,1.00,0.00,100.00,-,-,-,-
Термопанели в Выборге,712773255,19.08.2026,Группа 2 - Гео (ключевая),5773898865,Автотаргетинг,,-,0,-,0,деке фасадные панели,Альтернативные запросы,Запросы с упоминанием брендов конкурентов,-,,,,,Поиск,Прочее,Не определено,Смартфоны,iOS,Wi-Fi,Мужской,45-54 года,Остальные,Не определено,1915800871397818629,Активные,Комбинаторное,Гарантия до 5 лет на термопанели,Без посредников - завод. 60+ видов декора. Доставка по Ленобласти.,https://marmara-pro.ru?utm_content=zavod&utm_term={PHRASE},-,-,-,-,Текстово-графический,Оригинальный,0.00,0,0,-,-,1,-,0.00,0.09,0.00,8.50,5.00,-,-,-
Термопанели в Выборге,712773255,19.08.2026,Группа 2 - Гео (ключевая),5773898865,Автотаргетинг,,-,0,-,0,завод изготовление панель,Широкие запросы,Запросы без упоминания брендов,-,,,,,Поиск,Спецразмещение,Не определено,Планшеты,Android,Wi-Fi,Женский,45-54 года,Остальные,Не определено,1915800871397818629,Активные,Комбинаторное,Производитель термопанелей в Ленобласти,Свое производство в Выборге. Приезжайте на образцы. Бесплатная доставка по району.,https://marmara-pro.ru?utm_content=zavod&utm_term={PHRASE},-,-,-,-,Текстово-графический,Автоматический,0.00,0,0,-,-,1,-,0.00,0.52,0.00,51.60,4.00,-,-,-
Термопанели в Выборге,712773255,19.08.2026,Группа 2 - Гео (ключевая),5773898865,Автотаргетинг,,-,0,-,0,как выглядят термопанели,Целевые запросы,Запросы без упоминания брендов,-,,,,,Поиск,Прочее,Не определено,Смартфоны,Android,Wi-Fi,Не определен,Не определен,Остальные,Не определено,1915800871397818629,Активные,Комбинаторное,Гарантия до 5 лет на термопанели,Свое производство в Выборге. Приезжайте на образцы. Бесплатная доставка по району.,https://marmara-pro.ru?utm_content=zavod&utm_term={PHRASE},-,-,-,-,Текстово-графический,Оригинальный,0.00,0,0,-,-,1,-,0.00,0.55,0.00,54.58,7.00,-,-,-
Термопанели в Выборге,712773255,19.08.2026,Группа 2 - Гео (ключевая),5773898865,Автотаргетинг,,-,0,-,0,как утеплить подпол с ленточным фундаментом,Сопутствующие запросы,Запросы без упоминания брендов,-,,,,,Поиск,Прочее,Не определено,Смартфоны,Android,Wi-Fi,Женский,Старше 55,Остальные,Не определено,1915800871397818629,Активные,Комбинаторное,Гарантия до 5 лет на термопанели,Свое производство в Выборге. Приезжайте на образцы. Бесплатная доставка по району.,https://marmara-pro.ru?utm_content=zavod&utm_term={PHRASE},-,-,-,-,Текстово-графический,Автоматический,0.00,0,0,-,-,1,-,0.00,0.42,0.00,41.63,6.00,-,-,-
Термопанели в Выборге,712773255,19.08.2026,Группа 2 - Гео (ключевая),5773898865,Автотаргетинг,,-,0,-,0,какой утеплитель в панелях сск гатчинский,Сопутствующие запросы,Запросы без упоминания брендов,-,,,,,Поиск,Прочее,Не определено,Смартфоны,Android,Wi-Fi,Женский,45-54 года,Остальные,Не определено,1915800871397818629,Активные,Комбинаторное,Производитель термопанелей в Ленобласти,Свое производство в Выборге. Приезжайте на образцы. Бесплатная доставка по району.,https://marmara-pro.ru?utm_content=zavod&utm_term={PHRASE},-,-,-,-,Текстово-графический,Автоматический,0.00,0,0,-,-,1,-,0.00,0.42,0.00,41.63,6.00,-,-,-
Термопанели в Выборге,712773255,19.08.2026,Группа 2 - Гео (ключевая),5773898865,Автотаргетинг,,-,0,-,0,плюсы и минусы клинкерных термопанелей,Сопутствующие запросы,Запросы без упоминания брендов,-,,,,,Поиск,Спецразмещение,Не определено,Десктопы,Не определён,Wi-Fi,Мужской,45-54 года,2–5%,Не определено,1915800871397818629,Активные,Комбинаторное,Клинкерные термопанели - производство Выборг,Свое производство в Выборге. Приезжайте на образцы. Бесплатная доставка по району.,https://marmara-pro.ru?utm_content=zavod&utm_term={PHRASE},-,-,-,-,Текстово-графический,Автоматический,0.00,0,0,-,-,1,-,0.00,0.73,0.00,72.53,4.00,-,-,-
Термопанели в Выборге,712773255,19.08.2026,Группа 2 - Гео (ключевая),5773898865,Автотаргетинг,,-,0,-,0,термопанели на цоколь дома купить,Целевые запросы,Запросы без упоминания брендов,-,,,,,Поиск,Товарная галерея,Не определено,Смартфоны,iOS,Wi-Fi,Женский,45-54 года,6–10%,Не определено,1915800871397818629,Активные,Комбинаторное,Купить термопанели в Выборге напрямую,Без посредников - завод. 60+ видов декора. Доставка по Ленобласти.,https://marmara-pro.ru?utm_content=zavod&utm_term={PHRASE},http://direct.yandex.ru/images/direct/5250956/5XPY7aqvM1xRQF8e4uTrqg,карусель 4-3_06.jpg,-,-,Текстово-графический,Оригинальный,0.00,0,0,-,-,1,-,0.00,0.36,0.00,36.14,6.00,-,-,-
Термопанели в Выборге,712773255,19.08.2026,Группа 2 - Гео (ключевая),5773898865,Автотаргетинг,,-,0,-,0,термопанель,Целевые запросы,Запросы без упоминания брендов,-,,,,,Поиск,Прочее,Не определено,Десктопы,Не определён,Wi-Fi,Женский,35-44 года,2–5%,Не определено,1915800871397818629,Активные,Комбинаторное,Гарантия до 5 лет на термопанели,Клинкерная плитка+утеплитель в одной панели. Оплата в два этапа. Звоните!,https://marmara-pro.ru?utm_content=zavod&utm_term={PHRASE},-,-,-,-,Текстово-графический,Оригинальный,0.00,0,0,-,-,1,-,0.00,0.45,0.00,44.58,8.00,-,-,-
Термопанели в Выборге,712773255,19.08.2026,Группа 3 - клинкер (продуктовая),5773902142,Фраза,клинкерные термопанели -купить -плитка -фасад -цена -дом,-,0,-,0,фасадные клинкерные термопанели для наружной отделки,Целевые запросы,Запросы без упоминания брендов,Пословное,,,,,Поиск,Прочее,Не определено,Смартфоны,Android,Wi-Fi,Женский,45-54 года,Остальные,Не определено,1915802914729060647,Активные,Комбинаторное,Производитель термопанелей в Ленобласти,Клинкерная плитка+утеплитель в одной панели. Оплата в два этапа. Звоните!,https://marmara-pro.ru?utm_content=product&utm_term={PHRASE},-,-,-,-,Текстово-графический,Оригинальный,0.00,0,0,-,-,1,-,0.00,0.35,0.00,34.90,9.00,-,-,-
Термопанели в Выборге,712773255,19.08.2026,Группа 3 - клинкер (продуктовая),5773902142,Автотаргетинг,,-,0,-,0,,Не определено,-,-,,,,,Сети,Прочее,Не определено,Десктопы,Не определён,Wi-Fi,Мужской,35-44 года,6–10%,Не определено,1915802914729060647,Активные,Комбинаторное,Термопанели с клинкером - собственный завод в Выборге,Без посредников - завод. 60+ видов декора. Доставка по Ленобласти.,https://marmara-pro.ru?utm_content=product&utm_term={PHRASE},http://direct.yandex.ru/images/direct/5442016/qtxMfdimB3EKymbW9TWLzQ,термопанель.png,1163321614,https://avatars.mds.yandex.net/get-media-adv-screenshooter/20873747/75477b03-780e-4e10-adff-81a72fc688af/orig,Текстово-графический,Оригинальный,0.00,0,0,-,-,1,-,0.00,1.00,0.00,100.00,-,-,-,-
Термопанели в Выборге,712773255,19.08.2026,Группа 3 - клинкер (продуктовая),5773902142,Автотаргетинг,,-,0,-,0,,Не определено,-,-,,,,,Сети,Прочее,Не определено,Смартфоны,Android,Wi-Fi,Не определен,Старше 55,Остальные,Не определено,1915802914729060647,Активные,Комбинаторное,Термопанели с клинкером - собственный завод в Выборге,Без посредников - завод. 60+ видов декора. Доставка по Ленобласти.,https://marmara-pro.ru?utm_content=product&utm_term={PHRASE},http://direct.yandex.ru/images/direct/5442016/qtxMfdimB3EKymbW9TWLzQ,термопанель.png,1163321614,https://avatars.mds.yandex.net/get-media-adv-screenshooter/20873747/75477b03-780e-4e10-adff-81a72fc688af/orig,Видео,Оригинальный,0.00,0,0,-,-,1,-,0.00,1.00,0.00,100.00,-,-,-,-
Термопанели в Выборге,712773255,19.08.2026,Группа 3 - клинкер (продуктовая),5773902142,Автотаргетинг,,-,0,-,0,,Не определено,-,-,,,,,Сети,Прочее,Не определено,Смартфоны,Android,Wi-Fi,Мужской,45-54 года,Остальные,Не определено,1915802914729060647,Активные,Комбинаторное,"Термопанели в Выборге - завод на Ленина, 11",Без посредников - завод. 60+ видов декора. Доставка по Ленобласти.,https://marmara-pro.ru?utm_content=product&utm_term={PHRASE},http://direct.yandex.ru/images/direct/5250956/5XPY7aqvM1xRQF8e4uTrqg,карусель 4-3_06.jpg,1163322157,https://avatars.mds.yandex.net/get-media-adv-screenshooter/20941197/1d06a155-09ca-4034-b8a4-ad411694a4d7/orig,Видео,Оригинальный,0.00,0,0,-,-,1,-,0.00,1.00,0.00,100.00,-,-,-,-
Термопанели в Выборге,712773255,19.08.2026,Группа 3 - клинкер (продуктовая),5773902142,Автотаргетинг,,-,0,-,0,,Не определено,-,-,,,,,Сети,Прочее,Не определено,Смартфоны,Android,Wi-Fi,Мужской,45-54 года,Остальные,Не определено,1915802914729060647,Активные,Комбинаторное,Термопанели с клинкером - собственный завод в Выборге,Без посредников - завод. 60+ видов декора. Доставка по Ленобласти.,https://marmara-pro.ru?utm_content=product&utm_term={PHRASE},http://direct.yandex.ru/images/direct/5442016/qtxMfdimB3EKymbW9TWLzQ,термопанель.png,1163321614,https://avatars.mds.yandex.net/get-media-adv-screenshooter/20873747/75477b03-780e-4e10-adff-81a72fc688af/orig,Видео,Оригинальный,0.00,1,0,0.00,-,2,0.00,50.00,2.00,50.00,100.00,-,-,0.00,2.33
Термопанели в Выборге,712773255,19.08.2026,Группа 3 - клинкер (продуктовая),5773902142,Автотаргетинг,,-,0,-,0,,Не определено,-,-,,,,,Сети,Прочее,Не определено,Смартфоны,Android,Wi-Fi,Мужской,Старше 55,Остальные,Не определено,1915802914729060647,Активные,Комбинаторное,Клинкерные термопанели - производство Выборг,Свое производство в Выборге. Приезжайте на образцы. Бесплатная доставка по району.,https://marmara-pro.ru?utm_content=product&utm_term={PHRASE},http://direct.yandex.ru/images/direct/5442016/qtxMfdimB3EKymbW9TWLzQ,термопанель.png,1163321614,https://avatars.mds.yandex.net/get-media-adv-screenshooter/20873747/75477b03-780e-4e10-adff-81a72fc688af/orig,Текстово-графический,Оригинальный,0.00,0,0,-,-,1,-,0.00,1.00,0.00,100.00,-,-,-,-
Термопанели в Выборге,712773255,19.08.2026,Группа 3 - клинкер (продуктовая),5773902142,Автотаргетинг,,-,0,-,0,,Не определено,-,-,,,,,Сети,Прочее,Не определено,Смартфоны,Android,Wi-Fi,Мужской,Старше 55,Остальные,Не определено,1915802914729060647,Активные,Комбинаторное,"Термопанели в Выборге - завод на Ленина, 11",Свое производство в Выборге. Приезжайте на образцы. Бесплатная доставка по району.,https://marmara-pro.ru?utm_content=product&utm_term={PHRASE},http://direct.yandex.ru/images/direct/5245050/6C6d0cQ-RdpqlPYUtMZQkw,пример 2.jpg,1163321614,https://avatars.mds.yandex.net/get-media-adv-screenshooter/20873747/75477b03-780e-4e10-adff-81a72fc688af/orig,Текстово-графический,Оригинальный,0.00,0,0,-,-,2,-,0.00,2.00,0.00,100.00,-,-,-,-
Термопанели в Выборге,712773255,19.08.2026,Группа 3 - клинкер (продуктовая),5773902142,Автотаргетинг,,-,0,-,0,,Не определено,-,-,,,,,Сети,Прочее,Не определено,Смартфоны,Android,Wi-Fi,Мужской,Старше 55,Остальные,Не определено,1915802914729060647,Активные,Комбинаторное,Термопанели с клинкером - собственный завод в Выборге,Без посредников - завод. 60+ видов декора. Доставка по Ленобласти.,https://marmara-pro.ru?utm_content=product&utm_term={PHRASE},http://direct.yandex.ru/images/direct/5442016/qtxMfdimB3EKymbW9TWLzQ,термопанель.png,1163321614,https://avatars.mds.yandex.net/get-media-adv-screenshooter/20873747/75477b03-780e-4e10-adff-81a72fc688af/orig,Текстово-графический,Оригинальный,0.00,0,0,-,-,1,-,0.00,1.00,0.00,100.00,-,-,-,-
Термопанели в Выборге,712773255,19.08.2026,Группа 3 - клинкер (продуктовая),5773902142,Автотаргетинг,,-,0,-,0,,Не определено,-,-,,,,,Сети,Прочее,Не определено,Смартфоны,Android,Wi-Fi,Женский,45-54 года,Остальные,Не определено,1915802914729060647,Активные,Комбинаторное,"Термопанели в Выборге - завод на Ленина, 11",Без посредников - завод. 60+ видов декора. Доставка по Ленобласти.,https://marmara-pro.ru?utm_content=product&utm_term={PHRASE},http://direct.yandex.ru/images/direct/5245050/6C6d0cQ-RdpqlPYUtMZQkw,пример 2.jpg,1163321614,https://avatars.mds.yandex.net/get-media-adv-screenshooter/20873747/75477b03-780e-4e10-adff-81a72fc688af/orig,Текстово-графический,Оригинальный,0.00,0,0,-,-,1,-,0.00,1.00,0.00,100.00,-,-,-,-
Термопанели в Выборге,712773255,19.08.2026,Группа 3 - клинкер (продуктовая),5773902142,Автотаргетинг,,-,0,-,0,,Не определено,-,-,,,,,Сети,Прочее,Не определено,Смартфоны,Android,Wi-Fi,Женский,Старше 55,Остальные,Не определено,1915802914729060647,Активные,Комбинаторное,Гарантия до 5 лет на термопанели,Свое производство в Выборге. Приезжайте на образцы. Бесплатная доставка по району.,https://marmara-pro.ru?utm_content=product&utm_term={PHRASE},http://direct.yandex.ru/images/direct/5442016/qtxMfdimB3EKymbW9TWLzQ,термопанель.png,1163322157,https://avatars.mds.yandex.net/get-media-adv-screenshooter/20941197/1d06a155-09ca-4034-b8a4-ad411694a4d7/orig,Видео,Оригинальный,0.00,0,0,-,-,1,-,0.00,1.00,0.00,100.00,-,-,-,-
Термопанели в Выборге,712773255,19.08.2026,Группа 3 - клинкер (продуктовая),5773902142,Автотаргетинг,,-,0,-,0,,Не определено,-,-,,,,,Сети,Прочее,Не определено,Смартфоны,Android,Wi-Fi,Женский,Старше 55,Остальные,Не определено,1915802914729060647,Активные,Комбинаторное,"Термопанели в Выборге - завод на Ленина, 11",Без посредников - завод. 60+ видов декора. Доставка по Ленобласти.,https://marmara-pro.ru?utm_content=product&utm_term={PHRASE},http://direct.yandex.ru/images/direct/5250956/5XPY7aqvM1xRQF8e4uTrqg,карусель 4-3_06.jpg,1163322157,https://avatars.mds.yandex.net/get-media-adv-screenshooter/20941197/1d06a155-09ca-4034-b8a4-ad411694a4d7/orig,Текстово-графический,Автоматический,0.00,0,0,-,-,1,-,0.00,1.00,0.00,100.00,-,-,-,-
Термопанели в Выборге,712773255,19.08.2026,Группа 3 - клинкер (продуктовая),5773902142,Автотаргетинг,,-,0,-,0,,Не определено,-,-,,,,,Сети,Прочее,Не определено,Смартфоны,Android,Wi-Fi,Женский,Старше 55,Остальные,Не определено,1915802914729060647,Активные,Комбинаторное,"Термопанели в Выборге - завод на Ленина, 11",Без посредников - завод. 60+ видов декора. Доставка по Ленобласти.,https://marmara-pro.ru?utm_content=product&utm_term={PHRASE},http://direct.yandex.ru/images/direct/5250956/5XPY7aqvM1xRQF8e4uTrqg,карусель 4-3_06.jpg,1163322157,https://avatars.mds.yandex.net/get-media-adv-screenshooter/20941197/1d06a155-09ca-4034-b8a4-ad411694a4d7/orig,Текстово-графический,Оригинальный,0.00,0,0,-,-,1,-,0.00,1.00,0.00,100.00,-,-,-,-
Термопанели в Выборге,712773255,19.08.2026,Группа 3 - клинкер (продуктовая),5773902142,Автотаргетинг,,-,0,-,0,,Не определено,-,-,,,,,Сети,Прочее,Не определено,Смартфоны,Android,Wi-Fi,Женский,Старше 55,Остальные,Не определено,1915802914729060647,Активные,Комбинаторное,"Термопанели в Выборге - завод на Ленина, 11",Без посредников - завод. 60+ видов декора. Доставка по Ленобласти.,https://marmara-pro.ru?utm_content=product&utm_term={PHRASE},http://direct.yandex.ru/images/direct/5250956/5XPY7aqvM1xRQF8e4uTrqg,карусель 4-3_06.jpg,1163322157,https://avatars.mds.yandex.net/get-media-adv-screenshooter/20941197/1d06a155-09ca-4034-b8a4-ad411694a4d7/orig,Видео,Автоматический,0.00,0,0,-,-,1,-,0.00,1.00,0.00,100.00,-,-,-,-
Термопанели в Выборге,712773255,19.08.2026,Группа 3 - клинкер (продуктовая),5773902142,Автотаргетинг,,-,0,-,0,,Не определено,-,-,,,,,Сети,Прочее,Не определено,Смартфоны,Android,Wi-Fi,Женский,Старше 55,Остальные,Не определено,1915802914729060647,Активные,Комбинаторное,"Термопанели в Выборге - завод на Ленина, 11",Без посредников - завод. 60+ видов декора. Доставка по Ленобласти.,https://marmara-pro.ru?utm_content=product&utm_term={PHRASE},http://direct.yandex.ru/images/direct/5250956/5XPY7aqvM1xRQF8e4uTrqg,карусель 4-3_06.jpg,1163322157,https://avatars.mds.yandex.net/get-media-adv-screenshooter/20941197/1d06a155-09ca-4034-b8a4-ad411694a4d7/orig,Видео,Оригинальный,0.00,0,0,-,-,1,-,0.00,1.00,0.00,100.00,-,-,-,-
Термопанели в Выборге,712773255,19.08.2026,Группа 3 - клинкер (продуктовая),5773902142,Автотаргетинг,,-,0,-,0,,Не определено,-,-,,,,,Сети,Прочее,Не определено,Смартфоны,Android,Wi-Fi,Женский,Старше 55,6–10%,Не определено,1915802914729060647,Активные,Комбинаторное,"Термопанели в Выборге - завод на Ленина, 11",Без посредников - завод. 60+ видов декора. Доставка по Ленобласти.,https://marmara-pro.ru?utm_content=product&utm_term={PHRASE},http://direct.yandex.ru/images/direct/5250956/5XPY7aqvM1xRQF8e4uTrqg,карусель 4-3_06.jpg,1163322157,https://avatars.mds.yandex.net/get-media-adv-screenshooter/20941197/1d06a155-09ca-4034-b8a4-ad411694a4d7/orig,Видео,Автоматический,0.00,0,0,-,-,1,-,0.00,1.00,0.00,100.00,-,-,-,-
Термопанели в Выборге,712773255,19.08.2026,Группа 3 - клинкер (продуктовая),5773902142,Автотаргетинг,,-,0,-,0,,Не определено,-,-,,,,,Сети,Прочее,Не определено,Смартфоны,Android,Мобильная связь,Мужской,25-34 года,Остальные,Не определено,1915802914729060647,Активные,Комбинаторное,Термопанели с клинкером - собственный завод в Выборге,Без посредников - завод. 60+ видов декора. Доставка по Ленобласти.,https://marmara-pro.ru?utm_content=product&utm_term={PHRASE},http://direct.yandex.ru/images/direct/5442016/qtxMfdimB3EKymbW9TWLzQ,термопанель.png,1163321614,https://avatars.mds.yandex.net/get-media-adv-screenshooter/20873747/75477b03-780e-4e10-adff-81a72fc688af/orig,Видео,Оригинальный,0.00,0,0,-,-,1,-,0.00,1.00,0.00,100.00,-,-,-,-
Термопанели в Выборге,712773255,19.08.2026,Группа 3 - клинкер (продуктовая),5773902142,Автотаргетинг,,-,0,-,0,,Не определено,-,-,,,,,Сети,Прочее,Не определено,Смартфоны,iOS,Wi-Fi,Мужской,25-34 года,6–10%,Не определено,1915802914729060647,Активные,Комбинаторное,"Термопанели в Выборге - завод на Ленина, 11",Клинкерная плитка+утеплитель в одной панели. Оплата в два этапа. Звоните!,https://marmara-pro.ru?utm_content=product&utm_term={PHRASE},http://direct.yandex.ru/images/direct/4298071/skS6Zjow652PazB91P1Ung,плитка 01.jpg,1163322157,https://avatars.mds.yandex.net/get-media-adv-screenshooter/20941197/1d06a155-09ca-4034-b8a4-ad411694a4d7/orig,Карусель,Оригинальный,0.00,0,0,-,-,1,-,0.00,1.00,0.00,100.00,-,-,-,-
Термопанели в Выборге,712773255,19.08.2026,Группа 3 - клинкер (продуктовая),5773902142,Автотаргетинг,,-,0,-,0,,Не определено,-,-,,,,,Сети,Прочее,Не определено,Смартфоны,iOS,Wi-Fi,Мужской,25-34 года,6–10%,Не определено,1915802914729060647,Активные,Комбинаторное,Термопанели с клинкером - собственный завод в Выборге,Без посредников - завод. 60+ видов декора. Доставка по Ленобласти.,https://marmara-pro.ru?utm_content=product&utm_term={PHRASE},http://direct.yandex.ru/images/direct/5442016/qtxMfdimB3EKymbW9TWLzQ,термопанель.png,1163321614,https://avatars.mds.yandex.net/get-media-adv-screenshooter/20873747/75477b03-780e-4e10-adff-81a72fc688af/orig,Текстово-графический,Оригинальный,0.00,0,0,-,-,1,-,0.00,1.00,0.00,100.00,-,-,-,-
Термопанели в Выборге,712773255,19.08.2026,Группа 3 - клинкер (продуктовая),5773902142,Автотаргетинг,,-,0,-,0,,Не определено,-,-,,,,,Сети,Прочее,Не определено,Смартфоны,iOS,Мобильная связь,Женский,45-54 года,2–5%,Не определено,1915802914729060647,Активные,Комбинаторное,"Термопанели в Выборге - завод на Ленина, 11",Без посредников - завод. 60+ видов декора. Доставка по Ленобласти.,https://marmara-pro.ru?utm_content=product&utm_term={PHRASE},http://direct.yandex.ru/images/direct/5250956/5XPY7aqvM1xRQF8e4uTrqg,карусель 4-3_06.jpg,1163322157,https://avatars.mds.yandex.net/get-media-adv-screenshooter/20941197/1d06a155-09ca-4034-b8a4-ad411694a4d7/orig,Видео,Оригинальный,0.00,0,0,-,-,1,-,0.00,1.00,0.00,100.00,-,-,-,-
Термопанели в Выборге,712773255,19.08.2026,Группа 3 - клинкер (продуктовая),5773902142,Автотаргетинг,,-,0,-,0,деке фасадные панели топ хаус,Альтернативные запросы,Запросы с упоминанием брендов конкурентов,-,,,,,Поиск,Прочее,Не определено,Смартфоны,iOS,Wi-Fi,Мужской,45-54 года,Остальные,Не определено,1915802914729060647,Активные,Комбинаторное,Гарантия до 5 лет на термопанели,Свое производство в Выборге. Приезжайте на образцы. Бесплатная доставка по району.,https://marmara-pro.ru?utm_content=product&utm_term={PHRASE},-,-,-,-,Текстово-графический,Оригинальный,0.00,0,0,-,-,1,-,0.00,0.09,0.00,8.50,5.00,-,-,-
Термопанели в Выборге,712773255,19.08.2026,Группа 3 - клинкер (продуктовая),5773902142,Автотаргетинг,,-,0,-,0,искусственный камень,Целевые запросы,Запросы без упоминания брендов,-,,,,,Поиск,Прочее,Не определено,Смартфоны,iOS,Wi-Fi,Мужской,35-44 года,Остальные,Не определено,1915802914729060647,Активные,Комбинаторное,"Термопанели в Выборге - завод на Ленина, 11",Без посредников - завод. 60+ видов декора. Доставка по Ленобласти.,https://marmara-pro.ru?utm_content=product&utm_term={PHRASE},-,-,-,-,Текстово-графический,Автоматический,0.00,0,0,-,-,1,-,0.00,0.65,0.00,64.58,6.00,-,-,-
Термопанели в Выборге,712773255,19.08.2026,Группа 3 - клинкер (продуктовая),5773902142,Автотаргетинг,,-,0,-,0,клинкерные термопанели купить толщиной 50 мм,Целевые запросы,Запросы без упоминания брендов,-,,,,,Поиск,Товарная галерея,Не определено,Десктопы,Не определён,Wi-Fi,Женский,35-44 года,2–5%,Не определено,1915802914729060647,Активные,Комбинаторное,Клинкерные термопанели - производство Выборг,Свое производство в Выборге. Приезжайте на образцы. Бесплатная доставка по району.,https://marmara-pro.ru?utm_content=product&utm_term={PHRASE},http://direct.yandex.ru/images/direct/5442016/qtxMfdimB3EKymbW9TWLzQ,термопанель.png,-,-,Текстово-графический,Оригинальный,0.00,0,0,-,-,1,-,0.00,0.05,0.00,5.25,7.00,-,-,-
Термопанели в Выборге,712773255,19.08.2026,Группа 3 - клинкер (продуктовая),5773902142,Автотаргетинг,,-,0,-,0,купить панели для обшивки дома снаружи,Целевые запросы,Запросы без упоминания брендов,-,,,,,Поиск,Прочее,Не определено,Смартфоны,Android,Wi-Fi,Мужской,45-54 года,Остальные,Не определено,1915802914729060647,Активные,Комбинаторное,"Термопанели в Выборге - завод на Ленина, 11",Без посредников - завод. 60+ видов декора. Доставка по Ленобласти.,https://marmara-pro.ru?utm_content=product&utm_term={PHRASE},-,-,-,-,Текстово-графический,Автоматический,0.00,0,0,-,-,1,-,0.00,0.65,0.00,64.58,6.00,-,-,-
Термопанели в Выборге,712773255,19.08.2026,Группа 3 - клинкер (продуктовая),5773902142,Автотаргетинг,,-,0,-,0,панели в янино,Целевые запросы,Запросы без упоминания брендов,-,,,,,Поиск,Прочее,Не определено,Смартфоны,iOS,Wi-Fi,Мужской,35-44 года,6–10%,Не определено,1915802914729060647,Активные,Комбинаторное,"Термопанели в Выборге - завод на Ленина, 11",Без посредников - завод. 60+ видов декора. Доставка по Ленобласти.,https://marmara-pro.ru?utm_content=product&utm_term={PHRASE},-,-,-,-,Текстово-графический,Автоматический,0.00,0,0,-,-,1,-,0.00,0.85,0.00,84.88,5.00,-,-,-
Термопанели в Выборге,712773255,19.08.2026,Группа 3 - клинкер (продуктовая),5773902142,Автотаргетинг,,-,0,-,0,панель стеновая,Целевые запросы,Запросы без упоминания брендов,-,,,,,Поиск,Прочее,Не определено,Смартфоны,Android,Wi-Fi,Женский,45-54 года,Остальные,Не определено,1915802914729060647,Активные,Комбинаторное,"Термопанели в Выборге - завод на Ленина, 11",Без посредников - завод. 60+ видов декора. Доставка по Ленобласти.,https://marmara-pro.ru?utm_content=product&utm_term={PHRASE},-,-,-,-,Текстово-графический,Автоматический,0.00,0,0,-,-,1,-,0.00,0.45,0.00,44.58,8.00,-,-,-
Термопанели в Выборге,712773255,19.08.2026,Группа 3 - клинкер (продуктовая),5773902142,Автотаргетинг,,-,0,-,0,стекло пластиковые фасадные панели под кирпич купить спб выборг лен обл,Целевые запросы,Запросы без упоминания брендов,-,,,,,Поиск,Прочее,Не определено,Смартфоны,Android,Wi-Fi,Мужской,Старше 55,Остальные,Не определено,1915802914729060647,Активные,Комбинаторное,"Термопанели в Выборге - завод на Ленина, 11",Без посредников - завод. 60+ видов декора. Доставка по Ленобласти.,https://marmara-pro.ru?utm_content=product&utm_term={PHRASE},-,-,-,-,Текстово-графический,Автоматический,0.00,0,0,-,-,1,-,0.00,0.85,0.00,84.88,5.00,-,-,-
Термопанели в Выборге,712773255,19.08.2026,Группа 3 - клинкер (продуктовая),5773902142,Автотаргетинг,,-,0,-,0,стекло пластиковые фасадные панели под кирпич купить спб выборг лен обл,Целевые запросы,Запросы без упоминания брендов,-,,,,,Поиск,Товарная галерея,Не определено,Смартфоны,Android,Wi-Fi,Мужской,Старше 55,Остальные,Не определено,1915802914729060647,Активные,Комбинаторное,"Термопанели в Выборге - завод на Ленина, 11",Без посредников - завод. 60+ видов декора. Доставка по Ленобласти.,https://marmara-pro.ru?utm_content=product&utm_term={PHRASE},http://direct.yandex.ru/images/direct/5250956/5XPY7aqvM1xRQF8e4uTrqg,карусель 4-3_06.jpg,-,-,Текстово-графический,Автоматический,0.00,1,0,0.00,-,1,0.00,100.00,2.57,38.89,257.11,1.00,1.00,0.00,3.00
Термопанели в Выборге,712773255,19.08.2026,Группа 3 - клинкер (продуктовая),5773902142,Автотаргетинг,,-,0,-,0,стеновые панели,Целевые запросы,Запросы без упоминания брендов,-,,,,,Поиск,Прочее,Не определено,Смартфоны,Android,Wi-Fi,Мужской,45-54 года,Остальные,Не определено,1915802914729060647,Активные,Комбинаторное,"Термопанели в Выборге - завод на Ленина, 11",Без посредников - завод. 60+ видов декора. Доставка по Ленобласти.,https://marmara-pro.ru?utm_content=product&utm_term={PHRASE},-,-,-,-,Текстово-графический,Автоматический,0.00,0,0,-,-,2,-,0.00,0.99,0.00,49.58,7.50,-,-,-
Термопанели в Выборге,712773255,19.08.2026,Группа 3 - клинкер (продуктовая),5773902142,Автотаргетинг,,-,0,-,0,термопанели на цоколь дома купить,Целевые запросы,Запросы без упоминания брендов,-,,,,,Поиск,Прочее,Не определено,Смартфоны,iOS,Wi-Fi,Женский,45-54 года,6–10%,Не определено,1915802914729060647,Активные,Комбинаторное,Гарантия до 5 лет на термопанели,Свое производство в Выборге. Приезжайте на образцы. Бесплатная доставка по району.,https://marmara-pro.ru?utm_content=product&utm_term={PHRASE},-,-,-,-,Текстово-графический,Оригинальный,0.00,0,0,-,-,1,-,0.00,0.55,0.00,54.58,7.00,-,-,-
Термопанели в Выборге,712773255,19.08.2026,Группа 3 - клинкер (продуктовая),5773902142,Автотаргетинг,,-,0,-,0,термопанели на цоколь дома купить хорошее качество по минимальной цене,Целевые запросы,Запросы без упоминания брендов,-,,,,,Поиск,Прочее,Не определено,Смартфоны,iOS,Wi-Fi,Женский,45-54 года,6–10%,Не определено,1915802914729060647,Активные,Комбинаторное,Гарантия до 5 лет на термопанели,Свое производство в Выборге. Приезжайте на образцы. Бесплатная доставка по району.,https://marmara-pro.ru?utm_content=product&utm_term={PHRASE},-,-,-,-,Текстово-графический,Оригинальный,0.00,0,0,-,-,1,-,0.00,0.45,0.00,44.58,8.00,-,-,-
Термопанели в Выборге,712773255,19.08.2026,Группа 3 - клинкер (продуктовая),5773902142,Автотаргетинг,,-,0,-,0,термопанель фасадная под камень статьи дзен,Целевые запросы,Запросы с упоминанием брендов конкурентов,-,,,,,Поиск,Прочее,Не определено,Смартфоны,Android,Wi-Fi,Женский,35-44 года,6–10%,Не определено,1915802914729060647,Активные,Комбинаторное,"Термопанели в Выборге - завод на Ленина, 11",Без посредников - завод. 60+ видов декора. Доставка по Ленобласти.,https://marmara-pro.ru?utm_content=product&utm_term={PHRASE},-,-,-,-,Текстово-графический,Автоматический,0.00,0,0,-,-,1,-,0.00,0.45,0.00,44.58,8.00,-,-,-
Термопанели в Выборге,712773255,19.08.2026,Группа 3 - клинкер (продуктовая),5773902142,Автотаргетинг,,-,0,-,0,фасадный термосайдинг купить,Целевые запросы,Запросы без упоминания брендов,-,,,,,Поиск,Прочее,Не определено,Смартфоны,Android,Wi-Fi,Мужской,45-54 года,Остальные,Не определено,1915802914729060647,Активные,Комбинаторное,"Термопанели в Выборге - завод на Ленина, 11",Без посредников - завод. 60+ видов декора. Доставка по Ленобласти.,https://marmara-pro.ru?utm_content=product&utm_term={PHRASE},-,-,-,-,Текстово-графический,Автоматический,0.00,0,0,-,-,1,-,0.00,0.65,0.00,64.58,6.00,-,-,-
Термопанели в Выборге,712773255,19.08.2026,Термопанели (Лен. область),5773097196,Фраза,Термопанели Санкт-Петербург -область -фасадный -купить -неотерм,-,0,-,0,облегченная белая термопанель санкт петербург,Широкие запросы,Запросы без упоминания брендов,Пословное,,Термопанель Колорадо 4 (32 шт),,,Поиск,Товарная галерея,Не определено,Десктопы,Не определён,Wi-Fi,Женский,35-44 года,2–5%,Не определено,1918167638897563177,Активные,Страницы каталога,Термопанель Колорадо 4 (32 шт),"Фасадная термопанель на основе пенополистирола плотностью 25 кг/м3, с клинкерной...",https://marmara-pro.ru/termo/tproduct/2229245581-395566131472-termopanel-kolorado-4-32-sht?utm_content=catalog&utm_term={PHRASE},-,-,-,-,Текстово-графический,Оригинальный,0.00,0,0,-,-,1,-,0.00,0.38,0.00,38.40,5.00,-,-,-
Термопанели в Выборге,712773255,19.08.2026,Термопанели (Лен. область),5773097196,Фраза,Термопанели Санкт-Петербург -область -фасадный -купить -неотерм,-,0,-,0,облегченная белая термопанель санкт петербург,Широкие запросы,Запросы без упоминания брендов,Пословное,,Термопанель Колорадо 5 (32 шт),,,Поиск,Товарная галерея,Не определено,Десктопы,Не определён,Wi-Fi,Женский,35-44 года,2–5%,Не определено,1918167638897563177,Активные,Страницы каталога,Термопанель Колорадо 5 (32 шт),"Фасадная термопанель на основе пенополистирола плотностью 25 кг/м3, с клинкерной...",https://marmara-pro.ru/termo/tproduct/2229245581-936117304142-termopanel-kolorado-5-32-sht?utm_content=catalog&utm_term={PHRASE},-,-,-,-,Текстово-графический,Оригинальный,0.00,0,0,-,-,2,-,0.00,1.08,0.00,53.76,3.00,-,-,-
Термопанели в Выборге,712773255,19.08.2026,Термопанели (Лен. область),5773097196,Автотаргетинг,,-,0,-,0,,Не определено,-,-,,,,,Сети,Прочее,Не определено,Смартфоны,Android,Wi-Fi,Мужской,Старше 55,Остальные,Не определено,1915608023072927866,Активные,Комбинаторное,Термопанели с клинкером. Свое производство в Выборге,"Термопанели с клинкером. Собственное производство, своя цена, нет посредников.",https://marmara-pro.ru?utm_content=geo&utm_term={PHRASE},http://direct.yandex.ru/images/direct/5250956/5XPY7aqvM1xRQF8e4uTrqg,карусель 4-3_06.jpg,1163321614,https://avatars.mds.yandex.net/get-media-adv-screenshooter/20873747/75477b03-780e-4e10-adff-81a72fc688af/orig,Текстово-графический,Оригинальный,0.00,0,0,-,-,1,-,0.00,1.00,0.00,100.00,-,-,-,-
Термопанели в Выборге,712773255,19.08.2026,Термопанели (Лен. область),5773097196,Автотаргетинг,,-,0,-,0,алюминиевые термопанели для фасада,Альтернативные запросы,Запросы без упоминания брендов,-,,Термопанели с клинкерной плиткой — КлинкерПрофи,,,Поиск,Спецразмещение,Не определено,Десктопы,Не определён,Wi-Fi,Мужской,18-24 года,Остальные,Не определено,1918167638897563177,Активные,Страницы каталога,Термопанели с клинкерной плиткой. Производство в Выборге,"Фасадные термопанели с клинкером. Производство в Выборге, доставка по СПб...",https://marmara-pro.ru/termo?utm_content=catalog&utm_term={PHRASE},-,-,-,-,Текстово-графический,Автоматический,0.00,0,0,-,-,1,-,0.00,0.57,0.00,57.33,3.00,-,-,-
Термопанели в Выборге,712773255,19.08.2026,Термопанели (Лен. область),5773097196,Автотаргетинг,,-,0,-,0,как закрыть фундамент с цокольными панелями,Сопутствующие запросы,Запросы без упоминания брендов,-,,,,,Поиск,Спецразмещение,Не определено,Смартфоны,Android,Wi-Fi,Женский,45-54 года,Остальные,Не определено,1915608023072927866,Активные,Комбинаторное,Термопанели с клинкерной плиткой. Производство в Выборге,"Термопанели с клинкером. Собственное производство, своя цена, нет посредников.",https://marmara-pro.ru?utm_content=geo&utm_term={PHRASE},-,-,-,-,Текстово-графический,Автоматический,0.00,0,0,-,-,1,-,0.00,1.15,0.00,114.81,3.00,-,-,-
Термопанели в Выборге,712773255,19.08.2026,Термопанели (Лен. область),5773097196,Автотаргетинг,,-,0,-,0,какая толщина пенополистирола в термопанелях с клинкерной плиткой,Целевые запросы,Запросы без упоминания брендов,-,,,,,Поиск,Прочее,Не определено,Смартфоны,Android,Wi-Fi,Мужской,45-54 года,Остальные,Не определено,1915608023072927866,Активные,Комбинаторное,Термопанели с клинкерной плиткой. Производство в Выборге,"Термопанели с клинкером. Собственное производство, своя цена, нет посредников.",https://marmara-pro.ru?utm_content=geo&utm_term={PHRASE},-,-,-,-,Текстово-графический,Автоматический,0.00,0,0,-,-,1,-,0.00,0.65,0.00,64.58,6.00,-,-,-
Термопанели в Выборге,712773255,19.08.2026,Термопанели (Лен. область),5773097196,Автотаргетинг,,-,0,-,0,какая толщина пенополистирола в термопанелях с клинкерной плиткой,Целевые запросы,Запросы без упоминания брендов,-,,,,,Поиск,Товарная галерея,Не определено,Смартфоны,Android,Wi-Fi,Мужской,45-54 года,Остальные,Не определено,1915608023072927866,Активные,Комбинаторное,Термопанели с клинкерной плиткой. Производство в Выборге,"Термопанели с клинкером. Собственное производство, своя цена, нет посредников.",https://marmara-pro.ru?utm_content=geo&utm_term={PHRASE},http://direct.yandex.ru/images/direct/5250956/5XPY7aqvM1xRQF8e4uTrqg,карусель 4-3_06.jpg,-,-,Текстово-графический,Автоматический,0.00,0,0,-,-,2,-,0.00,1.37,0.00,68.60,2.50,-,-,-
Термопанели в Выборге,712773255,19.08.2026,Термопанели (Лен. область),5773097196,Автотаргетинг,,-,0,-,0,клинкер,Целевые запросы,Запросы без упоминания брендов,-,,,,,Поиск,Прочее,Не определено,Смартфоны,Android,Wi-Fi,Мужской,45-54 года,6–10%,Не определено,1915608023072927866,Активные,Комбинаторное,Термопанели с клинкерной плиткой. Производство в Выборге,"Термопанели с клинкером. Собственное производство, своя цена, нет посредников.",https://marmara-pro.ru?utm_content=geo&utm_term={PHRASE},-,-,-,-,Текстово-графический,Автоматический,0.00,0,0,-,-,1,-,0.00,0.55,0.00,54.58,7.00,-,-,-
Термопанели в Выборге,712773255,19.08.2026,Термопанели (Лен. область),5773097196,Автотаргетинг,,-,0,-,0,клинкер,Целевые запросы,Запросы без упоминания брендов,-,,,,,Поиск,Товарная галерея,Не определено,Смартфоны,Android,Wi-Fi,Мужской,45-54 года,6–10%,Не определено,1915608023072927866,Активные,Комбинаторное,Термопанели с клинкерной плиткой. Производство в Выборге,"Термопанели с клинкером. Собственное производство, своя цена, нет посредников.",https://marmara-pro.ru?utm_content=geo&utm_term={PHRASE},http://direct.yandex.ru/images/direct/5250956/5XPY7aqvM1xRQF8e4uTrqg,карусель 4-3_06.jpg,-,-,Текстово-графический,Автоматический,0.00,0,0,-,-,1,-,0.00,0.14,0.00,13.50,14.00,-,-,-
Термопанели в Выборге,712773255,19.08.2026,Термопанели (Лен. область),5773097196,Автотаргетинг,,-,0,-,0,клинкерная плитка,Целевые запросы,Запросы без упоминания брендов,-,,,,,Поиск,Прочее,Не определено,Смартфоны,iOS,Wi-Fi,Мужской,25-34 года,Остальные,Не определено,1915608023072927866,Активные,Комбинаторное,Термопанели с клинкерной плиткой. Производство в Выборге,"Термопанели с клинкером. Собственное производство, своя цена, нет посредников.",https://marmara-pro.ru?utm_content=geo&utm_term={PHRASE},-,-,-,-,Текстово-графический,Автоматический,0.00,0,0,-,-,1,-,0.00,0.65,0.00,64.58,6.00,-,-,-
Термопанели в Выборге,712773255,19.08.2026,Термопанели (Лен. область),5773097196,Автотаргетинг,,-,0,-,0,клинкерная плитка,Целевые запросы,Запросы без упоминания брендов,-,,,,,Поиск,Товарная галерея,Не определено,Смартфоны,iOS,Wi-Fi,Мужской,25-34 года,Остальные,Не определено,1915608023072927866,Активные,Комбинаторное,Термопанели с клинкерной плиткой. Производство в Выборге,"Термопанели с клинкером. Собственное производство, своя цена, нет посредников.",https://marmara-pro.ru?utm_content=geo&utm_term={PHRASE},http://direct.yandex.ru/images/direct/5250956/5XPY7aqvM1xRQF8e4uTrqg,карусель 4-3_06.jpg,-,-,Текстово-графический,Автоматический,0.00,0,0,-,-,1,-,0.00,0.32,0.00,32.27,5.00,-,-,-
Термопанели в Выборге,712773255,19.08.2026,Термопанели (Лен. область),5773097196,Автотаргетинг,,-,0,-,0,клинкерная плитка на фасад дома,Целевые запросы,Запросы без упоминания брендов,-,,,,,Поиск,Товарная галерея,Не определено,Смартфоны,Android,Wi-Fi,Мужской,45-54 года,6–10%,Не определено,1915608023072927866,Активные,Комбинаторное,Термопанели с клинкерной плиткой. Производство в Выборге,"Термопанели с клинкером. Собственное производство, своя цена, нет посредников.",https://marmara-pro.ru?utm_content=geo&utm_term={PHRASE},http://direct.yandex.ru/images/direct/5250956/5XPY7aqvM1xRQF8e4uTrqg,карусель 4-3_06.jpg,-,-,Текстово-графический,Автоматический,0.00,0,0,-,-,1,-,0.00,0.25,0.00,25.29,9.00,-,-,-
Термопанели в Выборге,712773255,19.08.2026,Термопанели (Лен. область),5773097196,Автотаргетинг,,-,0,-,0,клинкерные термопанели,Целевые запросы,Запросы без упоминания брендов,-,,,,,Поиск,Прочее,Не определено,Смартфоны,Android,Wi-Fi,Мужской,25-34 года,2–5%,Не определено,1915608023072927866,Активные,Комбинаторное,Термопанели с клинкерной плиткой. Производство в Выборге,"Термопанели с клинкером. Собственное производство, своя цена, нет посредников.",https://marmara-pro.ru?utm_content=geo&utm_term={PHRASE},-,-,-,-,Текстово-графический,Автоматический,0.00,0,0,-,-,1,-,0.00,0.65,0.00,64.58,6.00,-,-,-
Термопанели в Выборге,712773255,19.08.2026,Термопанели (Лен. область),5773097196,Автотаргетинг,,-,0,-,0,клинкерные термопанели,Целевые запросы,Запросы без упоминания брендов,-,,Термопанели с клинкерной плиткой — КлинкерПрофи,,,Поиск,Товарная галерея,Не определено,Смартфоны,Android,Wi-Fi,Женский,45-54 года,Остальные,Не определено,1918167638897563177,Активные,Страницы каталога,Термопанели с клинкерной плиткой. Производство в Выборге,"Фасадные термопанели с клинкером. Производство в Выборге, доставка по СПб...",https://marmara-pro.ru/termo?utm_content=catalog&utm_term={PHRASE},-,-,-,-,Текстово-графический,Оригинальный,0.00,0,0,-,-,1,-,0.00,0.36,0.00,36.47,2.00,-,-,-
Термопанели в Выборге,712773255,19.08.2026,Термопанели (Лен. область),5773097196,Автотаргетинг,,-,0,-,0,купить термопанель фасадная,Целевые запросы,Запросы без упоминания брендов,-,,,,,Поиск,Прочее,Не определено,Смартфоны,iOS,Wi-Fi,Мужской,35-44 года,Остальные,Не определено,1915608023072927866,Активные,Комбинаторное,Термопанели с клинкерной плиткой. Производство в Выборге,"Термопанели с клинкером. Собственное производство, своя цена, нет посредников.",https://marmara-pro.ru?utm_content=geo&utm_term={PHRASE},-,-,-,-,Текстово-графический,Автоматический,0.00,0,0,-,-,1,-,0.00,0.45,0.00,44.58,8.00,-,-,-
Термопанели в Выборге,712773255,19.08.2026,Термопанели (Лен. область),5773097196,Автотаргетинг,,-,0,-,0,облицовка трубы сэндвич на кирпичную кладку,Целевые запросы,Запросы без упоминания брендов,-,,,,,Поиск,Товарная галерея,Не определено,Смартфоны,Android,Wi-Fi,Мужской,45-54 года,Остальные,Не определено,1915608023072927866,Активные,Комбинаторное,Термопанели с клинкерной плиткой. Производство в Выборге,"Термопанели с клинкером. Собственное производство, своя цена, нет посредников.",https://marmara-pro.ru?utm_content=geo&utm_term={PHRASE},http://direct.yandex.ru/images/direct/5250956/5XPY7aqvM1xRQF8e4uTrqg,карусель 4-3_06.jpg,-,-,Текстово-графический,Автоматический,0.00,0,0,-,-,1,-,0.00,1.24,0.00,124.49,1.00,-,-,-
Термопанели в Выборге,712773255,19.08.2026,Термопанели (Лен. область),5773097196,Автотаргетинг,,-,0,-,0,облицовочные панели для фасада дома под кирпич с утеплителем,Целевые запросы,Запросы без упоминания брендов,-,,,,,Поиск,Прочее,Не определено,Смартфоны,Android,Wi-Fi,Женский,45-54 года,Остальные,Не определено,1915608023072927866,Активные,Комбинаторное,Термопанели с клинкерной плиткой. Производство в Выборге,"Термопанели с клинкером. Собственное производство, своя цена, нет посредников.",https://marmara-pro.ru?utm_content=geo&utm_term={PHRASE},-,-,-,-,Текстово-графический,Автоматический,0.00,0,0,-,-,1,-,0.00,0.45,0.00,44.58,8.00,-,-,-
Термопанели в Выборге,712773255,19.08.2026,Термопанели (Лен. область),5773097196,Автотаргетинг,,-,0,-,0,облицовочные панели для фасада дома под кирпич с утеплителем,Целевые запросы,Запросы без упоминания брендов,-,,,,,Поиск,Товарная галерея,Не определено,Смартфоны,Android,Wi-Fi,Женский,45-54 года,Остальные,Не определено,1915608023072927866,Активные,Комбинаторное,Термопанели с клинкерной плиткой. Производство в Выборге,"Термопанели с клинкером. Собственное производство, своя цена, нет посредников.",https://marmara-pro.ru?utm_content=geo&utm_term={PHRASE},http://direct.yandex.ru/images/direct/5250956/5XPY7aqvM1xRQF8e4uTrqg,карусель 4-3_06.jpg,-,-,Текстово-графический,Автоматический,0.00,0,0,-,-,2,-,0.00,0.35,0.00,17.31,10.50,-,-,-
Термопанели в Выборге,712773255,19.08.2026,Термопанели (Лен. область),5773097196,Автотаргетинг,,-,0,-,0,огнеупорные панели с плиткой,Целевые запросы,Запросы без упоминания брендов,-,,,,,Поиск,Прочее,Не определено,Смартфоны,iOS,Wi-Fi,Женский,35-44 года,Остальные,Не определено,1915608023072927866,Активные,Комбинаторное,Термопанели с клинкерной плиткой. Производство в Выборге,"Термопанели с клинкером. Собственное производство, своя цена, нет посредников.",https://marmara-pro.ru?utm_content=geo&utm_term={PHRASE},-,-,-,-,Текстово-графический,Автоматический,0.00,0,0,-,-,1,-,0.00,0.65,0.00,64.58,6.00,-,-,-
Термопанели в Выборге,712773255,19.08.2026,Термопанели (Лен. область),5773097196,Автотаргетинг,,-,0,-,0,огнеупорные панели с плиткой,Целевые запросы,Запросы без упоминания брендов,-,,,,,Поиск,Товарная галерея,Не определено,Смартфоны,iOS,Wi-Fi,Женский,35-44 года,Остальные,Не определено,1915608023072927866,Активные,Комбинаторное,Термопанели с клинкерной плиткой. Производство в Выборге,"Термопанели с клинкером. Собственное производство, своя цена, нет посредников.",https://marmara-pro.ru?utm_content=geo&utm_term={PHRASE},http://direct.yandex.ru/images/direct/5250956/5XPY7aqvM1xRQF8e4uTrqg,карусель 4-3_06.jpg,-,-,Текстово-графический,Автоматический,0.00,0,0,-,-,1,-,0.00,0.21,0.00,21.07,8.00,-,-,-
Термопанели в Выборге,712773255,19.08.2026,Термопанели (Лен. область),5773097196,Автотаргетинг,,-,0,-,0,панели,Целевые запросы,Запросы без упоминания брендов,-,,,,,Поиск,Товарная галерея,Не определено,Смартфоны,iOS,Wi-Fi,Мужской,18-24 года,Остальные,Не определено,1915608023072927866,Активные,Комбинаторное,Термопанели с клинкерной плиткой. Производство в Выборге,"Термопанели с клинкером. Собственное производство, своя цена, нет посредников.",https://marmara-pro.ru?utm_content=geo&utm_term={PHRASE},http://direct.yandex.ru/images/direct/5250956/5XPY7aqvM1xRQF8e4uTrqg,карусель 4-3_06.jpg,-,-,Текстово-графический,Автоматический,0.00,0,0,-,-,1,-,0.00,0.32,0.00,32.15,1.00,-,-,-
Термопанели в Выборге,712773255,19.08.2026,Термопанели (Лен. область),5773097196,Автотаргетинг,,-,0,-,0,плитка или панель что лучше,Целевые запросы,Запросы без упоминания брендов,-,,,,,Поиск,Прочее,Не определено,Смартфоны,Android,Wi-Fi,Женский,35-44 года,Остальные,Не определено,1915608023072927866,Активные,Комбинаторное,Термопанели с клинкерной плиткой. Производство в Выборге,"Термопанели с клинкером. Собственное производство, своя цена, нет посредников.",https://marmara-pro.ru?utm_content=geo&utm_term={PHRASE},-,-,-,-,Текстово-графический,Автоматический,0.00,0,0,-,-,1,-,0.00,0.55,0.00,54.58,7.00,-,-,-
Термопанели в Выборге,712773255,19.08.2026,Термопанели (Лен. область),5773097196,Автотаргетинг,,-,0,-,0,плитка или панель что лучше,Целевые запросы,Запросы без упоминания брендов,-,,,,,Поиск,Товарная галерея,Не определено,Смартфоны,Android,Wi-Fi,Женский,35-44 года,Остальные,Не определено,1915608023072927866,Активные,Комбинаторное,Термопанели с клинкерной плиткой. Производство в Выборге,"Термопанели с клинкером. Собственное производство, своя цена, нет посредников.",https://marmara-pro.ru?utm_content=geo&utm_term={PHRASE},http://direct.yandex.ru/images/direct/5250956/5XPY7aqvM1xRQF8e4uTrqg,карусель 4-3_06.jpg,-,-,Текстово-графический,Автоматический,0.00,0,0,-,-,1,-,0.00,0.25,0.00,25.29,9.00,-,-,-
Термопанели в Выборге,712773255,19.08.2026,Термопанели (Лен. область),5773097196,Автотаргетинг,,-,0,-,0,плюсы и минусы клинкерных термопанелей,Целевые запросы,Запросы без упоминания брендов,-,,,,,Поиск,Прочее,Не определено,Десктопы,Не определён,Wi-Fi,Мужской,45-54 года,2–5%,Не определено,1915608023072927866,Активные,Комбинаторное,Термопанели с клинкерной плиткой. Производство в Выборге,"Термопанели с клинкером. Собственное производство, своя цена, нет посредников.",https://marmara-pro.ru?utm_content=geo&utm_term={PHRASE},-,-,-,-,Текстово-графический,Автоматический,0.00,0,0,-,-,1,-,0.00,0.45,0.00,44.58,8.00,-,-,-
Термопанели в Выборге,712773255,19.08.2026,Термопанели (Лен. область),5773097196,Автотаргетинг,,-,0,-,0,термопанели,Целевые запросы,Запросы без упоминания брендов,-,,,,,Поиск,Прочее,Не определено,Смартфоны,Android,Wi-Fi,Мужской,35-44 года,Остальные,Не определено,1915608023072927866,Активные,Комбинаторное,Термопанели с клинкерной плиткой. Производство в Выборге,"Термопанели с клинкером. Собственное производство, своя цена, нет посредников.",https://marmara-pro.ru?utm_content=geo&utm_term={PHRASE},-,-,-,-,Текстово-графический,Автоматический,0.00,0,0,-,-,1,-,0.00,0.45,0.00,44.58,8.00,-,-,-
Термопанели в Выборге,712773255,19.08.2026,Термопанели (Лен. область),5773097196,Автотаргетинг,,-,0,-,0,термопанели,Целевые запросы,Запросы без упоминания брендов,-,,,,,Поиск,Прочее,Не определено,Смартфоны,iOS,Wi-Fi,Мужской,25-34 года,6–10%,Не определено,1915608023072927866,Активные,Комбинаторное,Термопанели с клинкерной плиткой. Производство в Выборге,"Термопанели с клинкером. Собственное производство, своя цена, нет посредников.",https://marmara-pro.ru?utm_content=geo&utm_term={PHRASE},-,-,-,-,Текстово-графический,Автоматический,0.00,0,0,-,-,1,-,0.00,0.65,0.00,64.58,6.00,-,-,-
Термопанели в Выборге,712773255,19.08.2026,Термопанели (Лен. область),5773097196,Автотаргетинг,,-,0,-,0,термопанели,Целевые запросы,Запросы без упоминания брендов,-,,,,,Поиск,Товарная галерея,Не определено,Смартфоны,Android,Wi-Fi,Мужской,Старше 55,Остальные,Не определено,1915608023072927866,Активные,Комбинаторное,Термопанели с клинкерной плиткой. Производство в Выборге,"Термопанели с клинкером. Собственное производство, своя цена, нет посредников.",https://marmara-pro.ru?utm_content=geo&utm_term={PHRASE},http://direct.yandex.ru/images/direct/5250956/5XPY7aqvM1xRQF8e4uTrqg,карусель 4-3_06.jpg,-,-,Текстово-графический,Автоматический,0.00,0,0,-,-,2,-,0.00,0.51,0.00,25.33,7.50,-,-,-
Термопанели в Выборге,712773255,19.08.2026,Термопанели (Лен. область),5773097196,Автотаргетинг,,-,0,-,0,термопанели,Целевые запросы,Запросы без упоминания брендов,-,,,,,Поиск,Товарная галерея,Не определено,Смартфоны,iOS,Wi-Fi,Мужской,25-34 года,6–10%,Не определено,1915608023072927866,Активные,Комбинаторное,Термопанели с клинкерной плиткой. Производство в Выборге,"Термопанели с клинкером. Собственное производство, своя цена, нет посредников.",https://marmara-pro.ru?utm_content=geo&utm_term={PHRASE},http://direct.yandex.ru/images/direct/5250956/5XPY7aqvM1xRQF8e4uTrqg,карусель 4-3_06.jpg,-,-,Текстово-графический,Автоматический,0.00,0,0,-,-,1,-,0.00,0.28,0.00,28.21,6.00,-,-,-
Термопанели в Выборге,712773255,19.08.2026,Термопанели (Лен. область),5773097196,Автотаргетинг,,-,0,-,0,термопанели для наружной отделки,Целевые запросы,Запросы без упоминания брендов,-,,,,,Поиск,Прочее,Не определено,Смартфоны,iOS,Wi-Fi,Мужской,25-34 года,2–5%,Не определено,1915608023072927866,Активные,Комбинаторное,Термопанели с клинкерной плиткой. Производство в Выборге,"Термопанели с клинкером. Собственное производство, своя цена, нет посредников.",https://marmara-pro.ru?utm_content=geo&utm_term={PHRASE},-,-,-,-,Текстово-графический,Автоматический,0.00,0,0,-,-,2,-,0.00,0.99,0.00,49.58,7.50,-,-,-
Термопанели в Выборге,712773255,19.08.2026,Термопанели (Лен. область),5773097196,Автотаргетинг,,-,0,-,0,термопанели для наружной отделки,Целевые запросы,Запросы без упоминания брендов,-,,,,,Поиск,Товарная галерея,Не определено,Смартфоны,iOS,Wi-Fi,Мужской,25-34 года,2–5%,Не определено,1915608023072927866,Активные,Комбинаторное,Термопанели с клинкерной плиткой. Производство в Выборге,"Термопанели с клинкером. Собственное производство, своя цена, нет посредников.",https://marmara-pro.ru?utm_content=geo&utm_term={PHRASE},http://direct.yandex.ru/images/direct/5250956/5XPY7aqvM1xRQF8e4uTrqg,карусель 4-3_06.jpg,-,-,Текстово-графический,Автоматический,0.00,0,0,-,-,2,-,0.00,0.51,0.00,25.29,9.00,-,-,-
Термопанели в Выборге,712773255,19.08.2026,Термопанели (Лен. область),5773097196,Автотаргетинг,,-,0,-,0,термопанели для наружной отделки дома,Целевые запросы,Запросы без упоминания брендов,-,,,,,Поиск,Прочее,Не определено,Смартфоны,Android,Wi-Fi,Женский,35-44 года,Остальные,Не определено,1915608023072927866,Активные,Комбинаторное,Термопанели с клинкерной плиткой. Производство в Выборге,"Термопанели с клинкером. Собственное производство, своя цена, нет посредников.",https://marmara-pro.ru?utm_content=geo&utm_term={PHRASE},-,-,-,-,Текстово-графический,Автоматический,0.00,0,0,-,-,2,-,0.00,1.13,0.00,56.58,7.00,-,-,-
Термопанели в Выборге,712773255,19.08.2026,Термопанели (Лен. область),5773097196,Автотаргетинг,,-,0,-,0,термопанели для наружной отделки дома,Целевые запросы,Запросы без упоминания брендов,-,,,,,Поиск,Товарная галерея,Не определено,Смартфоны,Android,Wi-Fi,Женский,35-44 года,Остальные,Не определено,1915608023072927866,Активные,Комбинаторное,Термопанели с клинкерной плиткой. Производство в Выборге,"Термопанели с клинкером. Собственное производство, своя цена, нет посредников.",https://marmara-pro.ru?utm_content=geo&utm_term={PHRASE},http://direct.yandex.ru/images/direct/5250956/5XPY7aqvM1xRQF8e4uTrqg,карусель 4-3_06.jpg,-,-,Текстово-графический,Автоматический,0.00,0,0,-,-,2,-,0.00,0.41,0.00,20.48,5.50,-,-,-
Термопанели в Выборге,712773255,19.08.2026,Термопанели (Лен. область),5773097196,Автотаргетинг,,-,0,-,0,термопанели для наружной отделки дома цена,Целевые запросы,Запросы без упоминания брендов,-,,,,,Поиск,Прочее,Не определено,Смартфоны,Android,Wi-Fi,Мужской,Старше 55,Остальные,Не определено,1915608023072927866,Активные,Комбинаторное,Термопанели с клинкерной плиткой. Производство в Выборге,"Термопанели с клинкером. Собственное производство, своя цена, нет посредников.",https://marmara-pro.ru?utm_content=geo&utm_term={PHRASE},-,-,-,-,Текстово-графический,Автоматический,0.00,0,0,-,-,1,-,0.00,0.45,0.00,44.58,8.00,-,-,-
Термопанели в Выборге,712773255,19.08.2026,Термопанели (Лен. область),5773097196,Автотаргетинг,,-,0,-,0,термопанели для наружной отделки дома цена,Целевые запросы,Запросы без упоминания брендов,-,,,,,Поиск,Прочее,Не определено,Смартфоны,Android,Wi-Fi,Женский,45-54 года,Остальные,Не определено,1915608023072927866,Активные,Комбинаторное,Термопанели с клинкерной плиткой. Производство в Выборге,"Термопанели с клинкером. Собственное производство, своя цена, нет посредников.",https://marmara-pro.ru?utm_content=geo&utm_term={PHRASE},-,-,-,-,Текстово-графический,Автоматический,0.00,0,0,-,-,1,-,0.00,0.55,0.00,54.58,7.00,-,-,-
Термопанели в Выборге,712773255,19.08.2026,Термопанели (Лен. область),5773097196,Автотаргетинг,,-,0,-,0,термопанели для наружной отделки дома цена,Целевые запросы,Запросы без упоминания брендов,-,,,,,Поиск,Прочее,Не определено,Смартфоны,iOS,Wi-Fi,Мужской,25-34 года,2–5%,Не определено,1915608023072927866,Активные,Комбинаторное,Термопанели с клинкерной плиткой. Производство в Выборге,"Термопанели с клинкером. Собственное производство, своя цена, нет посредников.",https://marmara-pro.ru?utm_content=geo&utm_term={PHRASE},-,-,-,-,Текстово-графический,Автоматический,0.00,0,0,-,-,1,-,0.00,0.45,0.00,44.58,8.00,-,-,-
Термопанели в Выборге,712773255,19.08.2026,Термопанели (Лен. область),5773097196,Автотаргетинг,,-,0,-,0,термопанели для наружной отделки дома цена,Целевые запросы,Запросы без упоминания брендов,-,,,,,Поиск,Товарная галерея,Не определено,Смартфоны,Android,Wi-Fi,Женский,45-54 года,Остальные,Не определено,1915608023072927866,Активные,Комбинаторное,Термопанели с клинкерной плиткой. Производство в Выборге,"Термопанели с клинкером. Собственное производство, своя цена, нет посредников.",https://marmara-pro.ru?utm_content=geo&utm_term={PHRASE},http://direct.yandex.ru/images/direct/5250956/5XPY7aqvM1xRQF8e4uTrqg,карусель 4-3_06.jpg,-,-,Текстово-графический,Автоматический,0.00,0,0,-,-,1,-,0.00,0.25,0.00,25.35,7.00,-,-,-
Термопанели в Выборге,712773255,19.08.2026,Термопанели (Лен. область),5773097196,Автотаргетинг,,-,0,-,0,термопанели для наружной отделки фасада дома,Целевые запросы,Запросы без упоминания брендов,-,,,,,Поиск,Прочее,Не определено,Смартфоны,Android,Wi-Fi,Мужской,35-44 года,Остальные,Не определено,1915608023072927866,Активные,Комбинаторное,Термопанели с клинкерной плиткой. Производство в Выборге,"Термопанели с клинкером. Собственное производство, своя цена, нет посредников.",https://marmara-pro.ru?utm_content=geo&utm_term={PHRASE},-,-,-,-,Текстово-графический,Автоматический,0.00,0,0,-,-,1,-,0.00,0.45,0.00,44.58,8.00,-,-,-
Термопанели в Выборге,712773255,19.08.2026,Термопанели (Лен. область),5773097196,Автотаргетинг,,-,0,-,0,термопанели для наружной отделки фасада дома,Целевые запросы,Запросы без упоминания брендов,-,,,,,Поиск,Товарная галерея,Не определено,Смартфоны,Android,Wi-Fi,Мужской,35-44 года,Остальные,Не определено,1915608023072927866,Активные,Комбинаторное,Термопанели с клинкерной плиткой. Производство в Выборге,"Термопанели с клинкером. Собственное производство, своя цена, нет посредников.",https://marmara-pro.ru?utm_content=geo&utm_term={PHRASE},http://direct.yandex.ru/images/direct/5250956/5XPY7aqvM1xRQF8e4uTrqg,карусель 4-3_06.jpg,-,-,Текстово-графический,Автоматический,0.00,0,0,-,-,2,-,0.00,0.30,0.00,15.14,10.50,-,-,-
Термопанели в Выборге,712773255,19.08.2026,Термопанели (Лен. область),5773097196,Автотаргетинг,,-,0,-,0,термопанели на цоколь дома купить,Целевые запросы,Запросы без упоминания брендов,-,,,,,Поиск,Прочее,Не определено,Смартфоны,iOS,Wi-Fi,Женский,18-24 года,Остальные,Не определено,1915608023072927866,Активные,Комбинаторное,Термопанели с клинкерной плиткой. Производство в Выборге,"Термопанели с клинкером. Собственное производство, своя цена, нет посредников.",https://marmara-pro.ru?utm_content=geo&utm_term={PHRASE},-,-,-,-,Текстово-графический,Автоматический,0.00,0,0,-,-,1,-,0.00,0.55,0.00,54.58,7.00,-,-,-
Термопанели в Выборге,712773255,19.08.2026,Термопанели (Лен. область),5773097196,Автотаргетинг,,-,0,-,0,термопанели на цоколь дома купить,Целевые запросы,Запросы без упоминания брендов,-,,Термопанели с клинкерной плиткой — КлинкерПрофи,,,Поиск,Товарная галерея,Не определено,Смартфоны,iOS,Wi-Fi,Женский,45-54 года,6–10%,Не определено,1918167638897563177,Активные,Страницы каталога,Термопанели с клинкерной плиткой. Производство в Выборге,"Фасадные термопанели с клинкером. Производство в Выборге, доставка по СПб...",https://marmara-pro.ru/termo?utm_content=catalog&utm_term={PHRASE},-,-,-,-,Текстово-графический,Оригинальный,0.00,0,0,-,-,1,-,0.00,0.05,0.00,5.12,23.00,-,-,-
Термопанели в Выборге,712773255,19.08.2026,Термопанели (Лен. область),5773097196,Автотаргетинг,,-,0,-,0,термопанели на цоколь дома купить хорошее качество по минимальной цене,Целевые запросы,Запросы без упоминания брендов,-,,,,,Поиск,Прочее,Не определено,Смартфоны,iOS,Wi-Fi,Женский,18-24 года,Остальные,Не определено,1915608023072927866,Активные,Комбинаторное,Термопанели с клинкерной плиткой. Производство в Выборге,"Термопанели с клинкером. Собственное производство, своя цена, нет посредников.",https://marmara-pro.ru?utm_content=geo&utm_term={PHRASE},-,-,-,-,Текстово-графический,Автоматический,0.00,0,0,-,-,1,-,0.00,0.45,0.00,44.58,8.00,-,-,-
Термопанели в Выборге,712773255,19.08.2026,Термопанели (Лен. область),5773097196,Автотаргетинг,,-,0,-,0,термопанели с клинкерной плиткой в гатчине,Целевые запросы,Запросы без упоминания брендов,-,,,,,Поиск,Прочее,Не определено,Смартфоны,Android,Wi-Fi,Мужской,Не определен,Остальные,Не определено,1915608023072927866,Активные,Комбинаторное,Термопанели с клинкерной плиткой. Производство в Выборге,"Термопанели с клинкером. Собственное производство, своя цена, нет посредников.",https://marmara-pro.ru?utm_content=geo&utm_term={PHRASE},-,-,-,-,Текстово-графический,Оригинальный,0.00,0,0,-,-,1,-,0.00,0.65,0.00,64.58,6.00,-,-,-
Термопанели в Выборге,712773255,19.08.2026,Термопанели (Лен. область),5773097196,Автотаргетинг,,-,0,-,0,термопанели с клинкерной плиткой для фасада цена,Целевые запросы,Запросы без упоминания брендов,-,,,,,Поиск,Прочее,Не определено,Смартфоны,iOS,Wi-Fi,Женский,35-44 года,Остальные,Не определено,1915608023072927866,Активные,Комбинаторное,Термопанели с клинкерной плиткой. Производство в Выборге,"Термопанели с клинкером. Собственное производство, своя цена, нет посредников.",https://marmara-pro.ru?utm_content=geo&utm_term={PHRASE},-,-,-,-,Текстово-графический,Автоматический,0.00,0,0,-,-,1,-,0.00,0.45,0.00,44.58,8.00,-,-,-
Термопанели в Выборге,712773255,19.08.2026,Термопанели (Лен. область),5773097196,Автотаргетинг,,-,0,-,0,термопанели с клинкерной плиткой для цоколя,Целевые запросы,Запросы без упоминания брендов,-,,,,,Поиск,Прочее,Не определено,Смартфоны,iOS,Wi-Fi,Мужской,Старше 55,2–5%,Не определено,1915608023072927866,Активные,Комбинаторное,Термопанели с клинкерной плиткой. Производство в Выборге,"Термопанели с клинкером. Собственное производство, своя цена, нет посредников.",https://marmara-pro.ru?utm_content=geo&utm_term={PHRASE},-,-,-,-,Текстово-графический,Автоматический,0.00,0,0,-,-,1,-,0.00,0.65,0.00,64.58,6.00,-,-,-
Термопанели в Выборге,712773255,19.08.2026,Термопанели (Лен. область),5773097196,Автотаргетинг,,-,0,-,0,термопанели с клинкерной плиткой для цоколя,Целевые запросы,Запросы без упоминания брендов,-,,,,,Поиск,Товарная галерея,Не определено,Смартфоны,iOS,Wi-Fi,Мужской,Старше 55,2–5%,Не определено,1915608023072927866,Активные,Комбинаторное,Термопанели с клинкерной плиткой. Производство в Выборге,"Термопанели с клинкером. Собственное производство, своя цена, нет посредников.",https://marmara-pro.ru?utm_content=geo&utm_term={PHRASE},http://direct.yandex.ru/images/direct/5250956/5XPY7aqvM1xRQF8e4uTrqg,карусель 4-3_06.jpg,-,-,Текстово-графический,Автоматический,0.00,0,0,-,-,2,-,0.00,0.65,0.00,32.27,5.00,-,-,-
Термопанели в Выборге,712773255,19.08.2026,Термопанели (Лен. область),5773097196,Автотаргетинг,,-,0,-,0,термопанели с клинкерной плиткой новый свет,Целевые запросы,Запросы без упоминания брендов,-,,Термопанели с клинкерной плиткой — КлинкерПрофи,,,Поиск,Прочее,Не определено,Смартфоны,Android,Wi-Fi,Мужской,45-54 года,Остальные,Не определено,1918167638897563177,Активные,Страницы каталога,Термопанели с клинкерной плиткой. Производство в Выборге,"Фасадные термопанели с клинкером. Производство в Выборге, доставка по СПб...",https://marmara-pro.ru/termo?utm_content=catalog&utm_term={PHRASE},-,-,-,-,Текстово-графический,Оригинальный,0.00,0,0,-,-,1,-,0.00,0.09,0.00,8.50,5.00,-,-,-
Термопанели в Выборге,712773255,19.08.2026,Термопанели (Лен. область),5773097196,Автотаргетинг,,-,0,-,0,термопанели с клинкерной плиткой новый свет,Альтернативные запросы,Запросы с упоминанием брендов конкурентов,-,,,,,Поиск,Прочее,Не определено,Смартфоны,Android,Wi-Fi,Мужской,45-54 года,Остальные,Не определено,1915608023072927866,Активные,Комбинаторное,Термопанели с клинкерной плиткой. Производство в Выборге,"Термопанели с клинкером. Собственное производство, своя цена, нет посредников.",https://marmara-pro.ru?utm_content=geo&utm_term={PHRASE},-,-,-,-,Текстово-графический,Автоматический,0.00,0,0,-,-,1,-,0.00,0.65,0.00,64.58,6.00,-,-,-
Термопанели в Выборге,712773255,19.08.2026,Термопанели (Лен. область),5773097196,Автотаргетинг,,-,0,-,0,термопанели фасадные,Целевые запросы,Запросы без упоминания брендов,-,,,,,Поиск,Товарная галерея,Не определено,Смартфоны,Android,Wi-Fi,Мужской,45-54 года,Остальные,Не определено,1915608023072927866,Активные,Комбинаторное,Термопанели с клинкерной плиткой. Производство в Выборге,"Термопанели с клинкером. Собственное производство, своя цена, нет посредников.",https://marmara-pro.ru?utm_content=geo&utm_term={PHRASE},http://direct.yandex.ru/images/direct/5250956/5XPY7aqvM1xRQF8e4uTrqg,карусель 4-3_06.jpg,-,-,Текстово-графический,Автоматический,0.00,0,0,-,-,1,-,0.00,0.25,0.00,25.32,8.00,-,-,-
Термопанели в Выборге,712773255,19.08.2026,Термопанели (Лен. область),5773097196,Автотаргетинг,,-,0,-,0,утеплитель для стен снаружи,Целевые запросы,Запросы без упоминания брендов,-,,,,,Поиск,Товарная галерея,Не определено,Смартфоны,Android,Wi-Fi,Мужской,Старше 55,Остальные,Не определено,1915608023072927866,Активные,Комбинаторное,Термопанели с клинкерной плиткой. Производство в Выборге,"Термопанели с клинкером. Собственное производство, своя цена, нет посредников.",https://marmara-pro.ru?utm_content=geo&utm_term={PHRASE},http://direct.yandex.ru/images/direct/5250956/5XPY7aqvM1xRQF8e4uTrqg,карусель 4-3_06.jpg,-,-,Текстово-графический,Автоматический,0.00,0,0,-,-,2,-,0.00,0.27,0.00,13.40,16.50,-,-,-
Термопанели в Выборге,712773255,19.08.2026,Термопанели (Лен. область),5773097196,Автотаргетинг,,-,0,-,0,утеплитель с клинкерной плиткой для фасада,Целевые запросы,Запросы без упоминания брендов,-,,,,,Поиск,Прочее,Не определено,Смартфоны,Android,Wi-Fi,Мужской,35-44 года,Остальные,Не определено,1915608023072927866,Активные,Комбинаторное,Термопанели с клинкерной плиткой. Производство в Выборге,"Термопанели с клинкером. Собственное производство, своя цена, нет посредников.",https://marmara-pro.ru?utm_content=geo&utm_term={PHRASE},-,-,-,-,Текстово-графический,Автоматический,0.00,0,0,-,-,1,-,0.00,0.85,0.00,84.88,5.00,-,-,-
Термопанели в Выборге,712773255,19.08.2026,Термопанели (Лен. область),5773097196,Автотаргетинг,,-,0,-,0,утеплитель с клинкерной плиткой для фасада,Целевые запросы,Запросы без упоминания брендов,-,,,,,Поиск,Товарная галерея,Не определено,Смартфоны,Android,Wi-Fi,Мужской,35-44 года,Остальные,Не определено,1915608023072927866,Активные,Комбинаторное,Термопанели с клинкерной плиткой. Производство в Выборге,"Термопанели с клинкером. Собственное производство, своя цена, нет посредников.",https://marmara-pro.ru?utm_content=geo&utm_term={PHRASE},http://direct.yandex.ru/images/direct/5250956/5XPY7aqvM1xRQF8e4uTrqg,карусель 4-3_06.jpg,-,-,Текстово-графический,Автоматический,0.00,0,0,-,-,2,-,0.00,2.39,0.00,119.41,1.00,-,-,-
Термопанели в Выборге,712773255,19.08.2026,Термопанели (Лен. область),5773097196,Автотаргетинг,,-,0,-,0,фасадные панели для наружной отделки дома,Целевые запросы,Запросы без упоминания брендов,-,,,,,Поиск,Прочее,Не определено,Смартфоны,iOS,Wi-Fi,Женский,25-34 года,Остальные,Не определено,1915608023072927866,Активные,Комбинаторное,Термопанели с клинкерной плиткой. Производство в Выборге,"Термопанели с клинкером. Собственное производство, своя цена, нет посредников.",https://marmara-pro.ru?utm_content=geo&utm_term={PHRASE},-,-,-,-,Текстово-графический,Автоматический,0.00,0,0,-,-,1,-,0.00,0.55,0.00,54.58,7.00,-,-,-
Термопанели в Выборге,712773255,19.08.2026,Термопанели (Лен. область),5773097196,Автотаргетинг,,-,0,-,0,фасадные панели на каркасный дом,Целевые запросы,Запросы без упоминания брендов,-,,,,,Поиск,Прочее,Не определено,Смартфоны,iOS,Wi-Fi,Женский,35-44 года,Топ 1%,Не определено,1915608023072927866,Активные,Комбинаторное,Термопанели с клинкерной плиткой. Производство в Выборге,"Термопанели с клинкером. Собственное производство, своя цена, нет посредников.",https://marmara-pro.ru?utm_content=geo&utm_term={PHRASE},-,-,-,-,Текстово-графический,Автоматический,0.00,0,0,-,-,1,-,0.00,0.45,0.00,44.58,-,-,-,-
"Приозерский район, Поиск   от 25-07-2026",713047408,20.08.2026,Приозерский район,5776633358,Автотаргетинг,,-,0,-,0,база раздолье сосново стройматериалов,Альтернативные запросы,Запросы с упоминанием брендов конкурентов,-,,,,,Поиск,Спецразмещение,Не определено,Смартфоны,Android,Wi-Fi,Мужской,Старше 55,Остальные,Не определено,1916597733861553174,Архивные,Комбинаторное,Производство в Выборге — доставка в район,Утепление и фасад за один этап. Производство в Выборге. Доставка по Ленобласти.,https://marmara-pro.ru?utm_source=yandex&utm_medium=cpc&utm_campaign=termopaneli_priozersk_cpa_search&utm_content=search&utm_term={PHRASE},-,-,-,-,Текстово-графический,Оригинальный,0.00,0,0,-,-,1,-,0.00,0.65,0.00,64.68,1.00,-,-,-
"Приозерский район, Поиск   от 25-07-2026",713047408,20.08.2026,Приозерский район,5776633358,Автотаргетинг,,-,0,-,0,беседка чем зашить фронтон,Сопутствующие запросы,Запросы без упоминания брендов,-,,Термопанель Колорадо 4 (32 шт),,,Поиск,Спецразмещение,Не определено,Смартфоны,Android,Wi-Fi,Женский,35-44 года,6–10%,Не определено,1918168175770350076,Активные,Страницы каталога,Термопанель Колорадо 4 (32 шт),"Фасадная термопанель на основе пенополистирола плотностью 25 кг/м3, с клинкерной...",https://marmara-pro.ru/termo/tproduct/2229245581-395566131472-termopanel-kolorado-4-32-sht?utm_source=yandex&utm_medium=cpc&utm_campaign=termopaneli_priozersk_cpa_search&utm_content=search&utm_term={PHRASE},-,-,-,-,Текстово-графический,Автоматический,0.00,0,0,-,-,1,-,0.00,1.04,0.00,103.74,2.00,-,-,-
"Приозерский район, Поиск   от 25-07-2026",713047408,20.08.2026,Приозерский район,5776633358,Автотаргетинг,,-,0,-,0,беседка чем зашить фронтон,Сопутствующие запросы,Запросы без упоминания брендов,-,,Термопанель Колорадо 4 (32 шт),,,Поиск,Спецразмещение,Не определено,Смартфоны,Android,Wi-Fi,Женский,35-44 года,6–10%,Не определено,1918168175770350076,Активные,Страницы каталога,Термопанель Колорадо 4 (32 шт),"Фасадная термопанель на основе пенополистирола плотностью 25 кг/м3, с клинкерной...",https://marmara-pro.ru/termo/tproduct/2229245581-395566131472-termopanel-kolorado-4-32-sht?utm_source=yandex&utm_medium=cpc&utm_campaign=termopaneli_priozersk_cpa_search&utm_content=search&utm_term={PHRASE},-,-,-,-,Текстово-графический,Оригинальный,0.00,0,0,-,-,1,-,0.00,1.00,0.00,100.00,-,-,-,-
"Приозерский район, Поиск   от 25-07-2026",713047408,20.08.2026,Приозерский район,5776633358,Автотаргетинг,,-,0,-,0,билтермо,Альтернативные запросы,Запросы без упоминания брендов,-,,,,,Поиск,Спецразмещение,Не определено,Смартфоны,Android,Wi-Fi,Мужской,45-54 года,Остальные,Не определено,1916597733861553174,Архивные,Комбинаторное,Клинкерные термопанели — КлинкерПрофи,Утепление и фасад за один этап. Производство в Выборге. Доставка по Ленобласти.,https://marmara-pro.ru?utm_source=yandex&utm_medium=cpc&utm_campaign=termopaneli_priozersk_cpa_search&utm_content=search&utm_term={PHRASE},-,-,-,-,Текстово-графический,Оригинальный,0.00,0,0,-,-,1,-,0.00,0.39,0.00,39.22,3.00,-,-,-
"Приозерский район, Поиск   от 25-07-2026",713047408,20.08.2026,Приозерский район,5776633358,Автотаргетинг,,-,0,-,0,вертикальная отделка каркасного дома имитация,Сопутствующие запросы,Запросы без упоминания брендов,-,,,,,Поиск,Спецразмещение,Не определено,Смартфоны,Android,Мобильная связь,Женский,Старше 55,6–10%,Не определено,1916597733861553174,Архивные,Комбинаторное,Термопанели для дома в Приозерске,Срок службы 25–50 лет. Не требуют покраски. Подберём толщину под ваш дом.,https://marmara-pro.ru?utm_source=yandex&utm_medium=cpc&utm_campaign=termopaneli_priozersk_cpa_search&utm_content=search&utm_term={PHRASE},-,-,-,-,Текстово-графический,Оригинальный,0.00,0,0,-,-,1,-,0.00,1.00,0.00,100.00,-,-,-,-
"Приозерский район, Поиск   от 25-07-2026",713047408,20.08.2026,Приозерский район,5776633358,Автотаргетинг,,-,0,-,0,вертикальная отделка наружная каркасного дома имитация,Сопутствующие запросы,Запросы без упоминания брендов,-,,,,,Поиск,Спецразмещение,Не определено,Смартфоны,Android,Мобильная связь,Женский,Старше 55,6–10%,Не определено,1916597733861553174,Архивные,Комбинаторное,Фасадные термопанели с клинкером,Срок службы 25–50 лет. Не требуют покраски. Подберём толщину под ваш дом.,https://marmara-pro.ru?utm_source=yandex&utm_medium=cpc&utm_campaign=termopaneli_priozersk_cpa_search&utm_content=search&utm_term={PHRASE},-,-,-,-,Текстово-графический,Оригинальный,0.00,0,0,-,-,1,-,0.00,1.00,0.00,100.00,-,-,-,-
"Приозерский район, Поиск   от 25-07-2026",713047408,20.08.2026,Приозерский район,5776633358,Автотаргетинг,,-,0,-,0,зеленый фасад дома и серые окна и свесы,Сопутствующие запросы,Запросы без упоминания брендов,-,,,,,Поиск,Спецразмещение,Не определено,Смартфоны,Android,Wi-Fi,Мужской,35-44 года,2–5%,Не определено,1916597733861553174,Архивные,Комбинаторное,Термопанели для дома в Приозерске,Срок службы 25–50 лет. Не требуют покраски. Подберём толщину под ваш дом.,https://marmara-pro.ru?utm_source=yandex&utm_medium=cpc&utm_campaign=termopaneli_priozersk_cpa_search&utm_content=search&utm_term={PHRASE},-,-,-,-,Текстово-графический,Оригинальный,0.00,0,0,-,-,1,-,0.00,1.00,0.00,100.00,-,-,-,-
"Приозерский район, Поиск   от 25-07-2026",713047408,20.08.2026,Приозерский район,5776633358,Автотаргетинг,,-,0,-,0,как бюджетно утеплить веранду,Сопутствующие запросы,Запросы без упоминания брендов,-,,,,,Поиск,Прочее,Не определено,Смартфоны,Android,Wi-Fi,Женский,Старше 55,Остальные,Не определено,1916597733861553174,Архивные,Комбинаторное,Термопанели для дома в Приозерске,Утепление и фасад за один этап. Производство в Выборге. Доставка по Ленобласти.,https://marmara-pro.ru?utm_source=yandex&utm_medium=cpc&utm_campaign=termopaneli_priozersk_cpa_search&utm_content=search&utm_term={PHRASE},-,-,-,-,Текстово-графический,Оригинальный,0.00,0,0,-,-,1,-,0.00,1.00,0.00,100.00,5.00,-,-,-
"Приозерский район, Поиск   от 25-07-2026",713047408,20.08.2026,Приозерский район,5776633358,Автотаргетинг,,-,0,-,0,керамогранит для цоколя дома,Альтернативные запросы,Запросы без упоминания брендов,-,,Клинкерная плитка фасадная STONE (палевый),,,Поиск,Спецразмещение,Не определено,Смартфоны,iOS,Wi-Fi,Мужской,35-44 года,Топ 1%,Не определено,1918168175770350076,Активные,Страницы каталога,Клинкерная плитка фасадная STONE (палевый),Размер: 245×65 мм Толщина: 7 мм Cтоимость 1 м2 - 1300 ₽,https://marmara-pro.ru/termo/tproduct/2229245581-400587526422-klinkernaya-plitka-fasadnaya-stone-palev?utm_source=yandex&utm_medium=cpc&utm_campaign=termopaneli_priozersk_cpa_search&utm_content=search&utm_term={PHRASE},-,-,-,-,Текстово-графический,Автоматический,0.00,0,0,-,-,1,-,0.00,0.83,0.00,83.49,2.00,-,-,-
"Приозерский район, Поиск   от 25-07-2026",713047408,20.08.2026,Приозерский район,5776633358,Автотаргетинг,,-,0,-,0,корейский профиль имитация бруса,Альтернативные запросы,Запросы без упоминания брендов,-,,Термопанель Колорадо 5 (32 шт),,,Поиск,Прочее,Не определено,Смартфоны,Android,Мобильная связь,Женский,Старше 55,6–10%,Не определено,1918168175770350076,Активные,Страницы каталога,Термопанель Колорадо 5 (32 шт),Термопанели с клинкерной плиткой. Производство в Выборге. Доставка.,https://marmara-pro.ru/termo/tproduct/2229245581-936117304142-termopanel-kolorado-5-32-sht?utm_source=yandex&utm_medium=cpc&utm_campaign=termopaneli_priozersk_cpa_search&utm_content=search&utm_term={PHRASE},-,-,-,-,Текстово-графический,Оригинальный,0.00,0,0,-,-,1,-,0.00,0.09,0.00,8.50,5.00,-,-,-
"Приозерский район, Поиск   от 25-07-2026",713047408,20.08.2026,Приозерский район,5776633358,Автотаргетинг,,-,0,-,0,может ли собственник многоквартирного дома самостоятельно утеплить стены снаружи,Сопутствующие запросы,Запросы без упоминания брендов,-,,,,,Поиск,Прочее,Не определено,Смартфоны,Android,Wi-Fi,Женский,45-54 года,Остальные,Не определено,1916597733861553174,Архивные,Комбинаторное,Фасадные термопанели с клинкером,Утепление и фасад за один этап. Производство в Выборге. Доставка по Ленобласти.,https://marmara-pro.ru?utm_source=yandex&utm_medium=cpc&utm_campaign=termopaneli_priozersk_cpa_search&utm_content=search&utm_term={PHRASE},-,-,-,-,Текстово-графический,Оригинальный,0.00,0,0,-,-,2,-,0.00,1.77,0.00,88.40,5.00,-,-,-
"Приозерский район, Поиск   от 25-07-2026",713047408,20.08.2026,Приозерский район,5776633358,Автотаргетинг,,-,0,-,0,монтаж фасада дома,Сопутствующие запросы,Запросы без упоминания брендов,-,,,,,Поиск,Спецразмещение,Не определено,Смартфоны,Android,Wi-Fi,Мужской,45-54 года,Остальные,Не определено,1916597733861553174,Архивные,Комбинаторное,Утепление фасада термопанелями,Клинкерный фасад без мокрых работ. Монтаж зимой до −15 °C. ППС и ППУ. Звоните!,https://marmara-pro.ru?utm_source=yandex&utm_medium=cpc&utm_campaign=termopaneli_priozersk_cpa_search&utm_content=search&utm_term={PHRASE},-,-,-,-,Текстово-графический,Оригинальный,0.00,0,0,-,-,1,-,0.00,0.74,0.00,74.11,2.00,-,-,-
"Приозерский район, Поиск   от 25-07-2026",713047408,20.08.2026,Приозерский район,5776633358,Автотаргетинг,,-,0,-,0,монтаж фасада дома,Сопутствующие запросы,Запросы без упоминания брендов,-,,,,,Поиск,Спецразмещение,Не определено,Смартфоны,Android,Wi-Fi,Мужской,45-54 года,Остальные,Не определено,1916597733861553174,Архивные,Комбинаторное,Утепление фасада термопанелями,Утепление и фасад за один этап. Производство в Выборге. Доставка по Ленобласти.,https://marmara-pro.ru?utm_source=yandex&utm_medium=cpc&utm_campaign=termopaneli_priozersk_cpa_search&utm_content=search&utm_term={PHRASE},-,-,-,-,Текстово-графический,Оригинальный,0.00,0,0,-,-,1,-,0.00,0.89,0.00,88.58,1.00,-,-,-
"Приозерский район, Поиск   от 25-07-2026",713047408,20.08.2026,Приозерский район,5776633358,Автотаргетинг,,-,0,-,0,монтаж фасада дома расценка,Сопутствующие запросы,Запросы без упоминания брендов,-,,,,,Поиск,Спецразмещение,Не определено,Смартфоны,Android,Wi-Fi,Мужской,45-54 года,Остальные,Не определено,1916597733861553174,Архивные,Комбинаторное,Утепление фасада термопанелями,Утепление и фасад за один этап. Производство в Выборге. Доставка по Ленобласти.,https://marmara-pro.ru?utm_source=yandex&utm_medium=cpc&utm_campaign=termopaneli_priozersk_cpa_search&utm_content=search&utm_term={PHRASE},-,-,-,-,Текстово-графический,Оригинальный,0.00,0,0,-,-,1,-,0.00,0.63,0.00,63.31,3.00,-,-,-
"Приозерский район, Поиск   от 25-07-2026",713047408,20.08.2026,Приозерский район,5776633358,Автотаргетинг,,-,0,-,0,облицевать дом клинкерными панелями,Сопутствующие запросы,Запросы без упоминания брендов,-,,Термопанели с клинкерной плиткой — КлинкерПрофи,,,Поиск,Спецразмещение,Не определено,Смартфоны,iOS,Wi-Fi,Мужской,Старше 55,2–5%,Не определено,1918168175770350076,Активные,Страницы каталога,Термопанели с клинкерной плиткой. Производство в Выборге,"Фасадные термопанели с клинкером. Производство в Выборге, доставка по СПб...",https://marmara-pro.ru/termo?utm_source=yandex&utm_medium=cpc&utm_campaign=termopaneli_priozersk_cpa_search&utm_content=search&utm_term={PHRASE},-,-,-,-,Текстово-графический,Автоматический,0.00,0,0,-,-,2,-,0.00,1.97,0.00,98.25,2.00,-,-,-
"Приозерский район, Поиск   от 25-07-2026",713047408,20.08.2026,Приозерский район,5776633358,Автотаргетинг,,-,0,-,0,панели кингисепп фирма город тьфу,Широкие запросы,Запросы без упоминания брендов,-,,Термопанели с клинкерной плиткой — КлинкерПрофи,,,Поиск,Спецразмещение,Не определено,Планшеты,Android,Wi-Fi,Мужской,45-54 года,Остальные,Не определено,1918168175770350076,Активные,Страницы каталога,Термопанели с клинкерной плиткой. Производство в Выборге,"Фасадные термопанели с клинкером. Производство в Выборге, доставка по СПб...",https://marmara-pro.ru/termo?utm_source=yandex&utm_medium=cpc&utm_campaign=termopaneli_priozersk_cpa_search&utm_content=search&utm_term={PHRASE},-,-,-,-,Текстово-графический,Автоматический,0.00,1,0,0.00,-,1,0.00,100.00,1.00,100.00,100.00,1.00,1.00,100.00,1.00
"Приозерский район, Поиск   от 25-07-2026",713047408,20.08.2026,Приозерский район,5776633358,Автотаргетинг,,-,0,-,0,панели по кирпич,Широкие запросы,Запросы без упоминания брендов,-,,Термопанель Колорадо 2 (32 шт),,,Поиск,Спецразмещение,Не определено,Десктопы,Не определён,Wi-Fi,Мужской,25-34 года,2–5%,Не определено,1918168175770350076,Активные,Страницы каталога,Термопанель Колорадо 2 (32 шт),Термопанели с клинкерной плиткой. Производство в Выборге. Доставка.,https://marmara-pro.ru/termo/tproduct/2229245581-979993457482-termopanel-kolorado-2-32-sht?utm_source=yandex&utm_medium=cpc&utm_campaign=termopaneli_priozersk_cpa_search&utm_content=search&utm_term={PHRASE},-,-,-,-,Текстово-графический,Автоматический,0.00,0,0,-,-,1,-,0.00,0.29,0.00,29.05,4.00,-,-,-
"Приозерский район, Поиск   от 25-07-2026",713047408,20.08.2026,Приозерский район,5776633358,Автотаргетинг,,-,0,-,0,пва панели,Широкие запросы,Запросы без упоминания брендов,-,,Термопанель Колорадо 4 (32 шт),,,Поиск,Спецразмещение,Не определено,Смартфоны,Android,Wi-Fi,Женский,25-34 года,Остальные,Не определено,1918168175770350076,Активные,Страницы каталога,Термопанель Колорадо 4 (32 шт),"Фасадная термопанель на основе пенополистирола плотностью 25 кг/м3, с клинкерной...",https://marmara-pro.ru/termo/tproduct/2229245581-395566131472-termopanel-kolorado-4-32-sht?utm_source=yandex&utm_medium=cpc&utm_campaign=termopaneli_priozersk_cpa_search&utm_content=search&utm_term={PHRASE},-,-,-,-,Текстово-графический,Оригинальный,0.00,0,0,-,-,1,-,0.00,0.94,0.00,93.81,1.00,-,-,-
"Приозерский район, Поиск   от 25-07-2026",713047408,20.08.2026,Приозерский район,5776633358,Автотаргетинг,,-,0,-,0,пва панели,Широкие запросы,Запросы без упоминания брендов,-,,Термопанель Колорадо 4 (32 шт),,,Поиск,Прочее,Не определено,Смартфоны,Android,Wi-Fi,Женский,25-34 года,Остальные,Не определено,1918168175770350076,Активные,Страницы каталога,Термопанель Колорадо 4 (32 шт),"Фасадная термопанель на основе пенополистирола плотностью 25 кг/м3, с клинкерной...",https://marmara-pro.ru/termo/tproduct/2229245581-395566131472-termopanel-kolorado-4-32-sht?utm_source=yandex&utm_medium=cpc&utm_campaign=termopaneli_priozersk_cpa_search&utm_content=search&utm_term={PHRASE},-,-,-,-,Текстово-графический,Оригинальный,0.00,0,0,-,-,1,-,0.00,1.00,0.00,100.00,5.00,-,-,-
"Приозерский район, Поиск   от 25-07-2026",713047408,20.08.2026,Приозерский район,5776633358,Автотаргетинг,,-,0,-,0,раздолье база стройматериалов сосново каталог товаров и цены,Широкие запросы,Запросы с упоминанием брендов конкурентов,-,,,,,Поиск,Спецразмещение,Не определено,Планшеты,Android,Wi-Fi,Мужской,Старше 55,Остальные,Не определено,1916597733861553174,Архивные,Комбинаторное,Производство в Выборге — доставка в район,Утепление и фасад за один этап. Производство в Выборге. Доставка по Ленобласти.,https://marmara-pro.ru?utm_source=yandex&utm_medium=cpc&utm_campaign=termopaneli_priozersk_cpa_search&utm_content=search&utm_term={PHRASE},-,-,-,-,Текстово-графический,Оригинальный,0.00,0,0,-,-,1,-,0.00,1.00,0.00,100.00,1.00,-,-,-
"Приозерский район, Поиск   от 25-07-2026",713047408,20.08.2026,Приозерский район,5776633358,Автотаргетинг,,-,0,-,0,с чего начать отделку дома,Сопутствующие запросы,Запросы без упоминания брендов,-,,,,,Поиск,Спецразмещение,Не определено,Планшеты,Android,Wi-Fi,Не определен,35-44 года,Остальные,Не определено,1916597733861553174,Архивные,Комбинаторное,Термопанели для дома в Приозерске,Срок службы 25–50 лет. Не требуют покраски. Подберём толщину под ваш дом.,https://marmara-pro.ru?utm_source=yandex&utm_medium=cpc&utm_campaign=termopaneli_priozersk_cpa_search&utm_content=search&utm_term={PHRASE},-,-,-,-,Текстово-графический,Оригинальный,0.00,0,0,-,-,1,-,0.00,0.71,0.00,71.20,1.00,-,-,-
"Приозерский район, Поиск   от 25-07-2026",713047408,20.08.2026,Приозерский район,5776633358,Автотаргетинг,,-,0,-,0,современные способы обновления фасада дачи обшитой окрашенной вагонкой,Сопутствующие запросы,Запросы без упоминания брендов,-,,Термопанели с клинкерной плиткой — КлинкерПрофи,,,Поиск,Спецразмещение,Не определено,Планшеты,Android,Wi-Fi,Не определен,Не определен,Остальные,Не определено,1918168175770350076,Активные,Страницы каталога,Термопанели с клинкерной плиткой. Производство в Выборге,"Фасадные термопанели с клинкером. Производство в Выборге, доставка по СПб...",https://marmara-pro.ru/termo?utm_source=yandex&utm_medium=cpc&utm_campaign=termopaneli_priozersk_cpa_search&utm_content=search&utm_term={PHRASE},-,-,-,-,Текстово-графический,Автоматический,0.00,0,0,-,-,1,-,0.00,1.00,0.00,100.00,1.00,-,-,-
"Приозерский район, Поиск   от 25-07-2026",713047408,20.08.2026,Приозерский район,5776633358,Автотаргетинг,,-,0,-,0,стоимость укладки клинкерной плитки за квадратный метр,Сопутствующие запросы,Запросы без упоминания брендов,-,,,,,Поиск,Спецразмещение,Не определено,Смартфоны,Android,Wi-Fi,Мужской,35-44 года,Остальные,Не определено,1916597733861553174,Архивные,Комбинаторное,Фасадные термопанели с клинкером,Утепление и фасад за один этап. Производство в Выборге. Доставка по Ленобласти.,https://marmara-pro.ru?utm_source=yandex&utm_medium=cpc&utm_campaign=termopaneli_priozersk_cpa_search&utm_content=search&utm_term={PHRASE},-,-,-,-,Текстово-графический,Оригинальный,0.00,0,0,-,-,1,-,0.00,1.00,0.00,100.00,-,-,-,-
"Приозерский район, Поиск   от 25-07-2026",713047408,20.08.2026,Приозерский район,5776633358,Автотаргетинг,,-,0,-,0,строительный магазин в выборге,Широкие запросы,Запросы без упоминания брендов,-,,,,,Поиск,Спецразмещение,Не определено,Смартфоны,iOS,Wi-Fi,Женский,25-34 года,Остальные,Не определено,1916597733861553174,Архивные,Комбинаторное,Производство в Выборге — доставка в район,Утепление и фасад за один этап. Производство в Выборге. Доставка по Ленобласти.,https://marmara-pro.ru?utm_source=yandex&utm_medium=cpc&utm_campaign=termopaneli_priozersk_cpa_search&utm_content=search&utm_term={PHRASE},-,-,-,-,Текстово-графический,Оригинальный,0.00,0,0,-,-,2,-,0.00,1.60,0.00,80.08,2.00,-,-,-
"Приозерский район, Поиск   от 25-07-2026",713047408,20.08.2026,Приозерский район,5776633358,Автотаргетинг,,-,0,-,0,строительный магазин сосново,Широкие запросы,Запросы без упоминания брендов,-,,,,,Поиск,Спецразмещение,Не определено,Десктопы,Не определён,Wi-Fi,Мужской,Старше 55,Остальные,Не определено,1916597733861553174,Архивные,Комбинаторное,Производство в Выборге — доставка в район,Утепление и фасад за один этап. Производство в Выборге. Доставка по Ленобласти.,https://marmara-pro.ru?utm_source=yandex&utm_medium=cpc&utm_campaign=termopaneli_priozersk_cpa_search&utm_content=search&utm_term={PHRASE},-,-,-,-,Текстово-графический,Оригинальный,0.00,0,0,-,-,1,-,0.00,0.40,0.00,40.08,4.00,-,-,-
"Приозерский район, Поиск   от 25-07-2026",713047408,20.08.2026,Приозерский район,5776633358,Автотаргетинг,,-,0,-,0,термоскатерть жидкое стекло,Альтернативные запросы,Запросы без упоминания брендов,-,,Термопанель Колорадо 2 (32 шт),,,Поиск,Прочее,Не определено,Смартфоны,Android,Wi-Fi,Мужской,Старше 55,Остальные,Не определено,1918168175770350076,Активные,Страницы каталога,Термопанель Колорадо 2 (32 шт),Термопанели с клинкерной плиткой. Производство в Выборге. Доставка.,https://marmara-pro.ru/termo/tproduct/2229245581-979993457482-termopanel-kolorado-2-32-sht?utm_source=yandex&utm_medium=cpc&utm_campaign=termopaneli_priozersk_cpa_search&utm_content=search&utm_term={PHRASE},-,-,-,-,Текстово-графический,Оригинальный,0.00,0,0,-,-,1,-,0.00,1.00,0.00,100.00,5.00,-,-,-
"Приозерский район, Поиск   от 25-07-2026",713047408,20.08.2026,Приозерский район,5776633358,Автотаргетинг,,-,0,-,0,терраса загородного дома как закрыть от снега,Сопутствующие запросы,Запросы без упоминания брендов,-,,,,,Поиск,Спецразмещение,Не определено,Смартфоны,Android,Wi-Fi,Женский,25-34 года,Остальные,Не определено,1916597733861553174,Архивные,Комбинаторное,Клинкерные термопанели — КлинкерПрофи,Клинкерный фасад без мокрых работ. Монтаж зимой до −15 °C. ППС и ППУ. Звоните!,https://marmara-pro.ru?utm_source=yandex&utm_medium=cpc&utm_campaign=termopaneli_priozersk_cpa_search&utm_content=search&utm_term={PHRASE},-,-,-,-,Текстово-графический,Оригинальный,0.00,0,0,-,-,1,-,0.00,0.79,0.00,79.30,1.00,-,-,-
"Приозерский район, Поиск   от 25-07-2026",713047408,20.08.2026,Приозерский район,5776633358,Автотаргетинг,,-,0,-,0,терраса загородного дома как закрыть от снега,Сопутствующие запросы,Запросы без упоминания брендов,-,,,,,Поиск,Спецразмещение,Не определено,Смартфоны,Android,Wi-Fi,Женский,25-34 года,Остальные,Не определено,1916597733861553174,Архивные,Комбинаторное,Клинкерные термопанели — КлинкерПрофи,Утепление и фасад за один этап. Производство в Выборге. Доставка по Ленобласти.,https://marmara-pro.ru?utm_source=yandex&utm_medium=cpc&utm_campaign=termopaneli_priozersk_cpa_search&utm_content=search&utm_term={PHRASE},-,-,-,-,Текстово-графический,Оригинальный,0.00,0,0,-,-,2,-,0.00,2.00,0.00,100.00,-,-,-,-
"Приозерский район, Поиск   от 25-07-2026",713047408,20.08.2026,Приозерский район,5776633358,Автотаргетинг,,-,0,-,0,терраса загородного дома как закрыть от снега,Сопутствующие запросы,Запросы без упоминания брендов,-,,Термопанель Колорадо 2 (32 шт),,,Поиск,Спецразмещение,Не определено,Смартфоны,Android,Wi-Fi,Женский,25-34 года,Остальные,Не определено,1918168175770350076,Активные,Страницы каталога,Термопанель Колорадо 2 (32 шт),Термопанели с клинкерной плиткой. Производство в Выборге. Доставка.,https://marmara-pro.ru/termo/tproduct/2229245581-979993457482-termopanel-kolorado-2-32-sht?utm_source=yandex&utm_medium=cpc&utm_campaign=termopaneli_priozersk_cpa_search&utm_content=search&utm_term={PHRASE},-,-,-,-,Текстово-графический,Оригинальный,0.00,0,0,-,-,1,-,0.00,1.00,0.00,100.00,-,-,-,-
"Приозерский район, Поиск   от 25-07-2026",713047408,20.08.2026,Приозерский район,5776633358,Автотаргетинг,,-,0,-,0,узел утепления плиты фундамента у отмостки,Сопутствующие запросы,Запросы без упоминания брендов,-,,,,,Поиск,Спецразмещение,Не определено,Смартфоны,iOS,Wi-Fi,Мужской,45-54 года,6–10%,Не определено,1916597733861553174,Архивные,Комбинаторное,Клинкерные термопанели — КлинкерПрофи,Клинкерный фасад без мокрых работ. Монтаж зимой до −15 °C. ППС и ППУ. Звоните!,https://marmara-pro.ru?utm_source=yandex&utm_medium=cpc&utm_campaign=termopaneli_priozersk_cpa_search&utm_content=search&utm_term={PHRASE},-,-,-,-,Текстово-графический,Оригинальный,0.00,0,0,-,-,1,-,0.00,1.00,0.00,100.00,-,-,-,-
"Приозерский район, Поиск   от 25-07-2026",713047408,20.08.2026,Приозерский район,5776633358,Автотаргетинг,,-,0,-,0,узел утепления фундамента у отмостки,Сопутствующие запросы,Запросы без упоминания брендов,-,,,,,Поиск,Спецразмещение,Не определено,Смартфоны,iOS,Wi-Fi,Мужской,45-54 года,Остальные,Не определено,1916597733861553174,Архивные,Комбинаторное,Клинкерные термопанели — КлинкерПрофи,Клинкерный фасад без мокрых работ. Монтаж зимой до −15 °C. ППС и ППУ. Звоните!,https://marmara-pro.ru?utm_source=yandex&utm_medium=cpc&utm_campaign=termopaneli_priozersk_cpa_search&utm_content=search&utm_term={PHRASE},-,-,-,-,Текстово-графический,Оригинальный,0.00,0,0,-,-,1,-,0.00,1.00,0.00,100.00,-,-,-,-
"Приозерский район, Поиск   от 25-07-2026",713047408,20.08.2026,Приозерский район,5776633358,Автотаргетинг,,-,0,-,0,утеплитель работает только с ветрозащитой,Сопутствующие запросы,Запросы без упоминания брендов,-,,,,,Поиск,Прочее,Не определено,Смартфоны,Android,Wi-Fi,Женский,35-44 года,Остальные,Не определено,1916597733861553174,Архивные,Комбинаторное,Клинкерные термопанели — КлинкерПрофи,Утепление и фасад за один этап. Производство в Выборге. Доставка по Ленобласти.,https://marmara-pro.ru?utm_source=yandex&utm_medium=cpc&utm_campaign=termopaneli_priozersk_cpa_search&utm_content=search&utm_term={PHRASE},-,-,-,-,Текстово-графический,Оригинальный,0.00,0,0,-,-,1,-,0.00,0.42,0.00,41.63,6.00,-,-,-
"Приозерский район, Поиск   от 25-07-2026",713047408,20.08.2026,Приозерский район,5776633358,Автотаргетинг,,-,0,-,0,фасадная плитка docke premium klinker вагаси klinker,Альтернативные запросы,Запросы без упоминания брендов,-,,Клинкерная плитка фасадная STONE (графитовый),,,Поиск,Прочее,Не определено,Смартфоны,Android,Wi-Fi,Мужской,35-44 года,Остальные,Не определено,1918168175770350076,Активные,Страницы каталога,Клинкерная плитка фасадная STONE (графитовый),Размер: 245×65 мм Толщина: 7 мм Cтоимость 1 м2 - 1300 ₽,https://marmara-pro.ru/termo/tproduct/2229245581-730709481672-klinkernaya-plitka-fasadnaya-stone-grafi?utm_source=yandex&utm_medium=cpc&utm_campaign=termopaneli_priozersk_cpa_search&utm_content=search&utm_term={PHRASE},-,-,-,-,Текстово-графический,Оригинальный,0.00,0,0,-,-,1,-,0.00,0.09,0.00,8.50,5.00,-,-,-
"Приозерский район, Поиск   от 25-07-2026",713047408,20.08.2026,Приозерский район,5776633358,Автотаргетинг,,-,0,-,0,фасадная плитка технониколь hauberk,Альтернативные запросы,Запросы с упоминанием брендов конкурентов,-,,,,,Поиск,Прочее,Не определено,Смартфоны,Android,Wi-Fi,Женский,45-54 года,Остальные,Не определено,1916597733861553174,Архивные,Комбинаторное,Фасадные термопанели с клинкером,Утепление и фасад за один этап. Производство в Выборге. Доставка по Ленобласти.,https://marmara-pro.ru?utm_source=yandex&utm_medium=cpc&utm_campaign=termopaneli_priozersk_cpa_search&utm_content=search&utm_term={PHRASE},-,-,-,-,Текстово-графический,Оригинальный,0.00,0,0,-,-,1,-,0.00,0.09,0.00,8.50,5.00,-,-,-
"Приозерский район, Поиск   от 25-07-2026",713047408,20.08.2026,Приозерский район,5776633358,Автотаргетинг,,-,0,-,0,фотопанели для оформления цоколя дачи,Сопутствующие запросы,Запросы без упоминания брендов,-,,Термопанели с клинкерной плиткой — КлинкерПрофи,,,Поиск,Спецразмещение,Не определено,Смартфоны,Android,Wi-Fi,Женский,Старше 55,Остальные,Не определено,1918168175770350076,Активные,Страницы каталога,Термопанели с клинкерной плиткой. Производство в Выборге,"Фасадные термопанели с клинкером. Производство в Выборге, доставка по СПб...",https://marmara-pro.ru/termo?utm_source=yandex&utm_medium=cpc&utm_campaign=termopaneli_priozersk_cpa_search&utm_content=search&utm_term={PHRASE},-,-,-,-,Текстово-графический,Автоматический,0.00,1,0,0.00,-,1,0.00,100.00,1.05,95.62,104.58,1.00,1.00,0.00,1.00
"Приозерский район, Поиск   от 25-07-2026",713047408,20.08.2026,Приозерский район,5776633358,Автотаргетинг,,-,0,-,0,цоколь деке,Альтернативные запросы,Запросы с упоминанием брендов конкурентов,-,,,,,Поиск,Спецразмещение,Не определено,Смартфоны,iOS,Wi-Fi,Мужской,25-34 года,Остальные,Не определено,1916597733861553174,Архивные,Комбинаторное,Термопанели с клинкерной плиткой - КлинкерПрофи,Срок службы 25–50 лет. Не требуют покраски. Подберём толщину под ваш дом.,https://marmara-pro.ru?utm_source=yandex&utm_medium=cpc&utm_campaign=termopaneli_priozersk_cpa_search&utm_content=search&utm_term={PHRASE},-,-,-,-,Текстово-графический,Оригинальный,0.00,0,0,-,-,1,-,0.00,0.17,0.00,17.17,4.00,-,-,-
"Приозерский район, Поиск   от 25-07-2026",713047408,20.08.2026,Приозерский район,5776633358,Автотаргетинг,,-,0,-,0,чем бюджетно заделать цоколь,Сопутствующие запросы,Запросы без упоминания брендов,-,,Термопанели с клинкерной плиткой — КлинкерПрофи,,,Поиск,Прочее,Не определено,Смартфоны,Android,Wi-Fi,Женский,25-34 года,Остальные,Не определено,1918168175770350076,Активные,Страницы каталога,Термопанели с клинкерной плиткой. Производство в Выборге,"Фасадные термопанели с клинкером. Производство в Выборге, доставка по СПб...",https://marmara-pro.ru/termo?utm_source=yandex&utm_medium=cpc&utm_campaign=termopaneli_priozersk_cpa_search&utm_content=search&utm_term={PHRASE},-,-,-,-,Текстово-графический,Автоматический,0.00,0,0,-,-,1,-,0.00,0.42,0.00,41.63,6.00,-,-,-
"Приозерский район, Поиск   от 25-07-2026",713047408,20.08.2026,Приозерский район,5776633358,Автотаргетинг,,-,0,-,0,чем отделать газобетон снаружи блок хаус,Сопутствующие запросы,Запросы без упоминания брендов,-,,,,,Поиск,Прочее,Не определено,Смартфоны,iOS,Wi-Fi,Женский,35-44 года,2–5%,Не определено,1916597733861553174,Архивные,Комбинаторное,Клинкерные термопанели — КлинкерПрофи,Срок службы 25–50 лет. Не требуют покраски. Подберём толщину под ваш дом.,https://marmara-pro.ru?utm_source=yandex&utm_medium=cpc&utm_campaign=termopaneli_priozersk_cpa_search&utm_content=search&utm_term={PHRASE},-,-,-,-,Текстово-графический,Оригинальный,0.00,0,0,-,-,1,-,0.00,1.00,0.00,100.00,5.00,-,-,-
"Приозерский район, Поиск   от 25-07-2026",713047408,20.08.2026,Приозерский район,5776633358,Автотаргетинг,,-,0,-,0,чем отделать газобетон снаружи блок хаус,Сопутствующие запросы,Запросы без упоминания брендов,-,,,,,Поиск,Прочее,Не определено,Смартфоны,iOS,Wi-Fi,Женский,35-44 года,2–5%,Не определено,1916597733861553174,Архивные,Комбинаторное,Клинкерные термопанели — КлинкерПрофи,Утепление и фасад за один этап. Производство в Выборге. Доставка по Ленобласти.,https://marmara-pro.ru?utm_source=yandex&utm_medium=cpc&utm_campaign=termopaneli_priozersk_cpa_search&utm_content=search&utm_term={PHRASE},-,-,-,-,Текстово-графический,Оригинальный,0.00,0,0,-,-,1,-,0.00,0.09,0.00,8.50,5.00,-,-,-
"Приозерский район, Поиск   от 25-07-2026",713047408,20.08.2026,Приозерский район,5776633358,Автотаргетинг,,-,0,-,0,чем отделать газобетон снаружи блок хаус,Сопутствующие запросы,Запросы без упоминания брендов,-,,Клинкерная плитка фасадная STONE (графитовый),,,Поиск,Прочее,Не определено,Смартфоны,iOS,Wi-Fi,Женский,35-44 года,2–5%,Не определено,1918168175770350076,Активные,Страницы каталога,Клинкерная плитка фасадная STONE (графитовый),Размер: 245×65 мм Толщина: 7 мм Cтоимость 1 м2 - 1300 ₽,https://marmara-pro.ru/termo/tproduct/2229245581-730709481672-klinkernaya-plitka-fasadnaya-stone-grafi?utm_source=yandex&utm_medium=cpc&utm_campaign=termopaneli_priozersk_cpa_search&utm_content=search&utm_term={PHRASE},-,-,-,-,Текстово-графический,Автоматический,0.00,0,0,-,-,1,-,0.00,1.00,0.00,100.00,5.00,-,-,-
"Приозерский район, Поиск   от 25-07-2026",713047408,20.08.2026,Приозерский район,5776633358,Автотаргетинг,,-,0,-,0,чем отделать газобетон снаружи чтобы выглядел как дом из бруса,Сопутствующие запросы,Запросы без упоминания брендов,-,,,,,Поиск,Спецразмещение,Не определено,Смартфоны,iOS,Wi-Fi,Женский,35-44 года,2–5%,Не определено,1916597733861553174,Архивные,Комбинаторное,Термопанели для дома в Приозерске,Срок службы 25–50 лет. Не требуют покраски. Подберём толщину под ваш дом.,https://marmara-pro.ru?utm_source=yandex&utm_medium=cpc&utm_campaign=termopaneli_priozersk_cpa_search&utm_content=search&utm_term={PHRASE},-,-,-,-,Текстово-графический,Оригинальный,0.00,0,0,-,-,1,-,0.00,1.00,0.00,100.00,-,-,-,-
"Приозерский район, Поиск   от 25-07-2026",713047408,20.08.2026,Приозерский район,5776633358,Автотаргетинг,,-,0,-,0,чем отделать газобетон снаружи чтобы выглядел как дом из бруса,Сопутствующие запросы,Запросы без упоминания брендов,-,,,,,Поиск,Спецразмещение,Не определено,Смартфоны,iOS,Wi-Fi,Женский,35-44 года,2–5%,Не определено,1916597733861553174,Архивные,Комбинаторное,Фасадные термопанели с клинкером,Срок службы 25–50 лет. Не требуют покраски. Подберём толщину под ваш дом.,https://marmara-pro.ru?utm_source=yandex&utm_medium=cpc&utm_campaign=termopaneli_priozersk_cpa_search&utm_content=search&utm_term={PHRASE},-,-,-,-,Текстово-графический,Оригинальный,0.00,0,0,-,-,1,-,0.00,1.00,0.00,100.00,-,-,-,-
"Приозерский район, Поиск   от 25-07-2026",713047408,20.08.2026,Приозерский район,5776633358,Автотаргетинг,,-,0,-,0,чем отделать газобетон снаружи чтобы выглядел как дом из бруса,Сопутствующие запросы,Запросы без упоминания брендов,-,,,,,Поиск,Прочее,Не определено,Смартфоны,iOS,Wi-Fi,Женский,35-44 года,2–5%,Не определено,1916597733861553174,Архивные,Комбинаторное,Термопанели для дома в Приозерске,Срок службы 25–50 лет. Не требуют покраски. Подберём толщину под ваш дом.,https://marmara-pro.ru?utm_source=yandex&utm_medium=cpc&utm_campaign=termopaneli_priozersk_cpa_search&utm_content=search&utm_term={PHRASE},-,-,-,-,Текстово-графический,Оригинальный,0.00,0,0,-,-,1,-,0.00,0.42,0.00,41.63,6.00,-,-,-
"Приозерский район, Поиск   от 25-07-2026",713047408,20.08.2026,Приозерский район,5776633358,Автотаргетинг,,-,0,-,0,чем утеплить деревянный дом,Сопутствующие запросы,Запросы без упоминания брендов,-,,,,,Поиск,Спецразмещение,Не определено,Смартфоны,Android,Wi-Fi,Мужской,45-54 года,Остальные,Не определено,1916597733861553174,Архивные,Комбинаторное,Термопанели для дома в Приозерске,Утепление и фасад за один этап. Производство в Выборге. Доставка по Ленобласти.,https://marmara-pro.ru?utm_source=yandex&utm_medium=cpc&utm_campaign=termopaneli_priozersk_cpa_search&utm_content=search&utm_term={PHRASE},-,-,-,-,Текстово-графический,Оригинальный,0.00,0,0,-,-,1,-,0.00,0.83,0.00,83.24,3.00,-,-,-
"Приозерский район, Поиск   от 25-07-2026",713047408,20.08.2026,Приозерский район,5776633358,Автотаргетинг,,-,0,-,0,чем утеплить деревянный дом,Сопутствующие запросы,Запросы без упоминания брендов,-,,,,,Поиск,Прочее,Не определено,Смартфоны,Android,Wi-Fi,Мужской,45-54 года,Остальные,Не определено,1916597733861553174,Архивные,Комбинаторное,Термопанели для дома в Приозерске,Утепление и фасад за один этап. Производство в Выборге. Доставка по Ленобласти.,https://marmara-pro.ru?utm_source=yandex&utm_medium=cpc&utm_campaign=termopaneli_priozersk_cpa_search&utm_content=search&utm_term={PHRASE},-,-,-,-,Текстово-графический,Оригинальный,0.00,0,0,-,-,2,-,0.00,2.22,0.00,111.10,5.00,-,-,-
"Приозерский район, Поиск   от 25-07-2026",713047408,20.08.2026,Приозерский район,5776633358,Автотаргетинг,,-,0,-,0,экопланета ру утеплитель официальный сайт,Альтернативные запросы,Запросы с упоминанием брендов конкурентов,-,,,,,Поиск,Спецразмещение,Не определено,Смартфоны,Android,Wi-Fi,Женский,45-54 года,Остальные,Не определено,1916597733861553174,Архивные,Комбинаторное,"Приозерск, Сосново — термопанели с клинкером",Клинкерный фасад без мокрых работ. Монтаж зимой до −15 °C. ППС и ППУ. Звоните!,https://marmara-pro.ru?utm_source=yandex&utm_medium=cpc&utm_campaign=termopaneli_priozersk_cpa_search&utm_content=search&utm_term={PHRASE},-,-,-,-,Текстово-графический,Оригинальный,0.00,0,0,-,-,1,-,0.00,1.26,0.00,125.62,1.00,-,-,-
"Приозерский район, Поиск   от 25-07-2026",713047408,20.08.2026,Приозерский район,5776633358,Автотаргетинг,,-,0,-,0,экопланета ру утеплитель официальный сайт,Сопутствующие запросы,Запросы без упоминания брендов,-,,,,,Поиск,Прочее,Не определено,Смартфоны,Android,Wi-Fi,Женский,45-54 года,Остальные,Не определено,1916597733861553174,Архивные,Комбинаторное,Клинкерные термопанели — КлинкерПрофи,Утепление и фасад за один этап. Производство в Выборге. Доставка по Ленобласти.,https://marmara-pro.ru?utm_source=yandex&utm_medium=cpc&utm_campaign=termopaneli_priozersk_cpa_search&utm_content=search&utm_term={PHRASE},-,-,-,-,Текстово-графический,Оригинальный,0.00,0,0,-,-,1,-,0.00,1.00,0.00,100.00,5.00,-,-,-
Термопанели в Выборге,712773255,20.08.2026,Группа 1 - коммерческая,5773901452,Фраза,фасадные панели с утеплением,-,0,-,0,бакс термопанели отзывы,Сопутствующие запросы,Запросы с упоминанием брендов конкурентов,Семантическое,,,,,Поиск,Прочее,Не определено,Смартфоны,Android,Wi-Fi,Женский,35-44 года,Остальные,Не определено,1915802398259215246,Активные,Комбинаторное,Термопанели с клинкером - собственный завод в Выборге,Без посредников - завод. 60+ видов декора. Доставка по Ленобласти.,https://marmara-pro.ru?utm_content=commerce&utm_term={PHRASE},-,-,-,-,Текстово-графический,Оригинальный,0.00,0,0,-,-,1,-,0.00,0.09,0.00,8.50,5.00,-,-,-
Термопанели в Выборге,712773255,20.08.2026,Группа 1 - коммерческая,5773901452,Автотаргетинг,,-,0,-,0,,Не определено,-,-,,,,,Сети,Прочее,Не определено,Смартфоны,Android,Wi-Fi,Мужской,45-54 года,Остальные,Не определено,1915802398259215246,Активные,Комбинаторное,Термопанели с клинкером - собственный завод в Выборге,Без посредников - завод. 60+ видов декора. Доставка по Ленобласти.,https://marmara-pro.ru?utm_content=commerce&utm_term={PHRASE},http://direct.yandex.ru/images/direct/5245050/6C6d0cQ-RdpqlPYUtMZQkw,пример 2.jpg,1163322157,https://avatars.mds.yandex.net/get-media-adv-screenshooter/20941197/1d06a155-09ca-4034-b8a4-ad411694a4d7/orig,Текстово-графический,Автоматический,0.00,0,0,-,-,1,-,0.00,1.00,0.00,100.00,-,-,-,-
Термопанели в Выборге,712773255,20.08.2026,Группа 1 - коммерческая,5773901452,Автотаргетинг,,-,0,-,0,,Не определено,-,-,,,,,Сети,Прочее,Не определено,Смартфоны,Android,Wi-Fi,Мужской,Старше 55,Остальные,Не определено,1915802398259215246,Активные,Комбинаторное,Бесплатная доставка по Выборгскому району,Свое производство в Выборге. Приезжайте на образцы. Бесплатная доставка по району.,https://marmara-pro.ru?utm_content=commerce&utm_term={PHRASE},http://direct.yandex.ru/images/direct/5245050/6C6d0cQ-RdpqlPYUtMZQkw,пример 2.jpg,1163322157,https://avatars.mds.yandex.net/get-media-adv-screenshooter/20941197/1d06a155-09ca-4034-b8a4-ad411694a4d7/orig,Текстово-графический,Оригинальный,0.00,0,0,-,-,1,-,0.00,1.00,0.00,100.00,-,-,-,-
Термопанели в Выборге,712773255,20.08.2026,Группа 1 - коммерческая,5773901452,Автотаргетинг,,-,0,-,0,,Не определено,-,-,,,,,Сети,Прочее,Не определено,Смартфоны,Android,Wi-Fi,Мужской,Старше 55,Остальные,Не определено,1915802398259215246,Активные,Комбинаторное,Купить термопанели в Выборге напрямую,Без посредников - завод. 60+ видов декора. Доставка по Ленобласти.,https://marmara-pro.ru?utm_content=commerce&utm_term={PHRASE},http://direct.yandex.ru/images/direct/5245050/6C6d0cQ-RdpqlPYUtMZQkw,пример 2.jpg,1163321614,https://avatars.mds.yandex.net/get-media-adv-screenshooter/20873747/75477b03-780e-4e10-adff-81a72fc688af/orig,Текстово-графический,Оригинальный,0.00,0,0,-,-,2,-,0.00,2.00,0.00,100.00,-,-,-,-
Термопанели в Выборге,712773255,20.08.2026,Группа 1 - коммерческая,5773901452,Автотаргетинг,,-,0,-,0,фотопанели для оформления цоколя дачи,Широкие запросы,Запросы без упоминания брендов,-,,,,,Поиск,Прочее,Не определено,Смартфоны,Android,Wi-Fi,Женский,Старше 55,Остальные,Не определено,1915802398259215246,Активные,Комбинаторное,Термопанели с клинкером - собственный завод в Выборге,Без посредников - завод. 60+ видов декора. Доставка по Ленобласти.,https://marmara-pro.ru?utm_content=commerce&utm_term={PHRASE},-,-,-,-,Текстово-графический,Оригинальный,0.00,0,0,-,-,1,-,0.00,0.09,0.00,8.50,5.00,-,-,-
Термопанели в Выборге,712773255,20.08.2026,Группа 2 - Гео (ключевая),5773898865,Автотаргетинг,,-,0,-,0,,Не определено,-,-,,,,,Сети,Прочее,Не определено,Смартфоны,Android,Wi-Fi,Мужской,45-54 года,Остальные,Не определено,1915800871397818629,Активные,Комбинаторное,Купить термопанели в Выборге напрямую,Без посредников - завод. 60+ видов декора. Доставка по Ленобласти.,https://marmara-pro.ru?utm_content=zavod&utm_term={PHRASE},http://direct.yandex.ru/images/direct/5250956/5XPY7aqvM1xRQF8e4uTrqg,карусель 4-3_06.jpg,1163321614,https://avatars.mds.yandex.net/get-media-adv-screenshooter/20873747/75477b03-780e-4e10-adff-81a72fc688af/orig,Текстово-графический,Оригинальный,0.00,0,0,-,-,1,-,0.00,1.00,0.00,100.00,-,-,-,-
Термопанели в Выборге,712773255,20.08.2026,Группа 2 - Гео (ключевая),5773898865,Автотаргетинг,,-,0,-,0,,Не определено,-,-,,,,,Сети,Прочее,Не определено,Смартфоны,Android,Wi-Fi,Мужской,45-54 года,Остальные,Не определено,1915800871397818629,Активные,Комбинаторное,"Термопанели в Выборге - завод на Ленина, 11",Клинкерная плитка+утеплитель в одной панели. Оплата в два этапа. Звоните!,https://marmara-pro.ru?utm_content=zavod&utm_term={PHRASE},http://direct.yandex.ru/images/direct/5245050/6C6d0cQ-RdpqlPYUtMZQkw,пример 2.jpg,1163321614,https://avatars.mds.yandex.net/get-media-adv-screenshooter/20873747/75477b03-780e-4e10-adff-81a72fc688af/orig,Карусель,Оригинальный,0.00,0,0,-,-,1,-,0.00,1.00,0.00,100.00,-,-,-,-
Термопанели в Выборге,712773255,20.08.2026,Группа 2 - Гео (ключевая),5773898865,Автотаргетинг,,-,0,-,0,,Не определено,-,-,,,,,Сети,Прочее,Не определено,Смартфоны,Android,Wi-Fi,Мужской,45-54 года,Остальные,Не определено,1915800871397818629,Активные,Комбинаторное,"Термопанели в Выборге - завод на Ленина, 11",Клинкерная плитка+утеплитель в одной панели. Оплата в два этапа. Звоните!,https://marmara-pro.ru?utm_content=zavod&utm_term={PHRASE},http://direct.yandex.ru/images/direct/5442016/qtxMfdimB3EKymbW9TWLzQ,термопанель.png,1163322157,https://avatars.mds.yandex.net/get-media-adv-screenshooter/20941197/1d06a155-09ca-4034-b8a4-ad411694a4d7/orig,Текстово-графический,Оригинальный,0.00,1,0,0.00,-,2,0.00,50.00,2.00,50.00,100.00,-,-,0.00,1.00
Термопанели в Выборге,712773255,20.08.2026,Группа 2 - Гео (ключевая),5773898865,Автотаргетинг,,-,0,-,0,,Не определено,-,-,,,,,Сети,Прочее,Не определено,Смартфоны,Android,Wi-Fi,Мужской,45-54 года,6–10%,Не определено,1915800871397818629,Активные,Комбинаторное,"Термопанели в Выборге - завод на Ленина, 11",Клинкерная плитка+утеплитель в одной панели. Оплата в два этапа. Звоните!,https://marmara-pro.ru?utm_content=zavod&utm_term={PHRASE},http://direct.yandex.ru/images/direct/5245050/6C6d0cQ-RdpqlPYUtMZQkw,пример 2.jpg,1163321614,https://avatars.mds.yandex.net/get-media-adv-screenshooter/20873747/75477b03-780e-4e10-adff-81a72fc688af/orig,Текстово-графический,Оригинальный,0.00,0,0,-,-,1,-,0.00,1.00,0.00,100.00,-,-,-,-
Термопанели в Выборге,712773255,20.08.2026,Группа 2 - Гео (ключевая),5773898865,Автотаргетинг,,-,0,-,0,,Не определено,-,-,,,,,Сети,Прочее,Не определено,Смартфоны,Android,Wi-Fi,Мужской,Старше 55,Остальные,Не определено,1915800871397818629,Активные,Комбинаторное,Купить термопанели в Выборге напрямую,Без посредников - завод. 60+ видов декора. Доставка по Ленобласти.,https://marmara-pro.ru?utm_content=zavod&utm_term={PHRASE},http://direct.yandex.ru/images/direct/5250956/5XPY7aqvM1xRQF8e4uTrqg,карусель 4-3_06.jpg,1163321614,https://avatars.mds.yandex.net/get-media-adv-screenshooter/20873747/75477b03-780e-4e10-adff-81a72fc688af/orig,Текстово-графический,Оригинальный,0.00,0,0,-,-,2,-,0.00,2.00,0.00,100.00,-,-,-,-
Термопанели в Выборге,712773255,20.08.2026,Группа 2 - Гео (ключевая),5773898865,Автотаргетинг,,-,0,-,0,,Не определено,-,-,,,,,Сети,Прочее,Не определено,Смартфоны,Android,Wi-Fi,Мужской,Старше 55,Остальные,Не определено,1915800871397818629,Активные,Комбинаторное,Купить термопанели в Выборге напрямую,Клинкерная плитка+утеплитель в одной панели. Оплата в два этапа. Звоните!,https://marmara-pro.ru?utm_content=zavod&utm_term={PHRASE},http://direct.yandex.ru/images/direct/4298071/skS6Zjow652PazB91P1Ung,плитка 01.jpg,1163322157,https://avatars.mds.yandex.net/get-media-adv-screenshooter/20941197/1d06a155-09ca-4034-b8a4-ad411694a4d7/orig,Текстово-графический,Оригинальный,0.00,0,0,-,-,1,-,0.00,1.00,0.00,100.00,-,-,-,-
Термопанели в Выборге,712773255,20.08.2026,Группа 2 - Гео (ключевая),5773898865,Автотаргетинг,,-,0,-,0,,Не определено,-,-,,,,,Сети,Прочее,Не определено,Смартфоны,Android,Wi-Fi,Мужской,Старше 55,Остальные,Не определено,1915800871397818629,Активные,Комбинаторное,Купить термопанели в Выборге напрямую,Клинкерная плитка+утеплитель в одной панели. Оплата в два этапа. Звоните!,https://marmara-pro.ru?utm_content=zavod&utm_term={PHRASE},http://direct.yandex.ru/images/direct/4298071/skS6Zjow652PazB91P1Ung,плитка 01.jpg,1163322157,https://avatars.mds.yandex.net/get-media-adv-screenshooter/20941197/1d06a155-09ca-4034-b8a4-ad411694a4d7/orig,Видео,Оригинальный,0.00,0,0,-,-,1,-,0.00,1.00,0.00,100.00,-,-,-,-
Термопанели в Выборге,712773255,20.08.2026,Группа 2 - Гео (ключевая),5773898865,Автотаргетинг,,-,0,-,0,,Не определено,-,-,,,,,Сети,Прочее,Не определено,Смартфоны,Android,Wi-Fi,Мужской,Старше 55,Остальные,Не определено,1915800871397818629,Активные,Комбинаторное,"Термопанели в Выборге - завод на Ленина, 11",Клинкерная плитка+утеплитель в одной панели. Оплата в два этапа. Звоните!,https://marmara-pro.ru?utm_content=zavod&utm_term={PHRASE},http://direct.yandex.ru/images/direct/5245050/6C6d0cQ-RdpqlPYUtMZQkw,пример 2.jpg,1163321614,https://avatars.mds.yandex.net/get-media-adv-screenshooter/20873747/75477b03-780e-4e10-adff-81a72fc688af/orig,Видео,Оригинальный,0.00,1,0,0.00,-,1,0.00,100.00,1.00,100.00,100.00,-,-,0.00,3.00
Термопанели в Выборге,712773255,20.08.2026,Группа 2 - Гео (ключевая),5773898865,Автотаргетинг,,-,0,-,0,,Не определено,-,-,,,,,Сети,Прочее,Не определено,Смартфоны,Android,Wi-Fi,Мужской,Старше 55,Остальные,Не определено,1915800871397818629,Активные,Комбинаторное,"Термопанели в Выборге - завод на Ленина, 11",Клинкерная плитка+утеплитель в одной панели. Оплата в два этапа. Звоните!,https://marmara-pro.ru?utm_content=zavod&utm_term={PHRASE},http://direct.yandex.ru/images/direct/5442016/qtxMfdimB3EKymbW9TWLzQ,термопанель.png,1163322157,https://avatars.mds.yandex.net/get-media-adv-screenshooter/20941197/1d06a155-09ca-4034-b8a4-ad411694a4d7/orig,Текстово-графический,Оригинальный,0.00,0,0,-,-,1,-,0.00,1.00,0.00,100.00,-,-,-,-
Термопанели в Выборге,712773255,20.08.2026,Группа 2 - Гео (ключевая),5773898865,Автотаргетинг,,-,0,-,0,,Не определено,-,-,,,,,Сети,Прочее,Не определено,Смартфоны,Android,Wi-Fi,Женский,45-54 года,Остальные,Не определено,1915800871397818629,Активные,Комбинаторное,Купить термопанели в Выборге напрямую,Клинкерная плитка+утеплитель в одной панели. Оплата в два этапа. Звоните!,https://marmara-pro.ru?utm_content=zavod&utm_term={PHRASE},http://direct.yandex.ru/images/direct/4298071/skS6Zjow652PazB91P1Ung,плитка 01.jpg,1163322157,https://avatars.mds.yandex.net/get-media-adv-screenshooter/20941197/1d06a155-09ca-4034-b8a4-ad411694a4d7/orig,Видео,Оригинальный,0.00,0,0,-,-,1,-,0.00,1.00,0.00,100.00,-,-,-,-
Термопанели в Выборге,712773255,20.08.2026,Группа 2 - Гео (ключевая),5773898865,Автотаргетинг,,-,0,-,0,,Не определено,-,-,,,,,Сети,Прочее,Не определено,Смартфоны,Android,Wi-Fi,Женский,Старше 55,Остальные,Не определено,1915800871397818629,Активные,Комбинаторное,"Термопанели в Выборге - завод на Ленина, 11",Клинкерная плитка+утеплитель в одной панели. Оплата в два этапа. Звоните!,https://marmara-pro.ru?utm_content=zavod&utm_term={PHRASE},http://direct.yandex.ru/images/direct/5245050/6C6d0cQ-RdpqlPYUtMZQkw,пример 2.jpg,1163321614,https://avatars.mds.yandex.net/get-media-adv-screenshooter/20873747/75477b03-780e-4e10-adff-81a72fc688af/orig,Текстово-графический,Оригинальный,0.00,0,0,-,-,1,-,0.00,1.00,0.00,100.00,-,-,-,-
Термопанели в Выборге,712773255,20.08.2026,Группа 2 - Гео (ключевая),5773898865,Автотаргетинг,,-,0,-,0,,Не определено,-,-,,,,,Сети,Прочее,Не определено,Смартфоны,Android,Wi-Fi,Женский,Старше 55,6–10%,Не определено,1915800871397818629,Активные,Комбинаторное,Купить термопанели в Выборге напрямую,Без посредников - завод. 60+ видов декора. Доставка по Ленобласти.,https://marmara-pro.ru?utm_content=zavod&utm_term={PHRASE},http://direct.yandex.ru/images/direct/5250956/5XPY7aqvM1xRQF8e4uTrqg,карусель 4-3_06.jpg,1163321614,https://avatars.mds.yandex.net/get-media-adv-screenshooter/20873747/75477b03-780e-4e10-adff-81a72fc688af/orig,Видео,Автоматический,0.00,0,0,-,-,1,-,0.00,1.00,0.00,100.00,-,-,-,-
Термопанели в Выборге,712773255,20.08.2026,Группа 2 - Гео (ключевая),5773898865,Автотаргетинг,,-,0,-,0,,Не определено,-,-,,,,,Сети,Прочее,Не определено,Смартфоны,Android,Мобильная связь,Женский,Старше 55,Остальные,Не определено,1915800871397818629,Активные,Комбинаторное,"Термопанели в Выборге - завод на Ленина, 11",Клинкерная плитка+утеплитель в одной панели. Оплата в два этапа. Звоните!,https://marmara-pro.ru?utm_content=zavod&utm_term={PHRASE},http://direct.yandex.ru/images/direct/5245050/6C6d0cQ-RdpqlPYUtMZQkw,пример 2.jpg,1163321614,https://avatars.mds.yandex.net/get-media-adv-screenshooter/20873747/75477b03-780e-4e10-adff-81a72fc688af/orig,Текстово-графический,Оригинальный,0.00,0,0,-,-,1,-,0.00,1.00,0.00,100.00,-,-,-,-
Термопанели в Выборге,712773255,20.08.2026,Группа 2 - Гео (ключевая),5773898865,Автотаргетинг,,-,0,-,0,минерит 600 1200 под кирпич,Альтернативные запросы,Запросы без упоминания брендов,-,,,,,Поиск,Спецразмещение,Не определено,Десктопы,Не определён,Wi-Fi,Мужской,35-44 года,Остальные,Не определено,1915800871397818629,Активные,Комбинаторное,Клинкерные термопанели - производство Выборг,Свое производство в Выборге. Приезжайте на образцы. Бесплатная доставка по району.,https://marmara-pro.ru?utm_content=zavod&utm_term={PHRASE},-,-,-,-,Текстово-графический,Автоматический,0.00,0,0,-,-,1,-,0.00,0.53,0.00,52.53,4.00,-,-,-
Термопанели в Выборге,712773255,20.08.2026,Группа 2 - Гео (ключевая),5773898865,Автотаргетинг,,-,0,-,0,термопанели в лепсари,Целевые запросы,Запросы с упоминанием брендов конкурентов,-,,,,,Поиск,Прочее,Не определено,Десктопы,Не определён,Wi-Fi,Мужской,45-54 года,2–5%,Не определено,1915800871397818629,Активные,Комбинаторное,Производитель термопанелей в Ленобласти,Свое производство в Выборге. Приезжайте на образцы. Бесплатная доставка по району.,https://marmara-pro.ru?utm_content=zavod&utm_term={PHRASE},-,-,-,-,Текстово-графический,Оригинальный,0.00,0,0,-,-,1,-,0.00,0.65,0.00,64.58,6.00,-,-,-
Термопанели в Выборге,712773255,20.08.2026,Группа 2 - Гео (ключевая),5773898865,Автотаргетинг,,-,0,-,0,утеплитель для фасада дома снаружи какой лучше,Целевые запросы,Запросы без упоминания брендов,-,,,,,Поиск,Прочее,Не определено,Смартфоны,Android,Wi-Fi,Мужской,35-44 года,Остальные,Не определено,1915800871397818629,Активные,Комбинаторное,Гарантия до 5 лет на термопанели,Клинкерная плитка+утеплитель в одной панели. Оплата в два этапа. Звоните!,https://marmara-pro.ru?utm_content=zavod&utm_term={PHRASE},-,-,-,-,Текстово-графический,Оригинальный,0.00,0,0,-,-,1,-,0.00,0.55,0.00,54.58,7.00,-,-,-
Термопанели в Выборге,712773255,20.08.2026,Группа 2 - Гео (ключевая),5773898865,Автотаргетинг,,-,0,-,0,фабрика термопанелей,Альтернативные запросы,Запросы с упоминанием брендов конкурентов,-,,,,,Поиск,Спецразмещение,Не определено,Десктопы,Не определён,Wi-Fi,Мужской,Старше 55,6–10%,Не определено,1915800871397818629,Активные,Комбинаторное,Производитель термопанелей в Ленобласти,Свое производство в Выборге. Приезжайте на образцы. Бесплатная доставка по району.,https://marmara-pro.ru?utm_content=zavod&utm_term={PHRASE},-,-,-,-,Текстово-графический,Автоматический,0.00,1,0,0.00,-,1,0.00,100.00,0.41,245.30,40.77,4.00,4.00,0.00,1.00
Термопанели в Выборге,712773255,20.08.2026,Группа 2 - Гео (ключевая),5773898865,Автотаргетинг,,-,0,-,0,фасадные панели для наружной отделки дома,Целевые запросы,Запросы без упоминания брендов,-,,,,,Поиск,Прочее,Не определено,Десктопы,Не определён,Wi-Fi,Мужской,45-54 года,Остальные,Не определено,1915800871397818629,Активные,Комбинаторное,Производитель термопанелей в Ленобласти,Свое производство в Выборге. Приезжайте на образцы. Бесплатная доставка по району.,https://marmara-pro.ru?utm_content=zavod&utm_term={PHRASE},-,-,-,-,Текстово-графический,Автоматический,0.00,0,0,-,-,1,-,0.00,0.45,0.00,44.58,8.00,-,-,-
Термопанели в Выборге,712773255,20.08.2026,Группа 3 - клинкер (продуктовая),5773902142,Фраза,клинкерные панели для фасада -утеплитель -купить -цена -плитка -дом -монтаж,-,0,-,0,клинкерные панели для фасада,Не определено,-,Пословное,,,,,Поиск,Товарная галерея,Не определено,Смартфоны,Android,Wi-Fi,Женский,Старше 55,Остальные,Не определено,1915802914729060647,Активные,Комбинаторное,Купить термопанели в Выборге напрямую,Клинкерная плитка+утеплитель в одной панели. Оплата в два этапа. Звоните!,https://marmara-pro.ru?utm_content=product&utm_term={PHRASE},http://direct.yandex.ru/images/direct/4298071/skS6Zjow652PazB91P1Ung,плитка 01.jpg,-,-,Текстово-графический,Оригинальный,0.00,0,0,-,-,1,-,0.00,0.25,0.00,25.35,7.00,-,-,-
Термопанели в Выборге,712773255,20.08.2026,Группа 3 - клинкер (продуктовая),5773902142,Автотаргетинг,,-,0,-,0,,Не определено,-,-,,,,,Сети,Прочее,Не определено,Десктопы,Не определён,Wi-Fi,Мужской,35-44 года,6–10%,Не определено,1915802914729060647,Активные,Комбинаторное,Термопанели с клинкером - собственный завод в Выборге,Без посредников - завод. 60+ видов декора. Доставка по Ленобласти.,https://marmara-pro.ru?utm_content=product&utm_term={PHRASE},http://direct.yandex.ru/images/direct/6195656/qVbV_RGwHrqBiQiD1NgoCw,бейджик (1).jpg,1163321614,https://avatars.mds.yandex.net/get-media-adv-screenshooter/20873747/75477b03-780e-4e10-adff-81a72fc688af/orig,Текстово-графический,Оригинальный,0.00,0,0,-,-,1,-,0.00,1.00,0.00,100.00,-,-,-,-
Термопанели в Выборге,712773255,20.08.2026,Группа 3 - клинкер (продуктовая),5773902142,Автотаргетинг,,-,0,-,0,,Не определено,-,-,,,,,Сети,Прочее,Не определено,Десктопы,Не определён,Wi-Fi,Мужской,45-54 года,Остальные,Не определено,1915802914729060647,Активные,Комбинаторное,"Термопанели в Выборге - завод на Ленина, 11",Свое производство в Выборге. Приезжайте на образцы. Бесплатная доставка по району.,https://marmara-pro.ru?utm_content=product&utm_term={PHRASE},http://direct.yandex.ru/images/direct/5245050/6C6d0cQ-RdpqlPYUtMZQkw,пример 2.jpg,1163321614,https://avatars.mds.yandex.net/get-media-adv-screenshooter/20873747/75477b03-780e-4e10-adff-81a72fc688af/orig,Текстово-графический,Оригинальный,0.00,0,0,-,-,1,-,0.00,1.00,0.00,100.00,-,-,-,-
Термопанели в Выборге,712773255,20.08.2026,Группа 3 - клинкер (продуктовая),5773902142,Автотаргетинг,,-,0,-,0,,Не определено,-,-,,,,,Сети,Прочее,Не определено,Десктопы,Не определён,Wi-Fi,Мужской,45-54 года,2–5%,Не определено,1915802914729060647,Активные,Комбинаторное,Термопанели с клинкером - собственный завод в Выборге,Без посредников - завод. 60+ видов декора. Доставка по Ленобласти.,https://marmara-pro.ru?utm_content=product&utm_term={PHRASE},http://direct.yandex.ru/images/direct/5442016/qtxMfdimB3EKymbW9TWLzQ,термопанель.png,1163321614,https://avatars.mds.yandex.net/get-media-adv-screenshooter/20873747/75477b03-780e-4e10-adff-81a72fc688af/orig,Карусель,Автоматический,0.00,0,0,-,-,2,-,0.00,2.00,0.00,100.00,-,-,-,-
Термопанели в Выборге,712773255,20.08.2026,Группа 3 - клинкер (продуктовая),5773902142,Автотаргетинг,,-,0,-,0,,Не определено,-,-,,,,,Сети,Прочее,Не определено,Десктопы,Не определён,Wi-Fi,Мужской,Старше 55,6–10%,Не определено,1915802914729060647,Активные,Комбинаторное,"Термопанели в Выборге - завод на Ленина, 11",Свое производство в Выборге. Приезжайте на образцы. Бесплатная доставка по району.,https://marmara-pro.ru?utm_content=product&utm_term={PHRASE},http://direct.yandex.ru/images/direct/5245050/6C6d0cQ-RdpqlPYUtMZQkw,пример 2.jpg,1163321614,https://avatars.mds.yandex.net/get-media-adv-screenshooter/20873747/75477b03-780e-4e10-adff-81a72fc688af/orig,Текстово-графический,Оригинальный,0.00,0,0,-,-,1,-,0.00,1.00,0.00,100.00,-,-,-,-
Термопанели в Выборге,712773255,20.08.2026,Группа 3 - клинкер (продуктовая),5773902142,Автотаргетинг,,-,0,-,0,,Не определено,-,-,,,,,Сети,Прочее,Не определено,Десктопы,Не определён,Wi-Fi,Женский,25-34 года,Остальные,Не определено,1915802914729060647,Активные,Комбинаторное,Термопанели с клинкером - собственный завод в Выборге,Без посредников - завод. 60+ видов декора. Доставка по Ленобласти.,https://marmara-pro.ru?utm_content=product&utm_term={PHRASE},http://direct.yandex.ru/images/direct/5442016/qtxMfdimB3EKymbW9TWLzQ,термопанель.png,1163321614,https://avatars.mds.yandex.net/get-media-adv-screenshooter/20873747/75477b03-780e-4e10-adff-81a72fc688af/orig,Текстово-графический,Оригинальный,0.00,0,0,-,-,7,-,0.00,7.00,0.00,100.00,-,-,-,-
Термопанели в Выборге,712773255,20.08.2026,Группа 3 - клинкер (продуктовая),5773902142,Автотаргетинг,,-,0,-,0,,Не определено,-,-,,,,,Сети,Прочее,Не определено,Десктопы,Не определён,Wi-Fi,Женский,25-34 года,Остальные,Не определено,1915802914729060647,Активные,Комбинаторное,Термопанели с клинкером - собственный завод в Выборге,Без посредников - завод. 60+ видов декора. Доставка по Ленобласти.,https://marmara-pro.ru?utm_content=product&utm_term={PHRASE},http://direct.yandex.ru/images/direct/5442016/qtxMfdimB3EKymbW9TWLzQ,термопанель.png,1163321614,https://avatars.mds.yandex.net/get-media-adv-screenshooter/20873747/75477b03-780e-4e10-adff-81a72fc688af/orig,Видео,Оригинальный,0.00,0,0,-,-,7,-,0.00,7.00,0.00,100.00,-,-,-,-
Термопанели в Выборге,712773255,20.08.2026,Группа 3 - клинкер (продуктовая),5773902142,Автотаргетинг,,-,0,-,0,,Не определено,-,-,,,,,Сети,Прочее,Не определено,Десктопы,Не определён,Wi-Fi,Женский,45-54 года,Остальные,Не определено,1915802914729060647,Активные,Комбинаторное,Термопанели с клинкером - собственный завод в Выборге,Без посредников - завод. 60+ видов декора. Доставка по Ленобласти.,https://marmara-pro.ru?utm_content=product&utm_term={PHRASE},http://direct.yandex.ru/images/direct/5442016/qtxMfdimB3EKymbW9TWLzQ,термопанель.png,1163321614,https://avatars.mds.yandex.net/get-media-adv-screenshooter/20873747/75477b03-780e-4e10-adff-81a72fc688af/orig,Текстово-графический,Оригинальный,0.00,0,0,-,-,1,-,0.00,1.00,0.00,100.00,-,-,-,-
Термопанели в Выборге,712773255,20.08.2026,Группа 3 - клинкер (продуктовая),5773902142,Автотаргетинг,,-,0,-,0,,Не определено,-,-,,,,,Сети,Прочее,Не определено,Десктопы,Не определён,Wi-Fi,Женский,45-54 года,Остальные,Не определено,1915802914729060647,Активные,Комбинаторное,Термопанели с клинкером - собственный завод в Выборге,Без посредников - завод. 60+ видов декора. Доставка по Ленобласти.,https://marmara-pro.ru?utm_content=product&utm_term={PHRASE},http://direct.yandex.ru/images/direct/5442016/qtxMfdimB3EKymbW9TWLzQ,термопанель.png,1163321614,https://avatars.mds.yandex.net/get-media-adv-screenshooter/20873747/75477b03-780e-4e10-adff-81a72fc688af/orig,Видео,Оригинальный,0.00,0,0,-,-,2,-,0.00,2.00,0.00,100.00,-,-,-,-
Термопанели в Выборге,712773255,20.08.2026,Группа 3 - клинкер (продуктовая),5773902142,Автотаргетинг,,-,0,-,0,,Не определено,-,-,,,,,Сети,Прочее,Не определено,Смартфоны,Android,Wi-Fi,Мужской,18-24 года,6–10%,Не определено,1915802914729060647,Активные,Комбинаторное,Термопанели с клинкером - собственный завод в Выборге,Без посредников - завод. 60+ видов декора. Доставка по Ленобласти.,https://marmara-pro.ru?utm_content=product&utm_term={PHRASE},http://direct.yandex.ru/images/direct/5442016/qtxMfdimB3EKymbW9TWLzQ,термопанель.png,1163321614,https://avatars.mds.yandex.net/get-media-adv-screenshooter/20873747/75477b03-780e-4e10-adff-81a72fc688af/orig,Текстово-графический,Оригинальный,0.00,0,0,-,-,1,-,0.00,1.00,0.00,100.00,-,-,-,-
Термопанели в Выборге,712773255,20.08.2026,Группа 3 - клинкер (продуктовая),5773902142,Автотаргетинг,,-,0,-,0,,Не определено,-,-,,,,,Сети,Прочее,Не определено,Смартфоны,Android,Wi-Fi,Мужской,25-34 года,Остальные,Не определено,1915802914729060647,Активные,Комбинаторное,"Термопанели в Выборге - завод на Ленина, 11",Без посредников - завод. 60+ видов декора. Доставка по Ленобласти.,https://marmara-pro.ru?utm_content=product&utm_term={PHRASE},http://direct.yandex.ru/images/direct/5250956/5XPY7aqvM1xRQF8e4uTrqg,карусель 4-3_06.jpg,1163322157,https://avatars.mds.yandex.net/get-media-adv-screenshooter/20941197/1d06a155-09ca-4034-b8a4-ad411694a4d7/orig,Видео,Оригинальный,0.00,0,0,-,-,1,-,0.00,1.00,0.00,100.00,-,-,-,-
Термопанели в Выборге,712773255,20.08.2026,Группа 3 - клинкер (продуктовая),5773902142,Автотаргетинг,,-,0,-,0,,Не определено,-,-,,,,,Сети,Прочее,Не определено,Смартфоны,Android,Wi-Fi,Мужской,25-34 года,Остальные,Не определено,1915802914729060647,Активные,Комбинаторное,Термопанели с клинкером - собственный завод в Выборге,Без посредников - завод. 60+ видов декора. Доставка по Ленобласти.,https://marmara-pro.ru?utm_content=product&utm_term={PHRASE},http://direct.yandex.ru/images/direct/5442016/qtxMfdimB3EKymbW9TWLzQ,термопанель.png,1163321614,https://avatars.mds.yandex.net/get-media-adv-screenshooter/20873747/75477b03-780e-4e10-adff-81a72fc688af/orig,Видео,Оригинальный,0.00,1,0,0.00,-,1,0.00,100.00,1.00,100.00,100.00,-,-,0.00,2.00
Термопанели в Выборге,712773255,20.08.2026,Группа 3 - клинкер (продуктовая),5773902142,Автотаргетинг,,-,0,-,0,,Не определено,-,-,,,,,Сети,Прочее,Не определено,Смартфоны,Android,Wi-Fi,Мужской,45-54 года,Остальные,Не определено,1915802914729060647,Активные,Комбинаторное,"Термопанели в Выборге - завод на Ленина, 11",Без посредников - завод. 60+ видов декора. Доставка по Ленобласти.,https://marmara-pro.ru?utm_content=product&utm_term={PHRASE},http://direct.yandex.ru/images/direct/5250956/5XPY7aqvM1xRQF8e4uTrqg,карусель 4-3_06.jpg,1163322157,https://avatars.mds.yandex.net/get-media-adv-screenshooter/20941197/1d06a155-09ca-4034-b8a4-ad411694a4d7/orig,Текстово-графический,Оригинальный,0.00,0,0,-,-,2,-,0.00,2.00,0.00,100.00,-,-,-,-
Термопанели в Выборге,712773255,20.08.2026,Группа 3 - клинкер (продуктовая),5773902142,Автотаргетинг,,-,0,-,0,,Не определено,-,-,,,,,Сети,Прочее,Не определено,Смартфоны,Android,Wi-Fi,Мужской,45-54 года,Остальные,Не определено,1915802914729060647,Активные,Комбинаторное,"Термопанели в Выборге - завод на Ленина, 11",Без посредников - завод. 60+ видов декора. Доставка по Ленобласти.,https://marmara-pro.ru?utm_content=product&utm_term={PHRASE},http://direct.yandex.ru/images/direct/5250956/5XPY7aqvM1xRQF8e4uTrqg,карусель 4-3_06.jpg,1163322157,https://avatars.mds.yandex.net/get-media-adv-screenshooter/20941197/1d06a155-09ca-4034-b8a4-ad411694a4d7/orig,Карусель,Оригинальный,0.00,0,0,-,-,1,-,0.00,1.00,0.00,100.00,-,-,-,-
Термопанели в Выборге,712773255,20.08.2026,Группа 3 - клинкер (продуктовая),5773902142,Автотаргетинг,,-,0,-,0,,Не определено,-,-,,,,,Сети,Прочее,Не определено,Смартфоны,Android,Wi-Fi,Мужской,45-54 года,Остальные,Не определено,1915802914729060647,Активные,Комбинаторное,Термопанели с клинкером - собственный завод в Выборге,Без посредников - завод. 60+ видов декора. Доставка по Ленобласти.,https://marmara-pro.ru?utm_content=product&utm_term={PHRASE},http://direct.yandex.ru/images/direct/5442016/qtxMfdimB3EKymbW9TWLzQ,термопанель.png,1163321614,https://avatars.mds.yandex.net/get-media-adv-screenshooter/20873747/75477b03-780e-4e10-adff-81a72fc688af/orig,Текстово-графический,Автоматический,0.00,0,0,-,-,1,-,0.00,1.00,0.00,100.00,-,-,-,-
Термопанели в Выборге,712773255,20.08.2026,Группа 3 - клинкер (продуктовая),5773902142,Автотаргетинг,,-,0,-,0,,Не определено,-,-,,,,,Сети,Прочее,Не определено,Смартфоны,Android,Wi-Fi,Мужской,45-54 года,Остальные,Не определено,1915802914729060647,Активные,Комбинаторное,Термопанели с клинкером - собственный завод в Выборге,Без посредников - завод. 60+ видов декора. Доставка по Ленобласти.,https://marmara-pro.ru?utm_content=product&utm_term={PHRASE},http://direct.yandex.ru/images/direct/5442016/qtxMfdimB3EKymbW9TWLzQ,термопанель.png,1163321614,https://avatars.mds.yandex.net/get-media-adv-screenshooter/20873747/75477b03-780e-4e10-adff-81a72fc688af/orig,Текстово-графический,Оригинальный,0.00,0,0,-,-,5,-,0.00,5.00,0.00,100.00,-,-,-,-
Термопанели в Выборге,712773255,20.08.2026,Группа 3 - клинкер (продуктовая),5773902142,Автотаргетинг,,-,0,-,0,,Не определено,-,-,,,,,Сети,Прочее,Не определено,Смартфоны,Android,Wi-Fi,Мужской,45-54 года,Остальные,Не определено,1915802914729060647,Активные,Комбинаторное,Термопанели с клинкером - собственный завод в Выборге,Без посредников - завод. 60+ видов декора. Доставка по Ленобласти.,https://marmara-pro.ru?utm_content=product&utm_term={PHRASE},http://direct.yandex.ru/images/direct/5442016/qtxMfdimB3EKymbW9TWLzQ,термопанель.png,1163321614,https://avatars.mds.yandex.net/get-media-adv-screenshooter/20873747/75477b03-780e-4e10-adff-81a72fc688af/orig,Видео,Оригинальный,0.00,0,0,-,-,2,-,0.00,2.00,0.00,100.00,-,-,-,-
Термопанели в Выборге,712773255,20.08.2026,Группа 3 - клинкер (продуктовая),5773902142,Автотаргетинг,,-,0,-,0,,Не определено,-,-,,,,,Сети,Прочее,Не определено,Смартфоны,Android,Wi-Fi,Мужской,45-54 года,Остальные,Не определено,1915802914729060647,Активные,Комбинаторное,Термопанели с клинкером - собственный завод в Выборге,Без посредников - завод. 60+ видов декора. Доставка по Ленобласти.,https://marmara-pro.ru?utm_content=product&utm_term={PHRASE},http://direct.yandex.ru/images/direct/5442016/qtxMfdimB3EKymbW9TWLzQ,термопанель.png,1163321614,https://avatars.mds.yandex.net/get-media-adv-screenshooter/20873747/75477b03-780e-4e10-adff-81a72fc688af/orig,Карусель,Оригинальный,0.00,0,0,-,-,1,-,0.00,1.00,0.00,100.00,-,-,-,-
Термопанели в Выборге,712773255,20.08.2026,Группа 3 - клинкер (продуктовая),5773902142,Автотаргетинг,,-,0,-,0,,Не определено,-,-,,,,,Сети,Прочее,Не определено,Смартфоны,Android,Wi-Fi,Мужской,45-54 года,2–5%,Не определено,1915802914729060647,Активные,Комбинаторное,"Термопанели в Выборге - завод на Ленина, 11",Без посредников - завод. 60+ видов декора. Доставка по Ленобласти.,https://marmara-pro.ru?utm_content=product&utm_term={PHRASE},http://direct.yandex.ru/images/direct/5250956/5XPY7aqvM1xRQF8e4uTrqg,карусель 4-3_06.jpg,1163322157,https://avatars.mds.yandex.net/get-media-adv-screenshooter/20941197/1d06a155-09ca-4034-b8a4-ad411694a4d7/orig,Видео,Автоматический,0.00,0,0,-,-,1,-,0.00,1.00,0.00,100.00,-,-,-,-
Термопанели в Выборге,712773255,20.08.2026,Группа 3 - клинкер (продуктовая),5773902142,Автотаргетинг,,-,0,-,0,,Не определено,-,-,,,,,Сети,Прочее,Не определено,Смартфоны,Android,Wi-Fi,Мужской,45-54 года,2–5%,Не определено,1915802914729060647,Активные,Комбинаторное,Термопанели с клинкером - собственный завод в Выборге,Без посредников - завод. 60+ видов декора. Доставка по Ленобласти.,https://marmara-pro.ru?utm_content=product&utm_term={PHRASE},http://direct.yandex.ru/images/direct/5442016/qtxMfdimB3EKymbW9TWLzQ,термопанель.png,1163321614,https://avatars.mds.yandex.net/get-media-adv-screenshooter/20873747/75477b03-780e-4e10-adff-81a72fc688af/orig,Текстово-графический,Оригинальный,0.00,0,0,-,-,1,-,0.00,1.00,0.00,100.00,-,-,-,-
Термопанели в Выборге,712773255,20.08.2026,Группа 3 - клинкер (продуктовая),5773902142,Автотаргетинг,,-,0,-,0,,Не определено,-,-,,,,,Сети,Прочее,Не определено,Смартфоны,Android,Wi-Fi,Мужской,Старше 55,Остальные,Не определено,1915802914729060647,Активные,Комбинаторное,"Термопанели в Выборге - завод на Ленина, 11",Без посредников - завод. 60+ видов декора. Доставка по Ленобласти.,https://marmara-pro.ru?utm_content=product&utm_term={PHRASE},http://direct.yandex.ru/images/direct/5245050/6C6d0cQ-RdpqlPYUtMZQkw,пример 2.jpg,1163321614,https://avatars.mds.yandex.net/get-media-adv-screenshooter/20873747/75477b03-780e-4e10-adff-81a72fc688af/orig,Текстово-графический,Оригинальный,0.00,0,0,-,-,4,-,0.00,4.00,0.00,100.00,-,-,-,-
Термопанели в Выборге,712773255,20.08.2026,Группа 3 - клинкер (продуктовая),5773902142,Автотаргетинг,,-,0,-,0,,Не определено,-,-,,,,,Сети,Прочее,Не определено,Смартфоны,Android,Wi-Fi,Мужской,Старше 55,Остальные,Не определено,1915802914729060647,Активные,Комбинаторное,"Термопанели в Выборге - завод на Ленина, 11",Без посредников - завод. 60+ видов декора. Доставка по Ленобласти.,https://marmara-pro.ru?utm_content=product&utm_term={PHRASE},http://direct.yandex.ru/images/direct/5250956/5XPY7aqvM1xRQF8e4uTrqg,карусель 4-3_06.jpg,1163322157,https://avatars.mds.yandex.net/get-media-adv-screenshooter/20941197/1d06a155-09ca-4034-b8a4-ad411694a4d7/orig,Текстово-графический,Оригинальный,0.00,1,0,0.00,-,7,0.00,14.29,7.00,14.29,100.00,-,-,0.00,1.00
Термопанели в Выборге,712773255,20.08.2026,Группа 3 - клинкер (продуктовая),5773902142,Автотаргетинг,,-,0,-,0,,Не определено,-,-,,,,,Сети,Прочее,Не определено,Смартфоны,Android,Wi-Fi,Мужской,Старше 55,Остальные,Не определено,1915802914729060647,Активные,Комбинаторное,"Термопанели в Выборге - завод на Ленина, 11",Без посредников - завод. 60+ видов декора. Доставка по Ленобласти.,https://marmara-pro.ru?utm_content=product&utm_term={PHRASE},http://direct.yandex.ru/images/direct/5250956/5XPY7aqvM1xRQF8e4uTrqg,карусель 4-3_06.jpg,1163322157,https://avatars.mds.yandex.net/get-media-adv-screenshooter/20941197/1d06a155-09ca-4034-b8a4-ad411694a4d7/orig,Видео,Оригинальный,0.00,0,0,-,-,1,-,0.00,1.00,0.00,100.00,-,-,-,-
Термопанели в Выборге,712773255,20.08.2026,Группа 3 - клинкер (продуктовая),5773902142,Автотаргетинг,,-,0,-,0,,Не определено,-,-,,,,,Сети,Прочее,Не определено,Смартфоны,Android,Wi-Fi,Мужской,Старше 55,Остальные,Не определено,1915802914729060647,Активные,Комбинаторное,"Термопанели в Выборге - завод на Ленина, 11",Свое производство в Выборге. Приезжайте на образцы. Бесплатная доставка по району.,https://marmara-pro.ru?utm_content=product&utm_term={PHRASE},http://direct.yandex.ru/images/direct/6195656/qVbV_RGwHrqBiQiD1NgoCw,бейджик (1).jpg,1163321614,https://avatars.mds.yandex.net/get-media-adv-screenshooter/20873747/75477b03-780e-4e10-adff-81a72fc688af/orig,Текстово-графический,Оригинальный,0.00,0,0,-,-,1,-,0.00,1.00,0.00,100.00,-,-,-,-
Термопанели в Выборге,712773255,20.08.2026,Группа 3 - клинкер (продуктовая),5773902142,Автотаргетинг,,-,0,-,0,,Не определено,-,-,,,,,Сети,Прочее,Не определено,Смартфоны,Android,Wi-Fi,Мужской,Старше 55,Остальные,Не определено,1915802914729060647,Активные,Комбинаторное,Термопанели с клинкером - собственный завод в Выборге,Без посредников - завод. 60+ видов декора. Доставка по Ленобласти.,https://marmara-pro.ru?utm_content=product&utm_term={PHRASE},http://direct.yandex.ru/images/direct/5442016/qtxMfdimB3EKymbW9TWLzQ,термопанель.png,1163321614,https://avatars.mds.yandex.net/get-media-adv-screenshooter/20873747/75477b03-780e-4e10-adff-81a72fc688af/orig,Текстово-графический,Автоматический,0.00,0,0,-,-,1,-,0.00,1.00,0.00,100.00,-,-,-,-
Термопанели в Выборге,712773255,20.08.2026,Группа 3 - клинкер (продуктовая),5773902142,Автотаргетинг,,-,0,-,0,,Не определено,-,-,,,,,Сети,Прочее,Не определено,Смартфоны,Android,Wi-Fi,Мужской,Старше 55,Остальные,Не определено,1915802914729060647,Активные,Комбинаторное,Термопанели с клинкером - собственный завод в Выборге,Без посредников - завод. 60+ видов декора. Доставка по Ленобласти.,https://marmara-pro.ru?utm_content=product&utm_term={PHRASE},http://direct.yandex.ru/images/direct/5442016/qtxMfdimB3EKymbW9TWLzQ,термопанель.png,1163321614,https://avatars.mds.yandex.net/get-media-adv-screenshooter/20873747/75477b03-780e-4e10-adff-81a72fc688af/orig,Текстово-графический,Оригинальный,0.00,1,0,0.00,-,8,0.00,12.50,8.00,12.50,100.00,-,-,0.00,2.00
Термопанели в Выборге,712773255,20.08.2026,Группа 3 - клинкер (продуктовая),5773902142,Автотаргетинг,,-,0,-,0,,Не определено,-,-,,,,,Сети,Прочее,Не определено,Смартфоны,Android,Wi-Fi,Мужской,Старше 55,Остальные,Не определено,1915802914729060647,Активные,Комбинаторное,Термопанели с клинкером - собственный завод в Выборге,Без посредников - завод. 60+ видов декора. Доставка по Ленобласти.,https://marmara-pro.ru?utm_content=product&utm_term={PHRASE},http://direct.yandex.ru/images/direct/5442016/qtxMfdimB3EKymbW9TWLzQ,термопанель.png,1163321614,https://avatars.mds.yandex.net/get-media-adv-screenshooter/20873747/75477b03-780e-4e10-adff-81a72fc688af/orig,Карусель,Оригинальный,0.00,0,0,-,-,1,-,0.00,1.00,0.00,100.00,-,-,-,-
Термопанели в Выборге,712773255,20.08.2026,Группа 3 - клинкер (продуктовая),5773902142,Автотаргетинг,,-,0,-,0,,Не определено,-,-,,,,,Сети,Прочее,Не определено,Смартфоны,Android,Wi-Fi,Мужской,Старше 55,Остальные,Не определено,1915802914729060647,Активные,Комбинаторное,Термопанели с клинкером - собственный завод в Выборге,Клинкерная плитка+утеплитель в одной панели. Оплата в два этапа. Звоните!,https://marmara-pro.ru?utm_content=product&utm_term={PHRASE},http://direct.yandex.ru/images/direct/6195656/qVbV_RGwHrqBiQiD1NgoCw,бейджик (1).jpg,1163321614,https://avatars.mds.yandex.net/get-media-adv-screenshooter/20873747/75477b03-780e-4e10-adff-81a72fc688af/orig,Текстово-графический,Оригинальный,0.00,0,0,-,-,3,-,0.00,3.00,0.00,100.00,-,-,-,-
Термопанели в Выборге,712773255,20.08.2026,Группа 3 - клинкер (продуктовая),5773902142,Автотаргетинг,,-,0,-,0,,Не определено,-,-,,,,,Сети,Прочее,Не определено,Смартфоны,Android,Wi-Fi,Мужской,Старше 55,6–10%,Не определено,1915802914729060647,Активные,Комбинаторное,"Термопанели в Выборге - завод на Ленина, 11",Без посредников - завод. 60+ видов декора. Доставка по Ленобласти.,https://marmara-pro.ru?utm_content=product&utm_term={PHRASE},http://direct.yandex.ru/images/direct/5250956/5XPY7aqvM1xRQF8e4uTrqg,карусель 4-3_06.jpg,1163322157,https://avatars.mds.yandex.net/get-media-adv-screenshooter/20941197/1d06a155-09ca-4034-b8a4-ad411694a4d7/orig,Текстово-графический,Автоматический,0.00,0,0,-,-,1,-,0.00,1.00,0.00,100.00,-,-,-,-
Термопанели в Выборге,712773255,20.08.2026,Группа 3 - клинкер (продуктовая),5773902142,Автотаргетинг,,-,0,-,0,,Не определено,-,-,,,,,Сети,Прочее,Не определено,Смартфоны,Android,Wi-Fi,Мужской,Старше 55,6–10%,Не определено,1915802914729060647,Активные,Комбинаторное,Термопанели с клинкером - собственный завод в Выборге,Без посредников - завод. 60+ видов декора. Доставка по Ленобласти.,https://marmara-pro.ru?utm_content=product&utm_term={PHRASE},http://direct.yandex.ru/images/direct/5442016/qtxMfdimB3EKymbW9TWLzQ,термопанель.png,1163321614,https://avatars.mds.yandex.net/get-media-adv-screenshooter/20873747/75477b03-780e-4e10-adff-81a72fc688af/orig,Текстово-графический,Оригинальный,0.00,0,0,-,-,2,-,0.00,2.00,0.00,100.00,-,-,-,-
Термопанели в Выборге,712773255,20.08.2026,Группа 3 - клинкер (продуктовая),5773902142,Автотаргетинг,,-,0,-,0,,Не определено,-,-,,,,,Сети,Прочее,Не определено,Смартфоны,Android,Wi-Fi,Женский,35-44 года,Остальные,Не определено,1915802914729060647,Активные,Комбинаторное,"Термопанели в Выборге - завод на Ленина, 11",Без посредников - завод. 60+ видов декора. Доставка по Ленобласти.,https://marmara-pro.ru?utm_content=product&utm_term={PHRASE},http://direct.yandex.ru/images/direct/5250956/5XPY7aqvM1xRQF8e4uTrqg,карусель 4-3_06.jpg,1163322157,https://avatars.mds.yandex.net/get-media-adv-screenshooter/20941197/1d06a155-09ca-4034-b8a4-ad411694a4d7/orig,Видео,Оригинальный,0.00,0,0,-,-,1,-,0.00,1.00,0.00,100.00,-,-,-,-
Термопанели в Выборге,712773255,20.08.2026,Группа 3 - клинкер (продуктовая),5773902142,Автотаргетинг,,-,0,-,0,,Не определено,-,-,,,,,Сети,Прочее,Не определено,Смартфоны,Android,Wi-Fi,Женский,35-44 года,Остальные,Не определено,1915802914729060647,Активные,Комбинаторное,Термопанели с клинкером - собственный завод в Выборге,Без посредников - завод. 60+ видов декора. Доставка по Ленобласти.,https://marmara-pro.ru?utm_content=product&utm_term={PHRASE},http://direct.yandex.ru/images/direct/5442016/qtxMfdimB3EKymbW9TWLzQ,термопанель.png,1163321614,https://avatars.mds.yandex.net/get-media-adv-screenshooter/20873747/75477b03-780e-4e10-adff-81a72fc688af/orig,Текстово-графический,Оригинальный,0.00,0,0,-,-,1,-,0.00,1.00,0.00,100.00,-,-,-,-
Термопанели в Выборге,712773255,20.08.2026,Группа 3 - клинкер (продуктовая),5773902142,Автотаргетинг,,-,0,-,0,,Не определено,-,-,,,,,Сети,Прочее,Не определено,Смартфоны,Android,Wi-Fi,Женский,45-54 года,Остальные,Не определено,1915802914729060647,Активные,Комбинаторное,Термопанели с клинкером - собственный завод в Выборге,Без посредников - завод. 60+ видов декора. Доставка по Ленобласти.,https://marmara-pro.ru?utm_content=product&utm_term={PHRASE},http://direct.yandex.ru/images/direct/5442016/qtxMfdimB3EKymbW9TWLzQ,термопанель.png,1163321614,https://avatars.mds.yandex.net/get-media-adv-screenshooter/20873747/75477b03-780e-4e10-adff-81a72fc688af/orig,Текстово-графический,Оригинальный,0.00,0,0,-,-,1,-,0.00,1.00,0.00,100.00,-,-,-,-
Термопанели в Выборге,712773255,20.08.2026,Группа 3 - клинкер (продуктовая),5773902142,Автотаргетинг,,-,0,-,0,,Не определено,-,-,,,,,Сети,Прочее,Не определено,Смартфоны,Android,Wi-Fi,Женский,45-54 года,Остальные,Не определено,1915802914729060647,Активные,Комбинаторное,Термопанели с клинкером - собственный завод в Выборге,Без посредников - завод. 60+ видов декора. Доставка по Ленобласти.,https://marmara-pro.ru?utm_content=product&utm_term={PHRASE},http://direct.yandex.ru/images/direct/5442016/qtxMfdimB3EKymbW9TWLzQ,термопанель.png,1163321614,https://avatars.mds.yandex.net/get-media-adv-screenshooter/20873747/75477b03-780e-4e10-adff-81a72fc688af/orig,Видео,Оригинальный,0.00,0,0,-,-,2,-,0.00,2.00,0.00,100.00,-,-,-,-
Термопанели в Выборге,712773255,20.08.2026,Группа 3 - клинкер (продуктовая),5773902142,Автотаргетинг,,-,0,-,0,,Не определено,-,-,,,,,Сети,Прочее,Не определено,Смартфоны,Android,Wi-Fi,Женский,Старше 55,Остальные,Не определено,1915802914729060647,Активные,Комбинаторное,"Термопанели в Выборге - завод на Ленина, 11",Без посредников - завод. 60+ видов декора. Доставка по Ленобласти.,https://marmara-pro.ru?utm_content=product&utm_term={PHRASE},http://direct.yandex.ru/images/direct/5250956/5XPY7aqvM1xRQF8e4uTrqg,карусель 4-3_06.jpg,1163322157,https://avatars.mds.yandex.net/get-media-adv-screenshooter/20941197/1d06a155-09ca-4034-b8a4-ad411694a4d7/orig,Текстово-графический,Автоматический,0.00,0,0,-,-,2,-,0.00,2.00,0.00,100.00,-,-,-,-
Термопанели в Выборге,712773255,20.08.2026,Группа 3 - клинкер (продуктовая),5773902142,Автотаргетинг,,-,0,-,0,,Не определено,-,-,,,,,Сети,Прочее,Не определено,Смартфоны,Android,Wi-Fi,Женский,Старше 55,Остальные,Не определено,1915802914729060647,Активные,Комбинаторное,"Термопанели в Выборге - завод на Ленина, 11",Без посредников - завод. 60+ видов декора. Доставка по Ленобласти.,https://marmara-pro.ru?utm_content=product&utm_term={PHRASE},http://direct.yandex.ru/images/direct/5250956/5XPY7aqvM1xRQF8e4uTrqg,карусель 4-3_06.jpg,1163322157,https://avatars.mds.yandex.net/get-media-adv-screenshooter/20941197/1d06a155-09ca-4034-b8a4-ad411694a4d7/orig,Текстово-графический,Оригинальный,0.00,0,0,-,-,2,-,0.00,2.00,0.00,100.00,-,-,-,-
Термопанели в Выборге,712773255,20.08.2026,Группа 3 - клинкер (продуктовая),5773902142,Автотаргетинг,,-,0,-,0,,Не определено,-,-,,,,,Сети,Прочее,Не определено,Смартфоны,Android,Wi-Fi,Женский,Старше 55,Остальные,Не определено,1915802914729060647,Активные,Комбинаторное,"Термопанели в Выборге - завод на Ленина, 11",Без посредников - завод. 60+ видов декора. Доставка по Ленобласти.,https://marmara-pro.ru?utm_content=product&utm_term={PHRASE},http://direct.yandex.ru/images/direct/5250956/5XPY7aqvM1xRQF8e4uTrqg,карусель 4-3_06.jpg,1163322157,https://avatars.mds.yandex.net/get-media-adv-screenshooter/20941197/1d06a155-09ca-4034-b8a4-ad411694a4d7/orig,Видео,Автоматический,0.00,0,0,-,-,1,-,0.00,1.00,0.00,100.00,-,-,-,-
Термопанели в Выборге,712773255,20.08.2026,Группа 3 - клинкер (продуктовая),5773902142,Автотаргетинг,,-,0,-,0,,Не определено,-,-,,,,,Сети,Прочее,Не определено,Смартфоны,Android,Wi-Fi,Женский,Старше 55,Остальные,Не определено,1915802914729060647,Активные,Комбинаторное,Термопанели с клинкером - собственный завод в Выборге,Без посредников - завод. 60+ видов декора. Доставка по Ленобласти.,https://marmara-pro.ru?utm_content=product&utm_term={PHRASE},http://direct.yandex.ru/images/direct/5442016/qtxMfdimB3EKymbW9TWLzQ,термопанель.png,1163321614,https://avatars.mds.yandex.net/get-media-adv-screenshooter/20873747/75477b03-780e-4e10-adff-81a72fc688af/orig,Текстово-графический,Оригинальный,0.00,0,0,-,-,4,-,0.00,4.00,0.00,100.00,-,-,-,-
Термопанели в Выборге,712773255,20.08.2026,Группа 3 - клинкер (продуктовая),5773902142,Автотаргетинг,,-,0,-,0,,Не определено,-,-,,,,,Сети,Прочее,Не определено,Смартфоны,Android,Wi-Fi,Женский,Старше 55,Остальные,Не определено,1915802914729060647,Активные,Комбинаторное,Термопанели с клинкером - собственный завод в Выборге,Без посредников - завод. 60+ видов декора. Доставка по Ленобласти.,https://marmara-pro.ru?utm_content=product&utm_term={PHRASE},http://direct.yandex.ru/images/direct/5442016/qtxMfdimB3EKymbW9TWLzQ,термопанель.png,1163321614,https://avatars.mds.yandex.net/get-media-adv-screenshooter/20873747/75477b03-780e-4e10-adff-81a72fc688af/orig,Видео,Оригинальный,0.00,0,0,-,-,2,-,0.00,2.00,0.00,100.00,-,-,-,-
Термопанели в Выборге,712773255,20.08.2026,Группа 3 - клинкер (продуктовая),5773902142,Автотаргетинг,,-,0,-,0,,Не определено,-,-,,,,,Сети,Прочее,Не определено,Смартфоны,Android,Мобильная связь,Мужской,Старше 55,Остальные,Не определено,1915802914729060647,Активные,Комбинаторное,"Термопанели в Выборге - завод на Ленина, 11",Без посредников - завод. 60+ видов декора. Доставка по Ленобласти.,https://marmara-pro.ru?utm_content=product&utm_term={PHRASE},http://direct.yandex.ru/images/direct/5250956/5XPY7aqvM1xRQF8e4uTrqg,карусель 4-3_06.jpg,1163322157,https://avatars.mds.yandex.net/get-media-adv-screenshooter/20941197/1d06a155-09ca-4034-b8a4-ad411694a4d7/orig,Текстово-графический,Оригинальный,0.00,0,0,-,-,1,-,0.00,1.00,0.00,100.00,-,-,-,-
Термопанели в Выборге,712773255,20.08.2026,Группа 3 - клинкер (продуктовая),5773902142,Автотаргетинг,,-,0,-,0,,Не определено,-,-,,,,,Сети,Прочее,Не определено,Смартфоны,Android,Мобильная связь,Женский,Старше 55,Остальные,Не определено,1915802914729060647,Активные,Комбинаторное,"Термопанели в Выборге - завод на Ленина, 11",Свое производство в Выборге. Приезжайте на образцы. Бесплатная доставка по району.,https://marmara-pro.ru?utm_content=product&utm_term={PHRASE},http://direct.yandex.ru/images/direct/6195656/qVbV_RGwHrqBiQiD1NgoCw,бейджик (1).jpg,1163321614,https://avatars.mds.yandex.net/get-media-adv-screenshooter/20873747/75477b03-780e-4e10-adff-81a72fc688af/orig,Текстово-графический,Оригинальный,0.00,0,0,-,-,1,-,0.00,1.00,0.00,100.00,-,-,-,-
Термопанели в Выборге,712773255,20.08.2026,Группа 3 - клинкер (продуктовая),5773902142,Автотаргетинг,,-,0,-,0,,Не определено,-,-,,,,,Сети,Прочее,Не определено,Смартфоны,iOS,Wi-Fi,Мужской,Старше 55,Остальные,Не определено,1915802914729060647,Активные,Комбинаторное,Производитель термопанелей в Ленобласти,Свое производство в Выборге. Приезжайте на образцы. Бесплатная доставка по району.,https://marmara-pro.ru?utm_content=product&utm_term={PHRASE},http://direct.yandex.ru/images/direct/4298071/skS6Zjow652PazB91P1Ung,плитка 01.jpg,1163321614,https://avatars.mds.yandex.net/get-media-adv-screenshooter/20873747/75477b03-780e-4e10-adff-81a72fc688af/orig,Текстово-графический,Оригинальный,0.00,0,0,-,-,1,-,0.00,1.00,0.00,100.00,-,-,-,-
Термопанели в Выборге,712773255,20.08.2026,Группа 3 - клинкер (продуктовая),5773902142,Автотаргетинг,,-,0,-,0,,Не определено,-,-,,,,,Сети,Прочее,Не определено,Смартфоны,iOS,Wi-Fi,Женский,35-44 года,Топ 1%,Не определено,1915802914729060647,Активные,Комбинаторное,Термопанели с клинкером - собственный завод в Выборге,Без посредников - завод. 60+ видов декора. Доставка по Ленобласти.,https://marmara-pro.ru?utm_content=product&utm_term={PHRASE},http://direct.yandex.ru/images/direct/4298071/skS6Zjow652PazB91P1Ung,плитка 01.jpg,1163322157,https://avatars.mds.yandex.net/get-media-adv-screenshooter/20941197/1d06a155-09ca-4034-b8a4-ad411694a4d7/orig,Видео,Оригинальный,0.00,1,0,0.00,-,1,0.00,100.00,1.00,100.00,100.00,-,-,0.00,2.00
Термопанели в Выборге,712773255,20.08.2026,Группа 3 - клинкер (продуктовая),5773902142,Автотаргетинг,,-,0,-,0,,Не определено,-,-,,,,,Сети,Прочее,Не определено,Смартфоны,iOS,Wi-Fi,Женский,45-54 года,6–10%,Не определено,1915802914729060647,Активные,Комбинаторное,Термопанели с клинкером - собственный завод в Выборге,Без посредников - завод. 60+ видов декора. Доставка по Ленобласти.,https://marmara-pro.ru?utm_content=product&utm_term={PHRASE},http://direct.yandex.ru/images/direct/5442016/qtxMfdimB3EKymbW9TWLzQ,термопанель.png,1163321614,https://avatars.mds.yandex.net/get-media-adv-screenshooter/20873747/75477b03-780e-4e10-adff-81a72fc688af/orig,Текстово-графический,Оригинальный,0.00,0,0,-,-,1,-,0.00,1.00,0.00,100.00,-,-,-,-
Термопанели в Выборге,712773255,20.08.2026,Группа 3 - клинкер (продуктовая),5773902142,Автотаргетинг,,-,0,-,0,,Не определено,-,-,,,,,Сети,Прочее,Не определено,Смартфоны,iOS,Wi-Fi,Женский,45-54 года,2–5%,Не определено,1915802914729060647,Активные,Комбинаторное,Термопанели с клинкером - собственный завод в Выборге,Без посредников - завод. 60+ видов декора. Доставка по Ленобласти.,https://marmara-pro.ru?utm_content=product&utm_term={PHRASE},http://direct.yandex.ru/images/direct/5442016/qtxMfdimB3EKymbW9TWLzQ,термопанель.png,1163321614,https://avatars.mds.yandex.net/get-media-adv-screenshooter/20873747/75477b03-780e-4e10-adff-81a72fc688af/orig,Текстово-графический,Оригинальный,0.00,0,0,-,-,1,-,0.00,1.00,0.00,100.00,-,-,-,-
Термопанели в Выборге,712773255,20.08.2026,Группа 3 - клинкер (продуктовая),5773902142,Автотаргетинг,,-,0,-,0,,Не определено,-,-,,,,,Сети,Прочее,Не определено,Смартфоны,iOS,Мобильная связь,Женский,25-34 года,6–10%,Не определено,1915802914729060647,Активные,Комбинаторное,Термопанели с клинкером - собственный завод в Выборге,Без посредников - завод. 60+ видов декора. Доставка по Ленобласти.,https://marmara-pro.ru?utm_content=product&utm_term={PHRASE},http://direct.yandex.ru/images/direct/5442016/qtxMfdimB3EKymbW9TWLzQ,термопанель.png,1163321614,https://avatars.mds.yandex.net/get-media-adv-screenshooter/20873747/75477b03-780e-4e10-adff-81a72fc688af/orig,Текстово-графический,Оригинальный,0.00,1,0,0.00,-,2,0.00,50.00,2.00,50.00,100.00,-,-,-,-
Термопанели в Выборге,712773255,20.08.2026,Группа 3 - клинкер (продуктовая),5773902142,Автотаргетинг,,-,0,-,0,,Не определено,-,-,,,,,Сети,Прочее,Не определено,Планшеты,Android,Wi-Fi,Мужской,Старше 55,6–10%,Не определено,1915802914729060647,Активные,Комбинаторное,Термопанели с клинкером - собственный завод в Выборге,Без посредников - завод. 60+ видов декора. Доставка по Ленобласти.,https://marmara-pro.ru?utm_content=product&utm_term={PHRASE},http://direct.yandex.ru/images/direct/5442016/qtxMfdimB3EKymbW9TWLzQ,термопанель.png,1163321614,https://avatars.mds.yandex.net/get-media-adv-screenshooter/20873747/75477b03-780e-4e10-adff-81a72fc688af/orig,Текстово-графический,Оригинальный,0.00,0,0,-,-,1,-,0.00,1.00,0.00,100.00,-,-,-,-
Термопанели в Выборге,712773255,20.08.2026,Группа 3 - клинкер (продуктовая),5773902142,Автотаргетинг,,-,0,-,0,клинкер профи,Альтернативные запросы,Запросы с упоминанием брендов конкурентов,-,,,,,Поиск,Динамические места на поиске,Не определено,Смартфоны,Android,Wi-Fi,Мужской,45-54 года,Остальные,Не определено,1915802914729060647,Активные,Комбинаторное,Заголовок из контента поискового сниппета или настроек объявления,Текст из контента поискового сниппета или настроек объявления,https://marmara-pro.ru?utm_content=product&utm_term={PHRASE},-,-,-,-,Текстово-графический,Оригинальный,0.00,0,0,-,-,1,-,0.00,0.85,0.00,85.25,1.00,-,-,-
Термопанели в Выборге,712773255,20.08.2026,Группа 3 - клинкер (продуктовая),5773902142,Автотаргетинг,,-,0,-,0,клинкерную плитку под камень,Целевые запросы,Запросы без упоминания брендов,-,,,,,Поиск,Прочее,Не определено,Смартфоны,Android,Wi-Fi,Мужской,45-54 года,Остальные,Не определено,1915802914729060647,Активные,Комбинаторное,"Термопанели в Выборге - завод на Ленина, 11",Без посредников - завод. 60+ видов декора. Доставка по Ленобласти.,https://marmara-pro.ru?utm_content=product&utm_term={PHRASE},-,-,-,-,Текстово-графический,Автоматический,0.00,0,0,-,-,1,-,0.00,0.65,0.00,64.58,6.00,-,-,-
Термопанели в Выборге,712773255,20.08.2026,Группа 3 - клинкер (продуктовая),5773902142,Автотаргетинг,,-,0,-,0,облицовочные панели панели под кирпич из стеклопластика в спб и ленобласти,Альтернативные запросы,Запросы без упоминания брендов,-,,,,,Поиск,Спецразмещение,Не определено,Смартфоны,Android,Wi-Fi,Мужской,Старше 55,Остальные,Не определено,1915802914729060647,Активные,Комбинаторное,"Термопанели в Выборге - завод на Ленина, 11",Без посредников - завод. 60+ видов декора. Доставка по Ленобласти.,https://marmara-pro.ru?utm_content=product&utm_term={PHRASE},-,-,-,-,Текстово-графический,Автоматический,0.00,0,0,-,-,1,-,0.00,0.37,0.00,36.84,1.00,-,-,-
Термопанели в Выборге,712773255,20.08.2026,Группа 3 - клинкер (продуктовая),5773902142,Автотаргетинг,,-,0,-,0,современное утепление для террас,Целевые запросы,Запросы без упоминания брендов,-,,,,,Поиск,Прочее,Не определено,Смартфоны,Android,Wi-Fi,Женский,45-54 года,Остальные,Не определено,1915802914729060647,Активные,Комбинаторное,Производитель термопанелей в Ленобласти,Свое производство в Выборге. Приезжайте на образцы. Бесплатная доставка по району.,https://marmara-pro.ru?utm_content=product&utm_term={PHRASE},-,-,-,-,Текстово-графический,Оригинальный,0.00,0,0,-,-,1,-,0.00,0.55,0.00,54.58,7.00,-,-,-
Термопанели в Выборге,712773255,20.08.2026,Группа 3 - клинкер (продуктовая),5773902142,Автотаргетинг,,-,0,-,0,термопанели для наружной отделки дома цена,Целевые запросы,Запросы без упоминания брендов,-,,,,,Поиск,Прочее,Не определено,Смартфоны,Android,Wi-Fi,Женский,45-54 года,Остальные,Не определено,1915802914729060647,Активные,Комбинаторное,"Термопанели в Выборге - завод на Ленина, 11",Без посредников - завод. 60+ видов декора. Доставка по Ленобласти.,https://marmara-pro.ru?utm_content=product&utm_term={PHRASE},-,-,-,-,Текстово-графический,Автоматический,0.00,0,0,-,-,1,-,0.00,0.55,0.00,54.58,7.00,-,-,-
Термопанели в Выборге,712773255,20.08.2026,Группа 3 - клинкер (продуктовая),5773902142,Автотаргетинг,,-,0,-,0,фасад под камень,Целевые запросы,Запросы без упоминания брендов,-,,,,,Поиск,Прочее,Не определено,Смартфоны,Android,Wi-Fi,Мужской,45-54 года,Остальные,Не определено,1915802914729060647,Активные,Комбинаторное,"Термопанели в Выборге - завод на Ленина, 11",Без посредников - завод. 60+ видов декора. Доставка по Ленобласти.,https://marmara-pro.ru?utm_content=product&utm_term={PHRASE},-,-,-,-,Текстово-графический,Автоматический,0.00,0,0,-,-,1,-,0.00,0.45,0.00,44.58,8.00,-,-,-
Термопанели в Выборге,712773255,20.08.2026,Группа 3 - клинкер (продуктовая),5773902142,Автотаргетинг,,-,0,-,0,фасадные термопанели для наружной отделки дома,Целевые запросы,Запросы без упоминания брендов,-,,,,,Поиск,Прочее,Не определено,Смартфоны,Android,Wi-Fi,Мужской,45-54 года,Остальные,Не определено,1915802914729060647,Активные,Комбинаторное,Производитель термопанелей в Ленобласти,Свое производство в Выборге. Приезжайте на образцы. Бесплатная доставка по району.,https://marmara-pro.ru?utm_content=product&utm_term={PHRASE},-,-,-,-,Текстово-графический,Оригинальный,0.00,0,0,-,-,1,-,0.00,0.55,0.00,54.58,7.00,-,-,-
Термопанели в Выборге,712773255,20.08.2026,Термопанели (Лен. область),5773097196,Автотаргетинг,,-,0,-,0,,Не определено,-,-,,,,,Сети,Прочее,Не определено,Смартфоны,Android,Мобильная связь,Женский,Старше 55,Остальные,Не определено,1915608023072927866,Активные,Комбинаторное,Термопанели с клинкерной плиткой. Производство в Выборге,Собственное производство в Выборге. Экономия на отоплении до 30%. Гарантия 5 лет.,https://marmara-pro.ru?utm_content=geo&utm_term={PHRASE},http://direct.yandex.ru/images/direct/5250956/5XPY7aqvM1xRQF8e4uTrqg,карусель 4-3_06.jpg,1163322157,https://avatars.mds.yandex.net/get-media-adv-screenshooter/20941197/1d06a155-09ca-4034-b8a4-ad411694a4d7/orig,Текстово-графический,Оригинальный,0.00,0,0,-,-,1,-,0.00,1.00,0.00,100.00,-,-,-,-
Термопанели в Выборге,712773255,20.08.2026,Термопанели (Лен. область),5773097196,Автотаргетинг,,-,0,-,0,какие материалы имитация кирпича,Целевые запросы,Запросы без упоминания брендов,-,,,,,Поиск,Товарная галерея,Не определено,Десктопы,Не определён,Wi-Fi,Мужской,45-54 года,6–10%,Не определено,1915608023072927866,Активные,Комбинаторное,Термопанели с клинкерной плиткой в Выборге!,"Термопанели с клинкером. Собственное производство, своя цена, нет посредников.",https://marmara-pro.ru?utm_content=geo&utm_term={PHRASE},http://direct.yandex.ru/images/direct/5250956/5XPY7aqvM1xRQF8e4uTrqg,карусель 4-3_06.jpg,-,-,Текстово-графический,Оригинальный,0.00,0,0,-,-,1,-,0.00,0.06,0.00,6.18,25.00,-,-,-
Термопанели в Выборге,712773255,20.08.2026,Термопанели (Лен. область),5773097196,Автотаргетинг,,-,0,-,0,клинкерная клинкерная,Целевые запросы,Запросы без упоминания брендов,-,,,,,Поиск,Прочее,Не определено,Смартфоны,Android,Wi-Fi,Женский,35-44 года,2–5%,Не определено,1915608023072927866,Активные,Комбинаторное,Термопанели с клинкерной плиткой. Производство в Выборге,"Термопанели с клинкером. Собственное производство, своя цена, нет посредников.",https://marmara-pro.ru?utm_content=geo&utm_term={PHRASE},-,-,-,-,Текстово-графический,Автоматический,0.00,0,0,-,-,1,-,0.00,0.45,0.00,44.58,8.00,-,-,-
Термопанели в Выборге,712773255,20.08.2026,Термопанели (Лен. область),5773097196,Автотаргетинг,,-,0,-,0,купить термопанели для фасада дома под кирпич цена за м2,Целевые запросы,Запросы без упоминания брендов,-,,Термопанели с клинкерной плиткой — КлинкерПрофи,,,Поиск,Товарная галерея,Не определено,Смартфоны,Android,Wi-Fi,Женский,45-54 года,Остальные,Не определено,1918167638897563177,Активные,Страницы каталога,Термопанели с клинкерной плиткой. Производство в Выборге,"Фасадные термопанели с клинкером. Производство в Выборге, доставка по СПб...",https://marmara-pro.ru/termo?utm_content=catalog&utm_term={PHRASE},-,-,-,-,Текстово-графический,Оригинальный,0.00,0,0,-,-,1,-,0.00,0.14,0.00,13.54,13.00,-,-,-
Термопанели в Выборге,712773255,20.08.2026,Термопанели (Лен. область),5773097196,Автотаргетинг,,-,0,-,0,купить термопанели для фасада дома под кирпич цена за м2 озоне,Целевые запросы,Запросы с упоминанием брендов конкурентов,-,,Термопанели с клинкерной плиткой — КлинкерПрофи,,,Поиск,Товарная галерея,Не определено,Смартфоны,Android,Wi-Fi,Женский,45-54 года,Остальные,Не определено,1918167638897563177,Активные,Страницы каталога,Термопанели с клинкерной плиткой. Производство в Выборге,"Фасадные термопанели с клинкером. Производство в Выборге, доставка по СПб...",https://marmara-pro.ru/termo?utm_content=catalog&utm_term={PHRASE},-,-,-,-,Текстово-графический,Оригинальный,0.00,0,0,-,-,1,-,0.00,0.14,0.00,13.57,12.00,-,-,-
Термопанели в Выборге,712773255,20.08.2026,Термопанели (Лен. область),5773097196,Автотаргетинг,,-,0,-,0,материалы для отделки не обогреваемых помещений,Целевые запросы,Запросы без упоминания брендов,-,,,,,Поиск,Прочее,Не определено,Смартфоны,iOS,Мобильная связь,Мужской,35-44 года,2–5%,Не определено,1915608023072927866,Активные,Комбинаторное,Термопанели с клинкерной плиткой. Производство в Выборге,"Термопанели с клинкером. Собственное производство, своя цена, нет посредников.",https://marmara-pro.ru?utm_content=geo&utm_term={PHRASE},-,-,-,-,Текстово-графический,Автоматический,0.00,0,0,-,-,1,-,0.00,0.45,0.00,44.58,8.00,-,-,-
Термопанели в Выборге,712773255,20.08.2026,Термопанели (Лен. область),5773097196,Автотаргетинг,,-,0,-,0,новые технологии термопанели,Целевые запросы,Запросы с упоминанием брендов конкурентов,-,,,,,Поиск,Товарная галерея,Не определено,Смартфоны,Android,Wi-Fi,Мужской,Старше 55,Остальные,Не определено,1915608023072927866,Активные,Комбинаторное,Термопанели с клинкерной плиткой. Производство в Выборге,"Термопанели с клинкером. Собственное производство, своя цена, нет посредников.",https://marmara-pro.ru?utm_content=geo&utm_term={PHRASE},http://direct.yandex.ru/images/direct/5250956/5XPY7aqvM1xRQF8e4uTrqg,карусель 4-3_06.jpg,-,-,Текстово-графический,Автоматический,0.00,0,0,-,-,1,-,0.00,0.14,0.00,13.61,11.00,-,-,-
Термопанели в Выборге,712773255,20.08.2026,Термопанели (Лен. область),5773097196,Автотаргетинг,,-,0,-,0,облицовка под кирпич,Целевые запросы,Запросы без упоминания брендов,-,,,,,Поиск,Прочее,Не определено,Смартфоны,Android,Wi-Fi,Женский,25-34 года,Остальные,Не определено,1915608023072927866,Активные,Комбинаторное,Термопанели с клинкерной плиткой. Производство в Выборге,"Термопанели с клинкером. Собственное производство, своя цена, нет посредников.",https://marmara-pro.ru?utm_content=geo&utm_term={PHRASE},-,-,-,-,Текстово-графический,Автоматический,0.00,0,0,-,-,1,-,0.00,0.45,0.00,44.58,8.00,-,-,-
Термопанели в Выборге,712773255,20.08.2026,Термопанели (Лен. область),5773097196,Автотаргетинг,,-,0,-,0,панели на дом,Целевые запросы,Запросы без упоминания брендов,-,,,,,Поиск,Прочее,Не определено,Смартфоны,iOS,Мобильная связь,Женский,18-24 года,Остальные,Не определено,1915608023072927866,Активные,Комбинаторное,Термопанели с клинкерной плиткой. Производство в Выборге,"Термопанели с клинкером. Собственное производство, своя цена, нет посредников.",https://marmara-pro.ru?utm_content=geo&utm_term={PHRASE},-,-,-,-,Текстово-графический,Автоматический,0.00,0,0,-,-,1,-,0.00,0.55,0.00,54.58,7.00,-,-,-
Термопанели в Выборге,712773255,20.08.2026,Термопанели (Лен. область),5773097196,Автотаргетинг,,-,0,-,0,сколько стоят термопанели с клинкерной плиткой,Целевые запросы,Запросы без упоминания брендов,-,,,,,Поиск,Прочее,Не определено,Смартфоны,Android,Wi-Fi,Мужской,Старше 55,Остальные,Не определено,1915608023072927866,Активные,Комбинаторное,Термопанели с клинкерной плиткой в Выборге!,"Термопанели с клинкером. Собственное производство, своя цена, нет посредников.",https://marmara-pro.ru?utm_content=geo&utm_term={PHRASE},-,-,-,-,Текстово-графический,Оригинальный,0.00,0,0,-,-,2,-,0.00,0.99,0.00,49.58,7.50,-,-,-
Термопанели в Выборге,712773255,20.08.2026,Термопанели (Лен. область),5773097196,Автотаргетинг,,-,0,-,0,стена с плитой,Целевые запросы,Запросы без упоминания брендов,-,,,,,Поиск,Товарная галерея,Не определено,Смартфоны,iOS,Wi-Fi,Женский,35-44 года,2–5%,Не определено,1915608023072927866,Активные,Комбинаторное,Термопанели с клинкерной плиткой. Производство в Выборге,"Термопанели с клинкером. Собственное производство, своя цена, нет посредников.",https://marmara-pro.ru?utm_content=geo&utm_term={PHRASE},http://direct.yandex.ru/images/direct/5250956/5XPY7aqvM1xRQF8e4uTrqg,карусель 4-3_06.jpg,-,-,Текстово-графический,Автоматический,0.00,0,0,-,-,1,-,0.00,0.13,0.00,13.46,15.00,-,-,-
Термопанели в Выборге,712773255,20.08.2026,Термопанели (Лен. область),5773097196,Автотаргетинг,,-,0,-,0,термопанели,Целевые запросы,Запросы без упоминания брендов,-,,,,,Поиск,Товарная галерея,Не определено,Смартфоны,Android,Wi-Fi,Женский,35-44 года,Остальные,Не определено,1915608023072927866,Активные,Комбинаторное,Термопанели с клинкерной плиткой. Производство в Выборге,"Термопанели с клинкером. Собственное производство, своя цена, нет посредников.",https://marmara-pro.ru?utm_content=geo&utm_term={PHRASE},http://direct.yandex.ru/images/direct/5250956/5XPY7aqvM1xRQF8e4uTrqg,карусель 4-3_06.jpg,-,-,Текстово-графический,Автоматический,0.00,0,0,-,-,1,-,0.00,0.14,0.00,13.50,14.00,-,-,-
Термопанели в Выборге,712773255,20.08.2026,Термопанели (Лен. область),5773097196,Автотаргетинг,,-,0,-,0,термопанели,Целевые запросы,Запросы без упоминания брендов,-,,Термопанели с клинкерной плиткой — КлинкерПрофи,,,Поиск,Товарная галерея,Не определено,Смартфоны,Android,Wi-Fi,Женский,35-44 года,Остальные,Не определено,1918167638897563177,Активные,Страницы каталога,Термопанели с клинкерной плиткой. Производство в Выборге,"Фасадные термопанели с клинкером. Производство в Выборге, доставка по СПб...",https://marmara-pro.ru/termo?utm_content=catalog&utm_term={PHRASE},-,-,-,-,Текстово-графический,Оригинальный,0.00,0,0,-,-,1,-,0.00,0.27,0.00,26.50,6.00,-,-,-
Термопанели в Выборге,712773255,20.08.2026,Термопанели (Лен. область),5773097196,Автотаргетинг,,-,0,-,0,термопанели гатчина,Целевые запросы,Запросы без упоминания брендов,-,,,,,Поиск,Товарная галерея,Не определено,Десктопы,Не определён,Wi-Fi,Мужской,25-34 года,Остальные,Не определено,1915608023072927866,Активные,Комбинаторное,Термопанели с клинкерной плиткой. Производство в Выборге,"Термопанели с клинкером. Собственное производство, своя цена, нет посредников.",https://marmara-pro.ru?utm_content=geo&utm_term={PHRASE},http://direct.yandex.ru/images/direct/5250956/5XPY7aqvM1xRQF8e4uTrqg,карусель 4-3_06.jpg,-,-,Текстово-графический,Автоматический,0.00,0,0,-,-,1,-,0.00,0.31,0.00,30.99,8.00,-,-,-
Термопанели в Выборге,712773255,20.08.2026,Термопанели (Лен. область),5773097196,Автотаргетинг,,-,0,-,0,термопанели для наружной отделки,Целевые запросы,Запросы без упоминания брендов,-,,,,,Поиск,Прочее,Не определено,Смартфоны,Android,Wi-Fi,Женский,35-44 года,Остальные,Не определено,1915608023072927866,Активные,Комбинаторное,Термопанели с клинкерной плиткой. Производство в Выборге,"Термопанели с клинкером. Собственное производство, своя цена, нет посредников.",https://marmara-pro.ru?utm_content=geo&utm_term={PHRASE},-,-,-,-,Текстово-графический,Автоматический,0.00,0,0,-,-,1,-,0.00,0.45,0.00,44.58,8.00,-,-,-
Термопанели в Выборге,712773255,20.08.2026,Термопанели (Лен. область),5773097196,Автотаргетинг,,-,0,-,0,термопанели для наружной отделки дома,Целевые запросы,Запросы без упоминания брендов,-,,,,,Поиск,Прочее,Не определено,Смартфоны,iOS,Wi-Fi,Мужской,45-54 года,2–5%,Не определено,1915608023072927866,Активные,Комбинаторное,Термопанели с клинкерной плиткой. Производство в Выборге,"Термопанели с клинкером. Собственное производство, своя цена, нет посредников.",https://marmara-pro.ru?utm_content=geo&utm_term={PHRASE},-,-,-,-,Текстово-графический,Автоматический,0.00,0,0,-,-,1,-,0.00,0.45,0.00,44.58,8.00,-,-,-
Термопанели в Выборге,712773255,20.08.2026,Термопанели (Лен. область),5773097196,Автотаргетинг,,-,0,-,0,термопанели для наружной отделки дома,Целевые запросы,Запросы без упоминания брендов,-,,,,,Поиск,Прочее,Не определено,Смартфоны,iOS,Wi-Fi,Женский,35-44 года,2–5%,Не определено,1915608023072927866,Активные,Комбинаторное,Термопанели с клинкерной плиткой. Производство в Выборге,"Термопанели с клинкером. Собственное производство, своя цена, нет посредников.",https://marmara-pro.ru?utm_content=geo&utm_term={PHRASE},-,-,-,-,Текстово-графический,Автоматический,0.00,0,0,-,-,1,-,0.00,0.85,0.00,84.88,5.00,-,-,-
Термопанели в Выборге,712773255,20.08.2026,Термопанели (Лен. область),5773097196,Автотаргетинг,,-,0,-,0,термопанели для наружной отделки дома,Целевые запросы,Запросы без упоминания брендов,-,,,,,Поиск,Товарная галерея,Не определено,Смартфоны,iOS,Wi-Fi,Мужской,45-54 года,2–5%,Не определено,1915608023072927866,Активные,Комбинаторное,Термопанели с клинкерной плиткой. Производство в Выборге,"Термопанели с клинкером. Собственное производство, своя цена, нет посредников.",https://marmara-pro.ru?utm_content=geo&utm_term={PHRASE},http://direct.yandex.ru/images/direct/5250956/5XPY7aqvM1xRQF8e4uTrqg,карусель 4-3_06.jpg,-,-,Текстово-графический,Автоматический,0.00,0,0,-,-,2,-,0.00,0.27,0.00,13.55,12.50,-,-,-
Термопанели в Выборге,712773255,20.08.2026,Термопанели (Лен. область),5773097196,Автотаргетинг,,-,0,-,0,термопанели для наружной отделки дома,Целевые запросы,Запросы без упоминания брендов,-,,,,,Поиск,Товарная галерея,Не определено,Смартфоны,iOS,Wi-Fi,Женский,35-44 года,2–5%,Не определено,1915608023072927866,Активные,Комбинаторное,Термопанели с клинкерной плиткой. Производство в Выборге,"Термопанели с клинкером. Собственное производство, своя цена, нет посредников.",https://marmara-pro.ru?utm_content=geo&utm_term={PHRASE},http://direct.yandex.ru/images/direct/5250956/5XPY7aqvM1xRQF8e4uTrqg,карусель 4-3_06.jpg,-,-,Текстово-графический,Автоматический,0.00,0,0,-,-,1,-,0.00,0.99,0.00,98.59,2.00,-,-,-
Термопанели в Выборге,712773255,20.08.2026,Термопанели (Лен. область),5773097196,Автотаргетинг,,-,0,-,0,термопанели для наружной отделки дома,Целевые запросы,Запросы без упоминания брендов,-,,Термопанели с клинкерной плиткой — КлинкерПрофи,,,Поиск,Товарная галерея,Не определено,Смартфоны,iOS,Wi-Fi,Женский,35-44 года,2–5%,Не определено,1918167638897563177,Активные,Страницы каталога,Термопанели с клинкерной плиткой. Производство в Выборге,"Фасадные термопанели с клинкером. Производство в Выборге, доставка по СПб...",https://marmara-pro.ru/termo?utm_content=catalog&utm_term={PHRASE},-,-,-,-,Текстово-графический,Оригинальный,0.00,1,0,0.00,-,1,0.00,100.00,0.91,109.57,91.27,1.00,1.00,-,-
Термопанели в Выборге,712773255,20.08.2026,Термопанели (Лен. область),5773097196,Автотаргетинг,,-,0,-,0,термопанели для наружной отделки дома цена,Целевые запросы,Запросы без упоминания брендов,-,,,,,Поиск,Прочее,Не определено,Смартфоны,iOS,Wi-Fi,Мужской,25-34 года,6–10%,Не определено,1915608023072927866,Активные,Комбинаторное,Термопанели с клинкерной плиткой. Производство в Выборге,"Термопанели с клинкером. Собственное производство, своя цена, нет посредников.",https://marmara-pro.ru?utm_content=geo&utm_term={PHRASE},-,-,-,-,Текстово-графический,Автоматический,0.00,0,0,-,-,1,-,0.00,0.45,0.00,44.58,8.00,-,-,-
Термопанели в Выборге,712773255,20.08.2026,Термопанели (Лен. область),5773097196,Автотаргетинг,,-,0,-,0,термопанели для наружной отделки дома цена,Целевые запросы,Запросы без упоминания брендов,-,,,,,Поиск,Товарная галерея,Не определено,Смартфоны,Android,Wi-Fi,Мужской,45-54 года,Остальные,Не определено,1915608023072927866,Активные,Комбинаторное,Термопанели с клинкерной плиткой. Производство в Выборге,"Термопанели с клинкером. Собственное производство, своя цена, нет посредников.",https://marmara-pro.ru?utm_content=geo&utm_term={PHRASE},http://direct.yandex.ru/images/direct/5250956/5XPY7aqvM1xRQF8e4uTrqg,карусель 4-3_06.jpg,-,-,Текстово-графический,Автоматический,0.00,0,0,-,-,1,-,0.00,0.25,0.00,25.29,9.00,-,-,-
Термопанели в Выборге,712773255,20.08.2026,Термопанели (Лен. область),5773097196,Автотаргетинг,,-,0,-,0,термопанели для наружной отделки дома цена,Целевые запросы,Запросы без упоминания брендов,-,,,,,Поиск,Товарная галерея,Не определено,Смартфоны,Android,Wi-Fi,Женский,45-54 года,Остальные,Не определено,1915608023072927866,Активные,Комбинаторное,Термопанели с клинкерной плиткой. Производство в Выборге,"Термопанели с клинкером. Собственное производство, своя цена, нет посредников.",https://marmara-pro.ru?utm_content=geo&utm_term={PHRASE},http://direct.yandex.ru/images/direct/5250956/5XPY7aqvM1xRQF8e4uTrqg,карусель 4-3_06.jpg,-,-,Текстово-графический,Автоматический,0.00,0,0,-,-,1,-,0.00,0.25,0.00,25.29,9.00,-,-,-
Термопанели в Выборге,712773255,20.08.2026,Термопанели (Лен. область),5773097196,Автотаргетинг,,-,0,-,0,термопанели для наружной отделки дома цена,Целевые запросы,Запросы без упоминания брендов,-,,Термопанели с клинкерной плиткой — КлинкерПрофи,,,Поиск,Товарная галерея,Не определено,Смартфоны,Android,Wi-Fi,Женский,45-54 года,Остальные,Не определено,1918167638897563177,Активные,Страницы каталога,Термопанели с клинкерной плиткой. Производство в Выборге,"Фасадные термопанели с клинкером. Производство в Выборге, доставка по СПб...",https://marmara-pro.ru/termo?utm_content=catalog&utm_term={PHRASE},-,-,-,-,Текстово-графический,Оригинальный,0.00,0,0,-,-,1,-,0.00,0.25,0.00,25.35,7.00,-,-,-
Термопанели в Выборге,712773255,20.08.2026,Термопанели (Лен. область),5773097196,Автотаргетинг,,-,0,-,0,термопанели нг,Целевые запросы,Запросы без упоминания брендов,-,,,,,Поиск,Товарная галерея,Не определено,Смартфоны,Android,Wi-Fi,Мужской,35-44 года,6–10%,Не определено,1915608023072927866,Активные,Комбинаторное,Термопанели с клинкерной плиткой. Производство в Выборге,"Термопанели с клинкером. Собственное производство, своя цена, нет посредников.",https://marmara-pro.ru?utm_content=geo&utm_term={PHRASE},http://direct.yandex.ru/images/direct/5250956/5XPY7aqvM1xRQF8e4uTrqg,карусель 4-3_06.jpg,-,-,Текстово-графический,Автоматический,0.00,0,0,-,-,1,-,0.00,0.13,0.00,13.42,16.00,-,-,-
Термопанели в Выборге,712773255,20.08.2026,Термопанели (Лен. область),5773097196,Автотаргетинг,,-,0,-,0,термопанель,Целевые запросы,Запросы без упоминания брендов,-,,,,,Поиск,Прочее,Не определено,Десктопы,Не определён,Wi-Fi,Женский,45-54 года,Остальные,Не определено,1915608023072927866,Активные,Комбинаторное,Термопанели с клинкерной плиткой. Производство в Выборге,"Термопанели с клинкером. Собственное производство, своя цена, нет посредников.",https://marmara-pro.ru?utm_content=geo&utm_term={PHRASE},-,-,-,-,Текстово-графический,Автоматический,0.00,0,0,-,-,1,-,0.00,0.65,0.00,64.58,6.00,-,-,-
Термопанели в Выборге,712773255,20.08.2026,Термопанели (Лен. область),5773097196,Автотаргетинг,,-,0,-,0,термопанель,Целевые запросы,Запросы без упоминания брендов,-,,Термопанели с клинкерной плиткой — КлинкерПрофи,,,Поиск,Товарная галерея,Не определено,Десктопы,Не определён,Wi-Fi,Женский,45-54 года,Остальные,Не определено,1918167638897563177,Активные,Страницы каталога,Термопанели с клинкерной плиткой. Производство в Выборге,"Фасадные термопанели с клинкером. Производство в Выборге, доставка по СПб...",https://marmara-pro.ru/termo?utm_content=catalog&utm_term={PHRASE},-,-,-,-,Текстово-графический,Оригинальный,0.00,0,0,-,-,1,-,0.00,0.04,0.00,4.45,27.00,-,-,-
Термопанели в Выборге,712773255,20.08.2026,Термопанели (Лен. область),5773097196,Автотаргетинг,,-,0,-,0,утеплитель для фасада дома снаружи какой лучше,Целевые запросы,Запросы без упоминания брендов,-,,,,,Поиск,Товарная галерея,Не определено,Смартфоны,Android,Wi-Fi,Мужской,35-44 года,Остальные,Не определено,1915608023072927866,Активные,Комбинаторное,Термопанели с клинкерной плиткой в Выборге!,"Термопанели с клинкером. Собственное производство, своя цена, нет посредников.",https://marmara-pro.ru?utm_content=geo&utm_term={PHRASE},http://direct.yandex.ru/images/direct/6195656/qVbV_RGwHrqBiQiD1NgoCw,бейджик (1).jpg,-,-,Текстово-графический,Оригинальный,0.00,0,0,-,-,1,-,0.00,0.14,0.00,13.61,11.00,-,-,-
Термопанели в Выборге,712773255,20.08.2026,Термопанели (Лен. область),5773097196,Автотаргетинг,,-,0,-,0,утеплитель для фасада дома снаружи какой лучше,Сопутствующие запросы,Запросы без упоминания брендов,-,,Термопанели с клинкерной плиткой — КлинкерПрофи,,,Поиск,Прочее,Не определено,Смартфоны,Android,Wi-Fi,Мужской,35-44 года,Остальные,Не определено,1918167638897563177,Активные,Страницы каталога,Термопанели с клинкерной плиткой. Производство в Выборге,"Фасадные термопанели с клинкером. Производство в Выборге, доставка по СПб...",https://marmara-pro.ru/termo?utm_content=catalog&utm_term={PHRASE},-,-,-,-,Текстово-графический,Оригинальный,0.00,0,0,-,-,1,-,0.00,0.09,0.00,8.50,5.00,-,-,-
Термопанели в Выборге,712773255,20.08.2026,Термопанели (Лен. область),5773097196,Автотаргетинг,,-,0,-,0,цена термопанелей с клинкерной плиткой,Целевые запросы,Запросы без упоминания брендов,-,,,,,Поиск,Спецразмещение,Не определено,Планшеты,Android,Wi-Fi,Мужской,Старше 55,Остальные,Не определено,1915608023072927866,Активные,Комбинаторное,Термопанели с клинкерной плиткой в Выборге!,"Термопанели с клинкером. Собственное производство, своя цена, нет посредников.",https://marmara-pro.ru?utm_content=geo&utm_term={PHRASE},-,-,-,-,Текстово-графический,Оригинальный,0.00,0,0,-,-,1,-,0.00,0.08,0.00,8.16,3.00,-,-,-
"Приозерский район, Поиск   от 25-07-2026",713047408,21.08.2026,Приозерский район,5776633358,Фраза,термопанели под кирпич,-,0,-,0,термопанели под кирпич для наружной отделки от фабрики отзывы пользователей,Сопутствующие запросы,Запросы без упоминания брендов,Пословное,,,,,Поиск,Товарная галерея,Не определено,Смартфоны,iOS,Wi-Fi,Женский,Старше 55,Остальные,Не определено,1916597733861553174,Активные,Комбинаторное,Утепление фасада термопанелями,Клинкерный фасад без мокрых работ. Монтаж зимой до −15 °C. ППС и ППУ. Звоните!,https://marmara-pro.ru?utm_source=yandex&utm_medium=cpc&utm_campaign=termopaneli_priozersk_cpa_search&utm_content=search&utm_term={PHRASE},http://direct.yandex.ru/images/direct/5275923/RTyzQjyzpEb7C31V0QZSog,карусель 4-3_02.png,-,-,Текстово-графический,Оригинальный,0.00,0,0,-,-,1,-,0.00,1.24,0.00,124.49,1.00,-,-,-
"Приозерский район, Поиск   от 25-07-2026",713047408,21.08.2026,Приозерский район,5776633358,Фраза,термопанели под кирпич,-,0,-,0,термопанели под кирпич для наружной отделки от фабрики отзывы пользователей,Сопутствующие запросы,Запросы без упоминания брендов,Пословное,,,,,Поиск,Товарная галерея,Не определено,Смартфоны,iOS,Wi-Fi,Женский,Старше 55,Остальные,Не определено,1916597733861553174,Активные,Комбинаторное,Фасадные термопанели с клинкером,Клинкерный фасад без мокрых работ. Монтаж зимой до −15 °C. ППС и ППУ. Звоните!,https://marmara-pro.ru?utm_source=yandex&utm_medium=cpc&utm_campaign=termopaneli_priozersk_cpa_search&utm_content=search&utm_term={PHRASE},http://direct.yandex.ru/images/direct/5347710/IQolrV6N3GE66OPIldGIug,карусель 4-3_03.jpg,-,-,Текстово-графический,Оригинальный,0.00,0,0,-,-,1,-,0.00,2.57,0.00,257.11,1.00,-,-,-
"Приозерский район, Поиск   от 25-07-2026",713047408,21.08.2026,Приозерский район,5776633358,Автотаргетинг,,-,0,-,0,rip плита для чего,Сопутствующие запросы,Запросы без упоминания брендов,-,,,,,Поиск,Прочее,Не определено,Смартфоны,Android,Wi-Fi,Мужской,18-24 года,Остальные,Не определено,1916597733861553174,Активные,Комбинаторное,"Приозерск, Сосново — термопанели с клинкером",Утепление и фасад за один этап. Производство в Выборге. Доставка по Ленобласти.,https://marmara-pro.ru?utm_source=yandex&utm_medium=cpc&utm_campaign=termopaneli_priozersk_cpa_search&utm_content=search&utm_term={PHRASE},-,-,-,-,Текстово-графический,Оригинальный,0.00,0,0,-,-,1,-,0.00,0.77,0.00,76.79,5.00,-,-,-
"Приозерский район, Поиск   от 25-07-2026",713047408,21.08.2026,Приозерский район,5776633358,Автотаргетинг,,-,0,-,0,гибкий камень для интерьера,Альтернативные запросы,Запросы без упоминания брендов,-,,Термопанель Колорадо 1 (32 шт),,,Поиск,Прочее,Не определено,Смартфоны,iOS,Wi-Fi,Женский,35-44 года,Остальные,Не определено,1918168175770350076,Активные,Страницы каталога,Термопанель Колорадо 1 (32 шт),Термопанели с клинкерной плиткой. Производство в Выборге. Доставка.,https://marmara-pro.ru/termo/tproduct/2229245581-133022576952-termopanel-kolorado-1-32-sht?utm_source=yandex&utm_medium=cpc&utm_campaign=termopaneli_priozersk_cpa_search&utm_content=search&utm_term={PHRASE},-,-,-,-,Текстово-графический,Оригинальный,0.00,0,0,-,-,1,-,0.00,0.09,0.00,8.50,5.00,-,-,-
"Приозерский район, Поиск   от 25-07-2026",713047408,21.08.2026,Приозерский район,5776633358,Автотаргетинг,,-,0,-,0,гибкий камень для интерьера комнаты,Альтернативные запросы,Запросы без упоминания брендов,-,,Термопанель Колорадо 5 (32 шт),,,Поиск,Спецразмещение,Не определено,Смартфоны,iOS,Wi-Fi,Женский,35-44 года,Остальные,Не определено,1918168175770350076,Активные,Страницы каталога,Термопанель Колорадо 5 (32 шт),Термопанели с клинкерной плиткой. Производство в Выборге. Доставка.,https://marmara-pro.ru/termo/tproduct/2229245581-936117304142-termopanel-kolorado-5-32-sht?utm_source=yandex&utm_medium=cpc&utm_campaign=termopaneli_priozersk_cpa_search&utm_content=search&utm_term={PHRASE},-,-,-,-,Текстово-графический,Автоматический,0.00,0,0,-,-,1,-,0.00,0.96,0.00,95.52,1.00,-,-,-
"Приозерский район, Поиск   от 25-07-2026",713047408,21.08.2026,Приозерский район,5776633358,Автотаргетинг,,-,0,-,0,гибкий кирпич отзывы пользователей,Сопутствующие запросы,Запросы без упоминания брендов,-,,,,,Поиск,Спецразмещение,Не определено,Смартфоны,iOS,Wi-Fi,Женский,Старше 55,Остальные,Не определено,1916597733861553174,Активные,Комбинаторное,Термопанели с клинкерной плиткой - КлинкерПрофи,Утепление и фасад за один этап. Производство в Выборге. Доставка по Ленобласти.,https://marmara-pro.ru?utm_source=yandex&utm_medium=cpc&utm_campaign=termopaneli_priozersk_cpa_search&utm_content=search&utm_term={PHRASE},-,-,-,-,Текстово-графический,Автоматический,0.00,0,0,-,-,2,-,0.00,2.08,0.00,103.98,1.00,-,-,-
"Приозерский район, Поиск   от 25-07-2026",713047408,21.08.2026,Приозерский район,5776633358,Автотаргетинг,,-,0,-,0,готовые фасадные краски,Альтернативные запросы,Запросы без упоминания брендов,-,,,,,Поиск,Спецразмещение,Не определено,Десктопы,Не определён,Wi-Fi,Мужской,25-34 года,2–5%,Не определено,1916597733861553174,Активные,Комбинаторное,"Приозерск, Сосново — термопанели с клинкером",Утепление и фасад за один этап. Производство в Выборге. Доставка по Ленобласти.,https://marmara-pro.ru?utm_source=yandex&utm_medium=cpc&utm_campaign=termopaneli_priozersk_cpa_search&utm_content=search&utm_term={PHRASE},-,-,-,-,Текстово-графический,Автоматический,0.00,0,0,-,-,1,-,0.00,0.61,0.00,61.15,3.00,-,-,-
"Приозерский район, Поиск   от 25-07-2026",713047408,21.08.2026,Приозерский район,5776633358,Автотаргетинг,,-,0,-,0,грин панель,Альтернативные запросы,Запросы без упоминания брендов,-,,Термопанель Колорадо 3 (32 шт),,,Поиск,Спецразмещение,Не определено,Десктопы,Не определён,Wi-Fi,Мужской,Старше 55,Остальные,Не определено,1918168175770350076,Активные,Страницы каталога,Термопанель Колорадо 3 (32 шт),Термопанели с клинкерной плиткой. Производство в Выборге. Доставка.,https://marmara-pro.ru/termo/tproduct/2229245581-479543594102-termopanel-kolorado-3-32-sht?utm_source=yandex&utm_medium=cpc&utm_campaign=termopaneli_priozersk_cpa_search&utm_content=search&utm_term={PHRASE},-,-,-,-,Текстово-графический,Автоматический,0.00,0,0,-,-,1,-,0.00,0.94,0.00,94.25,1.00,-,-,-
"Приозерский район, Поиск   от 25-07-2026",713047408,21.08.2026,Приозерский район,5776633358,Автотаргетинг,,-,0,-,0,двери входные размеры,Сопутствующие запросы,Запросы без упоминания брендов,-,,,,,Поиск,Прочее,Не определено,Смартфоны,Android,Wi-Fi,Мужской,35-44 года,Остальные,Не определено,1916597733861553174,Активные,Комбинаторное,Производство в Выборге — доставка в район,Клинкерный фасад без мокрых работ. Монтаж зимой до −15 °C. ППС и ППУ. Звоните!,https://marmara-pro.ru?utm_source=yandex&utm_medium=cpc&utm_campaign=termopaneli_priozersk_cpa_search&utm_content=search&utm_term={PHRASE},-,-,-,-,Текстово-графический,Оригинальный,0.00,0,0,-,-,1,-,0.00,1.00,0.00,100.00,5.00,-,-,-
"Приозерский район, Поиск   от 25-07-2026",713047408,21.08.2026,Приозерский район,5776633358,Автотаргетинг,,-,0,-,0,декоративная плитка из цсп 10 мм,Альтернативные запросы,Запросы без упоминания брендов,-,,Термопанель Колорадо 2 (32 шт),,,Поиск,Спецразмещение,Не определено,Смартфоны,Android,Wi-Fi,Женский,Старше 55,Остальные,Не определено,1918168175770350076,Активные,Страницы каталога,Термопанель Колорадо 2 (32 шт),Термопанели с клинкерной плиткой. Производство в Выборге. Доставка.,https://marmara-pro.ru/termo/tproduct/2229245581-979993457482-termopanel-kolorado-2-32-sht?utm_source=yandex&utm_medium=cpc&utm_campaign=termopaneli_priozersk_cpa_search&utm_content=search&utm_term={PHRASE},-,-,-,-,Текстово-графический,Автоматический,0.00,0,0,-,-,1,-,0.00,0.47,0.00,46.77,3.00,-,-,-
"Приозерский район, Поиск   от 25-07-2026",713047408,21.08.2026,Приозерский район,5776633358,Автотаргетинг,,-,0,-,0,дом из бруса чем натуральным обшить,Сопутствующие запросы,Запросы без упоминания брендов,-,,,,,Поиск,Спецразмещение,Не определено,Смартфоны,Android,Wi-Fi,Женский,45-54 года,Остальные,Не определено,1916597733861553174,Активные,Комбинаторное,"Приозерск, Сосново — термопанели с клинкером",Утепление и фасад за один этап. Производство в Выборге. Доставка по Ленобласти.,https://marmara-pro.ru?utm_source=yandex&utm_medium=cpc&utm_campaign=termopaneli_priozersk_cpa_search&utm_content=search&utm_term={PHRASE},-,-,-,-,Текстово-графический,Оригинальный,0.00,0,0,-,-,1,-,0.00,1.00,0.00,100.00,-,-,-,-
"Приозерский район, Поиск   от 25-07-2026",713047408,21.08.2026,Приозерский район,5776633358,Автотаргетинг,,-,0,-,0,дом из бруса чем натуральным обшить,Сопутствующие запросы,Запросы без упоминания брендов,-,,,,,Поиск,Спецразмещение,Не определено,Смартфоны,Android,Wi-Fi,Женский,45-54 года,Остальные,Не определено,1916597733861553174,Активные,Комбинаторное,Термопанели для дома в Приозерске,Утепление и фасад за один этап. Производство в Выборге. Доставка по Ленобласти.,https://marmara-pro.ru?utm_source=yandex&utm_medium=cpc&utm_campaign=termopaneli_priozersk_cpa_search&utm_content=search&utm_term={PHRASE},-,-,-,-,Текстово-графический,Автоматический,0.00,0,0,-,-,1,-,0.00,1.06,0.00,106.45,2.00,-,-,-
"Приозерский район, Поиск   от 25-07-2026",713047408,21.08.2026,Приозерский район,5776633358,Автотаргетинг,,-,0,-,0,дом фасади,Сопутствующие запросы,Запросы без упоминания брендов,-,,,,,Поиск,Спецразмещение,Не определено,Смартфоны,Android,Wi-Fi,Мужской,25-34 года,Остальные,Не определено,1916597733861553174,Архивные,Комбинаторное,Фасадные термопанели с клинкером,Срок службы 25–50 лет. Не требуют покраски. Подберём толщину под ваш дом.,https://marmara-pro.ru?utm_source=yandex&utm_medium=cpc&utm_campaign=termopaneli_priozersk_cpa_search&utm_content=search&utm_term={PHRASE},-,-,-,-,Текстово-графический,Оригинальный,0.00,0,0,-,-,1,-,0.00,1.00,0.00,100.00,-,-,-,-
"Приозерский район, Поиск   от 25-07-2026",713047408,21.08.2026,Приозерский район,5776633358,Автотаргетинг,,-,0,-,0,есть ли смысл к утеплителю 100 мм добавить 50 в каркасном доме на стену,Сопутствующие запросы,Запросы без упоминания брендов,-,,,,,Поиск,Прочее,Не определено,Смартфоны,Android,Wi-Fi,Мужской,25-34 года,Остальные,Не определено,1916597733861553174,Активные,Комбинаторное,Термопанели для дома в Приозерске,Утепление и фасад за один этап. Производство в Выборге. Доставка по Ленобласти.,https://marmara-pro.ru?utm_source=yandex&utm_medium=cpc&utm_campaign=termopaneli_priozersk_cpa_search&utm_content=search&utm_term={PHRASE},-,-,-,-,Текстово-графический,Оригинальный,0.00,0,0,-,-,2,-,0.00,1.09,0.00,54.25,5.00,-,-,-
"Приозерский район, Поиск   от 25-07-2026",713047408,21.08.2026,Приозерский район,5776633358,Автотаргетинг,,-,0,-,0,зашить фасад планкеном,Альтернативные запросы,Запросы без упоминания брендов,-,,,,,Поиск,Спецразмещение,Не определено,Смартфоны,Android,Wi-Fi,Мужской,45-54 года,6–10%,Не определено,1916597733861553174,Активные,Комбинаторное,Фасадные термопанели с клинкером,Клинкерный фасад без мокрых работ. Монтаж зимой до −15 °C. ППС и ППУ. Звоните!,https://marmara-pro.ru?utm_source=yandex&utm_medium=cpc&utm_campaign=termopaneli_priozersk_cpa_search&utm_content=search&utm_term={PHRASE},-,-,-,-,Текстово-графический,Оригинальный,0.00,0,0,-,-,1,-,0.00,1.00,0.00,100.00,-,-,-,-
"Приозерский район, Поиск   от 25-07-2026",713047408,21.08.2026,Приозерский район,5776633358,Автотаргетинг,,-,0,-,0,зашить фасад планкеном,Альтернативные запросы,Запросы без упоминания брендов,-,,,,,Поиск,Спецразмещение,Не определено,Смартфоны,Android,Wi-Fi,Мужской,45-54 года,6–10%,Не определено,1916597733861553174,Активные,Комбинаторное,Фасадные термопанели с клинкером,Утепление и фасад за один этап. Производство в Выборге. Доставка по Ленобласти.,https://marmara-pro.ru?utm_source=yandex&utm_medium=cpc&utm_campaign=termopaneli_priozersk_cpa_search&utm_content=search&utm_term={PHRASE},-,-,-,-,Текстово-графический,Оригинальный,0.00,0,0,-,-,1,-,0.00,1.00,0.00,100.00,-,-,-,-
"Приозерский район, Поиск   от 25-07-2026",713047408,21.08.2026,Приозерский район,5776633358,Автотаргетинг,,-,0,-,0,имитация ленточного фундамента,Сопутствующие запросы,Запросы без упоминания брендов,-,,,,,Поиск,Спецразмещение,Не определено,Планшеты,Android,Wi-Fi,Мужской,45-54 года,Остальные,Не определено,1916597733861553174,Активные,Комбинаторное,Фасадные термопанели с клинкером,Срок службы 25–50 лет. Не требуют покраски. Подберём толщину под ваш дом.,https://marmara-pro.ru?utm_source=yandex&utm_medium=cpc&utm_campaign=termopaneli_priozersk_cpa_search&utm_content=search&utm_term={PHRASE},-,-,-,-,Текстово-графический,Автоматический,0.00,0,0,-,-,1,-,0.00,0.73,0.00,72.76,1.00,-,-,-
"Приозерский район, Поиск   от 25-07-2026",713047408,21.08.2026,Приозерский район,5776633358,Автотаргетинг,,-,0,-,0,имитация ленточного фундамента,Сопутствующие запросы,Запросы без упоминания брендов,-,,,,,Поиск,Прочее,Не определено,Планшеты,Android,Wi-Fi,Мужской,45-54 года,Остальные,Не определено,1916597733861553174,Активные,Комбинаторное,Фасадные термопанели с клинкером,Срок службы 25–50 лет. Не требуют покраски. Подберём толщину под ваш дом.,https://marmara-pro.ru?utm_source=yandex&utm_medium=cpc&utm_campaign=termopaneli_priozersk_cpa_search&utm_content=search&utm_term={PHRASE},-,-,-,-,Текстово-графический,Автоматический,0.00,0,0,-,-,1,-,0.00,1.00,0.00,100.00,5.00,-,-,-
"Приозерский район, Поиск   от 25-07-2026",713047408,21.08.2026,Приозерский район,5776633358,Автотаргетинг,,-,0,-,0,как бюджетно утеплить веранду,Сопутствующие запросы,Запросы без упоминания брендов,-,,,,,Поиск,Спецразмещение,Не определено,Смартфоны,Android,Wi-Fi,Женский,Старше 55,Остальные,Не определено,1916597733861553174,Архивные,Комбинаторное,Термопанели для дома в Приозерске,Утепление и фасад за один этап. Производство в Выборге. Доставка по Ленобласти.,https://marmara-pro.ru?utm_source=yandex&utm_medium=cpc&utm_campaign=termopaneli_priozersk_cpa_search&utm_content=search&utm_term={PHRASE},-,-,-,-,Текстово-графический,Оригинальный,0.00,0,0,-,-,1,-,0.00,0.65,0.00,65.21,1.00,-,-,-
"Приозерский район, Поиск   от 25-07-2026",713047408,21.08.2026,Приозерский район,5776633358,Автотаргетинг,,-,0,-,0,как заделать трещину в фасаде,Сопутствующие запросы,Запросы без упоминания брендов,-,,,,,Поиск,Прочее,Не определено,Десктопы,Не определён,Wi-Fi,Женский,Старше 55,Остальные,Не определено,1916597733861553174,Архивные,Комбинаторное,Фасадные термопанели с клинкером,Срок службы 25–50 лет. Не требуют покраски. Подберём толщину под ваш дом.,https://marmara-pro.ru?utm_source=yandex&utm_medium=cpc&utm_campaign=termopaneli_priozersk_cpa_search&utm_content=search&utm_term={PHRASE},-,-,-,-,Текстово-графический,Оригинальный,0.00,0,0,-,-,1,-,0.00,0.44,0.00,44.42,6.00,-,-,-
"Приозерский район, Поиск   от 25-07-2026",713047408,21.08.2026,Приозерский район,5776633358,Автотаргетинг,,-,0,-,0,как закоыть боковую стенк дома под крвшей,Сопутствующие запросы,Запросы без упоминания брендов,-,,,,,Поиск,Спецразмещение,Не определено,Смартфоны,iOS,Wi-Fi,Мужской,25-34 года,2–5%,Не определено,1916597733861553174,Архивные,Комбинаторное,Клинкерные термопанели — КлинкерПрофи,Утепление и фасад за один этап. Производство в Выборге. Доставка по Ленобласти.,https://marmara-pro.ru?utm_source=yandex&utm_medium=cpc&utm_campaign=termopaneli_priozersk_cpa_search&utm_content=search&utm_term={PHRASE},-,-,-,-,Текстово-графический,Оригинальный,0.00,0,0,-,-,1,-,0.00,1.00,0.00,100.00,-,-,-,-
"Приозерский район, Поиск   от 25-07-2026",713047408,21.08.2026,Приозерский район,5776633358,Автотаргетинг,,-,0,-,0,как закрыть торец дома под углом,Сопутствующие запросы,Запросы без упоминания брендов,-,,,,,Поиск,Прочее,Не определено,Смартфоны,iOS,Wi-Fi,Мужской,25-34 года,2–5%,Не определено,1916597733861553174,Архивные,Комбинаторное,Термопанели с клинкерной плиткой - КлинкерПрофи,Клинкерный фасад без мокрых работ. Монтаж зимой до −15 °C. ППС и ППУ. Звоните!,https://marmara-pro.ru?utm_source=yandex&utm_medium=cpc&utm_campaign=termopaneli_priozersk_cpa_search&utm_content=search&utm_term={PHRASE},-,-,-,-,Текстово-графический,Оригинальный,0.00,0,0,-,-,1,-,0.00,0.09,0.00,8.50,5.00,-,-,-
"Приозерский район, Поиск   от 25-07-2026",713047408,21.08.2026,Приозерский район,5776633358,Автотаргетинг,,-,0,-,0,как закрыть торец дома под углом,Сопутствующие запросы,Запросы без упоминания брендов,-,,Термопанели с клинкерной плиткой — КлинкерПрофи,,,Поиск,Спецразмещение,Не определено,Смартфоны,iOS,Wi-Fi,Мужской,25-34 года,2–5%,Не определено,1918168175770350076,Активные,Страницы каталога,Термопанели с клинкерной плиткой. Производство в Выборге,"Фасадные термопанели с клинкером. Производство в Выборге, доставка по СПб...",https://marmara-pro.ru/termo?utm_source=yandex&utm_medium=cpc&utm_campaign=termopaneli_priozersk_cpa_search&utm_content=search&utm_term={PHRASE},-,-,-,-,Текстово-графический,Автоматический,0.00,0,0,-,-,1,-,0.00,1.00,0.00,100.00,-,-,-,-
"Приозерский район, Поиск   от 25-07-2026",713047408,21.08.2026,Приозерский район,5776633358,Автотаргетинг,,-,0,-,0,как на пеноплекс крепить фасадную панель,Сопутствующие запросы,Запросы без упоминания брендов,-,,,,,Поиск,Спецразмещение,Не определено,Смартфоны,Android,Wi-Fi,Мужской,Старше 55,Остальные,Не определено,1916597733861553174,Архивные,Комбинаторное,Утепление фасада термопанелями,Утепление и фасад за один этап. Производство в Выборге. Доставка по Ленобласти.,https://marmara-pro.ru?utm_source=yandex&utm_medium=cpc&utm_campaign=termopaneli_priozersk_cpa_search&utm_content=search&utm_term={PHRASE},-,-,-,-,Текстово-графический,Оригинальный,0.00,1,0,0.00,-,0,0.00,-,0.00,-,-,-,1.00,-,-
"Приозерский район, Поиск   от 25-07-2026",713047408,21.08.2026,Приозерский район,5776633358,Автотаргетинг,,-,0,-,0,какие виды каркасных домов существуют,Сопутствующие запросы,Запросы без упоминания брендов,-,,,,,Поиск,Прочее,Не определено,Смартфоны,Android,Wi-Fi,Женский,Старше 55,Остальные,Не определено,1916597733861553174,Активные,Комбинаторное,Термопанели для дома в Приозерске,Срок службы 25–50 лет. Не требуют покраски. Подберём толщину под ваш дом.,https://marmara-pro.ru?utm_source=yandex&utm_medium=cpc&utm_campaign=termopaneli_priozersk_cpa_search&utm_content=search&utm_term={PHRASE},-,-,-,-,Текстово-графический,Автоматический,0.00,0,0,-,-,1,-,0.00,1.00,0.00,100.00,5.00,-,-,-
"Приозерский район, Поиск   от 25-07-2026",713047408,21.08.2026,Приозерский район,5776633358,Автотаргетинг,,-,0,-,0,какие лучшие газосварочные панели сейчас,Сопутствующие запросы,Запросы без упоминания брендов,-,,,,,Поиск,Спецразмещение,Не определено,Смартфоны,iOS,Мобильная связь,Женский,Старше 55,Остальные,Не определено,1916597733861553174,Активные,Комбинаторное,Фасадные термопанели с клинкером,Утепление и фасад за один этап. Производство в Выборге. Доставка по Ленобласти.,https://marmara-pro.ru?utm_source=yandex&utm_medium=cpc&utm_campaign=termopaneli_priozersk_cpa_search&utm_content=search&utm_term={PHRASE},-,-,-,-,Текстово-графический,Автоматический,0.00,0,0,-,-,1,-,0.00,1.14,0.00,113.77,1.00,-,-,-
"Приозерский район, Поиск   от 25-07-2026",713047408,21.08.2026,Приозерский район,5776633358,Автотаргетинг,,-,0,-,0,каркасник черные панели,Сопутствующие запросы,Запросы без упоминания брендов,-,,,,,Поиск,Прочее,Не определено,Смартфоны,iOS,Wi-Fi,Мужской,45-54 года,Остальные,Не определено,1916597733861553174,Архивные,Комбинаторное,Клинкерные термопанели — КлинкерПрофи,Утепление и фасад за один этап. Производство в Выборге. Доставка по Ленобласти.,https://marmara-pro.ru?utm_source=yandex&utm_medium=cpc&utm_campaign=termopaneli_priozersk_cpa_search&utm_content=search&utm_term={PHRASE},-,-,-,-,Текстово-графический,Оригинальный,0.00,0,0,-,-,1,-,0.00,1.00,0.00,100.00,5.00,-,-,-
"Приозерский район, Поиск   от 25-07-2026",713047408,21.08.2026,Приозерский район,5776633358,Автотаргетинг,,-,0,-,0,каркасник черные панели,Сопутствующие запросы,Запросы без упоминания брендов,-,,Термопанель Колорадо 4 (32 шт),,,Поиск,Спецразмещение,Не определено,Смартфоны,iOS,Wi-Fi,Мужской,45-54 года,Остальные,Не определено,1918168175770350076,Активные,Страницы каталога,Термопанель Колорадо 4 (32 шт),"Фасадная термопанель на основе пенополистирола плотностью 25 кг/м3, с клинкерной...",https://marmara-pro.ru/termo/tproduct/2229245581-395566131472-termopanel-kolorado-4-32-sht?utm_source=yandex&utm_medium=cpc&utm_campaign=termopaneli_priozersk_cpa_search&utm_content=search&utm_term={PHRASE},-,-,-,-,Текстово-графический,Автоматический,0.00,0,0,-,-,1,-,0.00,0.73,0.00,73.29,1.00,-,-,-
"Приозерский район, Поиск   от 25-07-2026",713047408,21.08.2026,Приозерский район,5776633358,Автотаргетинг,,-,0,-,0,кирпич тонкий облицовочный для внешней отделки,Альтернативные запросы,Запросы без упоминания брендов,-,,Термопанели с клинкерной плиткой — КлинкерПрофи,,,Поиск,Спецразмещение,Не определено,Десктопы,Не определён,Wi-Fi,Женский,45-54 года,6–10%,Не определено,1918168175770350076,Активные,Страницы каталога,Термопанели с клинкерной плиткой. Производство в Выборге,"Фасадные термопанели с клинкером. Производство в Выборге, доставка по СПб...",https://marmara-pro.ru/termo?utm_source=yandex&utm_medium=cpc&utm_campaign=termopaneli_priozersk_cpa_search&utm_content=search&utm_term={PHRASE},-,-,-,-,Текстово-графический,Автоматический,0.00,0,0,-,-,1,-,0.00,0.58,0.00,58.23,3.00,-,-,-
"Приозерский район, Поиск   от 25-07-2026",713047408,21.08.2026,Приозерский район,5776633358,Автотаргетинг,,-,0,-,0,клинкерная плитка под кирпич для наружной отделки,Альтернативные запросы,Запросы без упоминания брендов,-,,,,,Поиск,Спецразмещение,Не определено,Смартфоны,iOS,Wi-Fi,Женский,Старше 55,Остальные,Не определено,1916597733861553174,Активные,Комбинаторное,Термопанели с клинкерной плиткой - КлинкерПрофи,Срок службы 25–50 лет. Не требуют покраски. Подберём толщину под ваш дом.,https://marmara-pro.ru?utm_source=yandex&utm_medium=cpc&utm_campaign=termopaneli_priozersk_cpa_search&utm_content=search&utm_term={PHRASE},-,-,-,-,Текстово-графический,Автоматический,0.00,0,0,-,-,1,-,0.00,0.66,0.00,65.74,3.00,-,-,-
"Приозерский район, Поиск   от 25-07-2026",713047408,21.08.2026,Приозерский район,5776633358,Автотаргетинг,,-,0,-,0,клинкерная плитка термостойкая,Альтернативные запросы,Запросы без упоминания брендов,-,,Термопанели с клинкерной плиткой — КлинкерПрофи,,,Поиск,Спецразмещение,Не определено,Смартфоны,iOS,Wi-Fi,Женский,25-34 года,Остальные,Не определено,1918168175770350076,Активные,Страницы каталога,Термопанели с клинкерной плиткой. Производство в Выборге,"Фасадные термопанели с клинкером. Производство в Выборге, доставка по СПб...",https://marmara-pro.ru/termo?utm_source=yandex&utm_medium=cpc&utm_campaign=termopaneli_priozersk_cpa_search&utm_content=search&utm_term={PHRASE},-,-,-,-,Текстово-графический,Автоматический,0.00,0,0,-,-,1,-,0.00,0.94,0.00,94.20,1.00,-,-,-
"Приозерский район, Поиск   от 25-07-2026",713047408,21.08.2026,Приозерский район,5776633358,Автотаргетинг,,-,0,-,0,клинкерные термопанели для фасада,Целевые запросы,Запросы без упоминания брендов,-,,,,,Поиск,Спецразмещение,Не определено,Смартфоны,Android,Wi-Fi,Мужской,45-54 года,Остальные,Не определено,1916597733861553174,Активные,Комбинаторное,Фасадные термопанели с клинкером,Утепление и фасад за один этап. Производство в Выборге. Доставка по Ленобласти.,https://marmara-pro.ru?utm_source=yandex&utm_medium=cpc&utm_campaign=termopaneli_priozersk_cpa_search&utm_content=search&utm_term={PHRASE},-,-,-,-,Текстово-графический,Автоматический,0.00,0,0,-,-,1,-,0.00,0.56,0.00,55.72,2.00,-,-,-
"Приозерский район, Поиск   от 25-07-2026",713047408,21.08.2026,Приозерский район,5776633358,Автотаргетинг,,-,0,-,0,контрутепление каркасного дома снаружи,Сопутствующие запросы,Запросы без упоминания брендов,-,,,,,Поиск,Спецразмещение,Не определено,Смартфоны,Android,Wi-Fi,Женский,25-34 года,Остальные,Не определено,1916597733861553174,Архивные,Комбинаторное,Термопанели для дома в Приозерске,Утепление и фасад за один этап. Производство в Выборге. Доставка по Ленобласти.,https://marmara-pro.ru?utm_source=yandex&utm_medium=cpc&utm_campaign=termopaneli_priozersk_cpa_search&utm_content=search&utm_term={PHRASE},-,-,-,-,Текстово-графический,Оригинальный,0.00,0,0,-,-,1,-,0.00,1.00,0.00,100.00,-,-,-,-
"Приозерский район, Поиск   от 25-07-2026",713047408,21.08.2026,Приозерский район,5776633358,Автотаргетинг,,-,0,-,0,контрутепление каркасного дома снаружи,Сопутствующие запросы,Запросы без упоминания брендов,-,,,,,Поиск,Прочее,Не определено,Смартфоны,Android,Мобильная связь,Женский,25-34 года,Остальные,Не определено,1916597733861553174,Архивные,Комбинаторное,Термопанели для дома в Приозерске,Утепление и фасад за один этап. Производство в Выборге. Доставка по Ленобласти.,https://marmara-pro.ru?utm_source=yandex&utm_medium=cpc&utm_campaign=termopaneli_priozersk_cpa_search&utm_content=search&utm_term={PHRASE},-,-,-,-,Текстово-графический,Оригинальный,0.00,0,0,-,-,1,-,0.00,0.09,0.00,8.50,5.00,-,-,-
"Приозерский район, Поиск   от 25-07-2026",713047408,21.08.2026,Приозерский район,5776633358,Автотаргетинг,,-,0,-,0,минерит купить,Альтернативные запросы,Запросы без упоминания брендов,-,,Термопанель Колорадо 2 (32 шт),,,Поиск,Спецразмещение,Не определено,Смартфоны,Android,Wi-Fi,Мужской,45-54 года,Остальные,Не определено,1918168175770350076,Активные,Страницы каталога,Термопанель Колорадо 2 (32 шт),Термопанели с клинкерной плиткой. Производство в Выборге. Доставка.,https://marmara-pro.ru/termo/tproduct/2229245581-979993457482-termopanel-kolorado-2-32-sht?utm_source=yandex&utm_medium=cpc&utm_campaign=termopaneli_priozersk_cpa_search&utm_content=search&utm_term={PHRASE},-,-,-,-,Текстово-графический,Автоматический,0.00,0,0,-,-,1,-,0.00,0.85,0.00,84.64,1.00,-,-,-
"Приозерский район, Поиск   от 25-07-2026",713047408,21.08.2026,Приозерский район,5776633358,Автотаргетинг,,-,0,-,0,минерит купить,Альтернативные запросы,Запросы без упоминания брендов,-,,Термопанель Колорадо 2 (32 шт),,,Поиск,Прочее,Не определено,Смартфоны,Android,Wi-Fi,Мужской,45-54 года,Остальные,Не определено,1918168175770350076,Активные,Страницы каталога,Термопанель Колорадо 2 (32 шт),Термопанели с клинкерной плиткой. Производство в Выборге. Доставка.,https://marmara-pro.ru/termo/tproduct/2229245581-979993457482-termopanel-kolorado-2-32-sht?utm_source=yandex&utm_medium=cpc&utm_campaign=termopaneli_priozersk_cpa_search&utm_content=search&utm_term={PHRASE},-,-,-,-,Текстово-графический,Автоматический,0.00,0,0,-,-,1,-,0.00,1.37,0.00,136.91,5.00,-,-,-
"Приозерский район, Поиск   от 25-07-2026",713047408,21.08.2026,Приозерский район,5776633358,Автотаргетинг,,-,0,-,0,можно ли сруб утеплить утеплителем,Сопутствующие запросы,Запросы без упоминания брендов,-,,,,,Поиск,Спецразмещение,Не определено,Десктопы,Не определён,Wi-Fi,Мужской,45-54 года,Остальные,Не определено,1916597733861553174,Активные,Комбинаторное,Термопанели для дома в Приозерске,Утепление и фасад за один этап. Производство в Выборге. Доставка по Ленобласти.,https://marmara-pro.ru?utm_source=yandex&utm_medium=cpc&utm_campaign=termopaneli_priozersk_cpa_search&utm_content=search&utm_term={PHRASE},-,-,-,-,Текстово-графический,Автоматический,0.00,0,0,-,-,1,-,0.00,1.71,0.00,171.41,1.00,-,-,-
"Приозерский район, Поиск   от 25-07-2026",713047408,21.08.2026,Приозерский район,5776633358,Автотаргетинг,,-,0,-,0,можно ли сруб утеплить утеплителем,Сопутствующие запросы,Запросы без упоминания брендов,-,,,,,Поиск,Прочее,Не определено,Десктопы,Не определён,Wi-Fi,Мужской,45-54 года,Остальные,Не определено,1916597733861553174,Активные,Комбинаторное,Термопанели для дома в Приозерске,Утепление и фасад за один этап. Производство в Выборге. Доставка по Ленобласти.,https://marmara-pro.ru?utm_source=yandex&utm_medium=cpc&utm_campaign=termopaneli_priozersk_cpa_search&utm_content=search&utm_term={PHRASE},-,-,-,-,Текстово-графический,Оригинальный,0.00,0,0,-,-,1,-,0.00,1.00,0.00,100.00,5.00,-,-,-
"Приозерский район, Поиск   от 25-07-2026",713047408,21.08.2026,Приозерский район,5776633358,Автотаргетинг,,-,0,-,0,облицовка дома доской,Альтернативные запросы,Запросы без упоминания брендов,-,,,,,Поиск,Спецразмещение,Не определено,Смартфоны,Android,Wi-Fi,Мужской,Старше 55,Остальные,Не определено,1916597733861553174,Архивные,Комбинаторное,Фасадные термопанели с клинкером,Утепление и фасад за один этап. Производство в Выборге. Доставка по Ленобласти.,https://marmara-pro.ru?utm_source=yandex&utm_medium=cpc&utm_campaign=termopaneli_priozersk_cpa_search&utm_content=search&utm_term={PHRASE},-,-,-,-,Текстово-графический,Оригинальный,0.00,0,0,-,-,1,-,0.00,0.60,0.00,59.51,3.00,-,-,-
"Приозерский район, Поиск   от 25-07-2026",713047408,21.08.2026,Приозерский район,5776633358,Автотаргетинг,,-,0,-,0,облицовка дома доской сколько стоит,Альтернативные запросы,Запросы без упоминания брендов,-,,,,,Поиск,Прочее,Не определено,Смартфоны,Android,Wi-Fi,Мужской,Старше 55,Остальные,Не определено,1916597733861553174,Архивные,Комбинаторное,Фасадные термопанели с клинкером,Утепление и фасад за один этап. Производство в Выборге. Доставка по Ленобласти.,https://marmara-pro.ru?utm_source=yandex&utm_medium=cpc&utm_campaign=termopaneli_priozersk_cpa_search&utm_content=search&utm_term={PHRASE},-,-,-,-,Текстово-графический,Оригинальный,0.00,0,0,-,-,1,-,0.00,0.09,0.00,8.50,5.00,-,-,-
"Приозерский район, Поиск   от 25-07-2026",713047408,21.08.2026,Приозерский район,5776633358,Автотаргетинг,,-,0,-,0,обшивка цсп,Альтернативные запросы,Запросы без упоминания брендов,-,,,,,Поиск,Спецразмещение,Не определено,Смартфоны,iOS,Wi-Fi,Не определен,Не определен,Остальные,Не определено,1916597733861553174,Активные,Комбинаторное,Клинкерные термопанели — КлинкерПрофи,Утепление и фасад за один этап. Производство в Выборге. Доставка по Ленобласти.,https://marmara-pro.ru?utm_source=yandex&utm_medium=cpc&utm_campaign=termopaneli_priozersk_cpa_search&utm_content=search&utm_term={PHRASE},-,-,-,-,Текстово-графический,Оригинальный,0.00,0,0,-,-,1,-,0.00,1.00,0.00,100.00,-,-,-,-
"Приозерский район, Поиск   от 25-07-2026",713047408,21.08.2026,Приозерский район,5776633358,Автотаргетинг,,-,0,-,0,отделка оконного проема снаружи,Сопутствующие запросы,Запросы без упоминания брендов,-,,Термопанели с клинкерной плиткой — КлинкерПрофи,,,Поиск,Спецразмещение,Не определено,Смартфоны,Android,Wi-Fi,Мужской,45-54 года,6–10%,Не определено,1918168175770350076,Активные,Страницы каталога,Термопанели с клинкерной плиткой. Производство в Выборге,"Фасадные термопанели с клинкером. Производство в Выборге, доставка по СПб...",https://marmara-pro.ru/termo?utm_source=yandex&utm_medium=cpc&utm_campaign=termopaneli_priozersk_cpa_search&utm_content=search&utm_term={PHRASE},-,-,-,-,Текстово-графический,Автоматический,0.00,0,0,-,-,1,-,0.00,1.16,0.00,115.72,1.00,-,-,-
"Приозерский район, Поиск   от 25-07-2026",713047408,21.08.2026,Приозерский район,5776633358,Автотаргетинг,,-,0,-,0,панели для обшивки дома под камень,Альтернативные запросы,Запросы без упоминания брендов,-,,,,,Поиск,Спецразмещение,Не определено,Смартфоны,Android,Мобильная связь,Мужской,Старше 55,Остальные,Не определено,1916597733861553174,Активные,Комбинаторное,Фасадные термопанели с клинкером,Утепление и фасад за один этап. Производство в Выборге. Доставка по Ленобласти.,https://marmara-pro.ru?utm_source=yandex&utm_medium=cpc&utm_campaign=termopaneli_priozersk_cpa_search&utm_content=search&utm_term={PHRASE},-,-,-,-,Текстово-графический,Автоматический,0.00,0,0,-,-,1,-,0.00,0.89,0.00,88.80,1.00,-,-,-
"Приозерский район, Поиск   от 25-07-2026",713047408,21.08.2026,Приозерский район,5776633358,Автотаргетинг,,-,0,-,0,панели для обшивки дома под камень техоснастка,Альтернативные запросы,Запросы без упоминания брендов,-,,,,,Поиск,Прочее,Не определено,Смартфоны,Android,Мобильная связь,Мужской,Старше 55,Остальные,Не определено,1916597733861553174,Активные,Комбинаторное,Термопанели для дома в Приозерске,Клинкерный фасад без мокрых работ. Монтаж зимой до −15 °C. ППС и ППУ. Звоните!,https://marmara-pro.ru?utm_source=yandex&utm_medium=cpc&utm_campaign=termopaneli_priozersk_cpa_search&utm_content=search&utm_term={PHRASE},-,-,-,-,Текстово-графический,Автоматический,0.00,0,0,-,-,1,-,0.00,1.21,0.00,120.66,5.00,-,-,-
"Приозерский район, Поиск   от 25-07-2026",713047408,21.08.2026,Приозерский район,5776633358,Автотаргетинг,,-,0,-,0,панели для обшивки дома под камень техоснастка леон эко 1,Альтернативные запросы,Запросы с упоминанием брендов конкурентов,-,,,,,Поиск,Спецразмещение,Не определено,Смартфоны,Android,Мобильная связь,Мужской,Старше 55,Остальные,Не определено,1916597733861553174,Активные,Комбинаторное,Фасадные термопанели с клинкером,Утепление и фасад за один этап. Производство в Выборге. Доставка по Ленобласти.,https://marmara-pro.ru?utm_source=yandex&utm_medium=cpc&utm_campaign=termopaneli_priozersk_cpa_search&utm_content=search&utm_term={PHRASE},-,-,-,-,Текстово-графический,Автоматический,0.00,0,0,-,-,1,-,0.00,0.51,0.00,50.55,2.00,-,-,-
"Приозерский район, Поиск   от 25-07-2026",713047408,21.08.2026,Приозерский район,5776633358,Автотаргетинг,,-,0,-,0,панели для обшивки фундамента дома снаружи,Альтернативные запросы,Запросы без упоминания брендов,-,,,,,Поиск,Спецразмещение,Не определено,Смартфоны,Android,Wi-Fi,Мужской,Старше 55,Остальные,Не определено,1916597733861553174,Активные,Комбинаторное,Производство в Выборге — доставка в район,Клинкерный фасад без мокрых работ. Монтаж зимой до −15 °C. ППС и ППУ. Звоните!,https://marmara-pro.ru?utm_source=yandex&utm_medium=cpc&utm_campaign=termopaneli_priozersk_cpa_search&utm_content=search&utm_term={PHRASE},-,-,-,-,Текстово-графический,Автоматический,0.00,0,0,-,-,1,-,0.00,0.76,0.00,76.40,3.00,-,-,-
"Приозерский район, Поиск   от 25-07-2026",713047408,21.08.2026,Приозерский район,5776633358,Автотаргетинг,,-,0,-,0,панели для обшивки фундамента дома снаружи,Широкие запросы,Запросы без упоминания брендов,-,,,,,Поиск,Прочее,Не определено,Смартфоны,Android,Wi-Fi,Мужской,Старше 55,Остальные,Не определено,1916597733861553174,Архивные,Комбинаторное,Фасадные термопанели с клинкером,Утепление и фасад за один этап. Производство в Выборге. Доставка по Ленобласти.,https://marmara-pro.ru?utm_source=yandex&utm_medium=cpc&utm_campaign=termopaneli_priozersk_cpa_search&utm_content=search&utm_term={PHRASE},-,-,-,-,Текстово-графический,Оригинальный,0.00,0,0,-,-,1,-,0.00,0.09,0.00,8.50,5.00,-,-,-
"Приозерский район, Поиск   от 25-07-2026",713047408,21.08.2026,Приозерский район,5776633358,Автотаргетинг,,-,0,-,0,панели для стен в коридоре,Широкие запросы,Запросы без упоминания брендов,-,,,,,Поиск,Спецразмещение,Не определено,Смартфоны,Android,Wi-Fi,Женский,45-54 года,Остальные,Не определено,1916597733861553174,Активные,Комбинаторное,Термопанели с клинкерной плиткой - КлинкерПрофи,Срок службы 25–50 лет. Не требуют покраски. Подберём толщину под ваш дом.,https://marmara-pro.ru?utm_source=yandex&utm_medium=cpc&utm_campaign=termopaneli_priozersk_cpa_search&utm_content=search&utm_term={PHRASE},-,-,-,-,Текстово-графический,Автоматический,0.00,0,0,-,-,1,-,0.00,1.04,0.00,104.18,1.00,-,-,-
"Приозерский район, Поиск   от 25-07-2026",713047408,21.08.2026,Приозерский район,5776633358,Автотаргетинг,,-,0,-,0,панели квик дек на стену,Альтернативные запросы,Запросы с упоминанием брендов конкурентов,-,,,,,Поиск,Спецразмещение,Не определено,Смартфоны,Android,Wi-Fi,Мужской,35-44 года,Остальные,Не определено,1916597733861553174,Архивные,Комбинаторное,Термопанели с клинкерной плиткой - КлинкерПрофи,Утепление и фасад за один этап. Производство в Выборге. Доставка по Ленобласти.,https://marmara-pro.ru?utm_source=yandex&utm_medium=cpc&utm_campaign=termopaneli_priozersk_cpa_search&utm_content=search&utm_term={PHRASE},-,-,-,-,Текстово-графический,Оригинальный,0.00,0,0,-,-,1,-,0.00,0.41,0.00,40.73,4.00,-,-,-
"Приозерский район, Поиск   от 25-07-2026",713047408,21.08.2026,Приозерский район,5776633358,Автотаргетинг,,-,0,-,0,пено пакет для утепления,Альтернативные запросы,Запросы без упоминания брендов,-,,,,,Поиск,Спецразмещение,Не определено,Смартфоны,Android,Wi-Fi,Мужской,35-44 года,6–10%,Не определено,1916597733861553174,Активные,Комбинаторное,Утепление фасада термопанелями,Утепление и фасад за один этап. Производство в Выборге. Доставка по Ленобласти.,https://marmara-pro.ru?utm_source=yandex&utm_medium=cpc&utm_campaign=termopaneli_priozersk_cpa_search&utm_content=search&utm_term={PHRASE},-,-,-,-,Текстово-графический,Автоматический,0.00,0,0,-,-,1,-,0.00,0.71,0.00,70.97,1.00,-,-,-
"Приозерский район, Поиск   от 25-07-2026",713047408,21.08.2026,Приозерский район,5776633358,Автотаргетинг,,-,0,-,0,пеноплекс 50 мм сколько в упаковке штук,Сопутствующие запросы,Запросы с упоминанием брендов конкурентов,-,,,,,Поиск,Спецразмещение,Не определено,Смартфоны,Android,Wi-Fi,Мужской,45-54 года,Остальные,Не определено,1916597733861553174,Активные,Комбинаторное,Производство в Выборге — доставка в район,Утепление и фасад за один этап. Производство в Выборге. Доставка по Ленобласти.,https://marmara-pro.ru?utm_source=yandex&utm_medium=cpc&utm_campaign=termopaneli_priozersk_cpa_search&utm_content=search&utm_term={PHRASE},-,-,-,-,Текстово-графический,Автоматический,0.00,0,0,-,-,1,-,0.00,0.81,0.00,80.81,1.00,-,-,-
"Приозерский район, Поиск   от 25-07-2026",713047408,21.08.2026,Приозерский район,5776633358,Автотаргетинг,,-,0,-,0,пеноплекс 50 мм сколько в упаковке штук,Сопутствующие запросы,Запросы с упоминанием брендов конкурентов,-,,,,,Поиск,Прочее,Не определено,Смартфоны,Android,Wi-Fi,Мужской,45-54 года,Остальные,Не определено,1916597733861553174,Активные,Комбинаторное,Производство в Выборге — доставка в район,Утепление и фасад за один этап. Производство в Выборге. Доставка по Ленобласти.,https://marmara-pro.ru?utm_source=yandex&utm_medium=cpc&utm_campaign=termopaneli_priozersk_cpa_search&utm_content=search&utm_term={PHRASE},-,-,-,-,Текстово-графический,Оригинальный,0.00,0,0,-,-,1,-,0.00,1.00,0.00,100.00,5.00,-,-,-
"Приозерский район, Поиск   от 25-07-2026",713047408,21.08.2026,Приозерский район,5776633358,Автотаргетинг,,-,0,-,0,пеноплекс 50 цена за м2,Альтернативные запросы,Запросы с упоминанием брендов конкурентов,-,,,,,Поиск,Спецразмещение,Не определено,Смартфоны,Android,Wi-Fi,Мужской,Старше 55,Остальные,Не определено,1916597733861553174,Активные,Комбинаторное,Термопанели для дома в Приозерске,Утепление и фасад за один этап. Производство в Выборге. Доставка по Ленобласти.,https://marmara-pro.ru?utm_source=yandex&utm_medium=cpc&utm_campaign=termopaneli_priozersk_cpa_search&utm_content=search&utm_term={PHRASE},-,-,-,-,Текстово-графический,Автоматический,0.00,1,0,0.00,-,1,0.00,100.00,0.82,121.45,82.34,1.00,1.00,0.00,3.00
"Приозерский район, Поиск   от 25-07-2026",713047408,21.08.2026,Приозерский район,5776633358,Автотаргетинг,,-,0,-,0,приозерск строительные магазины,Целевые запросы,Запросы без упоминания брендов,-,,,,,Поиск,Товарная галерея,Не определено,Смартфоны,Android,Мобильная связь,Мужской,35-44 года,6–10%,Не определено,1916597733861553174,Активные,Комбинаторное,Производство в Выборге — доставка в район,Срок службы 25–50 лет. Не требуют покраски. Подберём толщину под ваш дом.,https://marmara-pro.ru?utm_source=yandex&utm_medium=cpc&utm_campaign=termopaneli_priozersk_cpa_search&utm_content=search&utm_term={PHRASE},http://direct.yandex.ru/images/direct/5347710/IQolrV6N3GE66OPIldGIug,карусель 4-3_03.jpg,-,-,Текстово-графический,Оригинальный,0.00,0,0,-,-,1,-,0.00,1.14,0.00,114.33,1.00,-,-,-
"Приозерский район, Поиск   от 25-07-2026",713047408,21.08.2026,Приозерский район,5776633358,Автотаргетинг,,-,0,-,0,приозерский район поселок ромашки строительный магазин,Широкие запросы,Запросы без упоминания брендов,-,,,,,Поиск,Спецразмещение,Не определено,Смартфоны,Android,Wi-Fi,Мужской,45-54 года,Остальные,Не определено,1916597733861553174,Архивные,Комбинаторное,Производство в Выборге — доставка в район,Клинкерный фасад без мокрых работ. Монтаж зимой до −15 °C. ППС и ППУ. Звоните!,https://marmara-pro.ru?utm_source=yandex&utm_medium=cpc&utm_campaign=termopaneli_priozersk_cpa_search&utm_content=search&utm_term={PHRASE},-,-,-,-,Текстово-графический,Оригинальный,0.00,0,0,-,-,1,-,0.00,0.58,0.00,58.33,2.00,-,-,-
"Приозерский район, Поиск   от 25-07-2026",713047408,21.08.2026,Приозерский район,5776633358,Автотаргетинг,,-,0,-,0,сем обшить колонну на каменном доме,Сопутствующие запросы,Запросы без упоминания брендов,-,,,,,Поиск,Прочее,Не определено,Смартфоны,iOS,Wi-Fi,Женский,35-44 года,2–5%,Не определено,1916597733861553174,Активные,Комбинаторное,Фасадные термопанели с клинкером,Утепление и фасад за один этап. Производство в Выборге. Доставка по Ленобласти.,https://marmara-pro.ru?utm_source=yandex&utm_medium=cpc&utm_campaign=termopaneli_priozersk_cpa_search&utm_content=search&utm_term={PHRASE},-,-,-,-,Текстово-графический,Оригинальный,0.00,0,0,-,-,1,-,0.00,0.42,0.00,41.63,6.00,-,-,-
"Приозерский район, Поиск   от 25-07-2026",713047408,21.08.2026,Приозерский район,5776633358,Автотаргетинг,,-,0,-,0,скандинавские фасады,Альтернативные запросы,Запросы без упоминания брендов,-,,,,,Поиск,Спецразмещение,Не определено,Смартфоны,Android,Wi-Fi,Мужской,25-34 года,Остальные,Не определено,1916597733861553174,Активные,Комбинаторное,Фасадные термопанели с клинкером,Утепление и фасад за один этап. Производство в Выборге. Доставка по Ленобласти.,https://marmara-pro.ru?utm_source=yandex&utm_medium=cpc&utm_campaign=termopaneli_priozersk_cpa_search&utm_content=search&utm_term={PHRASE},-,-,-,-,Текстово-графический,Автоматический,0.00,0,0,-,-,1,-,0.00,0.78,0.00,77.57,1.00,-,-,-
"Приозерский район, Поиск   от 25-07-2026",713047408,21.08.2026,Приозерский район,5776633358,Автотаргетинг,,-,0,-,0,скандинавские фасады,Альтернативные запросы,Запросы без упоминания брендов,-,,,,,Поиск,Прочее,Не определено,Смартфоны,Android,Wi-Fi,Мужской,25-34 года,Остальные,Не определено,1916597733861553174,Активные,Комбинаторное,Термопанели с клинкерной плиткой - КлинкерПрофи,Утепление и фасад за один этап. Производство в Выборге. Доставка по Ленобласти.,https://marmara-pro.ru?utm_source=yandex&utm_medium=cpc&utm_campaign=termopaneli_priozersk_cpa_search&utm_content=search&utm_term={PHRASE},-,-,-,-,Текстово-графический,Автоматический,0.00,0,0,-,-,1,-,0.00,1.00,0.00,100.00,5.00,-,-,-
"Приозерский район, Поиск   от 25-07-2026",713047408,21.08.2026,Приозерский район,5776633358,Автотаргетинг,,-,0,-,0,строительный магазин в мельниково,Широкие запросы,Запросы без упоминания брендов,-,,,,,Поиск,Прочее,Не определено,Смартфоны,Android,Мобильная связь,Мужской,45-54 года,Остальные,Не определено,1916597733861553174,Архивные,Комбинаторное,Производство в Выборге — доставка в район,Клинкерный фасад без мокрых работ. Монтаж зимой до −15 °C. ППС и ППУ. Звоните!,https://marmara-pro.ru?utm_source=yandex&utm_medium=cpc&utm_campaign=termopaneli_priozersk_cpa_search&utm_content=search&utm_term={PHRASE},-,-,-,-,Текстово-графический,Оригинальный,0.00,0,0,-,-,1,-,0.00,0.09,0.00,8.50,5.00,-,-,-
"Приозерский район, Поиск   от 25-07-2026",713047408,21.08.2026,Приозерский район,5776633358,Автотаргетинг,,-,0,-,0,строительный магазин в ромашках,Широкие запросы,Запросы без упоминания брендов,-,,,,,Поиск,Спецразмещение,Не определено,Смартфоны,Android,Wi-Fi,Мужской,45-54 года,Остальные,Не определено,1916597733861553174,Архивные,Комбинаторное,Производство в Выборге — доставка в район,Клинкерный фасад без мокрых работ. Монтаж зимой до −15 °C. ППС и ППУ. Звоните!,https://marmara-pro.ru?utm_source=yandex&utm_medium=cpc&utm_campaign=termopaneli_priozersk_cpa_search&utm_content=search&utm_term={PHRASE},-,-,-,-,Текстово-графический,Оригинальный,0.00,0,0,-,-,1,-,0.00,0.96,0.00,95.76,1.00,-,-,-
"Приозерский район, Поиск   от 25-07-2026",713047408,21.08.2026,Приозерский район,5776633358,Автотаргетинг,,-,0,-,0,строительный магазин на улице проспект просвещения,Альтернативные запросы,Запросы без упоминания брендов,-,,,,,Поиск,Прочее,Не определено,Смартфоны,iOS,Wi-Fi,Женский,35-44 года,6–10%,Не определено,1916597733861553174,Активные,Комбинаторное,Производство в Выборге — доставка в район,Срок службы 25–50 лет. Не требуют покраски. Подберём толщину под ваш дом.,https://marmara-pro.ru?utm_source=yandex&utm_medium=cpc&utm_campaign=termopaneli_priozersk_cpa_search&utm_content=search&utm_term={PHRASE},-,-,-,-,Текстово-графический,Оригинальный,0.00,0,0,-,-,1,-,0.00,0.09,0.00,8.50,5.00,-,-,-
"Приозерский район, Поиск   от 25-07-2026",713047408,21.08.2026,Приозерский район,5776633358,Автотаргетинг,,-,0,-,0,строительный магазин приозерск,Широкие запросы,Запросы без упоминания брендов,-,,,,,Поиск,Прочее,Не определено,Смартфоны,Android,Wi-Fi,Мужской,35-44 года,Остальные,Не определено,1916597733861553174,Архивные,Комбинаторное,Производство в Выборге — доставка в район,Утепление и фасад за один этап. Производство в Выборге. Доставка по Ленобласти.,https://marmara-pro.ru?utm_source=yandex&utm_medium=cpc&utm_campaign=termopaneli_priozersk_cpa_search&utm_content=search&utm_term={PHRASE},-,-,-,-,Текстово-графический,Оригинальный,0.00,0,0,-,-,1,-,0.00,0.09,0.00,8.50,5.00,-,-,-
"Приозерский район, Поиск   от 25-07-2026",713047408,21.08.2026,Приозерский район,5776633358,Автотаргетинг,,-,0,-,0,стройудача сосново каталог,Широкие запросы,Запросы с упоминанием брендов конкурентов,-,,,,,Поиск,Спецразмещение,Не определено,Смартфоны,Android,Wi-Fi,Мужской,45-54 года,Остальные,Не определено,1916597733861553174,Активные,Комбинаторное,Производство в Выборге — доставка в район,Срок службы 25–50 лет. Не требуют покраски. Подберём толщину под ваш дом.,https://marmara-pro.ru?utm_source=yandex&utm_medium=cpc&utm_campaign=termopaneli_priozersk_cpa_search&utm_content=search&utm_term={PHRASE},-,-,-,-,Текстово-графический,Автоматический,0.00,0,0,-,-,1,-,0.00,0.77,0.00,76.59,1.00,-,-,-
"Приозерский район, Поиск   от 25-07-2026",713047408,21.08.2026,Приозерский район,5776633358,Автотаргетинг,,-,0,-,0,стройудача сосново каталог,Широкие запросы,Запросы с упоминанием брендов конкурентов,-,,,,,Поиск,Прочее,Не определено,Смартфоны,Android,Wi-Fi,Мужской,45-54 года,Остальные,Не определено,1916597733861553174,Активные,Комбинаторное,Производство в Выборге — доставка в район,Срок службы 25–50 лет. Не требуют покраски. Подберём толщину под ваш дом.,https://marmara-pro.ru?utm_source=yandex&utm_medium=cpc&utm_campaign=termopaneli_priozersk_cpa_search&utm_content=search&utm_term={PHRASE},-,-,-,-,Текстово-графический,Автоматический,0.00,0,0,-,-,1,-,0.00,1.00,0.00,100.00,5.00,-,-,-
"Приозерский район, Поиск   от 25-07-2026",713047408,21.08.2026,Приозерский район,5776633358,Автотаргетинг,,-,0,-,0,термопанели,Широкие запросы,Запросы без упоминания брендов,-,,,,,Поиск,Спецразмещение,Не определено,Смартфоны,iOS,Wi-Fi,Мужской,25-34 года,2–5%,Не определено,1916597733861553174,Активные,Комбинаторное,Термопанели для дома в Приозерске,Утепление и фасад за один этап. Производство в Выборге. Доставка по Ленобласти.,https://marmara-pro.ru?utm_source=yandex&utm_medium=cpc&utm_campaign=termopaneli_priozersk_cpa_search&utm_content=search&utm_term={PHRASE},-,-,-,-,Текстово-графический,Автоматический,0.00,0,0,-,-,1,-,0.00,0.50,0.00,50.25,2.00,-,-,-
"Приозерский район, Поиск   от 25-07-2026",713047408,21.08.2026,Приозерский район,5776633358,Автотаргетинг,,-,0,-,0,термопанели для наружной отделки дома толщина,Сопутствующие запросы,Запросы без упоминания брендов,-,,,,,Поиск,Спецразмещение,Не определено,Смартфоны,Android,Wi-Fi,Мужской,Старше 55,Остальные,Не определено,1916597733861553174,Активные,Комбинаторное,Фасадные термопанели с клинкером,Утепление и фасад за один этап. Производство в Выборге. Доставка по Ленобласти.,https://marmara-pro.ru?utm_source=yandex&utm_medium=cpc&utm_campaign=termopaneli_priozersk_cpa_search&utm_content=search&utm_term={PHRASE},-,-,-,-,Текстово-графический,Автоматический,0.00,0,0,-,-,1,-,0.00,0.90,0.00,90.39,1.00,-,-,-
"Приозерский район, Поиск   от 25-07-2026",713047408,21.08.2026,Приозерский район,5776633358,Автотаргетинг,,-,0,-,0,термопанели под кирпич для наружной отделки от фабрики отзывы пользователей,Сопутствующие запросы,Запросы без упоминания брендов,-,,,,,Поиск,Прочее,Не определено,Смартфоны,iOS,Wi-Fi,Женский,Старше 55,Остальные,Не определено,1916597733861553174,Активные,Комбинаторное,Фасадные термопанели с клинкером,Срок службы 25–50 лет. Не требуют покраски. Подберём толщину под ваш дом.,https://marmara-pro.ru?utm_source=yandex&utm_medium=cpc&utm_campaign=termopaneli_priozersk_cpa_search&utm_content=search&utm_term={PHRASE},-,-,-,-,Текстово-графический,Автоматический,0.00,0,0,-,-,1,-,0.00,1.42,0.00,141.80,5.00,-,-,-
"Приозерский район, Поиск   от 25-07-2026",713047408,21.08.2026,Приозерский район,5776633358,Автотаргетинг,,-,0,-,0,термопанели под кирпич для наружной отделки от фабрики отзывы пользователей,Сопутствующие запросы,Запросы без упоминания брендов,-,,Термопанели с клинкерной плиткой — КлинкерПрофи,,,Поиск,Спецразмещение,Не определено,Смартфоны,iOS,Wi-Fi,Женский,Старше 55,Остальные,Не определено,1918168175770350076,Активные,Страницы каталога,Термопанели с клинкерной плиткой. Производство в Выборге,"Фасадные термопанели с клинкером. Производство в Выборге, доставка по СПб...",https://marmara-pro.ru/termo?utm_source=yandex&utm_medium=cpc&utm_campaign=termopaneli_priozersk_cpa_search&utm_content=search&utm_term={PHRASE},-,-,-,-,Текстово-графический,Автоматический,0.00,0,0,-,-,1,-,0.00,0.91,0.00,91.14,1.00,-,-,-
"Приозерский район, Поиск   от 25-07-2026",713047408,21.08.2026,Приозерский район,5776633358,Автотаргетинг,,-,0,-,0,термопанели под кирпич для наружной отделки от фабрики отзывы пользователей,Сопутствующие запросы,Запросы без упоминания брендов,-,,Термопанели с клинкерной плиткой — КлинкерПрофи,,,Поиск,Прочее,Не определено,Смартфоны,iOS,Wi-Fi,Женский,Старше 55,Остальные,Не определено,1918168175770350076,Активные,Страницы каталога,Термопанели с клинкерной плиткой. Производство в Выборге,"Фасадные термопанели с клинкером. Производство в Выборге, доставка по СПб...",https://marmara-pro.ru/termo?utm_source=yandex&utm_medium=cpc&utm_campaign=termopaneli_priozersk_cpa_search&utm_content=search&utm_term={PHRASE},-,-,-,-,Текстово-графический,Автоматический,0.00,0,0,-,-,1,-,0.00,1.42,0.00,141.80,5.00,-,-,-
"Приозерский район, Поиск   от 25-07-2026",713047408,21.08.2026,Приозерский район,5776633358,Автотаргетинг,,-,0,-,0,термоясень,Альтернативные запросы,Запросы без упоминания брендов,-,,,,,Поиск,Спецразмещение,Не определено,Смартфоны,iOS,Wi-Fi,Мужской,35-44 года,Топ 1%,Не определено,1916597733861553174,Активные,Комбинаторное,Клинкерные термопанели — КлинкерПрофи,Срок службы 25–50 лет. Не требуют покраски. Подберём толщину под ваш дом.,https://marmara-pro.ru?utm_source=yandex&utm_medium=cpc&utm_campaign=termopaneli_priozersk_cpa_search&utm_content=search&utm_term={PHRASE},-,-,-,-,Текстово-графический,Автоматический,0.00,0,0,-,-,1,-,0.00,0.26,0.00,25.57,4.00,-,-,-
"Приозерский район, Поиск   от 25-07-2026",713047408,21.08.2026,Приозерский район,5776633358,Автотаргетинг,,-,0,-,0,терраса загородного дома как закрыть от снега,Сопутствующие запросы,Запросы без упоминания брендов,-,,,,,Поиск,Прочее,Не определено,Смартфоны,Android,Wi-Fi,Женский,25-34 года,Остальные,Не определено,1916597733861553174,Активные,Комбинаторное,Клинкерные термопанели — КлинкерПрофи,Срок службы 25–50 лет. Не требуют покраски. Подберём толщину под ваш дом.,https://marmara-pro.ru?utm_source=yandex&utm_medium=cpc&utm_campaign=termopaneli_priozersk_cpa_search&utm_content=search&utm_term={PHRASE},-,-,-,-,Текстово-графический,Оригинальный,0.00,0,0,-,-,1,-,0.00,0.09,0.00,8.50,5.00,-,-,-
"Приозерский район, Поиск   от 25-07-2026",713047408,21.08.2026,Приозерский район,5776633358,Автотаргетинг,,-,0,-,0,толщина планкена для фасада,Сопутствующие запросы,Запросы без упоминания брендов,-,,,,,Поиск,Спецразмещение,Не определено,Смартфоны,iOS,Wi-Fi,Мужской,Старше 55,2–5%,Не определено,1916597733861553174,Активные,Комбинаторное,Фасадные термопанели с клинкером,Утепление и фасад за один этап. Производство в Выборге. Доставка по Ленобласти.,https://marmara-pro.ru?utm_source=yandex&utm_medium=cpc&utm_campaign=termopaneli_priozersk_cpa_search&utm_content=search&utm_term={PHRASE},-,-,-,-,Текстово-графический,Автоматический,0.00,0,0,-,-,1,-,0.00,0.68,0.00,68.26,3.00,-,-,-
"Приозерский район, Поиск   от 25-07-2026",713047408,21.08.2026,Приозерский район,5776633358,Автотаргетинг,,-,0,-,0,толщина сэндвич панелей для облицовки откосов,Сопутствующие запросы,Запросы без упоминания брендов,-,,,,,Поиск,Спецразмещение,Не определено,Планшеты,Android,Wi-Fi,Не определен,Не определен,Остальные,Не определено,1916597733861553174,Активные,Комбинаторное,Термопанели с клинкерной плиткой - КлинкерПрофи,Утепление и фасад за один этап. Производство в Выборге. Доставка по Ленобласти.,https://marmara-pro.ru?utm_source=yandex&utm_medium=cpc&utm_campaign=termopaneli_priozersk_cpa_search&utm_content=search&utm_term={PHRASE},-,-,-,-,Текстово-графический,Оригинальный,0.00,0,0,-,-,1,-,0.00,1.00,0.00,100.00,1.00,-,-,-
"Приозерский район, Поиск   от 25-07-2026",713047408,21.08.2026,Приозерский район,5776633358,Автотаргетинг,,-,0,-,0,угол наклона от 16 градусов,Сопутствующие запросы,Запросы без упоминания брендов,-,,,,,Поиск,Прочее,Не определено,Смартфоны,Android,Wi-Fi,Мужской,45-54 года,Остальные,Не определено,1916597733861553174,Архивные,Комбинаторное,Производство в Выборге — доставка в район,Срок службы 25–50 лет. Не требуют покраски. Подберём толщину под ваш дом.,https://marmara-pro.ru?utm_source=yandex&utm_medium=cpc&utm_campaign=termopaneli_priozersk_cpa_search&utm_content=search&utm_term={PHRASE},-,-,-,-,Текстово-графический,Оригинальный,0.00,0,0,-,-,1,-,0.00,0.77,0.00,76.79,5.00,-,-,-
"Приозерский район, Поиск   от 25-07-2026",713047408,21.08.2026,Приозерский район,5776633358,Автотаргетинг,,-,0,-,0,утеплитель,Альтернативные запросы,Запросы без упоминания брендов,-,,,,,Поиск,Спецразмещение,Не определено,Смартфоны,Android,Wi-Fi,Мужской,45-54 года,2–5%,Не определено,1916597733861553174,Архивные,Комбинаторное,Утепление фасада термопанелями,Утепление и фасад за один этап. Производство в Выборге. Доставка по Ленобласти.,https://marmara-pro.ru?utm_source=yandex&utm_medium=cpc&utm_campaign=termopaneli_priozersk_cpa_search&utm_content=search&utm_term={PHRASE},-,-,-,-,Текстово-графический,Оригинальный,0.00,0,0,-,-,1,-,0.00,0.22,0.00,22.29,4.00,-,-,-
"Приозерский район, Поиск   от 25-07-2026",713047408,21.08.2026,Приозерский район,5776633358,Автотаргетинг,,-,0,-,0,фабрика термопанелей вологда официальный сайт,Альтернативные запросы,Запросы с упоминанием брендов конкурентов,-,,,,,Поиск,Спецразмещение,Не определено,Смартфоны,Android,Wi-Fi,Мужской,Старше 55,Остальные,Не определено,1916597733861553174,Активные,Комбинаторное,Термопанели для дома в Приозерске,Утепление и фасад за один этап. Производство в Выборге. Доставка по Ленобласти.,https://marmara-pro.ru?utm_source=yandex&utm_medium=cpc&utm_campaign=termopaneli_priozersk_cpa_search&utm_content=search&utm_term={PHRASE},-,-,-,-,Текстово-графический,Оригинальный,0.00,0,0,-,-,1,-,0.00,0.78,0.00,77.88,1.00,-,-,-
"Приозерский район, Поиск   от 25-07-2026",713047408,21.08.2026,Приозерский район,5776633358,Автотаргетинг,,-,0,-,0,фабрика термопанелей вологда официальный сайт,Альтернативные запросы,Запросы с упоминанием брендов конкурентов,-,,,,,Поиск,Спецразмещение,Не определено,Смартфоны,Android,Wi-Fi,Мужской,Старше 55,Остальные,Не определено,1916597733861553174,Активные,Комбинаторное,Утепление фасада термопанелями,Клинкерный фасад без мокрых работ. Монтаж зимой до −15 °C. ППС и ППУ. Звоните!,https://marmara-pro.ru?utm_source=yandex&utm_medium=cpc&utm_campaign=termopaneli_priozersk_cpa_search&utm_content=search&utm_term={PHRASE},-,-,-,-,Текстово-графический,Оригинальный,0.00,0,0,-,-,1,-,0.00,0.78,0.00,77.96,1.00,-,-,-
"Приозерский район, Поиск   от 25-07-2026",713047408,21.08.2026,Приозерский район,5776633358,Автотаргетинг,,-,0,-,0,фасадные панели под натуральный камень,Широкие запросы,Запросы без упоминания брендов,-,,Термопанели с клинкерной плиткой — КлинкерПрофи,,,Поиск,Спецразмещение,Не определено,Смартфоны,iOS,Wi-Fi,Мужской,45-54 года,2–5%,Не определено,1918168175770350076,Активные,Страницы каталога,Термопанели с клинкерной плиткой. Производство в Выборге,"Фасадные термопанели с клинкером. Производство в Выборге, доставка по СПб...",https://marmara-pro.ru/termo?utm_source=yandex&utm_medium=cpc&utm_campaign=termopaneli_priozersk_cpa_search&utm_content=search&utm_term={PHRASE},-,-,-,-,Текстово-графический,Автоматический,0.00,0,0,-,-,1,-,0.00,0.56,0.00,56.37,3.00,-,-,-
"Приозерский район, Поиск   от 25-07-2026",713047408,21.08.2026,Приозерский район,5776633358,Автотаргетинг,,-,0,-,0,фасады здания два этажа ровная крыша,Сопутствующие запросы,Запросы без упоминания брендов,-,,,,,Поиск,Спецразмещение,Не определено,Смартфоны,Android,Wi-Fi,Мужской,35-44 года,6–10%,Не определено,1916597733861553174,Активные,Комбинаторное,Фасадные термопанели с клинкером,Утепление и фасад за один этап. Производство в Выборге. Доставка по Ленобласти.,https://marmara-pro.ru?utm_source=yandex&utm_medium=cpc&utm_campaign=termopaneli_priozersk_cpa_search&utm_content=search&utm_term={PHRASE},-,-,-,-,Текстово-графический,Оригинальный,0.00,0,0,-,-,1,-,0.00,1.00,0.00,100.00,-,-,-,-
"Приозерский район, Поиск   от 25-07-2026",713047408,21.08.2026,Приозерский район,5776633358,Автотаргетинг,,-,0,-,0,фасады здания два этажа ровная крыша,Сопутствующие запросы,Запросы без упоминания брендов,-,,,,,Поиск,Прочее,Не определено,Смартфоны,Android,Wi-Fi,Мужской,35-44 года,6–10%,Не определено,1916597733861553174,Активные,Комбинаторное,Фасадные термопанели с клинкером,Утепление и фасад за один этап. Производство в Выборге. Доставка по Ленобласти.,https://marmara-pro.ru?utm_source=yandex&utm_medium=cpc&utm_campaign=termopaneli_priozersk_cpa_search&utm_content=search&utm_term={PHRASE},-,-,-,-,Текстово-графический,Оригинальный,0.00,0,0,-,-,1,-,0.00,0.09,0.00,8.50,5.00,-,-,-
"Приозерский район, Поиск   от 25-07-2026",713047408,21.08.2026,Приозерский район,5776633358,Автотаргетинг,,-,0,-,0,цокольная панель,Широкие запросы,Запросы без упоминания брендов,-,,Термопанели с клинкерной плиткой — КлинкерПрофи,,,Поиск,Спецразмещение,Не определено,Смартфоны,Android,Wi-Fi,Женский,Старше 55,Остальные,Не определено,1918168175770350076,Активные,Страницы каталога,Термопанели с клинкерной плиткой. Производство в Выборге,"Фасадные термопанели с клинкером. Производство в Выборге, доставка по СПб...",https://marmara-pro.ru/termo?utm_source=yandex&utm_medium=cpc&utm_campaign=termopaneli_priozersk_cpa_search&utm_content=search&utm_term={PHRASE},-,-,-,-,Текстово-графический,Оригинальный,0.00,0,0,-,-,1,-,0.00,0.70,0.00,70.40,3.00,-,-,-
"Приозерский район, Поиск   от 25-07-2026",713047408,21.08.2026,Приозерский район,5776633358,Автотаргетинг,,-,0,-,0,чем закрыть стену из оцб от осадков,Сопутствующие запросы,Запросы без упоминания брендов,-,,,,,Поиск,Спецразмещение,Не определено,Смартфоны,Android,Wi-Fi,Мужской,Старше 55,2–5%,Не определено,1916597733861553174,Активные,Комбинаторное,Клинкерные термопанели — КлинкерПрофи,Срок службы 25–50 лет. Не требуют покраски. Подберём толщину под ваш дом.,https://marmara-pro.ru?utm_source=yandex&utm_medium=cpc&utm_campaign=termopaneli_priozersk_cpa_search&utm_content=search&utm_term={PHRASE},-,-,-,-,Текстово-графический,Автоматический,0.00,0,0,-,-,1,-,0.00,0.77,0.00,76.75,1.00,-,-,-
"Приозерский район, Поиск   от 25-07-2026",713047408,21.08.2026,Приозерский район,5776633358,Автотаргетинг,,-,0,-,0,чем закрыть стену из оцб от осадков,Сопутствующие запросы,Запросы без упоминания брендов,-,,,,,Поиск,Прочее,Не определено,Смартфоны,Android,Wi-Fi,Мужской,Старше 55,2–5%,Не определено,1916597733861553174,Активные,Комбинаторное,Клинкерные термопанели — КлинкерПрофи,Срок службы 25–50 лет. Не требуют покраски. Подберём толщину под ваш дом.,https://marmara-pro.ru?utm_source=yandex&utm_medium=cpc&utm_campaign=termopaneli_priozersk_cpa_search&utm_content=search&utm_term={PHRASE},-,-,-,-,Текстово-графический,Автоматический,0.00,0,0,-,-,1,-,0.00,1.00,0.00,100.00,5.00,-,-,-
"Приозерский район, Поиск   от 25-07-2026",713047408,21.08.2026,Приозерский район,5776633358,Автотаргетинг,,-,0,-,0,чем пропитать слэб чтобы не сгнил на улице,Узкие запросы,Запросы без упоминания брендов,-,,,,,Поиск,Прочее,Не определено,Смартфоны,iOS,Wi-Fi,Мужской,35-44 года,Остальные,Не определено,1916597733861553174,Активные,Комбинаторное,Производство в Выборге — доставка в район,Срок службы 25–50 лет. Не требуют покраски. Подберём толщину под ваш дом.,https://marmara-pro.ru?utm_source=yandex&utm_medium=cpc&utm_campaign=termopaneli_priozersk_cpa_search&utm_content=search&utm_term={PHRASE},-,-,-,-,Текстово-графический,Автоматический,0.00,0,0,-,-,1,-,0.00,1.00,0.00,100.00,5.00,-,-,-
"Приозерский район, Поиск   от 25-07-2026",713047408,21.08.2026,Приозерский район,5776633358,Автотаргетинг,,-,0,-,0,что нужно знать для обшивки дома гибким кирпичом,Сопутствующие запросы,Запросы без упоминания брендов,-,,,,,Поиск,Спецразмещение,Не определено,Смартфоны,iOS,Wi-Fi,Женский,Старше 55,Остальные,Не определено,1916597733861553174,Активные,Комбинаторное,Фасадные термопанели с клинкером,Утепление и фасад за один этап. Производство в Выборге. Доставка по Ленобласти.,https://marmara-pro.ru?utm_source=yandex&utm_medium=cpc&utm_campaign=termopaneli_priozersk_cpa_search&utm_content=search&utm_term={PHRASE},-,-,-,-,Текстово-графический,Автоматический,0.00,0,0,-,-,1,-,0.00,1.15,0.00,115.43,2.00,-,-,-
Термопанели в Выборге,712773255,21.08.2026,Группа 1 - коммерческая,5773901452,Фраза,купить термопанели для фасада,-,0,-,0,виды термопанелей для отделки фасадов в спб купить,Сопутствующие запросы,Запросы без упоминания брендов,Пословное,,,,,Поиск,Товарная галерея,Не определено,Десктопы,Не определён,Wi-Fi,Мужской,Старше 55,Остальные,Не определено,1915802398259215246,Активные,Комбинаторное,Купить термопанели в Выборге напрямую,Без посредников - завод. 60+ видов декора. Доставка по Ленобласти.,https://marmara-pro.ru?utm_content=commerce&utm_term={PHRASE},http://direct.yandex.ru/images/direct/4298071/skS6Zjow652PazB91P1Ung,плитка 01.jpg,-,-,Текстово-графический,Оригинальный,0.00,0,0,-,-,1,-,0.00,0.31,0.00,30.96,9.00,-,-,-
Термопанели в Выборге,712773255,21.08.2026,Группа 1 - коммерческая,5773901452,Автотаргетинг,,-,0,-,0,,Не определено,-,-,,,,,Сети,Прочее,Не определено,Смартфоны,Android,Wi-Fi,Мужской,35-44 года,Остальные,Не определено,1915802398259215246,Активные,Комбинаторное,Купить термопанели в Выборге напрямую,Свое производство в Выборге. Приезжайте на образцы. Бесплатная доставка по району.,https://marmara-pro.ru?utm_content=commerce&utm_term={PHRASE},http://direct.yandex.ru/images/direct/5250956/5XPY7aqvM1xRQF8e4uTrqg,карусель 4-3_06.jpg,1163321614,https://avatars.mds.yandex.net/get-media-adv-screenshooter/20873747/75477b03-780e-4e10-adff-81a72fc688af/orig,Видео,Автоматический,0.00,0,0,-,-,1,-,0.00,1.00,0.00,100.00,-,-,-,-
Термопанели в Выборге,712773255,21.08.2026,Группа 1 - коммерческая,5773901452,Автотаргетинг,,-,0,-,0,,Не определено,-,-,,,,,Сети,Прочее,Не определено,Смартфоны,Android,Wi-Fi,Мужской,45-54 года,Остальные,Не определено,1915802398259215246,Активные,Комбинаторное,"Термопанели в Выборге - завод на Ленина, 11",Свое производство в Выборге. Приезжайте на образцы. Бесплатная доставка по району.,https://marmara-pro.ru?utm_content=commerce&utm_term={PHRASE},http://direct.yandex.ru/images/direct/5442016/qtxMfdimB3EKymbW9TWLzQ,термопанель.png,1163321614,https://avatars.mds.yandex.net/get-media-adv-screenshooter/20873747/75477b03-780e-4e10-adff-81a72fc688af/orig,Текстово-графический,Оригинальный,0.00,0,0,-,-,1,-,0.00,1.00,0.00,100.00,-,-,-,-
Термопанели в Выборге,712773255,21.08.2026,Группа 1 - коммерческая,5773901452,Автотаргетинг,,-,0,-,0,,Не определено,-,-,,,,,Сети,Прочее,Не определено,Смартфоны,Android,Wi-Fi,Мужской,45-54 года,Остальные,Не определено,1915802398259215246,Активные,Комбинаторное,Термопанели с клинкером - собственный завод в Выборге,Клинкерная плитка+утеплитель в одной панели. Оплата в два этапа. Звоните!,https://marmara-pro.ru?utm_content=commerce&utm_term={PHRASE},http://direct.yandex.ru/images/direct/4298071/skS6Zjow652PazB91P1Ung,плитка 01.jpg,1163322157,https://avatars.mds.yandex.net/get-media-adv-screenshooter/20941197/1d06a155-09ca-4034-b8a4-ad411694a4d7/orig,Карусель,Автоматический,0.00,0,0,-,-,1,-,0.00,1.00,0.00,100.00,-,-,-,-
Термопанели в Выборге,712773255,21.08.2026,Группа 1 - коммерческая,5773901452,Автотаргетинг,,-,0,-,0,,Не определено,-,-,,,,,Сети,Прочее,Не определено,Смартфоны,Android,Wi-Fi,Мужской,45-54 года,Остальные,Не определено,1915802398259215246,Активные,Комбинаторное,Термопанели с клинкером - собственный завод в Выборге,Свое производство в Выборге. Приезжайте на образцы. Бесплатная доставка по району.,https://marmara-pro.ru?utm_content=commerce&utm_term={PHRASE},http://direct.yandex.ru/images/direct/5245050/6C6d0cQ-RdpqlPYUtMZQkw,пример 2.jpg,1163322157,https://avatars.mds.yandex.net/get-media-adv-screenshooter/20941197/1d06a155-09ca-4034-b8a4-ad411694a4d7/orig,Текстово-графический,Автоматический,0.00,0,0,-,-,1,-,0.00,1.00,0.00,100.00,-,-,-,-
Термопанели в Выборге,712773255,21.08.2026,Группа 1 - коммерческая,5773901452,Автотаргетинг,,-,0,-,0,,Не определено,-,-,,,,,Сети,Прочее,Не определено,Смартфоны,Android,Wi-Fi,Женский,45-54 года,Остальные,Не определено,1915802398259215246,Активные,Комбинаторное,Купить термопанели в Выборге напрямую,Свое производство в Выборге. Приезжайте на образцы. Бесплатная доставка по району.,https://marmara-pro.ru?utm_content=commerce&utm_term={PHRASE},http://direct.yandex.ru/images/direct/5250956/5XPY7aqvM1xRQF8e4uTrqg,карусель 4-3_06.jpg,1163321614,https://avatars.mds.yandex.net/get-media-adv-screenshooter/20873747/75477b03-780e-4e10-adff-81a72fc688af/orig,Текстово-графический,Оригинальный,0.00,0,0,-,-,1,-,0.00,1.00,0.00,100.00,-,-,-,-
Термопанели в Выборге,712773255,21.08.2026,Группа 1 - коммерческая,5773901452,Автотаргетинг,,-,0,-,0,,Не определено,-,-,,,,,Сети,Прочее,Не определено,Смартфоны,iOS,Wi-Fi,Мужской,Старше 55,2–5%,Не определено,1915802398259215246,Активные,Комбинаторное,Купить термопанели в Выборге напрямую,Свое производство в Выборге. Приезжайте на образцы. Бесплатная доставка по району.,https://marmara-pro.ru?utm_content=commerce&utm_term={PHRASE},http://direct.yandex.ru/images/direct/5250956/5XPY7aqvM1xRQF8e4uTrqg,карусель 4-3_06.jpg,1163321614,https://avatars.mds.yandex.net/get-media-adv-screenshooter/20873747/75477b03-780e-4e10-adff-81a72fc688af/orig,Текстово-графический,Оригинальный,0.00,0,0,-,-,1,-,0.00,1.00,0.00,100.00,-,-,-,-
Термопанели в Выборге,712773255,21.08.2026,Группа 1 - коммерческая,5773901452,Автотаргетинг,,-,0,-,0,,Не определено,-,-,,,,,Сети,Прочее,Не определено,Смартфоны,iOS,Мобильная связь,Женский,25-34 года,6–10%,Не определено,1915802398259215246,Активные,Комбинаторное,Купить термопанели в Выборге напрямую,Свое производство в Выборге. Приезжайте на образцы. Бесплатная доставка по району.,https://marmara-pro.ru?utm_content=commerce&utm_term={PHRASE},http://direct.yandex.ru/images/direct/5250956/5XPY7aqvM1xRQF8e4uTrqg,карусель 4-3_06.jpg,1163321614,https://avatars.mds.yandex.net/get-media-adv-screenshooter/20873747/75477b03-780e-4e10-adff-81a72fc688af/orig,Текстово-графический,Оригинальный,0.00,0,0,-,-,1,-,0.00,1.00,0.00,100.00,-,-,-,-
Термопанели в Выборге,712773255,21.08.2026,Группа 1 - коммерческая,5773901452,Автотаргетинг,,-,0,-,0,,Не определено,-,-,,,,,Сети,Прочее,Не определено,Планшеты,Android,Wi-Fi,Мужской,Старше 55,Остальные,Не определено,1915802398259215246,Активные,Комбинаторное,Термопанели с клинкером - собственный завод в Выборге,Клинкерная плитка+утеплитель в одной панели. Оплата в два этапа. Звоните!,https://marmara-pro.ru?utm_content=commerce&utm_term={PHRASE},http://direct.yandex.ru/images/direct/6195656/qVbV_RGwHrqBiQiD1NgoCw,бейджик (1).jpg,1163322157,https://avatars.mds.yandex.net/get-media-adv-screenshooter/20941197/1d06a155-09ca-4034-b8a4-ad411694a4d7/orig,Текстово-графический,Оригинальный,0.00,0,0,-,-,1,-,0.00,1.00,0.00,100.00,-,-,-,-
Термопанели в Выборге,712773255,21.08.2026,Группа 1 - коммерческая,5773901452,Автотаргетинг,,-,0,-,0,выборг аренда крепостная 20,Широкие запросы,Запросы без упоминания брендов,-,,,,,Поиск,Прочее,Не определено,Десктопы,Не определён,Wi-Fi,Женский,35-44 года,Остальные,Не определено,1915802398259215246,Активные,Комбинаторное,Бесплатная доставка по Выборгскому району,Свое производство в Выборге. Приезжайте на образцы. Бесплатная доставка по району.,https://marmara-pro.ru?utm_content=commerce&utm_term={PHRASE},-,-,-,-,Текстово-графический,Автоматический,0.00,0,0,-,-,1,-,0.00,1.00,0.00,100.00,5.00,-,-,-
Термопанели в Выборге,712773255,21.08.2026,Группа 1 - коммерческая,5773901452,Автотаргетинг,,-,0,-,0,как называются панели для стен фасадные из мраморной крошки,Сопутствующие запросы,Запросы без упоминания брендов,-,,,,,Поиск,Прочее,Не определено,Смартфоны,Android,Мобильная связь,Женский,25-34 года,Остальные,Не определено,1915802398259215246,Активные,Комбинаторное,Производитель термопанелей в Ленобласти,Без посредников - завод. 60+ видов декора. Доставка по Ленобласти.,https://marmara-pro.ru?utm_content=commerce&utm_term={PHRASE},-,-,-,-,Текстово-графический,Автоматический,0.00,0,0,-,-,1,-,0.00,0.42,0.00,41.63,6.00,-,-,-
Термопанели в Выборге,712773255,21.08.2026,Группа 1 - коммерческая,5773901452,Автотаргетинг,,-,0,-,0,как называются панели для стен фасадные из мраморной крошки,Сопутствующие запросы,Запросы без упоминания брендов,-,,,,,Поиск,Прочее,Не определено,Смартфоны,Android,Мобильная связь,Женский,25-34 года,Остальные,Не определено,1915802398259215246,Активные,Комбинаторное,Производитель термопанелей в Ленобласти,Без посредников - завод. 60+ видов декора. Доставка по Ленобласти.,https://marmara-pro.ru?utm_content=commerce&utm_term={PHRASE},-,-,-,-,Текстово-графический,Оригинальный,0.00,0,0,-,-,1,-,0.00,0.09,0.00,8.50,5.00,-,-,-
Термопанели в Выборге,712773255,21.08.2026,Группа 1 - коммерческая,5773901452,Автотаргетинг,,-,0,-,0,клинкерная плитка,Целевые запросы,Запросы без упоминания брендов,-,,,,,Поиск,Прочее,Не определено,Смартфоны,iOS,Wi-Fi,Женский,35-44 года,6–10%,Не определено,1915802398259215246,Активные,Комбинаторное,Термопанели с клинкером - собственный завод в Выборге,Клинкерная плитка+утеплитель в одной панели. Оплата в два этапа. Звоните!,https://marmara-pro.ru?utm_content=commerce&utm_term={PHRASE},-,-,-,-,Текстово-графический,Оригинальный,0.00,0,0,-,-,1,-,0.00,0.55,0.00,54.58,7.00,-,-,-
Термопанели в Выборге,712773255,21.08.2026,Группа 1 - коммерческая,5773901452,Автотаргетинг,,-,0,-,0,облицовочные панели из мягкой черепицы,Альтернативные запросы,Запросы без упоминания брендов,-,,,,,Поиск,Прочее,Не определено,Смартфоны,iOS,Wi-Fi,Мужской,45-54 года,2–5%,Не определено,1915802398259215246,Активные,Комбинаторное,Клинкерные термопанели - производство Выборг,Клинкерная плитка+утеплитель в одной панели. Оплата в два этапа. Звоните!,https://marmara-pro.ru?utm_content=commerce&utm_term={PHRASE},-,-,-,-,Текстово-графический,Оригинальный,0.00,0,0,-,-,1,-,0.00,0.09,0.00,8.50,5.00,-,-,-
Термопанели в Выборге,712773255,21.08.2026,Группа 1 - коммерческая,5773901452,Автотаргетинг,,-,0,-,0,пир плита технониколь с армирующей сеткой,Альтернативные запросы,Запросы без упоминания брендов,-,,,,,Поиск,Спецразмещение,Не определено,Смартфоны,Android,Wi-Fi,Женский,35-44 года,Остальные,Не определено,1915802398259215246,Активные,Комбинаторное,Гарантия до 5 лет на термопанели,Клинкерная плитка+утеплитель в одной панели. Оплата в два этапа. Звоните!,https://marmara-pro.ru?utm_content=commerce&utm_term={PHRASE},-,-,-,-,Текстово-графический,Оригинальный,0.00,0,0,-,-,1,-,0.00,1.00,0.00,100.00,-,-,-,-
Термопанели в Выборге,712773255,21.08.2026,Группа 1 - коммерческая,5773901452,Автотаргетинг,,-,0,-,0,плюсы и минусы термопанелей для фасада дома,Целевые запросы,Запросы без упоминания брендов,-,,,,,Поиск,Товарная галерея,Не определено,Десктопы,Не определён,Wi-Fi,Мужской,45-54 года,6–10%,Не определено,1915802398259215246,Активные,Комбинаторное,Гарантия до 5 лет на термопанели,Свое производство в Выборге. Приезжайте на образцы. Бесплатная доставка по району.,https://marmara-pro.ru?utm_content=commerce&utm_term={PHRASE},http://direct.yandex.ru/images/direct/6195656/qVbV_RGwHrqBiQiD1NgoCw,бейджик (1).jpg,-,-,Текстово-графический,Оригинальный,0.00,0,0,-,-,1,-,0.00,0.57,0.00,56.81,4.00,-,-,-
Термопанели в Выборге,712773255,21.08.2026,Группа 1 - коммерческая,5773901452,Автотаргетинг,,-,0,-,0,сип панели,Альтернативные запросы,Запросы без упоминания брендов,-,,,,,Поиск,Спецразмещение,Не определено,Смартфоны,iOS,Wi-Fi,Мужской,18-24 года,2–5%,Не определено,1915802398259215246,Активные,Комбинаторное,Производитель термопанелей в Ленобласти,Клинкерная плитка+утеплитель в одной панели. Оплата в два этапа. Звоните!,https://marmara-pro.ru?utm_content=commerce&utm_term={PHRASE},-,-,-,-,Текстово-графический,Оригинальный,0.00,0,0,-,-,1,-,0.00,1.00,0.00,100.00,-,-,-,-
Термопанели в Выборге,712773255,21.08.2026,Группа 1 - коммерческая,5773901452,Автотаргетинг,,-,0,-,0,сип панели санкт петербург,Альтернативные запросы,Запросы без упоминания брендов,-,,,,,Поиск,Прочее,Не определено,Смартфоны,Android,Wi-Fi,Женский,25-34 года,Остальные,Не определено,1915802398259215246,Активные,Комбинаторное,Производитель термопанелей в Ленобласти,Клинкерная плитка+утеплитель в одной панели. Оплата в два этапа. Звоните!,https://marmara-pro.ru?utm_content=commerce&utm_term={PHRASE},-,-,-,-,Текстово-графический,Оригинальный,0.00,0,0,-,-,1,-,0.00,0.09,0.00,8.50,5.00,-,-,-
Термопанели в Выборге,712773255,21.08.2026,Группа 1 - коммерческая,5773901452,Автотаргетинг,,-,0,-,0,строительные базы у станции дунай ленобласть всеволожский район,Альтернативные запросы,Запросы без упоминания брендов,-,,,,,Поиск,Прочее,Не определено,Смартфоны,Android,Wi-Fi,Женский,Старше 55,Остальные,Не определено,1915802398259215246,Активные,Комбинаторное,Бесплатная доставка по Выборгскому району,Свое производство в Выборге. Приезжайте на образцы. Бесплатная доставка по району.,https://marmara-pro.ru?utm_content=commerce&utm_term={PHRASE},-,-,-,-,Текстово-графический,Оригинальный,0.00,0,0,-,-,1,-,0.00,0.09,0.00,8.50,5.00,-,-,-
Термопанели в Выборге,712773255,21.08.2026,Группа 1 - коммерческая,5773901452,Автотаргетинг,,-,0,-,0,термопанели для наружной отделки дома,Целевые запросы,Запросы без упоминания брендов,-,,,,,Поиск,Прочее,Не определено,Десктопы,Не определён,Wi-Fi,Мужской,45-54 года,6–10%,Не определено,1915802398259215246,Активные,Комбинаторное,Гарантия до 5 лет на термопанели,Свое производство в Выборге. Приезжайте на образцы. Бесплатная доставка по району.,https://marmara-pro.ru?utm_content=commerce&utm_term={PHRASE},-,-,-,-,Текстово-графический,Автоматический,0.00,0,0,-,-,1,-,0.00,0.55,0.00,54.58,7.00,-,-,-
Термопанели в Выборге,712773255,21.08.2026,Группа 1 - коммерческая,5773901452,Автотаргетинг,,-,0,-,0,узел утепления плиты фундамента у отмостки,Сопутствующие запросы,Запросы без упоминания брендов,-,,,,,Поиск,Спецразмещение,Не определено,Смартфоны,iOS,Wi-Fi,Мужской,45-54 года,Остальные,Не определено,1915802398259215246,Активные,Комбинаторное,Гарантия до 5 лет на термопанели,Клинкерная плитка+утеплитель в одной панели. Оплата в два этапа. Звоните!,https://marmara-pro.ru?utm_content=commerce&utm_term={PHRASE},-,-,-,-,Текстово-графический,Оригинальный,0.00,0,0,-,-,1,-,0.00,1.00,0.00,100.00,-,-,-,-
Термопанели в Выборге,712773255,21.08.2026,Группа 1 - коммерческая,5773901452,Автотаргетинг,,-,0,-,0,фибросайдинг decover в выборге,Альтернативные запросы,Запросы с упоминанием брендов конкурентов,-,,,,,Поиск,Спецразмещение,Не определено,Десктопы,Не определён,Мобильная связь,Мужской,45-54 года,Остальные,Не определено,1915802398259215246,Активные,Комбинаторное,"Термопанели в Выборге - завод на Ленина, 11",Свое производство в Выборге. Приезжайте на образцы. Бесплатная доставка по району.,https://marmara-pro.ru?utm_content=commerce&utm_term={PHRASE},-,-,-,-,Текстово-графический,Автоматический,0.00,0,0,-,-,1,-,0.00,0.30,0.00,29.65,4.00,-,-,-
Термопанели в Выборге,712773255,21.08.2026,Группа 1 - коммерческая,5773901452,Автотаргетинг,,-,0,-,0,цокольные панели под камень для наружной отделки,Целевые запросы,Запросы без упоминания брендов,-,,,,,Поиск,Прочее,Не определено,Десктопы,Не определён,Wi-Fi,Мужской,Старше 55,Остальные,Не определено,1915802398259215246,Активные,Комбинаторное,Производитель термопанелей в Ленобласти,Свое производство в Выборге. Приезжайте на образцы. Бесплатная доставка по району.,https://marmara-pro.ru?utm_content=commerce&utm_term={PHRASE},-,-,-,-,Текстово-графический,Автоматический,0.00,0,0,-,-,1,-,0.00,0.65,0.00,64.58,6.00,-,-,-
Термопанели в Выборге,712773255,21.08.2026,Группа 1 - коммерческая,5773901452,Автотаргетинг,,-,0,-,0,чем закрыть на улице проем 2.4 на 3 м,Сопутствующие запросы,Запросы без упоминания брендов,-,,,,,Поиск,Спецразмещение,Не определено,Смартфоны,iOS,Wi-Fi,Мужской,Старше 55,2–5%,Не определено,1915802398259215246,Активные,Комбинаторное,Гарантия до 5 лет на термопанели,Без посредников - завод. 60+ видов декора. Доставка по Ленобласти.,https://marmara-pro.ru?utm_content=commerce&utm_term={PHRASE},-,-,-,-,Текстово-графический,Оригинальный,0.00,0,0,-,-,1,-,0.00,1.00,0.00,100.00,-,-,-,-
Термопанели в Выборге,712773255,21.08.2026,Группа 2 - Гео (ключевая),5773898865,Фраза,"клинкерпрофи выборг",-,0,-,0,,Не определено,-,Пословное,,,,,Сети,Прочее,Не определено,Смартфоны,Android,Wi-Fi,Мужской,45-54 года,Остальные,Не определено,1915800871397818629,Активные,Комбинаторное,Купить термопанели в Выборге напрямую,Без посредников - завод. 60+ видов декора. Доставка по Ленобласти.,https://marmara-pro.ru?utm_content=zavod&utm_term={PHRASE},http://direct.yandex.ru/images/direct/5245050/6C6d0cQ-RdpqlPYUtMZQkw,пример 2.jpg,1163321614,https://avatars.mds.yandex.net/get-media-adv-screenshooter/20873747/75477b03-780e-4e10-adff-81a72fc688af/orig,Видео,Оригинальный,0.00,0,0,-,-,1,-,0.00,1.00,0.00,100.00,-,-,-,-
Термопанели в Выборге,712773255,21.08.2026,Группа 2 - Гео (ключевая),5773898865,Фраза,"клинкерпрофи выборг",-,0,-,0,,Не определено,-,Пословное,,,,,Сети,Прочее,Не определено,Смартфоны,Android,Wi-Fi,Мужской,45-54 года,Остальные,Не определено,1915800871397818629,Активные,Комбинаторное,Купить термопанели в Выборге напрямую,Клинкерная плитка+утеплитель в одной панели. Оплата в два этапа. Звоните!,https://marmara-pro.ru?utm_content=zavod&utm_term={PHRASE},http://direct.yandex.ru/images/direct/5245050/6C6d0cQ-RdpqlPYUtMZQkw,пример 2.jpg,1163321614,https://avatars.mds.yandex.net/get-media-adv-screenshooter/20873747/75477b03-780e-4e10-adff-81a72fc688af/orig,Видео,Оригинальный,0.00,0,0,-,-,1,-,0.00,1.00,0.00,100.00,-,-,-,-
Термопанели в Выборге,712773255,21.08.2026,Группа 2 - Гео (ключевая),5773898865,Автотаргетинг,,-,0,-,0,,Не определено,-,-,,,,,Сети,Прочее,Не определено,Смартфоны,Android,Wi-Fi,Мужской,45-54 года,Остальные,Не определено,1915800871397818629,Активные,Комбинаторное,"Термопанели в Выборге - завод на Ленина, 11",Клинкерная плитка+утеплитель в одной панели. Оплата в два этапа. Звоните!,https://marmara-pro.ru?utm_content=zavod&utm_term={PHRASE},http://direct.yandex.ru/images/direct/5245050/6C6d0cQ-RdpqlPYUtMZQkw,пример 2.jpg,1163321614,https://avatars.mds.yandex.net/get-media-adv-screenshooter/20873747/75477b03-780e-4e10-adff-81a72fc688af/orig,Текстово-графический,Оригинальный,0.00,0,0,-,-,1,-,0.00,1.00,0.00,100.00,-,-,-,-
Термопанели в Выборге,712773255,21.08.2026,Группа 2 - Гео (ключевая),5773898865,Автотаргетинг,,-,0,-,0,,Не определено,-,-,,,,,Сети,Прочее,Не определено,Смартфоны,Android,Wi-Fi,Мужской,45-54 года,6–10%,Не определено,1915800871397818629,Активные,Комбинаторное,"Термопанели в Выборге - завод на Ленина, 11",Клинкерная плитка+утеплитель в одной панели. Оплата в два этапа. Звоните!,https://marmara-pro.ru?utm_content=zavod&utm_term={PHRASE},http://direct.yandex.ru/images/direct/5442016/qtxMfdimB3EKymbW9TWLzQ,термопанель.png,1163322157,https://avatars.mds.yandex.net/get-media-adv-screenshooter/20941197/1d06a155-09ca-4034-b8a4-ad411694a4d7/orig,Текстово-графический,Оригинальный,0.00,0,0,-,-,1,-,0.00,1.00,0.00,100.00,-,-,-,-
Термопанели в Выборге,712773255,21.08.2026,Группа 2 - Гео (ключевая),5773898865,Автотаргетинг,,-,0,-,0,,Не определено,-,-,,,,,Сети,Прочее,Не определено,Смартфоны,Android,Wi-Fi,Мужской,45-54 года,2–5%,Не определено,1915800871397818629,Активные,Комбинаторное,"Термопанели в Выборге - завод на Ленина, 11",Клинкерная плитка+утеплитель в одной панели. Оплата в два этапа. Звоните!,https://marmara-pro.ru?utm_content=zavod&utm_term={PHRASE},http://direct.yandex.ru/images/direct/5245050/6C6d0cQ-RdpqlPYUtMZQkw,пример 2.jpg,1163321614,https://avatars.mds.yandex.net/get-media-adv-screenshooter/20873747/75477b03-780e-4e10-adff-81a72fc688af/orig,Текстово-графический,Оригинальный,0.00,0,0,-,-,1,-,0.00,1.00,0.00,100.00,-,-,-,-
Термопанели в Выборге,712773255,21.08.2026,Группа 2 - Гео (ключевая),5773898865,Автотаргетинг,,-,0,-,0,,Не определено,-,-,,,,,Сети,Прочее,Не определено,Смартфоны,Android,Wi-Fi,Мужской,Старше 55,Остальные,Не определено,1915800871397818629,Активные,Комбинаторное,Купить термопанели в Выборге напрямую,Без посредников - завод. 60+ видов декора. Доставка по Ленобласти.,https://marmara-pro.ru?utm_content=zavod&utm_term={PHRASE},http://direct.yandex.ru/images/direct/5250956/5XPY7aqvM1xRQF8e4uTrqg,карусель 4-3_06.jpg,1163321614,https://avatars.mds.yandex.net/get-media-adv-screenshooter/20873747/75477b03-780e-4e10-adff-81a72fc688af/orig,Текстово-графический,Автоматический,0.00,1,0,0.00,-,3,0.00,33.33,3.00,33.33,100.00,-,-,0.00,1.00
Термопанели в Выборге,712773255,21.08.2026,Группа 2 - Гео (ключевая),5773898865,Автотаргетинг,,-,0,-,0,,Не определено,-,-,,,,,Сети,Прочее,Не определено,Смартфоны,Android,Wi-Fi,Мужской,Старше 55,Остальные,Не определено,1915800871397818629,Активные,Комбинаторное,Купить термопанели в Выборге напрямую,Без посредников - завод. 60+ видов декора. Доставка по Ленобласти.,https://marmara-pro.ru?utm_content=zavod&utm_term={PHRASE},http://direct.yandex.ru/images/direct/5250956/5XPY7aqvM1xRQF8e4uTrqg,карусель 4-3_06.jpg,1163321614,https://avatars.mds.yandex.net/get-media-adv-screenshooter/20873747/75477b03-780e-4e10-adff-81a72fc688af/orig,Текстово-графический,Оригинальный,0.00,0,0,-,-,2,-,0.00,2.00,0.00,100.00,-,-,-,-
Термопанели в Выборге,712773255,21.08.2026,Группа 2 - Гео (ключевая),5773898865,Автотаргетинг,,-,0,-,0,,Не определено,-,-,,,,,Сети,Прочее,Не определено,Смартфоны,Android,Wi-Fi,Женский,45-54 года,Остальные,Не определено,1915800871397818629,Активные,Комбинаторное,Производитель термопанелей в Ленобласти,Свое производство в Выборге. Приезжайте на образцы. Бесплатная доставка по району.,https://marmara-pro.ru?utm_content=zavod&utm_term={PHRASE},http://direct.yandex.ru/images/direct/5250956/5XPY7aqvM1xRQF8e4uTrqg,карусель 4-3_06.jpg,1163322157,https://avatars.mds.yandex.net/get-media-adv-screenshooter/20941197/1d06a155-09ca-4034-b8a4-ad411694a4d7/orig,Текстово-графический,Оригинальный,0.00,0,0,-,-,1,-,0.00,1.00,0.00,100.00,-,-,-,-
Термопанели в Выборге,712773255,21.08.2026,Группа 2 - Гео (ключевая),5773898865,Автотаргетинг,,-,0,-,0,,Не определено,-,-,,,,,Сети,Прочее,Не определено,Смартфоны,iOS,Wi-Fi,Мужской,25-34 года,Остальные,Не определено,1915800871397818629,Активные,Комбинаторное,"Термопанели в Выборге - завод на Ленина, 11",Клинкерная плитка+утеплитель в одной панели. Оплата в два этапа. Звоните!,https://marmara-pro.ru?utm_content=zavod&utm_term={PHRASE},http://direct.yandex.ru/images/direct/5245050/6C6d0cQ-RdpqlPYUtMZQkw,пример 2.jpg,1163321614,https://avatars.mds.yandex.net/get-media-adv-screenshooter/20873747/75477b03-780e-4e10-adff-81a72fc688af/orig,Текстово-графический,Оригинальный,0.00,0,0,-,-,1,-,0.00,1.00,0.00,100.00,-,-,-,-
Термопанели в Выборге,712773255,21.08.2026,Группа 2 - Гео (ключевая),5773898865,Автотаргетинг,,-,0,-,0,,Не определено,-,-,,,,,Сети,Прочее,Не определено,Смартфоны,iOS,Wi-Fi,Мужской,45-54 года,2–5%,Не определено,1915800871397818629,Активные,Комбинаторное,"Термопанели в Выборге - завод на Ленина, 11",Клинкерная плитка+утеплитель в одной панели. Оплата в два этапа. Звоните!,https://marmara-pro.ru?utm_content=zavod&utm_term={PHRASE},http://direct.yandex.ru/images/direct/5442016/qtxMfdimB3EKymbW9TWLzQ,термопанель.png,1163322157,https://avatars.mds.yandex.net/get-media-adv-screenshooter/20941197/1d06a155-09ca-4034-b8a4-ad411694a4d7/orig,Текстово-графический,Оригинальный,0.00,0,0,-,-,1,-,0.00,1.00,0.00,100.00,-,-,-,-
Термопанели в Выборге,712773255,21.08.2026,Группа 2 - Гео (ключевая),5773898865,Автотаргетинг,,-,0,-,0,,Не определено,-,-,,,,,Сети,Прочее,Не определено,Смартфоны,iOS,Wi-Fi,Мужской,Старше 55,2–5%,Не определено,1915800871397818629,Активные,Комбинаторное,Купить термопанели в Выборге напрямую,Без посредников - завод. 60+ видов декора. Доставка по Ленобласти.,https://marmara-pro.ru?utm_content=zavod&utm_term={PHRASE},http://direct.yandex.ru/images/direct/5250956/5XPY7aqvM1xRQF8e4uTrqg,карусель 4-3_06.jpg,1163321614,https://avatars.mds.yandex.net/get-media-adv-screenshooter/20873747/75477b03-780e-4e10-adff-81a72fc688af/orig,Текстово-графический,Оригинальный,0.00,0,0,-,-,1,-,0.00,1.00,0.00,100.00,-,-,-,-
Термопанели в Выборге,712773255,21.08.2026,Группа 2 - Гео (ключевая),5773898865,Автотаргетинг,,-,0,-,0,,Не определено,-,-,,,,,Сети,Прочее,Не определено,Смартфоны,iOS,Wi-Fi,Женский,45-54 года,Топ 1%,Не определено,1915800871397818629,Активные,Комбинаторное,Клинкерные термопанели - производство Выборг,Свое производство в Выборге. Приезжайте на образцы. Бесплатная доставка по району.,https://marmara-pro.ru?utm_content=zavod&utm_term={PHRASE},http://direct.yandex.ru/images/direct/5245050/6C6d0cQ-RdpqlPYUtMZQkw,пример 2.jpg,1163321614,https://avatars.mds.yandex.net/get-media-adv-screenshooter/20873747/75477b03-780e-4e10-adff-81a72fc688af/orig,Текстово-графический,Оригинальный,0.00,0,0,-,-,1,-,0.00,1.00,0.00,100.00,-,-,-,-
Термопанели в Выборге,712773255,21.08.2026,Группа 2 - Гео (ключевая),5773898865,Автотаргетинг,,-,0,-,0,какой материал используют при утеплении стен,Сопутствующие запросы,Запросы без упоминания брендов,-,,,,,Поиск,Прочее,Не определено,Десктопы,Не определён,Wi-Fi,Мужской,45-54 года,6–10%,Не определено,1915800871397818629,Активные,Комбинаторное,Гарантия до 5 лет на термопанели,Свое производство в Выборге. Приезжайте на образцы. Бесплатная доставка по району.,https://marmara-pro.ru?utm_content=zavod&utm_term={PHRASE},-,-,-,-,Текстово-графический,Автоматический,0.00,0,0,-,-,1,-,0.00,0.79,0.00,78.56,5.00,-,-,-
Термопанели в Выборге,712773255,21.08.2026,Группа 2 - Гео (ключевая),5773898865,Автотаргетинг,,-,0,-,0,клинкерная плитка термостойкая,Целевые запросы,Запросы без упоминания брендов,-,,,,,Поиск,Прочее,Не определено,Смартфоны,iOS,Wi-Fi,Женский,25-34 года,Остальные,Не определено,1915800871397818629,Активные,Комбинаторное,Клинкерные термопанели - производство Выборг,Свое производство в Выборге. Приезжайте на образцы. Бесплатная доставка по району.,https://marmara-pro.ru?utm_content=zavod&utm_term={PHRASE},-,-,-,-,Текстово-графический,Автоматический,0.00,0,0,-,-,1,-,0.00,0.45,0.00,44.58,8.00,-,-,-
Термопанели в Выборге,712773255,21.08.2026,Группа 2 - Гео (ключевая),5773898865,Автотаргетинг,,-,0,-,0,термопанели для наружной отделки дома,Целевые запросы,Запросы без упоминания брендов,-,,,,,Поиск,Товарная галерея,Не определено,Десктопы,Не определён,Wi-Fi,Мужской,45-54 года,6–10%,Не определено,1915800871397818629,Активные,Комбинаторное,Гарантия до 5 лет на термопанели,Клинкерная плитка+утеплитель в одной панели. Оплата в два этапа. Звоните!,https://marmara-pro.ru?utm_content=zavod&utm_term={PHRASE},http://direct.yandex.ru/images/direct/5442016/qtxMfdimB3EKymbW9TWLzQ,термопанель.png,-,-,Текстово-графический,Оригинальный,0.00,0,0,-,-,1,-,0.00,0.31,0.00,30.99,8.00,-,-,-
Термопанели в Выборге,712773255,21.08.2026,Группа 2 - Гео (ключевая),5773898865,Автотаргетинг,,-,0,-,0,термопанели под кирпич для наружной отделки от фабрики отзывы пользователей,Целевые запросы,Запросы без упоминания брендов,-,,,,,Поиск,Прочее,Не определено,Смартфоны,iOS,Wi-Fi,Женский,Старше 55,Остальные,Не определено,1915800871397818629,Активные,Комбинаторное,Производитель термопанелей в Ленобласти,Свое производство в Выборге. Приезжайте на образцы. Бесплатная доставка по району.,https://marmara-pro.ru?utm_content=zavod&utm_term={PHRASE},-,-,-,-,Текстово-графический,Оригинальный,0.00,0,0,-,-,1,-,0.00,0.65,0.00,64.58,6.00,-,-,-
Термопанели в Выборге,712773255,21.08.2026,Группа 2 - Гео (ключевая),5773898865,Автотаргетинг,,-,0,-,0,утепление фасада пенопластом,Сопутствующие запросы,Запросы без упоминания брендов,-,,,,,Поиск,Прочее,Не определено,Смартфоны,Android,Wi-Fi,Не определен,Не определен,Остальные,Не определено,1915800871397818629,Активные,Комбинаторное,Купить термопанели в Выборге напрямую,Клинкерная плитка+утеплитель в одной панели. Оплата в два этапа. Звоните!,https://marmara-pro.ru?utm_content=zavod&utm_term={PHRASE},-,-,-,-,Текстово-графический,Оригинальный,0.00,0,0,-,-,1,-,0.00,0.05,0.00,5.19,-,-,-,-
Термопанели в Выборге,712773255,21.08.2026,Группа 2 - Гео (ключевая),5773898865,Автотаргетинг,,-,0,-,0,фасадная плитка технониколь hauberk тихвине,Альтернативные запросы,Запросы с упоминанием брендов конкурентов,-,,,,,Поиск,Прочее,Не определено,Десктопы,Не определён,Wi-Fi,Мужской,Старше 55,Остальные,Не определено,1915800871397818629,Активные,Комбинаторное,"Термопанели в Выборге - завод на Ленина, 11",Клинкерная плитка+утеплитель в одной панели. Оплата в два этапа. Звоните!,https://marmara-pro.ru?utm_content=zavod&utm_term={PHRASE},-,-,-,-,Текстово-графический,Оригинальный,0.00,0,0,-,-,1,-,0.00,0.05,0.00,5.19,-,-,-,-
Термопанели в Выборге,712773255,21.08.2026,Группа 2 - Гео (ключевая),5773898865,Автотаргетинг,,-,0,-,0,хауберк,Альтернативные запросы,Запросы с упоминанием брендов конкурентов,-,,,,,Поиск,Спецразмещение,Не определено,Смартфоны,Android,Wi-Fi,Мужской,45-54 года,6–10%,Не определено,1915800871397818629,Активные,Комбинаторное,"Термопанели в Выборге - завод на Ленина, 11",Клинкерная плитка+утеплитель в одной панели. Оплата в два этапа. Звоните!,https://marmara-pro.ru?utm_content=zavod&utm_term={PHRASE},-,-,-,-,Текстово-графический,Автоматический,0.00,0,0,-,-,1,-,0.00,0.45,0.00,44.97,2.00,-,-,-
Термопанели в Выборге,712773255,21.08.2026,Группа 2 - Гео (ключевая),5773898865,Автотаргетинг,,-,0,-,0,чем отличается лдсп 16 мм белый премиум w1000 st38 2800 2070 мм от лдсп 2800x2070x16 белый премиум w1000 st9 гр 4 egger и от лдсп 16 мм белый премиум w1000 st30 2800 2070 мм,Сопутствующие запросы,Запросы без упоминания брендов,-,,,,,Поиск,Прочее,Не определено,Десктопы,Не определён,Wi-Fi,Мужской,45-54 года,Остальные,Не определено,1915800871397818629,Активные,Комбинаторное,Гарантия до 5 лет на термопанели,Клинкерная плитка+утеплитель в одной панели. Оплата в два этапа. Звоните!,https://marmara-pro.ru?utm_content=zavod&utm_term={PHRASE},-,-,-,-,Текстово-графический,Автоматический,0.00,0,0,-,-,1,-,0.00,0.79,0.00,78.56,5.00,-,-,-
Термопанели в Выборге,712773255,21.08.2026,Группа 3 - клинкер (продуктовая),5773902142,Фраза,термопанели с клинкерной плиткой -купить -цена,-,0,-,0,затирка для термопанелей с клинкерной плиткой,Сопутствующие запросы,Запросы без упоминания брендов,Пословное,,,,,Поиск,Прочее,Не определено,Смартфоны,Android,Wi-Fi,Мужской,Старше 55,Остальные,Не определено,1915802914729060647,Активные,Комбинаторное,Клинкерные термопанели - производство Выборг,Клинкерная плитка+утеплитель в одной панели. Оплата в два этапа. Звоните!,https://marmara-pro.ru?utm_content=product&utm_term={PHRASE},-,-,-,-,Текстово-графический,Оригинальный,0.00,0,0,-,-,1,-,0.00,0.09,0.00,8.50,5.00,-,-,-
Термопанели в Выборге,712773255,21.08.2026,Группа 3 - клинкер (продуктовая),5773902142,Фраза,термопанели с клинкерной плиткой -купить -цена,-,0,-,0,термопанель с клинкерной плиткой,Целевые запросы,Запросы без упоминания брендов,Пословное,,,,,Поиск,Прочее,Не определено,Смартфоны,Android,Wi-Fi,Женский,45-54 года,Остальные,Не определено,1915802914729060647,Активные,Комбинаторное,Термопанели с клинкером - собственный завод в Выборге,Клинкерная плитка+утеплитель в одной панели. Оплата в два этапа. Звоните!,https://marmara-pro.ru?utm_content=product&utm_term={PHRASE},-,-,-,-,Текстово-графический,Оригинальный,0.00,0,0,-,-,1,-,0.00,0.09,0.00,8.50,5.00,-,-,-
Термопанели в Выборге,712773255,21.08.2026,Группа 3 - клинкер (продуктовая),5773902142,Автотаргетинг,,-,0,-,0,,Не определено,-,-,,,,,Сети,Прочее,Не определено,Десктопы,Не определён,Wi-Fi,Мужской,45-54 года,Остальные,Не определено,1915802914729060647,Активные,Комбинаторное,"Термопанели в Выборге - завод на Ленина, 11",Свое производство в Выборге. Приезжайте на образцы. Бесплатная доставка по району.,https://marmara-pro.ru?utm_content=product&utm_term={PHRASE},http://direct.yandex.ru/images/direct/5245050/6C6d0cQ-RdpqlPYUtMZQkw,пример 2.jpg,1163321614,https://avatars.mds.yandex.net/get-media-adv-screenshooter/20873747/75477b03-780e-4e10-adff-81a72fc688af/orig,Текстово-графический,Оригинальный,0.00,0,0,-,-,1,-,0.00,1.00,0.00,100.00,-,-,-,-
Термопанели в Выборге,712773255,21.08.2026,Группа 3 - клинкер (продуктовая),5773902142,Автотаргетинг,,-,0,-,0,,Не определено,-,-,,,,,Сети,Прочее,Не определено,Десктопы,Не определён,Wi-Fi,Мужской,Старше 55,Остальные,Не определено,1915802914729060647,Активные,Комбинаторное,Термопанели с клинкером - собственный завод в Выборге,Без посредников - завод. 60+ видов декора. Доставка по Ленобласти.,https://marmara-pro.ru?utm_content=product&utm_term={PHRASE},http://direct.yandex.ru/images/direct/5442016/qtxMfdimB3EKymbW9TWLzQ,термопанель.png,1163321614,https://avatars.mds.yandex.net/get-media-adv-screenshooter/20873747/75477b03-780e-4e10-adff-81a72fc688af/orig,Текстово-графический,Оригинальный,0.00,0,0,-,-,1,-,0.00,1.00,0.00,100.00,-,-,-,-
Термопанели в Выборге,712773255,21.08.2026,Группа 3 - клинкер (продуктовая),5773902142,Автотаргетинг,,-,0,-,0,,Не определено,-,-,,,,,Сети,Прочее,Не определено,Десктопы,Не определён,Wi-Fi,Мужской,Старше 55,6–10%,Не определено,1915802914729060647,Активные,Комбинаторное,Термопанели с клинкером - собственный завод в Выборге,Без посредников - завод. 60+ видов декора. Доставка по Ленобласти.,https://marmara-pro.ru?utm_content=product&utm_term={PHRASE},http://direct.yandex.ru/images/direct/5442016/qtxMfdimB3EKymbW9TWLzQ,термопанель.png,1163321614,https://avatars.mds.yandex.net/get-media-adv-screenshooter/20873747/75477b03-780e-4e10-adff-81a72fc688af/orig,Текстово-графический,Автоматический,0.00,0,0,-,-,1,-,0.00,1.00,0.00,100.00,-,-,-,-
Термопанели в Выборге,712773255,21.08.2026,Группа 3 - клинкер (продуктовая),5773902142,Автотаргетинг,,-,0,-,0,,Не определено,-,-,,,,,Сети,Прочее,Не определено,Десктопы,Не определён,Wi-Fi,Мужской,Старше 55,6–10%,Не определено,1915802914729060647,Активные,Комбинаторное,Термопанели с клинкером - собственный завод в Выборге,Без посредников - завод. 60+ видов декора. Доставка по Ленобласти.,https://marmara-pro.ru?utm_content=product&utm_term={PHRASE},http://direct.yandex.ru/images/direct/5442016/qtxMfdimB3EKymbW9TWLzQ,термопанель.png,1163321614,https://avatars.mds.yandex.net/get-media-adv-screenshooter/20873747/75477b03-780e-4e10-adff-81a72fc688af/orig,Видео,Оригинальный,0.00,0,0,-,-,1,-,0.00,1.00,0.00,100.00,-,-,-,-
Термопанели в Выборге,712773255,21.08.2026,Группа 3 - клинкер (продуктовая),5773902142,Автотаргетинг,,-,0,-,0,,Не определено,-,-,,,,,Сети,Прочее,Не определено,Десктопы,Не определён,Wi-Fi,Женский,25-34 года,6–10%,Не определено,1915802914729060647,Активные,Комбинаторное,Термопанели с клинкером - собственный завод в Выборге,Без посредников - завод. 60+ видов декора. Доставка по Ленобласти.,https://marmara-pro.ru?utm_content=product&utm_term={PHRASE},http://direct.yandex.ru/images/direct/5442016/qtxMfdimB3EKymbW9TWLzQ,термопанель.png,1163321614,https://avatars.mds.yandex.net/get-media-adv-screenshooter/20873747/75477b03-780e-4e10-adff-81a72fc688af/orig,Текстово-графический,Оригинальный,0.00,0,0,-,-,5,-,0.00,5.00,0.00,100.00,-,-,-,-
Термопанели в Выборге,712773255,21.08.2026,Группа 3 - клинкер (продуктовая),5773902142,Автотаргетинг,,-,0,-,0,,Не определено,-,-,,,,,Сети,Прочее,Не определено,Десктопы,Не определён,Wi-Fi,Женский,25-34 года,6–10%,Не определено,1915802914729060647,Активные,Комбинаторное,Термопанели с клинкером - собственный завод в Выборге,Без посредников - завод. 60+ видов декора. Доставка по Ленобласти.,https://marmara-pro.ru?utm_content=product&utm_term={PHRASE},http://direct.yandex.ru/images/direct/5442016/qtxMfdimB3EKymbW9TWLzQ,термопанель.png,1163321614,https://avatars.mds.yandex.net/get-media-adv-screenshooter/20873747/75477b03-780e-4e10-adff-81a72fc688af/orig,Видео,Оригинальный,0.00,0,0,-,-,9,-,0.00,9.00,0.00,100.00,-,-,-,-
Термопанели в Выборге,712773255,21.08.2026,Группа 3 - клинкер (продуктовая),5773902142,Автотаргетинг,,-,0,-,0,,Не определено,-,-,,,,,Сети,Прочее,Не определено,Десктопы,Не определён,Wi-Fi,Женский,45-54 года,Остальные,Не определено,1915802914729060647,Активные,Комбинаторное,Термопанели с клинкером - собственный завод в Выборге,Без посредников - завод. 60+ видов декора. Доставка по Ленобласти.,https://marmara-pro.ru?utm_content=product&utm_term={PHRASE},http://direct.yandex.ru/images/direct/5442016/qtxMfdimB3EKymbW9TWLzQ,термопанель.png,1163321614,https://avatars.mds.yandex.net/get-media-adv-screenshooter/20873747/75477b03-780e-4e10-adff-81a72fc688af/orig,Текстово-графический,Автоматический,0.00,0,0,-,-,2,-,0.00,2.00,0.00,100.00,-,-,-,-
Термопанели в Выборге,712773255,21.08.2026,Группа 3 - клинкер (продуктовая),5773902142,Автотаргетинг,,-,0,-,0,,Не определено,-,-,,,,,Сети,Прочее,Не определено,Смартфоны,Android,Wi-Fi,Не определен,45-54 года,2–5%,Не определено,1915802914729060647,Активные,Комбинаторное,"Термопанели в Выборге - завод на Ленина, 11",Без посредников - завод. 60+ видов декора. Доставка по Ленобласти.,https://marmara-pro.ru?utm_content=product&utm_term={PHRASE},http://direct.yandex.ru/images/direct/5250956/5XPY7aqvM1xRQF8e4uTrqg,карусель 4-3_06.jpg,1163322157,https://avatars.mds.yandex.net/get-media-adv-screenshooter/20941197/1d06a155-09ca-4034-b8a4-ad411694a4d7/orig,Текстово-графический,Автоматический,0.00,0,0,-,-,2,-,0.00,2.00,0.00,100.00,-,-,-,-
Термопанели в Выборге,712773255,21.08.2026,Группа 3 - клинкер (продуктовая),5773902142,Автотаргетинг,,-,0,-,0,,Не определено,-,-,,,,,Сети,Прочее,Не определено,Смартфоны,Android,Wi-Fi,Мужской,25-34 года,Остальные,Не определено,1915802914729060647,Активные,Комбинаторное,Термопанели с клинкером - собственный завод в Выборге,Без посредников - завод. 60+ видов декора. Доставка по Ленобласти.,https://marmara-pro.ru?utm_content=product&utm_term={PHRASE},http://direct.yandex.ru/images/direct/5442016/qtxMfdimB3EKymbW9TWLzQ,термопанель.png,1163321614,https://avatars.mds.yandex.net/get-media-adv-screenshooter/20873747/75477b03-780e-4e10-adff-81a72fc688af/orig,Текстово-графический,Автоматический,0.00,0,0,-,-,1,-,0.00,1.00,0.00,100.00,-,-,-,-
Термопанели в Выборге,712773255,21.08.2026,Группа 3 - клинкер (продуктовая),5773902142,Автотаргетинг,,-,0,-,0,,Не определено,-,-,,,,,Сети,Прочее,Не определено,Смартфоны,Android,Wi-Fi,Мужской,35-44 года,Остальные,Не определено,1915802914729060647,Активные,Комбинаторное,Термопанели с клинкером - собственный завод в Выборге,Без посредников - завод. 60+ видов декора. Доставка по Ленобласти.,https://marmara-pro.ru?utm_content=product&utm_term={PHRASE},http://direct.yandex.ru/images/direct/5442016/qtxMfdimB3EKymbW9TWLzQ,термопанель.png,1163321614,https://avatars.mds.yandex.net/get-media-adv-screenshooter/20873747/75477b03-780e-4e10-adff-81a72fc688af/orig,Текстово-графический,Автоматический,0.00,0,0,-,-,1,-,0.00,1.00,0.00,100.00,-,-,-,-
Термопанели в Выборге,712773255,21.08.2026,Группа 3 - клинкер (продуктовая),5773902142,Автотаргетинг,,-,0,-,0,,Не определено,-,-,,,,,Сети,Прочее,Не определено,Смартфоны,Android,Wi-Fi,Мужской,45-54 года,Остальные,Не определено,1915802914729060647,Активные,Комбинаторное,Термопанели с клинкером - собственный завод в Выборге,Без посредников - завод. 60+ видов декора. Доставка по Ленобласти.,https://marmara-pro.ru?utm_content=product&utm_term={PHRASE},http://direct.yandex.ru/images/direct/5442016/qtxMfdimB3EKymbW9TWLzQ,термопанель.png,1163321614,https://avatars.mds.yandex.net/get-media-adv-screenshooter/20873747/75477b03-780e-4e10-adff-81a72fc688af/orig,Текстово-графический,Оригинальный,0.00,0,0,-,-,2,-,0.00,2.00,0.00,100.00,-,-,-,-
Термопанели в Выборге,712773255,21.08.2026,Группа 3 - клинкер (продуктовая),5773902142,Автотаргетинг,,-,0,-,0,,Не определено,-,-,,,,,Сети,Прочее,Не определено,Смартфоны,Android,Wi-Fi,Мужской,45-54 года,Остальные,Не определено,1915802914729060647,Активные,Комбинаторное,Термопанели с клинкером - собственный завод в Выборге,Без посредников - завод. 60+ видов декора. Доставка по Ленобласти.,https://marmara-pro.ru?utm_content=product&utm_term={PHRASE},http://direct.yandex.ru/images/direct/5442016/qtxMfdimB3EKymbW9TWLzQ,термопанель.png,1163321614,https://avatars.mds.yandex.net/get-media-adv-screenshooter/20873747/75477b03-780e-4e10-adff-81a72fc688af/orig,Видео,Автоматический,0.00,0,0,-,-,2,-,0.00,2.00,0.00,100.00,-,-,-,-
Термопанели в Выборге,712773255,21.08.2026,Группа 3 - клинкер (продуктовая),5773902142,Автотаргетинг,,-,0,-,0,,Не определено,-,-,,,,,Сети,Прочее,Не определено,Смартфоны,Android,Wi-Fi,Мужской,45-54 года,Остальные,Не определено,1915802914729060647,Активные,Комбинаторное,Термопанели с клинкером - собственный завод в Выборге,Без посредников - завод. 60+ видов декора. Доставка по Ленобласти.,https://marmara-pro.ru?utm_content=product&utm_term={PHRASE},http://direct.yandex.ru/images/direct/5442016/qtxMfdimB3EKymbW9TWLzQ,термопанель.png,1163321614,https://avatars.mds.yandex.net/get-media-adv-screenshooter/20873747/75477b03-780e-4e10-adff-81a72fc688af/orig,Видео,Оригинальный,0.00,0,0,-,-,3,-,0.00,3.00,0.00,100.00,-,-,-,-
Термопанели в Выборге,712773255,21.08.2026,Группа 3 - клинкер (продуктовая),5773902142,Автотаргетинг,,-,0,-,0,,Не определено,-,-,,,,,Сети,Прочее,Не определено,Смартфоны,Android,Wi-Fi,Мужской,45-54 года,Остальные,Не определено,1915802914729060647,Активные,Комбинаторное,Термопанели с клинкером - собственный завод в Выборге,Без посредников - завод. 60+ видов декора. Доставка по Ленобласти.,https://marmara-pro.ru?utm_content=product&utm_term={PHRASE},http://direct.yandex.ru/images/direct/5442016/qtxMfdimB3EKymbW9TWLzQ,термопанель.png,1163321614,https://avatars.mds.yandex.net/get-media-adv-screenshooter/20873747/75477b03-780e-4e10-adff-81a72fc688af/orig,Карусель,Автоматический,0.00,0,0,-,-,1,-,0.00,1.00,0.00,100.00,-,-,-,-
Термопанели в Выборге,712773255,21.08.2026,Группа 3 - клинкер (продуктовая),5773902142,Автотаргетинг,,-,0,-,0,,Не определено,-,-,,,,,Сети,Прочее,Не определено,Смартфоны,Android,Wi-Fi,Мужской,45-54 года,2–5%,Не определено,1915802914729060647,Активные,Комбинаторное,Термопанели с клинкером - собственный завод в Выборге,Без посредников - завод. 60+ видов декора. Доставка по Ленобласти.,https://marmara-pro.ru?utm_content=product&utm_term={PHRASE},http://direct.yandex.ru/images/direct/5442016/qtxMfdimB3EKymbW9TWLzQ,термопанель.png,1163321614,https://avatars.mds.yandex.net/get-media-adv-screenshooter/20873747/75477b03-780e-4e10-adff-81a72fc688af/orig,Видео,Оригинальный,0.00,0,0,-,-,1,-,0.00,1.00,0.00,100.00,-,-,-,-
Термопанели в Выборге,712773255,21.08.2026,Группа 3 - клинкер (продуктовая),5773902142,Автотаргетинг,,-,0,-,0,,Не определено,-,-,,,,,Сети,Прочее,Не определено,Смартфоны,Android,Wi-Fi,Мужской,Старше 55,Остальные,Не определено,1915802914729060647,Активные,Комбинаторное,Купить термопанели в Выборге напрямую,Без посредников - завод. 60+ видов декора. Доставка по Ленобласти.,https://marmara-pro.ru?utm_content=product&utm_term={PHRASE},http://direct.yandex.ru/images/direct/5250956/5XPY7aqvM1xRQF8e4uTrqg,карусель 4-3_06.jpg,1163321614,https://avatars.mds.yandex.net/get-media-adv-screenshooter/20873747/75477b03-780e-4e10-adff-81a72fc688af/orig,Текстово-графический,Автоматический,0.00,0,0,-,-,1,-,0.00,1.00,0.00,100.00,-,-,-,-
Термопанели в Выборге,712773255,21.08.2026,Группа 3 - клинкер (продуктовая),5773902142,Автотаргетинг,,-,0,-,0,,Не определено,-,-,,,,,Сети,Прочее,Не определено,Смартфоны,Android,Wi-Fi,Мужской,Старше 55,Остальные,Не определено,1915802914729060647,Активные,Комбинаторное,"Термопанели в Выборге - завод на Ленина, 11",Без посредников - завод. 60+ видов декора. Доставка по Ленобласти.,https://marmara-pro.ru?utm_content=product&utm_term={PHRASE},http://direct.yandex.ru/images/direct/5250956/5XPY7aqvM1xRQF8e4uTrqg,карусель 4-3_06.jpg,1163322157,https://avatars.mds.yandex.net/get-media-adv-screenshooter/20941197/1d06a155-09ca-4034-b8a4-ad411694a4d7/orig,Текстово-графический,Автоматический,0.00,1,0,0.00,-,3,0.00,33.33,3.00,33.33,100.00,-,-,0.00,3.00
Термопанели в Выборге,712773255,21.08.2026,Группа 3 - клинкер (продуктовая),5773902142,Автотаргетинг,,-,0,-,0,,Не определено,-,-,,,,,Сети,Прочее,Не определено,Смартфоны,Android,Wi-Fi,Мужской,Старше 55,Остальные,Не определено,1915802914729060647,Активные,Комбинаторное,"Термопанели в Выборге - завод на Ленина, 11",Без посредников - завод. 60+ видов декора. Доставка по Ленобласти.,https://marmara-pro.ru?utm_content=product&utm_term={PHRASE},http://direct.yandex.ru/images/direct/5250956/5XPY7aqvM1xRQF8e4uTrqg,карусель 4-3_06.jpg,1163322157,https://avatars.mds.yandex.net/get-media-adv-screenshooter/20941197/1d06a155-09ca-4034-b8a4-ad411694a4d7/orig,Видео,Оригинальный,0.00,0,0,-,-,2,-,0.00,2.00,0.00,100.00,-,-,-,-
Термопанели в Выборге,712773255,21.08.2026,Группа 3 - клинкер (продуктовая),5773902142,Автотаргетинг,,-,0,-,0,,Не определено,-,-,,,,,Сети,Прочее,Не определено,Смартфоны,Android,Wi-Fi,Мужской,Старше 55,Остальные,Не определено,1915802914729060647,Активные,Комбинаторное,Термопанели с клинкером - собственный завод в Выборге,Без посредников - завод. 60+ видов декора. Доставка по Ленобласти.,https://marmara-pro.ru?utm_content=product&utm_term={PHRASE},http://direct.yandex.ru/images/direct/5442016/qtxMfdimB3EKymbW9TWLzQ,термопанель.png,1163321614,https://avatars.mds.yandex.net/get-media-adv-screenshooter/20873747/75477b03-780e-4e10-adff-81a72fc688af/orig,Текстово-графический,Автоматический,0.00,0,0,-,-,1,-,0.00,1.00,0.00,100.00,-,-,-,-
Термопанели в Выборге,712773255,21.08.2026,Группа 3 - клинкер (продуктовая),5773902142,Автотаргетинг,,-,0,-,0,,Не определено,-,-,,,,,Сети,Прочее,Не определено,Смартфоны,Android,Wi-Fi,Мужской,Старше 55,Остальные,Не определено,1915802914729060647,Активные,Комбинаторное,Термопанели с клинкером - собственный завод в Выборге,Без посредников - завод. 60+ видов декора. Доставка по Ленобласти.,https://marmara-pro.ru?utm_content=product&utm_term={PHRASE},http://direct.yandex.ru/images/direct/5442016/qtxMfdimB3EKymbW9TWLzQ,термопанель.png,1163321614,https://avatars.mds.yandex.net/get-media-adv-screenshooter/20873747/75477b03-780e-4e10-adff-81a72fc688af/orig,Текстово-графический,Оригинальный,0.00,0,0,-,-,1,-,0.00,1.00,0.00,100.00,-,-,-,-
Термопанели в Выборге,712773255,21.08.2026,Группа 3 - клинкер (продуктовая),5773902142,Автотаргетинг,,-,0,-,0,,Не определено,-,-,,,,,Сети,Прочее,Не определено,Смартфоны,Android,Wi-Fi,Мужской,Старше 55,Остальные,Не определено,1915802914729060647,Активные,Комбинаторное,Термопанели с клинкером - собственный завод в Выборге,Без посредников - завод. 60+ видов декора. Доставка по Ленобласти.,https://marmara-pro.ru?utm_content=product&utm_term={PHRASE},http://direct.yandex.ru/images/direct/5442016/qtxMfdimB3EKymbW9TWLzQ,термопанель.png,1163321614,https://avatars.mds.yandex.net/get-media-adv-screenshooter/20873747/75477b03-780e-4e10-adff-81a72fc688af/orig,Видео,Оригинальный,0.00,0,0,-,-,1,-,0.00,1.00,0.00,100.00,-,-,-,-
Термопанели в Выборге,712773255,21.08.2026,Группа 3 - клинкер (продуктовая),5773902142,Автотаргетинг,,-,0,-,0,,Не определено,-,-,,,,,Сети,Прочее,Не определено,Смартфоны,Android,Wi-Fi,Женский,45-54 года,Остальные,Не определено,1915802914729060647,Активные,Комбинаторное,Термопанели с клинкером - собственный завод в Выборге,Без посредников - завод. 60+ видов декора. Доставка по Ленобласти.,https://marmara-pro.ru?utm_content=product&utm_term={PHRASE},http://direct.yandex.ru/images/direct/5442016/qtxMfdimB3EKymbW9TWLzQ,термопанель.png,1163321614,https://avatars.mds.yandex.net/get-media-adv-screenshooter/20873747/75477b03-780e-4e10-adff-81a72fc688af/orig,Текстово-графический,Автоматический,0.00,0,0,-,-,1,-,0.00,1.00,0.00,100.00,-,-,-,-
Термопанели в Выборге,712773255,21.08.2026,Группа 3 - клинкер (продуктовая),5773902142,Автотаргетинг,,-,0,-,0,,Не определено,-,-,,,,,Сети,Прочее,Не определено,Смартфоны,Android,Wi-Fi,Женский,45-54 года,Остальные,Не определено,1915802914729060647,Активные,Комбинаторное,Термопанели с клинкером - собственный завод в Выборге,Без посредников - завод. 60+ видов декора. Доставка по Ленобласти.,https://marmara-pro.ru?utm_content=product&utm_term={PHRASE},http://direct.yandex.ru/images/direct/5442016/qtxMfdimB3EKymbW9TWLzQ,термопанель.png,1163321614,https://avatars.mds.yandex.net/get-media-adv-screenshooter/20873747/75477b03-780e-4e10-adff-81a72fc688af/orig,Текстово-графический,Оригинальный,0.00,0,0,-,-,1,-,0.00,1.00,0.00,100.00,-,-,-,-
Термопанели в Выборге,712773255,21.08.2026,Группа 3 - клинкер (продуктовая),5773902142,Автотаргетинг,,-,0,-,0,,Не определено,-,-,,,,,Сети,Прочее,Не определено,Смартфоны,Android,Wi-Fi,Женский,45-54 года,Остальные,Не определено,1915802914729060647,Активные,Комбинаторное,Термопанели с клинкером - собственный завод в Выборге,Без посредников - завод. 60+ видов декора. Доставка по Ленобласти.,https://marmara-pro.ru?utm_content=product&utm_term={PHRASE},http://direct.yandex.ru/images/direct/5442016/qtxMfdimB3EKymbW9TWLzQ,термопанель.png,1163321614,https://avatars.mds.yandex.net/get-media-adv-screenshooter/20873747/75477b03-780e-4e10-adff-81a72fc688af/orig,Видео,Оригинальный,0.00,0,0,-,-,2,-,0.00,2.00,0.00,100.00,-,-,-,-
Термопанели в Выборге,712773255,21.08.2026,Группа 3 - клинкер (продуктовая),5773902142,Автотаргетинг,,-,0,-,0,,Не определено,-,-,,,,,Сети,Прочее,Не определено,Смартфоны,Android,Wi-Fi,Женский,Старше 55,Остальные,Не определено,1915802914729060647,Активные,Комбинаторное,"Термопанели в Выборге - завод на Ленина, 11",Клинкерная плитка+утеплитель в одной панели. Оплата в два этапа. Звоните!,https://marmara-pro.ru?utm_content=product&utm_term={PHRASE},http://direct.yandex.ru/images/direct/5245050/6C6d0cQ-RdpqlPYUtMZQkw,пример 2.jpg,1163321614,https://avatars.mds.yandex.net/get-media-adv-screenshooter/20873747/75477b03-780e-4e10-adff-81a72fc688af/orig,Видео,Оригинальный,0.00,0,0,-,-,1,-,0.00,1.00,0.00,100.00,-,-,-,-
Термопанели в Выборге,712773255,21.08.2026,Группа 3 - клинкер (продуктовая),5773902142,Автотаргетинг,,-,0,-,0,,Не определено,-,-,,,,,Сети,Прочее,Не определено,Смартфоны,Android,Wi-Fi,Женский,Старше 55,Остальные,Не определено,1915802914729060647,Активные,Комбинаторное,Термопанели с клинкером - собственный завод в Выборге,Без посредников - завод. 60+ видов декора. Доставка по Ленобласти.,https://marmara-pro.ru?utm_content=product&utm_term={PHRASE},http://direct.yandex.ru/images/direct/5442016/qtxMfdimB3EKymbW9TWLzQ,термопанель.png,1163321614,https://avatars.mds.yandex.net/get-media-adv-screenshooter/20873747/75477b03-780e-4e10-adff-81a72fc688af/orig,Текстово-графический,Оригинальный,0.00,0,0,-,-,1,-,0.00,1.00,0.00,100.00,-,-,-,-
Термопанели в Выборге,712773255,21.08.2026,Группа 3 - клинкер (продуктовая),5773902142,Автотаргетинг,,-,0,-,0,,Не определено,-,-,,,,,Сети,Прочее,Не определено,Смартфоны,Android,Wi-Fi,Женский,Старше 55,Остальные,Не определено,1915802914729060647,Активные,Комбинаторное,Термопанели с клинкером - собственный завод в Выборге,Без посредников - завод. 60+ видов декора. Доставка по Ленобласти.,https://marmara-pro.ru?utm_content=product&utm_term={PHRASE},http://direct.yandex.ru/images/direct/5442016/qtxMfdimB3EKymbW9TWLzQ,термопанель.png,1163321614,https://avatars.mds.yandex.net/get-media-adv-screenshooter/20873747/75477b03-780e-4e10-adff-81a72fc688af/orig,Видео,Автоматический,0.00,0,0,-,-,1,-,0.00,1.00,0.00,100.00,-,-,-,-
Термопанели в Выборге,712773255,21.08.2026,Группа 3 - клинкер (продуктовая),5773902142,Автотаргетинг,,-,0,-,0,,Не определено,-,-,,,,,Сети,Прочее,Не определено,Смартфоны,Android,Wi-Fi,Женский,Старше 55,Остальные,Не определено,1915802914729060647,Активные,Комбинаторное,Термопанели с клинкером - собственный завод в Выборге,Без посредников - завод. 60+ видов декора. Доставка по Ленобласти.,https://marmara-pro.ru?utm_content=product&utm_term={PHRASE},http://direct.yandex.ru/images/direct/5442016/qtxMfdimB3EKymbW9TWLzQ,термопанель.png,1163321614,https://avatars.mds.yandex.net/get-media-adv-screenshooter/20873747/75477b03-780e-4e10-adff-81a72fc688af/orig,Видео,Оригинальный,0.00,0,0,-,-,3,-,0.00,3.00,0.00,100.00,-,-,-,-
Термопанели в Выборге,712773255,21.08.2026,Группа 3 - клинкер (продуктовая),5773902142,Автотаргетинг,,-,0,-,0,,Не определено,-,-,,,,,Сети,Прочее,Не определено,Смартфоны,Android,Мобильная связь,Женский,25-34 года,Остальные,Не определено,1915802914729060647,Активные,Комбинаторное,Термопанели с клинкером - собственный завод в Выборге,Без посредников - завод. 60+ видов декора. Доставка по Ленобласти.,https://marmara-pro.ru?utm_content=product&utm_term={PHRASE},http://direct.yandex.ru/images/direct/5442016/qtxMfdimB3EKymbW9TWLzQ,термопанель.png,1163321614,https://avatars.mds.yandex.net/get-media-adv-screenshooter/20873747/75477b03-780e-4e10-adff-81a72fc688af/orig,Видео,Оригинальный,0.00,0,0,-,-,1,-,0.00,1.00,0.00,100.00,-,-,-,-
Термопанели в Выборге,712773255,21.08.2026,Группа 3 - клинкер (продуктовая),5773902142,Автотаргетинг,,-,0,-,0,,Не определено,-,-,,,,,Сети,Прочее,Не определено,Смартфоны,Android,Мобильная связь,Женский,Старше 55,Остальные,Не определено,1915802914729060647,Активные,Комбинаторное,"Термопанели в Выборге - завод на Ленина, 11",Без посредников - завод. 60+ видов декора. Доставка по Ленобласти.,https://marmara-pro.ru?utm_content=product&utm_term={PHRASE},http://direct.yandex.ru/images/direct/5245050/6C6d0cQ-RdpqlPYUtMZQkw,пример 2.jpg,1163321614,https://avatars.mds.yandex.net/get-media-adv-screenshooter/20873747/75477b03-780e-4e10-adff-81a72fc688af/orig,Текстово-графический,Оригинальный,0.00,0,0,-,-,1,-,0.00,1.00,0.00,100.00,-,-,-,-
Термопанели в Выборге,712773255,21.08.2026,Группа 3 - клинкер (продуктовая),5773902142,Автотаргетинг,,-,0,-,0,,Не определено,-,-,,,,,Сети,Прочее,Не определено,Смартфоны,iOS,Wi-Fi,Мужской,Старше 55,Остальные,Не определено,1915802914729060647,Активные,Комбинаторное,Купить термопанели в Выборге напрямую,Без посредников - завод. 60+ видов декора. Доставка по Ленобласти.,https://marmara-pro.ru?utm_content=product&utm_term={PHRASE},http://direct.yandex.ru/images/direct/5250956/5XPY7aqvM1xRQF8e4uTrqg,карусель 4-3_06.jpg,1163321614,https://avatars.mds.yandex.net/get-media-adv-screenshooter/20873747/75477b03-780e-4e10-adff-81a72fc688af/orig,Текстово-графический,Оригинальный,0.00,0,0,-,-,1,-,0.00,1.00,0.00,100.00,-,-,-,-
Термопанели в Выборге,712773255,21.08.2026,Группа 3 - клинкер (продуктовая),5773902142,Автотаргетинг,,-,0,-,0,,Не определено,-,-,,,,,Сети,Прочее,Не определено,Смартфоны,iOS,Wi-Fi,Женский,45-54 года,Остальные,Не определено,1915802914729060647,Активные,Комбинаторное,Термопанели с клинкером - собственный завод в Выборге,Без посредников - завод. 60+ видов декора. Доставка по Ленобласти.,https://marmara-pro.ru?utm_content=product&utm_term={PHRASE},http://direct.yandex.ru/images/direct/5442016/qtxMfdimB3EKymbW9TWLzQ,термопанель.png,1163321614,https://avatars.mds.yandex.net/get-media-adv-screenshooter/20873747/75477b03-780e-4e10-adff-81a72fc688af/orig,Текстово-графический,Оригинальный,0.00,0,0,-,-,1,-,0.00,1.00,0.00,100.00,-,-,-,-
Термопанели в Выборге,712773255,21.08.2026,Группа 3 - клинкер (продуктовая),5773902142,Автотаргетинг,,-,0,-,0,,Не определено,-,-,,,,,Сети,Прочее,Не определено,Смартфоны,iOS,Wi-Fi,Женский,45-54 года,6–10%,Не определено,1915802914729060647,Активные,Комбинаторное,Термопанели с клинкером - собственный завод в Выборге,Без посредников - завод. 60+ видов декора. Доставка по Ленобласти.,https://marmara-pro.ru?utm_content=product&utm_term={PHRASE},http://direct.yandex.ru/images/direct/5442016/qtxMfdimB3EKymbW9TWLzQ,термопанель.png,-,-,Текстово-графический,Оригинальный,0.00,1,0,0.00,-,1,0.00,100.00,1.00,100.00,100.00,-,-,0.00,10.00
Термопанели в Выборге,712773255,21.08.2026,Группа 3 - клинкер (продуктовая),5773902142,Автотаргетинг,,-,0,-,0,,Не определено,-,-,,,,,Сети,Прочее,Не определено,Смартфоны,iOS,Wi-Fi,Женский,45-54 года,Топ 1%,Не определено,1915802914729060647,Активные,Комбинаторное,"Термопанели в Выборге - завод на Ленина, 11",Без посредников - завод. 60+ видов декора. Доставка по Ленобласти.,https://marmara-pro.ru?utm_content=product&utm_term={PHRASE},http://direct.yandex.ru/images/direct/5250956/5XPY7aqvM1xRQF8e4uTrqg,карусель 4-3_06.jpg,1163322157,https://avatars.mds.yandex.net/get-media-adv-screenshooter/20941197/1d06a155-09ca-4034-b8a4-ad411694a4d7/orig,Текстово-графический,Оригинальный,0.00,0,0,-,-,1,-,0.00,1.00,0.00,100.00,-,-,-,-
Термопанели в Выборге,712773255,21.08.2026,Группа 3 - клинкер (продуктовая),5773902142,Автотаргетинг,,-,0,-,0,,Не определено,-,-,,,,,Сети,Прочее,Не определено,Смартфоны,iOS,Wi-Fi,Женский,45-54 года,Топ 1%,Не определено,1915802914729060647,Активные,Комбинаторное,Термопанели с клинкером - собственный завод в Выборге,Без посредников - завод. 60+ видов декора. Доставка по Ленобласти.,https://marmara-pro.ru?utm_content=product&utm_term={PHRASE},http://direct.yandex.ru/images/direct/5442016/qtxMfdimB3EKymbW9TWLzQ,термопанель.png,1163321614,https://avatars.mds.yandex.net/get-media-adv-screenshooter/20873747/75477b03-780e-4e10-adff-81a72fc688af/orig,Видео,Оригинальный,0.00,1,0,0.00,-,1,0.00,100.00,1.00,100.00,100.00,-,-,0.00,22.00
Термопанели в Выборге,712773255,21.08.2026,Группа 3 - клинкер (продуктовая),5773902142,Автотаргетинг,,-,0,-,0,,Не определено,-,-,,,,,Сети,Прочее,Не определено,Смартфоны,iOS,Мобильная связь,Женский,25-34 года,6–10%,Не определено,1915802914729060647,Активные,Комбинаторное,Термопанели с клинкером - собственный завод в Выборге,Без посредников - завод. 60+ видов декора. Доставка по Ленобласти.,https://marmara-pro.ru?utm_content=product&utm_term={PHRASE},http://direct.yandex.ru/images/direct/5442016/qtxMfdimB3EKymbW9TWLzQ,термопанель.png,1163321614,https://avatars.mds.yandex.net/get-media-adv-screenshooter/20873747/75477b03-780e-4e10-adff-81a72fc688af/orig,Текстово-графический,Автоматический,0.00,0,0,-,-,1,-,0.00,1.00,0.00,100.00,-,-,-,-
Термопанели в Выборге,712773255,21.08.2026,Группа 3 - клинкер (продуктовая),5773902142,Автотаргетинг,,-,0,-,0,,Не определено,-,-,,,,,Сети,Прочее,Не определено,Планшеты,Android,Wi-Fi,Мужской,35-44 года,Топ 1%,Не определено,1915802914729060647,Активные,Комбинаторное,Термопанели с клинкером - собственный завод в Выборге,Без посредников - завод. 60+ видов декора. Доставка по Ленобласти.,https://marmara-pro.ru?utm_content=product&utm_term={PHRASE},http://direct.yandex.ru/images/direct/5442016/qtxMfdimB3EKymbW9TWLzQ,термопанель.png,1163321614,https://avatars.mds.yandex.net/get-media-adv-screenshooter/20873747/75477b03-780e-4e10-adff-81a72fc688af/orig,Видео,Автоматический,0.00,0,0,-,-,1,-,0.00,1.00,0.00,100.00,-,-,-,-
Термопанели в Выборге,712773255,21.08.2026,Группа 3 - клинкер (продуктовая),5773902142,Автотаргетинг,,-,0,-,0,3d панели для улицы,Целевые запросы,Запросы без упоминания брендов,-,,,,,Поиск,Прочее,Не определено,Смартфоны,iOS,Мобильная связь,Женский,25-34 года,6–10%,Не определено,1915802914729060647,Активные,Комбинаторное,Производитель термопанелей в Ленобласти,Свое производство в Выборге. Приезжайте на образцы. Бесплатная доставка по району.,https://marmara-pro.ru?utm_content=product&utm_term={PHRASE},-,-,-,-,Текстово-графический,Оригинальный,0.00,0,0,-,-,1,-,0.00,0.65,0.00,64.58,6.00,-,-,-
Термопанели в Выборге,712773255,21.08.2026,Группа 3 - клинкер (продуктовая),5773902142,Автотаргетинг,,-,0,-,0,артель термовуд,Альтернативные запросы,Запросы с упоминанием брендов конкурентов,-,,,,,Поиск,Прочее,Не определено,Смартфоны,iOS,Wi-Fi,Мужской,18-24 года,2–5%,Не определено,1915802914729060647,Активные,Комбинаторное,Производитель термопанелей в Ленобласти,Свое производство в Выборге. Приезжайте на образцы. Бесплатная доставка по району.,https://marmara-pro.ru?utm_content=product&utm_term={PHRASE},-,-,-,-,Текстово-графический,Оригинальный,0.00,0,0,-,-,1,-,0.00,0.09,0.00,8.50,5.00,-,-,-
Термопанели в Выборге,712773255,21.08.2026,Группа 3 - клинкер (продуктовая),5773902142,Автотаргетинг,,-,0,-,0,деке берг фасадные панели,Альтернативные запросы,Запросы с упоминанием брендов конкурентов,-,,,,,Поиск,Прочее,Не определено,Смартфоны,Android,Wi-Fi,Женский,45-54 года,Остальные,Не определено,1915802914729060647,Активные,Комбинаторное,Гарантия до 5 лет на термопанели,Свое производство в Выборге. Приезжайте на образцы. Бесплатная доставка по району.,https://marmara-pro.ru?utm_content=product&utm_term={PHRASE},-,-,-,-,Текстово-графический,Оригинальный,0.00,0,0,-,-,1,-,0.00,0.09,0.00,8.50,5.00,-,-,-
Термопанели в Выборге,712773255,21.08.2026,Группа 3 - клинкер (продуктовая),5773902142,Автотаргетинг,,-,0,-,0,дпк панели для фасада спб,Альтернативные запросы,Запросы без упоминания брендов,-,,,,,Поиск,Прочее,Не определено,Смартфоны,iOS,Wi-Fi,Женский,45-54 года,6–10%,Не определено,1915802914729060647,Активные,Комбинаторное,Производитель термопанелей в Ленобласти,Свое производство в Выборге. Приезжайте на образцы. Бесплатная доставка по району.,https://marmara-pro.ru?utm_content=product&utm_term={PHRASE},-,-,-,-,Текстово-графический,Оригинальный,0.00,1,0,0.00,-,1,0.00,100.00,0.09,1176.47,8.50,5.00,5.00,0.00,1.00
Термопанели в Выборге,712773255,21.08.2026,Группа 3 - клинкер (продуктовая),5773902142,Автотаргетинг,,-,0,-,0,какие материалы используют для облицовки фасада кирпичного дома по госту,Сопутствующие запросы,Запросы без упоминания брендов,-,,,,,Поиск,Прочее,Не определено,Десктопы,Не определён,Wi-Fi,Женский,45-54 года,6–10%,Не определено,1915802914729060647,Активные,Комбинаторное,"Термопанели в Выборге - завод на Ленина, 11",Без посредников - завод. 60+ видов декора. Доставка по Ленобласти.,https://marmara-pro.ru?utm_content=product&utm_term={PHRASE},-,-,-,-,Текстово-графический,Автоматический,0.00,0,0,-,-,1,-,0.00,0.44,0.00,44.42,6.00,-,-,-
Термопанели в Выборге,712773255,21.08.2026,Группа 3 - клинкер (продуктовая),5773902142,Автотаргетинг,,-,0,-,0,кирпичики для отделки стен фасада,Целевые запросы,Запросы без упоминания брендов,-,,,,,Поиск,Прочее,Не определено,Смартфоны,Android,Wi-Fi,Женский,35-44 года,6–10%,Не определено,1915802914729060647,Активные,Комбинаторное,"Термопанели в Выборге - завод на Ленина, 11",Без посредников - завод. 60+ видов декора. Доставка по Ленобласти.,https://marmara-pro.ru?utm_content=product&utm_term={PHRASE},-,-,-,-,Текстово-графический,Автоматический,0.00,0,0,-,-,1,-,0.00,0.45,0.00,44.58,8.00,-,-,-
Термопанели в Выборге,712773255,21.08.2026,Группа 3 - клинкер (продуктовая),5773902142,Автотаргетинг,,-,0,-,0,кирпичная панель,Целевые запросы,Запросы без упоминания брендов,-,,,,,Поиск,Прочее,Не определено,Смартфоны,Android,Wi-Fi,Мужской,45-54 года,Остальные,Не определено,1915802914729060647,Активные,Комбинаторное,"Термопанели в Выборге - завод на Ленина, 11",Без посредников - завод. 60+ видов декора. Доставка по Ленобласти.,https://marmara-pro.ru?utm_content=product&utm_term={PHRASE},-,-,-,-,Текстово-графический,Автоматический,0.00,0,0,-,-,1,-,0.00,0.45,0.00,44.58,8.00,-,-,-
Термопанели в Выборге,712773255,21.08.2026,Группа 3 - клинкер (продуктовая),5773902142,Автотаргетинг,,-,0,-,0,кирпичная панель,Целевые запросы,Запросы без упоминания брендов,-,,,,,Поиск,Товарная галерея,Не определено,Смартфоны,Android,Wi-Fi,Мужской,45-54 года,Остальные,Не определено,1915802914729060647,Активные,Комбинаторное,"Термопанели в Выборге - завод на Ленина, 11",Без посредников - завод. 60+ видов декора. Доставка по Ленобласти.,https://marmara-pro.ru?utm_content=product&utm_term={PHRASE},http://direct.yandex.ru/images/direct/5250956/5XPY7aqvM1xRQF8e4uTrqg,карусель 4-3_06.jpg,-,-,Текстово-графический,Автоматический,0.00,0,0,-,-,1,-,0.00,0.23,0.00,22.94,7.00,-,-,-
Термопанели в Выборге,712773255,21.08.2026,Группа 3 - клинкер (продуктовая),5773902142,Автотаргетинг,,-,0,-,0,клинкерная плитка для фасада,Целевые запросы,Запросы без упоминания брендов,-,,,,,Поиск,Прочее,Не определено,Смартфоны,iOS,Wi-Fi,Женский,35-44 года,6–10%,Не определено,1915802914729060647,Активные,Комбинаторное,Термопанели с клинкером - собственный завод в Выборге,Клинкерная плитка+утеплитель в одной панели. Оплата в два этапа. Звоните!,https://marmara-pro.ru?utm_content=product&utm_term={PHRASE},-,-,-,-,Текстово-графический,Оригинальный,0.00,0,0,-,-,1,-,0.00,0.45,0.00,44.58,8.00,-,-,-
Термопанели в Выборге,712773255,21.08.2026,Группа 3 - клинкер (продуктовая),5773902142,Автотаргетинг,,-,0,-,0,клинкерные термопанели для фасада,Целевые запросы,Запросы без упоминания брендов,-,,,,,Поиск,Прочее,Не определено,Смартфоны,Android,Wi-Fi,Мужской,45-54 года,Остальные,Не определено,1915802914729060647,Активные,Комбинаторное,Клинкерные термопанели - производство Выборг,Свое производство в Выборге. Приезжайте на образцы. Бесплатная доставка по району.,https://marmara-pro.ru?utm_content=product&utm_term={PHRASE},-,-,-,-,Текстово-графический,Оригинальный,0.00,0,0,-,-,1,-,0.00,0.55,0.00,54.58,7.00,-,-,-
Термопанели в Выборге,712773255,21.08.2026,Группа 3 - клинкер (продуктовая),5773902142,Автотаргетинг,,-,0,-,0,купить термопанель выборг,Целевые запросы,Запросы без упоминания брендов,-,,,,,Поиск,Прочее,Не определено,Смартфоны,iOS,Wi-Fi,Мужской,35-44 года,Остальные,Не определено,1915802914729060647,Активные,Комбинаторное,"Термопанели в Выборге - завод на Ленина, 11",Без посредников - завод. 60+ видов декора. Доставка по Ленобласти.,https://marmara-pro.ru?utm_content=product&utm_term={PHRASE},-,-,-,-,Текстово-графический,Оригинальный,0.00,0,0,-,-,1,-,0.00,0.65,0.00,64.58,6.00,-,-,-
Термопанели в Выборге,712773255,21.08.2026,Группа 3 - клинкер (продуктовая),5773902142,Автотаргетинг,,-,0,-,0,купить термопанель выборг,Целевые запросы,Запросы без упоминания брендов,-,,,,,Поиск,Прочее,Не определено,Смартфоны,iOS,Wi-Fi,Мужской,35-44 года,Остальные,Не определено,1915802914729060647,Активные,Комбинаторное,"Термопанели в Выборге - завод на Ленина, 11",Свое производство в Выборге. Приезжайте на образцы. Бесплатная доставка по району.,https://marmara-pro.ru?utm_content=product&utm_term={PHRASE},-,-,-,-,Текстово-графический,Оригинальный,0.00,0,0,-,-,1,-,0.00,0.09,0.00,8.50,5.00,-,-,-
Термопанели в Выборге,712773255,21.08.2026,Группа 3 - клинкер (продуктовая),5773902142,Автотаргетинг,,-,0,-,0,озон каменные панели,Целевые запросы,Запросы с упоминанием брендов конкурентов,-,,,,,Поиск,Прочее,Не определено,Десктопы,Не определён,Wi-Fi,Женский,Старше 55,Остальные,Не определено,1915802914729060647,Активные,Комбинаторное,"Термопанели в Выборге - завод на Ленина, 11",Без посредников - завод. 60+ видов декора. Доставка по Ленобласти.,https://marmara-pro.ru?utm_content=product&utm_term={PHRASE},-,-,-,-,Текстово-графический,Автоматический,0.00,0,0,-,-,1,-,0.00,0.45,0.00,44.58,8.00,-,-,-
Термопанели в Выборге,712773255,21.08.2026,Группа 3 - клинкер (продуктовая),5773902142,Автотаргетинг,,-,0,-,0,панели,Целевые запросы,Запросы без упоминания брендов,-,,,,,Поиск,Прочее,Не определено,Смартфоны,Android,Мобильная связь,Мужской,Старше 55,Остальные,Не определено,1915802914729060647,Активные,Комбинаторное,"Термопанели в Выборге - завод на Ленина, 11",Без посредников - завод. 60+ видов декора. Доставка по Ленобласти.,https://marmara-pro.ru?utm_content=product&utm_term={PHRASE},-,-,-,-,Текстово-графический,Автоматический,0.00,0,0,-,-,1,-,0.00,0.55,0.00,54.58,7.00,-,-,-
Термопанели в Выборге,712773255,21.08.2026,Группа 3 - клинкер (продуктовая),5773902142,Автотаргетинг,,-,0,-,0,панели для наружных стен,Целевые запросы,Запросы без упоминания брендов,-,,,,,Поиск,Прочее,Не определено,Смартфоны,Android,Wi-Fi,Мужской,Старше 55,Остальные,Не определено,1915802914729060647,Активные,Комбинаторное,Производитель термопанелей в Ленобласти,Свое производство в Выборге. Приезжайте на образцы. Бесплатная доставка по району.,https://marmara-pro.ru?utm_content=product&utm_term={PHRASE},-,-,-,-,Текстово-графический,Оригинальный,0.00,0,0,-,-,1,-,0.00,0.55,0.00,54.58,7.00,-,-,-
Термопанели в Выборге,712773255,21.08.2026,Группа 3 - клинкер (продуктовая),5773902142,Автотаргетинг,,-,0,-,0,панели для стен,Целевые запросы,Запросы без упоминания брендов,-,,,,,Поиск,Прочее,Не определено,Смартфоны,Android,Wi-Fi,Мужской,45-54 года,Остальные,Не определено,1915802914729060647,Активные,Комбинаторное,"Термопанели в Выборге - завод на Ленина, 11",Без посредников - завод. 60+ видов декора. Доставка по Ленобласти.,https://marmara-pro.ru?utm_content=product&utm_term={PHRASE},-,-,-,-,Текстово-графический,Автоматический,0.00,0,0,-,-,1,-,0.00,0.65,0.00,64.58,6.00,-,-,-
Термопанели в Выборге,712773255,21.08.2026,Группа 3 - клинкер (продуктовая),5773902142,Автотаргетинг,,-,0,-,0,пластиковые панели имитация камня на стену,Целевые запросы,Запросы без упоминания брендов,-,,,,,Поиск,Прочее,Не определено,Смартфоны,Android,Wi-Fi,Женский,45-54 года,2–5%,Не определено,1915802914729060647,Активные,Комбинаторное,Гарантия до 5 лет на термопанели,Свое производство в Выборге. Приезжайте на образцы. Бесплатная доставка по району.,https://marmara-pro.ru?utm_content=product&utm_term={PHRASE},-,-,-,-,Текстово-графический,Оригинальный,0.00,0,0,-,-,1,-,0.00,0.85,0.00,84.88,5.00,-,-,-
Термопанели в Выборге,712773255,21.08.2026,Группа 3 - клинкер (продуктовая),5773902142,Автотаргетинг,,-,0,-,0,сип панели,Альтернативные запросы,Запросы без упоминания брендов,-,,,,,Поиск,Прочее,Не определено,Смартфоны,Android,Wi-Fi,Женский,25-34 года,Остальные,Не определено,1915802914729060647,Активные,Комбинаторное,Производитель термопанелей в Ленобласти,Клинкерная плитка+утеплитель в одной панели. Оплата в два этапа. Звоните!,https://marmara-pro.ru?utm_content=product&utm_term={PHRASE},-,-,-,-,Текстово-графический,Оригинальный,0.00,0,0,-,-,1,-,0.00,0.09,0.00,8.50,5.00,-,-,-
Термопанели в Выборге,712773255,21.08.2026,Группа 3 - клинкер (продуктовая),5773902142,Автотаргетинг,,-,0,-,0,стройтовары тосно,Целевые запросы,Запросы без упоминания брендов,-,,,,,Поиск,Товарная галерея,Не определено,Смартфоны,Android,Wi-Fi,Мужской,45-54 года,Остальные,Не определено,1915802914729060647,Активные,Комбинаторное,Бесплатная доставка по Выборгскому району,Без посредников - завод. 60+ видов декора. Доставка по Ленобласти.,https://marmara-pro.ru?utm_content=product&utm_term={PHRASE},http://direct.yandex.ru/images/direct/4298071/skS6Zjow652PazB91P1Ung,плитка 01.jpg,-,-,Текстово-графический,Оригинальный,0.00,0,0,-,-,1,-,0.00,0.03,0.00,3.30,36.00,-,-,-
Термопанели в Выборге,712773255,21.08.2026,Группа 3 - клинкер (продуктовая),5773902142,Автотаргетинг,,-,0,-,0,термопанели,Целевые запросы,Запросы без упоминания брендов,-,,,,,Поиск,Прочее,Не определено,Смартфоны,iOS,Wi-Fi,Мужской,25-34 года,2–5%,Не определено,1915802914729060647,Активные,Комбинаторное,"Термопанели в Выборге - завод на Ленина, 11",Без посредников - завод. 60+ видов декора. Доставка по Ленобласти.,https://marmara-pro.ru?utm_content=product&utm_term={PHRASE},-,-,-,-,Текстово-графический,Автоматический,0.00,0,0,-,-,1,-,0.00,0.85,0.00,84.88,5.00,-,-,-
Термопанели в Выборге,712773255,21.08.2026,Группа 3 - клинкер (продуктовая),5773902142,Автотаргетинг,,-,0,-,0,термопанели,Целевые запросы,Запросы без упоминания брендов,-,,,,,Поиск,Товарная галерея,Не определено,Смартфоны,iOS,Wi-Fi,Мужской,25-34 года,2–5%,Не определено,1915802914729060647,Активные,Комбинаторное,"Термопанели в Выборге - завод на Ленина, 11",Без посредников - завод. 60+ видов декора. Доставка по Ленобласти.,https://marmara-pro.ru?utm_content=product&utm_term={PHRASE},http://direct.yandex.ru/images/direct/5250956/5XPY7aqvM1xRQF8e4uTrqg,карусель 4-3_06.jpg,-,-,Текстово-графический,Автоматический,0.00,0,0,-,-,1,-,0.00,0.99,0.00,98.59,2.00,-,-,-
Термопанели в Выборге,712773255,21.08.2026,Группа 3 - клинкер (продуктовая),5773902142,Автотаргетинг,,-,0,-,0,термопанели для наружной отделки дома,Целевые запросы,Запросы без упоминания брендов,-,,,,,Поиск,Прочее,Не определено,Смартфоны,Android,Wi-Fi,Мужской,45-54 года,Остальные,Не определено,1915802914729060647,Активные,Комбинаторное,"Термопанели в Выборге - завод на Ленина, 11",Без посредников - завод. 60+ видов декора. Доставка по Ленобласти.,https://marmara-pro.ru?utm_content=product&utm_term={PHRASE},-,-,-,-,Текстово-графический,Автоматический,0.00,0,0,-,-,1,-,0.00,0.85,0.00,84.88,5.00,-,-,-
Термопанели в Выборге,712773255,21.08.2026,Группа 3 - клинкер (продуктовая),5773902142,Автотаргетинг,,-,0,-,0,термопанели купить,Целевые запросы,Запросы без упоминания брендов,-,,,,,Поиск,Товарная галерея,Не определено,Смартфоны,Android,Wi-Fi,Мужской,35-44 года,Остальные,Не определено,1915802914729060647,Активные,Комбинаторное,Купить термопанели в Выборге напрямую,Без посредников - завод. 60+ видов декора. Доставка по Ленобласти.,https://marmara-pro.ru?utm_content=product&utm_term={PHRASE},http://direct.yandex.ru/images/direct/5442016/qtxMfdimB3EKymbW9TWLzQ,термопанель.png,-,-,Текстово-графический,Оригинальный,0.00,0,0,-,-,1,-,0.00,0.08,0.00,7.56,8.00,-,-,-
Термопанели в Выборге,712773255,21.08.2026,Группа 3 - клинкер (продуктовая),5773902142,Автотаргетинг,,-,0,-,0,термопанели фасады,Целевые запросы,Запросы без упоминания брендов,-,,,,,Поиск,Прочее,Не определено,Смартфоны,Android,Wi-Fi,Женский,45-54 года,Остальные,Не определено,1915802914729060647,Активные,Комбинаторное,"Термопанели в Выборге - завод на Ленина, 11",Без посредников - завод. 60+ видов декора. Доставка по Ленобласти.,https://marmara-pro.ru?utm_content=product&utm_term={PHRASE},-,-,-,-,Текстово-графический,Автоматический,0.00,0,0,-,-,1,-,0.00,0.65,0.00,64.58,6.00,-,-,-
Термопанели в Выборге,712773255,21.08.2026,Группа 3 - клинкер (продуктовая),5773902142,Автотаргетинг,,-,0,-,0,термоплита,Целевые запросы,Запросы без упоминания брендов,-,,,,,Поиск,Прочее,Не определено,Смартфоны,iOS,Wi-Fi,Мужской,25-34 года,6–10%,Не определено,1915802914729060647,Активные,Комбинаторное,"Термопанели в Выборге - завод на Ленина, 11",Без посредников - завод. 60+ видов декора. Доставка по Ленобласти.,https://marmara-pro.ru?utm_content=product&utm_term={PHRASE},-,-,-,-,Текстово-графический,Автоматический,0.00,0,0,-,-,1,-,0.00,0.65,0.00,64.58,6.00,-,-,-
Термопанели в Выборге,712773255,21.08.2026,Группа 3 - клинкер (продуктовая),5773902142,Автотаргетинг,,-,0,-,0,термоплита,Целевые запросы,Запросы без упоминания брендов,-,,,,,Поиск,Товарная галерея,Не определено,Смартфоны,iOS,Wi-Fi,Мужской,25-34 года,6–10%,Не определено,1915802914729060647,Активные,Комбинаторное,"Термопанели в Выборге - завод на Ленина, 11",Без посредников - завод. 60+ видов декора. Доставка по Ленобласти.,https://marmara-pro.ru?utm_content=product&utm_term={PHRASE},http://direct.yandex.ru/images/direct/5250956/5XPY7aqvM1xRQF8e4uTrqg,карусель 4-3_06.jpg,-,-,Текстово-графический,Автоматический,0.00,0,0,-,-,1,-,0.00,0.25,0.00,25.32,8.00,-,-,-
Термопанели в Выборге,712773255,21.08.2026,Группа 3 - клинкер (продуктовая),5773902142,Автотаргетинг,,-,0,-,0,укладываем кафельную плитку с помощью жидкой резины на сип панель,Сопутствующие запросы,Запросы без упоминания брендов,-,,,,,Поиск,Прочее,Не определено,Десктопы,Не определён,Wi-Fi,Мужской,25-34 года,Остальные,Не определено,1915802914729060647,Активные,Комбинаторное,"Термопанели в Выборге - завод на Ленина, 11",Клинкерная плитка+утеплитель в одной панели. Оплата в два этапа. Звоните!,https://marmara-pro.ru?utm_content=product&utm_term={PHRASE},-,-,-,-,Текстово-графический,Автоматический,0.00,0,0,-,-,1,-,0.00,0.44,0.00,44.42,6.00,-,-,-
Термопанели в Выборге,712773255,21.08.2026,Группа 3 - клинкер (продуктовая),5773902142,Автотаргетинг,,-,0,-,0,утеплительные блоки,Альтернативные запросы,Запросы без упоминания брендов,-,,,,,Поиск,Прочее,Не определено,Смартфоны,iOS,Wi-Fi,Женский,18-24 года,2–5%,Не определено,1915802914729060647,Активные,Комбинаторное,"Термопанели в Выборге - завод на Ленина, 11",Клинкерная плитка+утеплитель в одной панели. Оплата в два этапа. Звоните!,https://marmara-pro.ru?utm_content=product&utm_term={PHRASE},-,-,-,-,Текстово-графический,Оригинальный,0.00,0,0,-,-,1,-,0.00,0.09,0.00,8.50,5.00,-,-,-
Термопанели в Выборге,712773255,21.08.2026,Группа 3 - клинкер (продуктовая),5773902142,Автотаргетинг,,-,0,-,0,фасадные панели,Целевые запросы,Запросы без упоминания брендов,-,,,,,Поиск,Прочее,Не определено,Смартфоны,Android,Wi-Fi,Мужской,45-54 года,Остальные,Не определено,1915802914729060647,Активные,Комбинаторное,"Термопанели в Выборге - завод на Ленина, 11",Без посредников - завод. 60+ видов декора. Доставка по Ленобласти.,https://marmara-pro.ru?utm_content=product&utm_term={PHRASE},-,-,-,-,Текстово-графический,Автоматический,0.00,0,0,-,-,1,-,0.00,0.65,0.00,64.58,6.00,-,-,-
Термопанели в Выборге,712773255,21.08.2026,Группа 3 - клинкер (продуктовая),5773902142,Автотаргетинг,,-,0,-,0,цокольные панели,Целевые запросы,Запросы без упоминания брендов,-,,,,,Поиск,Прочее,Не определено,Смартфоны,Android,Wi-Fi,Мужской,45-54 года,Остальные,Не определено,1915802914729060647,Активные,Комбинаторное,"Термопанели в Выборге - завод на Ленина, 11",Без посредников - завод. 60+ видов декора. Доставка по Ленобласти.,https://marmara-pro.ru?utm_content=product&utm_term={PHRASE},-,-,-,-,Текстово-графический,Автоматический,0.00,0,0,-,-,1,-,0.00,0.45,0.00,44.58,8.00,-,-,-
Термопанели в Выборге,712773255,21.08.2026,Группа 3 - клинкер (продуктовая),5773902142,Автотаргетинг,,-,0,-,0,цокольные фасадные панели для наружной отделки,Целевые запросы,Запросы без упоминания брендов,-,,,,,Поиск,Прочее,Не определено,Десктопы,Не определён,Wi-Fi,Мужской,Старше 55,Остальные,Не определено,1915802914729060647,Активные,Комбинаторное,Производитель термопанелей в Ленобласти,Свое производство в Выборге. Приезжайте на образцы. Бесплатная доставка по району.,https://marmara-pro.ru?utm_content=product&utm_term={PHRASE},-,-,-,-,Текстово-графический,Оригинальный,0.00,0,0,-,-,1,-,0.00,0.45,0.00,44.58,8.00,-,-,-
Термопанели в Выборге,712773255,21.08.2026,Группа 3 - клинкер (продуктовая),5773902142,Автотаргетинг,,-,0,-,0,чем отличаются фасадные панели от цокольных в чем у них разница,Целевые запросы,Запросы без упоминания брендов,-,,,,,Поиск,Прочее,Не определено,Смартфоны,Android,Wi-Fi,Мужской,Старше 55,Остальные,Не определено,1915802914729060647,Активные,Комбинаторное,"Термопанели в Выборге - завод на Ленина, 11",Без посредников - завод. 60+ видов декора. Доставка по Ленобласти.,https://marmara-pro.ru?utm_content=product&utm_term={PHRASE},-,-,-,-,Текстово-графический,Автоматический,0.00,0,0,-,-,1,-,0.00,0.85,0.00,84.88,5.00,-,-,-
Термопанели в Выборге,712773255,21.08.2026,Группа 3 - клинкер (продуктовая),5773902142,Автотаргетинг,,-,0,-,0,чем отличаются фасадные панели от цокольных в чем у них разница,Целевые запросы,Запросы без упоминания брендов,-,,,,,Поиск,Товарная галерея,Не определено,Смартфоны,Android,Wi-Fi,Мужской,Старше 55,Остальные,Не определено,1915802914729060647,Активные,Комбинаторное,"Термопанели в Выборге - завод на Ленина, 11",Без посредников - завод. 60+ видов декора. Доставка по Ленобласти.,https://marmara-pro.ru?utm_content=product&utm_term={PHRASE},http://direct.yandex.ru/images/direct/5250956/5XPY7aqvM1xRQF8e4uTrqg,карусель 4-3_06.jpg,-,-,Текстово-графический,Автоматический,0.00,0,0,-,-,2,-,0.00,1.05,0.00,52.59,3.00,-,-,-
Термопанели в Выборге,712773255,21.08.2026,Термопанели (Лен. область),5773097196,Автотаргетинг,,-,0,-,0,,Не определено,-,-,,,,,Сети,Прочее,Не определено,Десктопы,Не определён,Wi-Fi,Женский,Старше 55,Остальные,Не определено,1915608023072927866,Активные,Комбинаторное,Термопанели с клинкером. Свое производство в Выборге,"Термопанели с клинкером. Собственное производство, своя цена, нет посредников.",https://marmara-pro.ru?utm_content=geo&utm_term={PHRASE},http://direct.yandex.ru/images/direct/5245050/6C6d0cQ-RdpqlPYUtMZQkw,пример 2.jpg,1163322157,https://avatars.mds.yandex.net/get-media-adv-screenshooter/20941197/1d06a155-09ca-4034-b8a4-ad411694a4d7/orig,Текстово-графический,Оригинальный,0.00,0,0,-,-,1,-,0.00,1.00,0.00,100.00,-,-,-,-
Термопанели в Выборге,712773255,21.08.2026,Термопанели (Лен. область),5773097196,Автотаргетинг,,-,0,-,0,,Не определено,-,-,,,,,Сети,Прочее,Не определено,Смартфоны,Android,Wi-Fi,Мужской,45-54 года,Остальные,Не определено,1915608023072927866,Активные,Комбинаторное,Термопанели с клинкером. Свое производство в Выборге,"Термопанели с клинкером. Собственное производство, своя цена, нет посредников.",https://marmara-pro.ru?utm_content=geo&utm_term={PHRASE},http://direct.yandex.ru/images/direct/4298071/skS6Zjow652PazB91P1Ung,плитка 01.jpg,1163322157,https://avatars.mds.yandex.net/get-media-adv-screenshooter/20941197/1d06a155-09ca-4034-b8a4-ad411694a4d7/orig,Видео,Автоматический,0.00,0,0,-,-,1,-,0.00,1.00,0.00,100.00,-,-,-,-
Термопанели в Выборге,712773255,21.08.2026,Термопанели (Лен. область),5773097196,Автотаргетинг,,-,0,-,0,,Не определено,-,-,,,,,Сети,Прочее,Не определено,Смартфоны,iOS,Wi-Fi,Женский,45-54 года,6–10%,Не определено,1915608023072927866,Активные,Комбинаторное,Термопанели с клинкером. Свое производство в Выборге,"Термопанели с клинкером. Собственное производство, своя цена, нет посредников.",https://marmara-pro.ru?utm_content=geo&utm_term={PHRASE},http://direct.yandex.ru/images/direct/4298071/skS6Zjow652PazB91P1Ung,плитка 01.jpg,-,-,Текстово-графический,Оригинальный,0.00,1,0,0.00,-,1,0.00,100.00,1.00,100.00,100.00,-,-,0.00,1.00
Термопанели в Выборге,712773255,21.08.2026,Термопанели (Лен. область),5773097196,Автотаргетинг,,-,0,-,0,в чем разница между фасадными панелями и цокольные,Целевые запросы,Запросы без упоминания брендов,-,,,,,Поиск,Прочее,Не определено,Смартфоны,Android,Wi-Fi,Мужской,Старше 55,Остальные,Не определено,1915608023072927866,Активные,Комбинаторное,Термопанели с клинкерной плиткой. Производство в Выборге,"Термопанели с клинкером. Собственное производство, своя цена, нет посредников.",https://marmara-pro.ru?utm_content=geo&utm_term={PHRASE},-,-,-,-,Текстово-графический,Автоматический,0.00,0,0,-,-,1,-,0.00,0.85,0.00,84.88,5.00,-,-,-
Термопанели в Выборге,712773255,21.08.2026,Термопанели (Лен. область),5773097196,Автотаргетинг,,-,0,-,0,в чем разница между фасадными панелями и цокольные,Целевые запросы,Запросы без упоминания брендов,-,,,,,Поиск,Товарная галерея,Не определено,Смартфоны,Android,Wi-Fi,Мужской,Старше 55,Остальные,Не определено,1915608023072927866,Активные,Комбинаторное,Термопанели с клинкерной плиткой. Производство в Выборге,"Термопанели с клинкером. Собственное производство, своя цена, нет посредников.",https://marmara-pro.ru?utm_content=geo&utm_term={PHRASE},http://direct.yandex.ru/images/direct/5250956/5XPY7aqvM1xRQF8e4uTrqg,карусель 4-3_06.jpg,-,-,Текстово-графический,Автоматический,0.00,0,0,-,-,2,-,0.00,1.05,0.00,52.59,3.00,-,-,-
Термопанели в Выборге,712773255,21.08.2026,Термопанели (Лен. область),5773097196,Автотаргетинг,,-,0,-,0,декоративные панели для стен для наружной отделки фасадов,Целевые запросы,Запросы без упоминания брендов,-,,,,,Поиск,Прочее,Не определено,Смартфоны,Android,Wi-Fi,Мужской,35-44 года,Остальные,Не определено,1915608023072927866,Активные,Комбинаторное,Термопанели с клинкерной плиткой. Производство в Выборге,"Термопанели с клинкером. Собственное производство, своя цена, нет посредников.",https://marmara-pro.ru?utm_content=geo&utm_term={PHRASE},-,-,-,-,Текстово-графический,Автоматический,0.00,0,0,-,-,1,-,0.00,0.55,0.00,54.58,7.00,-,-,-
Термопанели в Выборге,712773255,21.08.2026,Термопанели (Лен. область),5773097196,Автотаргетинг,,-,0,-,0,изготовление термопанели,Целевые запросы,Запросы без упоминания брендов,-,,,,,Поиск,Товарная галерея,Не определено,Десктопы,Не определён,Wi-Fi,Женский,Старше 55,6–10%,Не определено,1915608023072927866,Активные,Комбинаторное,Термопанели с клинкерной плиткой. Производство в Выборге,"Термопанели с клинкером. Собственное производство, своя цена, нет посредников.",https://marmara-pro.ru?utm_content=geo&utm_term={PHRASE},http://direct.yandex.ru/images/direct/5250956/5XPY7aqvM1xRQF8e4uTrqg,карусель 4-3_06.jpg,-,-,Текстово-графический,Оригинальный,0.00,0,0,-,-,1,-,0.00,0.31,0.00,30.96,9.00,-,-,-
Термопанели в Выборге,712773255,21.08.2026,Термопанели (Лен. область),5773097196,Автотаргетинг,,-,0,-,0,как правильно обшить бетонный фундамент панелями дк,Сопутствующие запросы,Запросы без упоминания брендов,-,,,,,Поиск,Прочее,Не определено,Смартфоны,Android,Wi-Fi,Мужской,Старше 55,Остальные,Не определено,1915608023072927866,Активные,Комбинаторное,Термопанели с клинкерной плиткой. Производство в Выборге,"Термопанели с клинкером. Собственное производство, своя цена, нет посредников.",https://marmara-pro.ru?utm_content=geo&utm_term={PHRASE},-,-,-,-,Текстово-графический,Автоматический,0.00,0,0,-,-,2,-,0.00,1.77,0.00,88.40,5.00,-,-,-
Термопанели в Выборге,712773255,21.08.2026,Термопанели (Лен. область),5773097196,Автотаргетинг,,-,0,-,0,как утеплить стену в квартире которая граничит с улицей,Сопутствующие запросы,Запросы без упоминания брендов,-,,,,,Поиск,Прочее,Не определено,Смартфоны,Android,Wi-Fi,Мужской,45-54 года,Остальные,Не определено,1915608023072927866,Активные,Комбинаторное,Термопанели с клинкерной плиткой. Производство в Выборге,"Термопанели с клинкером. Собственное производство, своя цена, нет посредников.",https://marmara-pro.ru?utm_content=geo&utm_term={PHRASE},-,-,-,-,Текстово-графический,Автоматический,0.00,0,0,-,-,1,-,0.00,0.42,0.00,41.63,6.00,-,-,-
Термопанели в Выборге,712773255,21.08.2026,Термопанели (Лен. область),5773097196,Автотаргетинг,,-,0,-,0,камень искусственный,Целевые запросы,Запросы без упоминания брендов,-,,,,,Поиск,Прочее,Не определено,Смартфоны,Android,Wi-Fi,Женский,45-54 года,Остальные,Не определено,1915608023072927866,Активные,Комбинаторное,Термопанели с клинкерной плиткой. Производство в Выборге,"Термопанели с клинкером. Собственное производство, своя цена, нет посредников.",https://marmara-pro.ru?utm_content=geo&utm_term={PHRASE},-,-,-,-,Текстово-графический,Автоматический,0.00,0,0,-,-,1,-,0.00,0.45,0.00,44.58,8.00,-,-,-
Термопанели в Выборге,712773255,21.08.2026,Термопанели (Лен. область),5773097196,Автотаргетинг,,-,0,-,0,камень искусственный,Целевые запросы,Запросы без упоминания брендов,-,,,,,Поиск,Товарная галерея,Не определено,Смартфоны,Android,Wi-Fi,Женский,45-54 года,Остальные,Не определено,1915608023072927866,Активные,Комбинаторное,Термопанели с клинкерной плиткой. Производство в Выборге,"Термопанели с клинкером. Собственное производство, своя цена, нет посредников.",https://marmara-pro.ru?utm_content=geo&utm_term={PHRASE},http://direct.yandex.ru/images/direct/5250956/5XPY7aqvM1xRQF8e4uTrqg,карусель 4-3_06.jpg,-,-,Текстово-графический,Автоматический,0.00,0,0,-,-,1,-,0.00,0.13,0.00,13.38,17.00,-,-,-
Термопанели в Выборге,712773255,21.08.2026,Термопанели (Лен. область),5773097196,Автотаргетинг,,-,0,-,0,клинкерная плитка,Целевые запросы,Запросы без упоминания брендов,-,,,,,Поиск,Товарная галерея,Не определено,Смартфоны,Android,Wi-Fi,Мужской,45-54 года,Остальные,Не определено,1915608023072927866,Активные,Комбинаторное,Термопанели с клинкерной плиткой. Производство в Выборге,"Термопанели с клинкером. Собственное производство, своя цена, нет посредников.",https://marmara-pro.ru?utm_content=geo&utm_term={PHRASE},http://direct.yandex.ru/images/direct/5250956/5XPY7aqvM1xRQF8e4uTrqg,карусель 4-3_06.jpg,-,-,Текстово-графический,Автоматический,0.00,0,0,-,-,1,-,0.00,0.25,0.00,25.35,7.00,-,-,-
Термопанели в Выборге,712773255,21.08.2026,Термопанели (Лен. область),5773097196,Автотаргетинг,,-,0,-,0,клинкерная плитка для фасада,Целевые запросы,Запросы без упоминания брендов,-,,,,,Поиск,Прочее,Не определено,Смартфоны,Android,Wi-Fi,Мужской,35-44 года,Остальные,Не определено,1915608023072927866,Активные,Комбинаторное,Термопанели с клинкерной плиткой. Производство в Выборге,"Термопанели с клинкером. Собственное производство, своя цена, нет посредников.",https://marmara-pro.ru?utm_content=geo&utm_term={PHRASE},-,-,-,-,Текстово-графический,Автоматический,0.00,0,0,-,-,1,-,0.00,0.45,0.00,44.58,8.00,-,-,-
Термопанели в Выборге,712773255,21.08.2026,Термопанели (Лен. область),5773097196,Автотаргетинг,,-,0,-,0,клинкерная плитка для фасада,Целевые запросы,Запросы без упоминания брендов,-,,,,,Поиск,Товарная галерея,Не определено,Смартфоны,Android,Wi-Fi,Мужской,35-44 года,Остальные,Не определено,1915608023072927866,Активные,Комбинаторное,Термопанели с клинкерной плиткой. Производство в Выборге,"Термопанели с клинкером. Собственное производство, своя цена, нет посредников.",https://marmara-pro.ru?utm_content=geo&utm_term={PHRASE},http://direct.yandex.ru/images/direct/5250956/5XPY7aqvM1xRQF8e4uTrqg,карусель 4-3_06.jpg,-,-,Текстово-графический,Автоматический,0.00,0,0,-,-,1,-,0.00,0.31,0.00,30.50,5.00,-,-,-
Термопанели в Выборге,712773255,21.08.2026,Термопанели (Лен. область),5773097196,Автотаргетинг,,-,0,-,0,клинкерная плитка для фасада купить,Целевые запросы,Запросы без упоминания брендов,-,,,,,Поиск,Прочее,Не определено,Смартфоны,Android,Wi-Fi,Мужской,45-54 года,Остальные,Не определено,1915608023072927866,Активные,Комбинаторное,Термопанели с клинкерной плиткой. Производство в Выборге,"Термопанели с клинкером. Собственное производство, своя цена, нет посредников.",https://marmara-pro.ru?utm_content=geo&utm_term={PHRASE},-,-,-,-,Текстово-графический,Автоматический,0.00,0,0,-,-,1,-,0.00,0.55,0.00,54.58,7.00,-,-,-
Термопанели в Выборге,712773255,21.08.2026,Термопанели (Лен. область),5773097196,Автотаргетинг,,-,0,-,0,клинкерная плитка для фасада купить,Целевые запросы,Запросы без упоминания брендов,-,,,,,Поиск,Товарная галерея,Не определено,Смартфоны,Android,Wi-Fi,Мужской,45-54 года,Остальные,Не определено,1915608023072927866,Активные,Комбинаторное,Термопанели с клинкерной плиткой. Производство в Выборге,"Термопанели с клинкером. Собственное производство, своя цена, нет посредников.",https://marmara-pro.ru?utm_content=geo&utm_term={PHRASE},http://direct.yandex.ru/images/direct/5250956/5XPY7aqvM1xRQF8e4uTrqg,карусель 4-3_06.jpg,-,-,Текстово-графический,Автоматический,0.00,0,0,-,-,1,-,0.00,0.19,0.00,19.36,9.00,-,-,-
Термопанели в Выборге,712773255,21.08.2026,Термопанели (Лен. область),5773097196,Автотаргетинг,,-,0,-,0,клинкерная плитка для фасада под кирпич,Целевые запросы,Запросы без упоминания брендов,-,,,,,Поиск,Прочее,Не определено,Смартфоны,Android,Wi-Fi,Мужской,Старше 55,6–10%,Не определено,1915608023072927866,Активные,Комбинаторное,Термопанели с клинкерной плиткой. Производство в Выборге,"Термопанели с клинкером. Собственное производство, своя цена, нет посредников.",https://marmara-pro.ru?utm_content=geo&utm_term={PHRASE},-,-,-,-,Текстово-графический,Автоматический,0.00,0,0,-,-,1,-,0.00,0.55,0.00,54.58,7.00,-,-,-
Термопанели в Выборге,712773255,21.08.2026,Термопанели (Лен. область),5773097196,Автотаргетинг,,-,0,-,0,клинкерная плитка для фасада под кирпич,Целевые запросы,Запросы без упоминания брендов,-,,,,,Поиск,Товарная галерея,Не определено,Смартфоны,Android,Wi-Fi,Мужской,Старше 55,6–10%,Не определено,1915608023072927866,Активные,Комбинаторное,Термопанели с клинкерной плиткой. Производство в Выборге,"Термопанели с клинкером. Собственное производство, своя цена, нет посредников.",https://marmara-pro.ru?utm_content=geo&utm_term={PHRASE},http://direct.yandex.ru/images/direct/5250956/5XPY7aqvM1xRQF8e4uTrqg,карусель 4-3_06.jpg,-,-,Текстово-графический,Автоматический,0.00,0,0,-,-,1,-,0.00,0.88,0.00,88.34,2.00,-,-,-
Термопанели в Выборге,712773255,21.08.2026,Термопанели (Лен. область),5773097196,Автотаргетинг,,-,0,-,0,клинкерная плитка что это,Целевые запросы,Запросы без упоминания брендов,-,,,,,Поиск,Товарная галерея,Не определено,Смартфоны,Android,Wi-Fi,Мужской,45-54 года,6–10%,Не определено,1915608023072927866,Активные,Комбинаторное,Термопанели с клинкерной плиткой. Производство в Выборге,"Термопанели с клинкером. Собственное производство, своя цена, нет посредников.",https://marmara-pro.ru?utm_content=geo&utm_term={PHRASE},http://direct.yandex.ru/images/direct/5250956/5XPY7aqvM1xRQF8e4uTrqg,карусель 4-3_06.jpg,-,-,Текстово-графический,Автоматический,0.00,0,0,-,-,2,-,0.00,0.71,0.00,35.48,4.50,-,-,-
Термопанели в Выборге,712773255,21.08.2026,Термопанели (Лен. область),5773097196,Автотаргетинг,,-,0,-,0,клинкерная фасадная плитка,Целевые запросы,Запросы без упоминания брендов,-,,,,,Поиск,Товарная галерея,Не определено,Десктопы,Не определён,Wi-Fi,Мужской,25-34 года,2–5%,Не определено,1915608023072927866,Активные,Комбинаторное,Термопанели с клинкерной плиткой. Производство в Выборге,"Термопанели с клинкером. Собственное производство, своя цена, нет посредников.",https://marmara-pro.ru?utm_content=geo&utm_term={PHRASE},http://direct.yandex.ru/images/direct/5250956/5XPY7aqvM1xRQF8e4uTrqg,карусель 4-3_06.jpg,-,-,Текстово-графический,Автоматический,0.00,0,0,-,-,1,-,0.00,0.31,0.00,30.99,8.00,-,-,-
Термопанели в Выборге,712773255,21.08.2026,Термопанели (Лен. область),5773097196,Автотаргетинг,,-,0,-,0,клинкерные термопанели,Целевые запросы,Запросы без упоминания брендов,-,,,,,Поиск,Прочее,Не определено,Смартфоны,Android,Wi-Fi,Мужской,Старше 55,Остальные,Не определено,1915608023072927866,Активные,Комбинаторное,Термопанели с клинкерной плиткой. Производство в Выборге,"Термопанели с клинкером. Собственное производство, своя цена, нет посредников.",https://marmara-pro.ru?utm_content=geo&utm_term={PHRASE},-,-,-,-,Текстово-графический,Автоматический,0.00,0,0,-,-,1,-,0.00,0.65,0.00,64.58,6.00,-,-,-
Термопанели в Выборге,712773255,21.08.2026,Термопанели (Лен. область),5773097196,Автотаргетинг,,-,0,-,0,клинкерные термопанели,Целевые запросы,Запросы без упоминания брендов,-,,,,,Поиск,Товарная галерея,Не определено,Смартфоны,Android,Wi-Fi,Мужской,Старше 55,Остальные,Не определено,1915608023072927866,Активные,Комбинаторное,Термопанели с клинкерной плиткой. Производство в Выборге,"Термопанели с клинкером. Собственное производство, своя цена, нет посредников.",https://marmara-pro.ru?utm_content=geo&utm_term={PHRASE},http://direct.yandex.ru/images/direct/5250956/5XPY7aqvM1xRQF8e4uTrqg,карусель 4-3_06.jpg,-,-,Текстово-графический,Автоматический,0.00,0,0,-,-,2,-,0.00,0.98,0.00,48.86,3.00,-,-,-
Термопанели в Выборге,712773255,21.08.2026,Термопанели (Лен. область),5773097196,Автотаргетинг,,-,0,-,0,клинкерные термопанели,Целевые запросы,Запросы без упоминания брендов,-,,Термопанели с клинкерной плиткой — КлинкерПрофи,,,Поиск,Товарная галерея,Не определено,Смартфоны,Android,Wi-Fi,Мужской,Старше 55,Остальные,Не определено,1918167638897563177,Активные,Страницы каталога,Термопанели с клинкерной плиткой. Производство в Выборге,"Фасадные термопанели с клинкером. Производство в Выборге, доставка по СПб...",https://marmara-pro.ru/termo?utm_content=catalog&utm_term={PHRASE},-,-,-,-,Текстово-графический,Оригинальный,0.00,0,0,-,-,2,-,0.00,1.77,0.00,88.34,2.00,-,-,-
Термопанели в Выборге,712773255,21.08.2026,Термопанели (Лен. область),5773097196,Автотаргетинг,,-,0,-,0,материалы для отделки стен туалета,Целевые запросы,Запросы без упоминания брендов,-,,,,,Поиск,Прочее,Не определено,Смартфоны,Android,Wi-Fi,Мужской,45-54 года,Остальные,Не определено,1915608023072927866,Активные,Комбинаторное,Термопанели с клинкерной плиткой. Производство в Выборге,"Термопанели с клинкером. Собственное производство, своя цена, нет посредников.",https://marmara-pro.ru?utm_content=geo&utm_term={PHRASE},-,-,-,-,Текстово-графический,Автоматический,0.00,0,0,-,-,1,-,0.00,0.45,0.00,44.58,8.00,-,-,-
Термопанели в Выборге,712773255,21.08.2026,Термопанели (Лен. область),5773097196,Автотаргетинг,,-,0,-,0,материалы для отделки стен туалета,Целевые запросы,Запросы без упоминания брендов,-,,,,,Поиск,Товарная галерея,Не определено,Смартфоны,Android,Wi-Fi,Мужской,45-54 года,Остальные,Не определено,1915608023072927866,Активные,Комбинаторное,Термопанели с клинкерной плиткой. Производство в Выборге,"Термопанели с клинкером. Собственное производство, своя цена, нет посредников.",https://marmara-pro.ru?utm_content=geo&utm_term={PHRASE},http://direct.yandex.ru/images/direct/5250956/5XPY7aqvM1xRQF8e4uTrqg,карусель 4-3_06.jpg,-,-,Текстово-графический,Автоматический,0.00,0,0,-,-,1,-,0.00,0.14,0.00,13.57,12.00,-,-,-
Термопанели в Выборге,712773255,21.08.2026,Термопанели (Лен. область),5773097196,Автотаргетинг,,-,0,-,0,панели в виде кирпичной стены на стену вместо обоев в коридор,Целевые запросы,Запросы без упоминания брендов,-,,,,,Поиск,Прочее,Не определено,Смартфоны,Android,Wi-Fi,Женский,45-54 года,Остальные,Не определено,1915608023072927866,Активные,Комбинаторное,Термопанели с клинкерной плиткой. Производство в Выборге,"Термопанели с клинкером. Собственное производство, своя цена, нет посредников.",https://marmara-pro.ru?utm_content=geo&utm_term={PHRASE},-,-,-,-,Текстово-графический,Автоматический,0.00,0,0,-,-,1,-,0.00,0.85,0.00,84.88,5.00,-,-,-
Термопанели в Выборге,712773255,21.08.2026,Термопанели (Лен. область),5773097196,Автотаргетинг,,-,0,-,0,панели для обшивки дома с утеплителем,Целевые запросы,Запросы без упоминания брендов,-,,,,,Поиск,Прочее,Не определено,Смартфоны,iOS,Wi-Fi,Женский,35-44 года,2–5%,Не определено,1915608023072927866,Активные,Комбинаторное,Термопанели с клинкерной плиткой в Выборге!,"Термопанели с клинкером. Собственное производство, своя цена, нет посредников.",https://marmara-pro.ru?utm_content=geo&utm_term={PHRASE},-,-,-,-,Текстово-графический,Оригинальный,0.00,0,0,-,-,1,-,0.00,0.85,0.00,84.88,5.00,-,-,-
Термопанели в Выборге,712773255,21.08.2026,Термопанели (Лен. область),5773097196,Автотаргетинг,,-,0,-,0,стена декорация камень,Целевые запросы,Запросы без упоминания брендов,-,,,,,Поиск,Прочее,Не определено,Смартфоны,Android,Wi-Fi,Женский,35-44 года,Остальные,Не определено,1915608023072927866,Активные,Комбинаторное,Термопанели с клинкерной плиткой. Производство в Выборге,"Термопанели с клинкером. Собственное производство, своя цена, нет посредников.",https://marmara-pro.ru?utm_content=geo&utm_term={PHRASE},-,-,-,-,Текстово-графический,Автоматический,0.00,0,0,-,-,1,-,0.00,0.65,0.00,64.58,6.00,-,-,-
Термопанели в Выборге,712773255,21.08.2026,Термопанели (Лен. область),5773097196,Автотаргетинг,,-,0,-,0,термопанели,Целевые запросы,Запросы без упоминания брендов,-,,,,,Поиск,Прочее,Не определено,Десктопы,Не определён,Wi-Fi,Женский,45-54 года,Остальные,Не определено,1915608023072927866,Активные,Комбинаторное,Термопанели с клинкерной плиткой. Производство в Выборге,"Термопанели с клинкером. Собственное производство, своя цена, нет посредников.",https://marmara-pro.ru?utm_content=geo&utm_term={PHRASE},-,-,-,-,Текстово-графический,Автоматический,0.00,0,0,-,-,1,-,0.00,0.45,0.00,44.58,8.00,-,-,-
Термопанели в Выборге,712773255,21.08.2026,Термопанели (Лен. область),5773097196,Автотаргетинг,,-,0,-,0,термопанели,Целевые запросы,Запросы без упоминания брендов,-,,,,,Поиск,Прочее,Не определено,Смартфоны,Android,Wi-Fi,Мужской,35-44 года,Остальные,Не определено,1915608023072927866,Активные,Комбинаторное,Термопанели с клинкерной плиткой. Производство в Выборге,"Термопанели с клинкером. Собственное производство, своя цена, нет посредников.",https://marmara-pro.ru?utm_content=geo&utm_term={PHRASE},-,-,-,-,Текстово-графический,Автоматический,0.00,0,0,-,-,1,-,0.00,0.45,0.00,44.58,8.00,-,-,-
Термопанели в Выборге,712773255,21.08.2026,Термопанели (Лен. область),5773097196,Автотаргетинг,,-,0,-,0,термопанели,Целевые запросы,Запросы без упоминания брендов,-,,,,,Поиск,Товарная галерея,Не определено,Смартфоны,Android,Wi-Fi,Мужской,35-44 года,Остальные,Не определено,1915608023072927866,Активные,Комбинаторное,Термопанели с клинкерной плиткой. Производство в Выборге,"Термопанели с клинкером. Собственное производство, своя цена, нет посредников.",https://marmara-pro.ru?utm_content=geo&utm_term={PHRASE},http://direct.yandex.ru/images/direct/5250956/5XPY7aqvM1xRQF8e4uTrqg,карусель 4-3_06.jpg,-,-,Текстово-графический,Автоматический,0.00,0,0,-,-,2,-,0.00,0.51,0.00,25.30,8.50,-,-,-
Термопанели в Выборге,712773255,21.08.2026,Термопанели (Лен. область),5773097196,Автотаргетинг,,-,0,-,0,термопанели для наружной отделки,Целевые запросы,Запросы без упоминания брендов,-,,,,,Поиск,Прочее,Не определено,Смартфоны,Android,Wi-Fi,Не определен,Не определен,Остальные,Не определено,1915608023072927866,Активные,Комбинаторное,Термопанели с клинкерной плиткой. Производство в Выборге,"Термопанели с клинкером. Собственное производство, своя цена, нет посредников.",https://marmara-pro.ru?utm_content=geo&utm_term={PHRASE},-,-,-,-,Текстово-графический,Автоматический,0.00,0,0,-,-,1,-,0.00,0.65,0.00,64.58,6.00,-,-,-
Термопанели в Выборге,712773255,21.08.2026,Термопанели (Лен. область),5773097196,Автотаргетинг,,-,0,-,0,термопанели для наружной отделки,Целевые запросы,Запросы без упоминания брендов,-,,,,,Поиск,Товарная галерея,Не определено,Смартфоны,Android,Wi-Fi,Не определен,Не определен,Остальные,Не определено,1915608023072927866,Активные,Комбинаторное,Термопанели с клинкерной плиткой. Производство в Выборге,"Термопанели с клинкером. Собственное производство, своя цена, нет посредников.",https://marmara-pro.ru?utm_content=geo&utm_term={PHRASE},http://direct.yandex.ru/images/direct/5250956/5XPY7aqvM1xRQF8e4uTrqg,карусель 4-3_06.jpg,-,-,Текстово-графический,Автоматический,0.00,0,0,-,-,2,-,0.00,0.79,0.00,39.40,4.50,-,-,-
Термопанели в Выборге,712773255,21.08.2026,Термопанели (Лен. область),5773097196,Автотаргетинг,,-,0,-,0,термопанели для наружной отделки,Целевые запросы,Запросы без упоминания брендов,-,,Термопанели с клинкерной плиткой — КлинкерПрофи,,,Поиск,Товарная галерея,Не определено,Смартфоны,Android,Wi-Fi,Не определен,Не определен,Остальные,Не определено,1918167638897563177,Активные,Страницы каталога,Термопанели с клинкерной плиткой. Производство в Выборге,"Фасадные термопанели с клинкером. Производство в Выборге, доставка по СПб...",https://marmara-pro.ru/termo?utm_content=catalog&utm_term={PHRASE},-,-,-,-,Текстово-графический,Оригинальный,0.00,0,0,-,-,1,-,0.00,0.05,0.00,5.24,21.00,-,-,-
Термопанели в Выборге,712773255,21.08.2026,Термопанели (Лен. область),5773097196,Автотаргетинг,,-,0,-,0,термопанели для наружной отделки веранды,Целевые запросы,Запросы без упоминания брендов,-,,,,,Поиск,Прочее,Не определено,Смартфоны,Android,Wi-Fi,Мужской,Старше 55,Остальные,Не определено,1915608023072927866,Активные,Комбинаторное,Термопанели с клинкерной плиткой. Производство в Выборге,"Термопанели с клинкером. Собственное производство, своя цена, нет посредников.",https://marmara-pro.ru?utm_content=geo&utm_term={PHRASE},-,-,-,-,Текстово-графический,Автоматический,0.00,0,0,-,-,1,-,0.00,0.45,0.00,44.58,8.00,-,-,-
Термопанели в Выборге,712773255,21.08.2026,Термопанели (Лен. область),5773097196,Автотаргетинг,,-,0,-,0,термопанели для наружной отделки деревянного дома,Целевые запросы,Запросы без упоминания брендов,-,,,,,Поиск,Прочее,Не определено,Смартфоны,Android,Wi-Fi,Женский,Старше 55,Остальные,Не определено,1915608023072927866,Активные,Комбинаторное,Термопанели с клинкерной плиткой. Производство в Выборге,"Термопанели с клинкером. Собственное производство, своя цена, нет посредников.",https://marmara-pro.ru?utm_content=geo&utm_term={PHRASE},-,-,-,-,Текстово-графический,Автоматический,0.00,0,0,-,-,1,-,0.00,0.65,0.00,64.58,6.00,-,-,-
Термопанели в Выборге,712773255,21.08.2026,Термопанели (Лен. область),5773097196,Автотаргетинг,,-,0,-,0,термопанели для наружной отделки деревянного дома,Целевые запросы,Запросы без упоминания брендов,-,,,,,Поиск,Товарная галерея,Не определено,Смартфоны,Android,Wi-Fi,Женский,Старше 55,Остальные,Не определено,1915608023072927866,Активные,Комбинаторное,Термопанели с клинкерной плиткой. Производство в Выборге,"Термопанели с клинкером. Собственное производство, своя цена, нет посредников.",https://marmara-pro.ru?utm_content=geo&utm_term={PHRASE},http://direct.yandex.ru/images/direct/5250956/5XPY7aqvM1xRQF8e4uTrqg,карусель 4-3_06.jpg,-,-,Текстово-графический,Автоматический,0.00,0,0,-,-,2,-,0.00,0.91,0.00,45.64,3.50,-,-,-
Термопанели в Выборге,712773255,21.08.2026,Термопанели (Лен. область),5773097196,Автотаргетинг,,-,0,-,0,термопанели для наружной отделки дома,Целевые запросы,Запросы без упоминания брендов,-,,,,,Поиск,Прочее,Не определено,Смартфоны,Android,Wi-Fi,Мужской,35-44 года,Остальные,Не определено,1915608023072927866,Активные,Комбинаторное,Термопанели с клинкерной плиткой. Производство в Выборге,"Термопанели с клинкером. Собственное производство, своя цена, нет посредников.",https://marmara-pro.ru?utm_content=geo&utm_term={PHRASE},-,-,-,-,Текстово-графический,Автоматический,0.00,0,0,-,-,1,-,0.00,0.65,0.00,64.58,6.00,-,-,-
Термопанели в Выборге,712773255,21.08.2026,Термопанели (Лен. область),5773097196,Автотаргетинг,,-,0,-,0,термопанели для наружной отделки дома,Целевые запросы,Запросы без упоминания брендов,-,,,,,Поиск,Прочее,Не определено,Смартфоны,Android,Wi-Fi,Мужской,45-54 года,Остальные,Не определено,1915608023072927866,Активные,Комбинаторное,Термопанели с клинкерной плиткой. Производство в Выборге,"Термопанели с клинкером. Собственное производство, своя цена, нет посредников.",https://marmara-pro.ru?utm_content=geo&utm_term={PHRASE},-,-,-,-,Текстово-графический,Автоматический,0.00,0,0,-,-,1,-,0.00,0.85,0.00,84.88,5.00,-,-,-
Термопанели в Выборге,712773255,21.08.2026,Термопанели (Лен. область),5773097196,Автотаргетинг,,-,0,-,0,термопанели для наружной отделки дома цена,Широкие запросы,Запросы без упоминания брендов,-,,,,,Поиск,Спецразмещение,Не определено,Десктопы,Не определён,Wi-Fi,Мужской,45-54 года,6–10%,Не определено,1915608023072927866,Активные,Комбинаторное,Термопанели с клинкером. Свое производство в Выборге,"Термопанели с клинкером. Собственное производство, своя цена, нет посредников.",https://marmara-pro.ru?utm_content=geo&utm_term={PHRASE},-,-,-,-,Текстово-графический,Автоматический,0.00,0,0,-,-,1,-,0.00,0.63,0.00,62.84,3.00,-,-,-
Термопанели в Выборге,712773255,21.08.2026,Термопанели (Лен. область),5773097196,Автотаргетинг,,-,0,-,0,термопанели для наружной отделки дома цена в спб,Широкие запросы,Запросы без упоминания брендов,-,,,,,Поиск,Спецразмещение,Не определено,Десктопы,Не определён,Wi-Fi,Мужской,45-54 года,6–10%,Не определено,1915608023072927866,Активные,Комбинаторное,"Клинкерные термопанели. Производство, доставка по ЛО","Термопанели с клинкером. Собственное производство, своя цена, нет посредников.",https://marmara-pro.ru?utm_content=geo&utm_term={PHRASE},-,-,-,-,Текстово-графический,Автоматический,0.00,0,0,-,-,1,-,0.00,0.43,0.00,43.29,4.00,-,-,-
Термопанели в Выборге,712773255,21.08.2026,Термопанели (Лен. область),5773097196,Автотаргетинг,,-,0,-,0,термопанели для наружной отделки фасада,Целевые запросы,Запросы без упоминания брендов,-,,,,,Поиск,Прочее,Не определено,Смартфоны,Android,Wi-Fi,Не определен,Не определен,Остальные,Не определено,1915608023072927866,Активные,Комбинаторное,Термопанели с клинкерной плиткой. Производство в Выборге,"Термопанели с клинкером. Собственное производство, своя цена, нет посредников.",https://marmara-pro.ru?utm_content=geo&utm_term={PHRASE},-,-,-,-,Текстово-графический,Автоматический,0.00,0,0,-,-,1,-,0.00,0.65,0.00,64.58,6.00,-,-,-
Термопанели в Выборге,712773255,21.08.2026,Термопанели (Лен. область),5773097196,Автотаргетинг,,-,0,-,0,термопанели для обрешетки,Целевые запросы,Запросы без упоминания брендов,-,,,,,Поиск,Товарная галерея,Не определено,Смартфоны,Android,Wi-Fi,Женский,25-34 года,Остальные,Не определено,1915608023072927866,Активные,Комбинаторное,Термопанели с клинкерной плиткой. Производство в Выборге,"Термопанели с клинкером. Собственное производство, своя цена, нет посредников.",https://marmara-pro.ru?utm_content=geo&utm_term={PHRASE},http://direct.yandex.ru/images/direct/5250956/5XPY7aqvM1xRQF8e4uTrqg,карусель 4-3_06.jpg,-,-,Текстово-графический,Автоматический,0.00,0,0,-,-,1,-,0.00,0.25,0.00,25.29,9.00,-,-,-
Термопанели в Выборге,712773255,21.08.2026,Термопанели (Лен. область),5773097196,Автотаргетинг,,-,0,-,0,термопанели купить,Целевые запросы,Запросы без упоминания брендов,-,,,,,Поиск,Прочее,Не определено,Смартфоны,Android,Wi-Fi,Мужской,35-44 года,Остальные,Не определено,1915608023072927866,Активные,Комбинаторное,Термопанели с клинкерной плиткой. Производство в Выборге,"Термопанели с клинкером. Собственное производство, своя цена, нет посредников.",https://marmara-pro.ru?utm_content=geo&utm_term={PHRASE},-,-,-,-,Текстово-графический,Автоматический,0.00,0,0,-,-,2,-,0.00,0.83,0.00,41.64,8.00,-,-,-
Термопанели в Выборге,712773255,21.08.2026,Термопанели (Лен. область),5773097196,Автотаргетинг,,-,0,-,0,термопанели купить,Целевые запросы,Запросы без упоминания брендов,-,,,,,Поиск,Товарная галерея,Не определено,Смартфоны,Android,Wi-Fi,Мужской,35-44 года,Остальные,Не определено,1915608023072927866,Активные,Комбинаторное,Термопанели с клинкерной плиткой. Производство в Выборге,"Термопанели с клинкером. Собственное производство, своя цена, нет посредников.",https://marmara-pro.ru?utm_content=geo&utm_term={PHRASE},http://direct.yandex.ru/images/direct/5250956/5XPY7aqvM1xRQF8e4uTrqg,карусель 4-3_06.jpg,-,-,Текстово-графический,Автоматический,0.00,0,0,-,-,1,-,0.00,0.17,0.00,16.68,10.00,-,-,-
Термопанели в Выборге,712773255,21.08.2026,Термопанели (Лен. область),5773097196,Автотаргетинг,,-,0,-,0,термопанели с клинкерной плиткой вес одной,Целевые запросы,Запросы без упоминания брендов,-,,,,,Поиск,Прочее,Не определено,Смартфоны,Android,Wi-Fi,Мужской,45-54 года,Остальные,Не определено,1915608023072927866,Активные,Комбинаторное,Термопанели с клинкерной плиткой. Производство в Выборге,"Термопанели с клинкером. Собственное производство, своя цена, нет посредников.",https://marmara-pro.ru?utm_content=geo&utm_term={PHRASE},-,-,-,-,Текстово-графический,Автоматический,0.00,0,0,-,-,1,-,0.00,0.45,0.00,44.58,8.00,-,-,-
Термопанели в Выборге,712773255,21.08.2026,Термопанели (Лен. область),5773097196,Автотаргетинг,,-,0,-,0,термопанели с клинкерной плиткой вес одной,Целевые запросы,Запросы без упоминания брендов,-,,,,,Поиск,Товарная галерея,Не определено,Смартфоны,Android,Wi-Fi,Мужской,45-54 года,Остальные,Не определено,1915608023072927866,Активные,Комбинаторное,Термопанели с клинкерной плиткой. Производство в Выборге,"Термопанели с клинкером. Собственное производство, своя цена, нет посредников.",https://marmara-pro.ru?utm_content=geo&utm_term={PHRASE},http://direct.yandex.ru/images/direct/5250956/5XPY7aqvM1xRQF8e4uTrqg,карусель 4-3_06.jpg,-,-,Текстово-графический,Автоматический,0.00,0,0,-,-,1,-,0.00,0.36,0.00,36.38,4.00,-,-,-
Термопанели в Выборге,712773255,21.08.2026,Термопанели (Лен. область),5773097196,Автотаргетинг,,-,0,-,0,термопанели с клинкерной плиткой вес одной,Сопутствующие запросы,Запросы без упоминания брендов,-,,,,,Поиск,Спецразмещение,Не определено,Смартфоны,Android,Wi-Fi,Мужской,45-54 года,Остальные,Не определено,1915608023072927866,Активные,Комбинаторное,Термопанели с клинкерной плиткой. Производство в Выборге,"Термопанели с клинкером. Собственное производство, своя цена, нет посредников.",https://marmara-pro.ru?utm_content=geo&utm_term={PHRASE},-,-,-,-,Текстово-графический,Автоматический,0.00,0,0,-,-,1,-,0.00,0.67,0.00,67.49,4.00,-,-,-
Термопанели в Выборге,712773255,21.08.2026,Термопанели (Лен. область),5773097196,Автотаргетинг,,-,0,-,0,термопанели фасадные с клинкерной плиткой,Целевые запросы,Запросы без упоминания брендов,-,,,,,Поиск,Товарная галерея,Не определено,Смартфоны,Android,Wi-Fi,Не определен,Не определен,Остальные,Не определено,1915608023072927866,Активные,Комбинаторное,Термопанели с клинкерной плиткой. Производство в Выборге,"Термопанели с клинкером. Собственное производство, своя цена, нет посредников.",https://marmara-pro.ru?utm_content=geo&utm_term={PHRASE},http://direct.yandex.ru/images/direct/5250956/5XPY7aqvM1xRQF8e4uTrqg,карусель 4-3_06.jpg,-,-,Текстово-графический,Автоматический,0.00,0,0,-,-,1,-,0.00,0.13,0.00,13.46,15.00,-,-,-
Термопанели в Выборге,712773255,21.08.2026,Термопанели (Лен. область),5773097196,Автотаргетинг,,-,0,-,0,термопанель с клинкерной плиткой,Целевые запросы,Запросы без упоминания брендов,-,,,,,Поиск,Товарная галерея,Не определено,Смартфоны,Android,Wi-Fi,Женский,45-54 года,Остальные,Не определено,1915608023072927866,Активные,Комбинаторное,Термопанели с клинкерной плиткой. Производство в Выборге,"Термопанели с клинкером. Собственное производство, своя цена, нет посредников.",https://marmara-pro.ru?utm_content=geo&utm_term={PHRASE},http://direct.yandex.ru/images/direct/5250956/5XPY7aqvM1xRQF8e4uTrqg,карусель 4-3_06.jpg,-,-,Текстово-графический,Автоматический,0.00,0,0,-,-,2,-,0.00,0.77,0.00,38.70,4.00,-,-,-
Термопанели в Выборге,712773255,21.08.2026,Термопанели (Лен. область),5773097196,Автотаргетинг,,-,0,-,0,термопанель с клинкерной плиткой,Целевые запросы,Запросы без упоминания брендов,-,,Термопанели с клинкерной плиткой — КлинкерПрофи,,,Поиск,Товарная галерея,Не определено,Смартфоны,Android,Wi-Fi,Женский,45-54 года,Остальные,Не определено,1918167638897563177,Активные,Страницы каталога,Термопанели с клинкерной плиткой. Производство в Выборге,"Фасадные термопанели с клинкером. Производство в Выборге, доставка по СПб...",https://marmara-pro.ru/termo?utm_content=catalog&utm_term={PHRASE},-,-,-,-,Текстово-графический,Оригинальный,0.00,1,0,0.00,-,2,0.00,50.00,1.05,95.07,52.59,3.00,3.00,0.00,1.00
Термопанели в Выборге,712773255,21.08.2026,Термопанели (Лен. область),5773097196,Автотаргетинг,,-,0,-,0,термопанель фасадная,Целевые запросы,Запросы без упоминания брендов,-,,,,,Поиск,Прочее,Не определено,Смартфоны,Android,Wi-Fi,Мужской,45-54 года,Остальные,Не определено,1915608023072927866,Активные,Комбинаторное,Термопанели с клинкерной плиткой. Производство в Выборге,"Термопанели с клинкером. Собственное производство, своя цена, нет посредников.",https://marmara-pro.ru?utm_content=geo&utm_term={PHRASE},-,-,-,-,Текстово-графический,Автоматический,0.00,0,0,-,-,1,-,0.00,0.65,0.00,64.58,6.00,-,-,-
Термопанели в Выборге,712773255,21.08.2026,Термопанели (Лен. область),5773097196,Автотаргетинг,,-,0,-,0,фасад кирпич можно,Целевые запросы,Запросы без упоминания брендов,-,,,,,Поиск,Прочее,Не определено,Смартфоны,Android,Wi-Fi,Женский,35-44 года,6–10%,Не определено,1915608023072927866,Активные,Комбинаторное,Термопанели с клинкерной плиткой. Производство в Выборге,"Термопанели с клинкером. Собственное производство, своя цена, нет посредников.",https://marmara-pro.ru?utm_content=geo&utm_term={PHRASE},-,-,-,-,Текстово-графический,Автоматический,0.00,0,0,-,-,1,-,0.00,0.65,0.00,64.58,6.00,-,-,-
Термопанели в Выборге,712773255,21.08.2026,Термопанели (Лен. область),5773097196,Автотаргетинг,,-,0,-,0,фасад кирпич можно,Целевые запросы,Запросы без упоминания брендов,-,,,,,Поиск,Товарная галерея,Не определено,Смартфоны,Android,Wi-Fi,Женский,35-44 года,6–10%,Не определено,1915608023072927866,Активные,Комбинаторное,Термопанели с клинкерной плиткой. Производство в Выборге,"Термопанели с клинкером. Собственное производство, своя цена, нет посредников.",https://marmara-pro.ru?utm_content=geo&utm_term={PHRASE},http://direct.yandex.ru/images/direct/5250956/5XPY7aqvM1xRQF8e4uTrqg,карусель 4-3_06.jpg,-,-,Текстово-графический,Автоматический,0.00,0,0,-,-,2,-,0.00,2.13,0.00,106.41,1.50,-,-,-
Термопанели в Выборге,712773255,21.08.2026,Термопанели (Лен. область),5773097196,Автотаргетинг,,-,0,-,0,чем отличается термопанели 30 мм и 50 мм,Целевые запросы,Запросы без упоминания брендов,-,,,,,Поиск,Прочее,Не определено,Смартфоны,Android,Wi-Fi,Мужской,18-24 года,Остальные,Не определено,1915608023072927866,Активные,Комбинаторное,Термопанели с клинкерной плиткой. Производство в Выборге,"Термопанели с клинкером. Собственное производство, своя цена, нет посредников.",https://marmara-pro.ru?utm_content=geo&utm_term={PHRASE},-,-,-,-,Текстово-графический,Автоматический,0.00,0,0,-,-,1,-,0.00,0.45,0.00,44.58,8.00,-,-,-
Термопанели в Выборге,712773255,21.08.2026,Термопанели (Лен. область),5773097196,Автотаргетинг,,-,0,-,0,чем отличается термопанели 30 мм и 50 мм,Целевые запросы,Запросы без упоминания брендов,-,,,,,Поиск,Товарная галерея,Не определено,Смартфоны,Android,Wi-Fi,Мужской,18-24 года,Остальные,Не определено,1915608023072927866,Активные,Комбинаторное,Термопанели с клинкерной плиткой. Производство в Выборге,"Термопанели с клинкером. Собственное производство, своя цена, нет посредников.",https://marmara-pro.ru?utm_content=geo&utm_term={PHRASE},http://direct.yandex.ru/images/direct/5250956/5XPY7aqvM1xRQF8e4uTrqg,карусель 4-3_06.jpg,-,-,Текстово-графический,Автоматический,0.00,0,0,-,-,1,-,0.00,0.32,0.00,32.27,5.00,-,-,-
"Приозерский район, Поиск   от 25-07-2026",713047408,22.08.2026,Приозерский район,5776633358,Автотаргетинг,,-,0,-,0,база раздолье ларионово строительная каталог,Альтернативные запросы,Запросы с упоминанием брендов конкурентов,-,,,,,Поиск,Спецразмещение,Не определено,Смартфоны,Android,Wi-Fi,Мужской,45-54 года,Остальные,Не определено,1916597733861553174,Активные,Комбинаторное,Производство в Выборге — доставка в район,Срок службы 25–50 лет. Не требуют покраски. Подберём толщину под ваш дом.,https://marmara-pro.ru?utm_source=yandex&utm_medium=cpc&utm_campaign=termopaneli_priozersk_cpa_search&utm_content=search&utm_term={PHRASE},-,-,-,-,Текстово-графический,Автоматический,0.00,0,0,-,-,1,-,0.00,0.77,0.00,77.03,1.00,-,-,-
"Приозерский район, Поиск   от 25-07-2026",713047408,22.08.2026,Приозерский район,5776633358,Автотаргетинг,,-,0,-,0,база раздолье ларионово строительная каталог,Широкие запросы,Запросы с упоминанием брендов конкурентов,-,,,,,Поиск,Прочее,Не определено,Смартфоны,Android,Wi-Fi,Мужской,45-54 года,Остальные,Не определено,1916597733861553174,Активные,Комбинаторное,Производство в Выборге — доставка в район,Срок службы 25–50 лет. Не требуют покраски. Подберём толщину под ваш дом.,https://marmara-pro.ru?utm_source=yandex&utm_medium=cpc&utm_campaign=termopaneli_priozersk_cpa_search&utm_content=search&utm_term={PHRASE},-,-,-,-,Текстово-графический,Оригинальный,0.00,0,0,-,-,1,-,0.00,0.09,0.00,8.50,5.00,-,-,-
"Приозерский район, Поиск   от 25-07-2026",713047408,22.08.2026,Приозерский район,5776633358,Автотаргетинг,,-,0,-,0,дилер металло профиль в сосново,Широкие запросы,Запросы без упоминания брендов,-,,,,,Поиск,Прочее,Не определено,Смартфоны,iOS,Wi-Fi,Мужской,Старше 55,2–5%,Не определено,1916597733861553174,Активные,Комбинаторное,Производство в Выборге — доставка в район,Срок службы 25–50 лет. Не требуют покраски. Подберём толщину под ваш дом.,https://marmara-pro.ru?utm_source=yandex&utm_medium=cpc&utm_campaign=termopaneli_priozersk_cpa_search&utm_content=search&utm_term={PHRASE},-,-,-,-,Текстово-графический,Оригинальный,0.00,0,0,-,-,1,-,0.00,0.09,0.00,8.50,5.00,-,-,-
"Приозерский район, Поиск   от 25-07-2026",713047408,22.08.2026,Приозерский район,5776633358,Автотаргетинг,,-,0,-,0,как затирать термопанели,Сопутствующие запросы,Запросы без упоминания брендов,-,,,,,Поиск,Прочее,Не определено,Смартфоны,Android,Wi-Fi,Мужской,45-54 года,6–10%,Не определено,1916597733861553174,Активные,Комбинаторное,Клинкерные термопанели — КлинкерПрофи,Клинкерный фасад без мокрых работ. Монтаж зимой до −15 °C. ППС и ППУ. Звоните!,https://marmara-pro.ru?utm_source=yandex&utm_medium=cpc&utm_campaign=termopaneli_priozersk_cpa_search&utm_content=search&utm_term={PHRASE},-,-,-,-,Текстово-графический,Оригинальный,0.00,0,0,-,-,2,-,0.00,1.09,0.00,54.25,5.00,-,-,-
"Приозерский район, Поиск   от 25-07-2026",713047408,22.08.2026,Приозерский район,5776633358,Автотаргетинг,,-,0,-,0,каким утеплителем лучше утеплить стены в частном доме,Сопутствующие запросы,Запросы без упоминания брендов,-,,,,,Поиск,Спецразмещение,Не определено,Смартфоны,Android,Wi-Fi,Мужской,45-54 года,Остальные,Не определено,1916597733861553174,Активные,Комбинаторное,Термопанели для дома в Приозерске,Утепление и фасад за один этап. Производство в Выборге. Доставка по Ленобласти.,https://marmara-pro.ru?utm_source=yandex&utm_medium=cpc&utm_campaign=termopaneli_priozersk_cpa_search&utm_content=search&utm_term={PHRASE},-,-,-,-,Текстово-графический,Автоматический,0.00,1,0,0.00,-,1,0.00,100.00,1.06,94.63,105.67,1.00,1.00,0.00,1.00
"Приозерский район, Поиск   от 25-07-2026",713047408,22.08.2026,Приозерский район,5776633358,Автотаргетинг,,-,0,-,0,какой используется декоративный камень на фасаде дома,Сопутствующие запросы,Запросы без упоминания брендов,-,,Клинкерная плитка фасадная STONE (графитовый),,,Поиск,Спецразмещение,Не определено,Смартфоны,Android,Wi-Fi,Мужской,45-54 года,Остальные,Не определено,1918168175770350076,Активные,Страницы каталога,Клинкерная плитка фасадная STONE (графитовый),Размер: 245×65 мм Толщина: 7 мм Cтоимость 1 м2 - 1300 ₽,https://marmara-pro.ru/termo/tproduct/2229245581-730709481672-klinkernaya-plitka-fasadnaya-stone-grafi?utm_source=yandex&utm_medium=cpc&utm_campaign=termopaneli_priozersk_cpa_search&utm_content=search&utm_term={PHRASE},-,-,-,-,Текстово-графический,Автоматический,0.00,0,0,-,-,1,-,0.00,0.87,0.00,86.69,2.00,-,-,-
"Приозерский район, Поиск   от 25-07-2026",713047408,22.08.2026,Приозерский район,5776633358,Автотаргетинг,,-,0,-,0,какой используется декоративный камень на фасаде дома,Сопутствующие запросы,Запросы без упоминания брендов,-,,Клинкерная плитка фасадная STONE (графитовый),,,Поиск,Прочее,Не определено,Смартфоны,Android,Wi-Fi,Мужской,45-54 года,Остальные,Не определено,1918168175770350076,Активные,Страницы каталога,Клинкерная плитка фасадная STONE (графитовый),Размер: 245×65 мм Толщина: 7 мм Cтоимость 1 м2 - 1300 ₽,https://marmara-pro.ru/termo/tproduct/2229245581-730709481672-klinkernaya-plitka-fasadnaya-stone-grafi?utm_source=yandex&utm_medium=cpc&utm_campaign=termopaneli_priozersk_cpa_search&utm_content=search&utm_term={PHRASE},-,-,-,-,Текстово-графический,Автоматический,0.00,0,0,-,-,1,-,0.00,0.42,0.00,41.63,6.00,-,-,-
"Приозерский район, Поиск   от 25-07-2026",713047408,22.08.2026,Приозерский район,5776633358,Автотаргетинг,,-,0,-,0,клей для клинкерной плитки,Сопутствующие запросы,Запросы без упоминания брендов,-,,Клинкерная плитка фасадная WALL GREY,,,Поиск,Прочее,Не определено,Смартфоны,Android,Wi-Fi,Мужской,35-44 года,Остальные,Не определено,1918168175770350076,Активные,Страницы каталога,Клинкерная плитка фасадная WALL GREY,Размер: 245×65 мм Толщина: 7 мм Cтоимость 1 м2 - 1300 ₽,https://marmara-pro.ru/termo/tproduct/2229245581-901775970982-klinkernaya-plitka-fasadnaya-wall-grey?utm_source=yandex&utm_medium=cpc&utm_campaign=termopaneli_priozersk_cpa_search&utm_content=search&utm_term={PHRASE},-,-,-,-,Текстово-графический,Автоматический,0.00,0,0,-,-,1,-,0.00,0.09,0.00,8.50,5.00,-,-,-
"Приозерский район, Поиск   от 25-07-2026",713047408,22.08.2026,Приозерский район,5776633358,Автотаргетинг,,-,0,-,0,купить фасадную плитку в приозерске,Альтернативные запросы,Запросы без упоминания брендов,-,,,,,Поиск,Спецразмещение,Не определено,Смартфоны,Android,Wi-Fi,Мужской,35-44 года,Остальные,Не определено,1916597733861553174,Активные,Комбинаторное,Производство в Выборге — доставка в район,Клинкерный фасад без мокрых работ. Монтаж зимой до −15 °C. ППС и ППУ. Звоните!,https://marmara-pro.ru?utm_source=yandex&utm_medium=cpc&utm_campaign=termopaneli_priozersk_cpa_search&utm_content=search&utm_term={PHRASE},-,-,-,-,Текстово-графический,Автоматический,0.00,0,0,-,-,1,-,0.00,0.71,0.00,71.28,2.00,-,-,-
"Приозерский район, Поиск   от 25-07-2026",713047408,22.08.2026,Приозерский район,5776633358,Автотаргетинг,,-,0,-,0,ларионово приозерский район стройматериалы,Целевые запросы,Запросы без упоминания брендов,-,,,,,Поиск,Спецразмещение,Не определено,Смартфоны,Android,Wi-Fi,Мужской,Старше 55,Остальные,Не определено,1916597733861553174,Активные,Комбинаторное,Производство в Выборге — доставка в район,Срок службы 25–50 лет. Не требуют покраски. Подберём толщину под ваш дом.,https://marmara-pro.ru?utm_source=yandex&utm_medium=cpc&utm_campaign=termopaneli_priozersk_cpa_search&utm_content=search&utm_term={PHRASE},-,-,-,-,Текстово-графический,Автоматический,0.00,0,0,-,-,1,-,0.00,1.03,0.00,102.62,1.00,-,-,-
"Приозерский район, Поиск   от 25-07-2026",713047408,22.08.2026,Приозерский район,5776633358,Автотаргетинг,,-,0,-,0,ларионово приозерский район стройматериалы телефон,Широкие запросы,Запросы без упоминания брендов,-,,,,,Поиск,Спецразмещение,Не определено,Смартфоны,Android,Wi-Fi,Мужской,Старше 55,Остальные,Не определено,1916597733861553174,Активные,Комбинаторное,Производство в Выборге — доставка в район,Срок службы 25–50 лет. Не требуют покраски. Подберём толщину под ваш дом.,https://marmara-pro.ru?utm_source=yandex&utm_medium=cpc&utm_campaign=termopaneli_priozersk_cpa_search&utm_content=search&utm_term={PHRASE},-,-,-,-,Текстово-графический,Автоматический,0.00,0,0,-,-,1,-,0.00,0.93,0.00,92.99,1.00,-,-,-
"Приозерский район, Поиск   от 25-07-2026",713047408,22.08.2026,Приозерский район,5776633358,Автотаргетинг,,-,0,-,0,металлпрофиль,Альтернативные запросы,Запросы с упоминанием брендов конкурентов,-,,,,,Поиск,Прочее,Не определено,Смартфоны,iOS,Wi-Fi,Мужской,35-44 года,2–5%,Не определено,1916597733861553174,Активные,Комбинаторное,Производство в Выборге — доставка в район,Срок службы 25–50 лет. Не требуют покраски. Подберём толщину под ваш дом.,https://marmara-pro.ru?utm_source=yandex&utm_medium=cpc&utm_campaign=termopaneli_priozersk_cpa_search&utm_content=search&utm_term={PHRASE},-,-,-,-,Текстово-графический,Оригинальный,0.00,0,0,-,-,1,-,0.00,0.09,0.00,8.50,5.00,-,-,-
"Приозерский район, Поиск   от 25-07-2026",713047408,22.08.2026,Приозерский район,5776633358,Автотаргетинг,,-,0,-,0,мягкий кирпич для наружной отделки дома,Альтернативные запросы,Запросы без упоминания брендов,-,,,,,Поиск,Спецразмещение,Не определено,Смартфоны,Android,Wi-Fi,Мужской,45-54 года,Остальные,Не определено,1916597733861553174,Активные,Комбинаторное,Производство в Выборге — доставка в район,Клинкерный фасад без мокрых работ. Монтаж зимой до −15 °C. ППС и ППУ. Звоните!,https://marmara-pro.ru?utm_source=yandex&utm_medium=cpc&utm_campaign=termopaneli_priozersk_cpa_search&utm_content=search&utm_term={PHRASE},-,-,-,-,Текстово-графический,Автоматический,0.00,0,0,-,-,1,-,0.00,0.68,0.00,67.58,2.00,-,-,-
"Приозерский район, Поиск   от 25-07-2026",713047408,22.08.2026,Приозерский район,5776633358,Автотаргетинг,,-,0,-,0,нужен ли вентзазор при утеплении деревянного дома,Сопутствующие запросы,Запросы без упоминания брендов,-,,,,,Поиск,Прочее,Не определено,Смартфоны,Android,Wi-Fi,Мужской,45-54 года,6–10%,Не определено,1916597733861553174,Активные,Комбинаторное,Термопанели для дома в Приозерске,Утепление и фасад за один этап. Производство в Выборге. Доставка по Ленобласти.,https://marmara-pro.ru?utm_source=yandex&utm_medium=cpc&utm_campaign=termopaneli_priozersk_cpa_search&utm_content=search&utm_term={PHRASE},-,-,-,-,Текстово-графический,Автоматический,0.00,0,0,-,-,1,-,0.00,1.00,0.00,100.00,5.00,-,-,-
"Приозерский район, Поиск   от 25-07-2026",713047408,22.08.2026,Приозерский район,5776633358,Автотаргетинг,,-,0,-,0,обшить дом панелями,Альтернативные запросы,Запросы без упоминания брендов,-,,,,,Поиск,Спецразмещение,Не определено,Смартфоны,iOS,Wi-Fi,Женский,35-44 года,6–10%,Не определено,1916597733861553174,Активные,Комбинаторное,Термопанели для дома в Приозерске,Утепление и фасад за один этап. Производство в Выборге. Доставка по Ленобласти.,https://marmara-pro.ru?utm_source=yandex&utm_medium=cpc&utm_campaign=termopaneli_priozersk_cpa_search&utm_content=search&utm_term={PHRASE},-,-,-,-,Текстово-графический,Оригинальный,0.00,0,0,-,-,1,-,0.00,1.00,0.00,100.00,-,-,-,-
"Приозерский район, Поиск   от 25-07-2026",713047408,22.08.2026,Приозерский район,5776633358,Автотаргетинг,,-,0,-,0,оформление террасы в частном доме,Сопутствующие запросы,Запросы без упоминания брендов,-,,Термопанель Колорадо 1 (32 шт),,,Поиск,Прочее,Не определено,Смартфоны,Android,Wi-Fi,Женский,35-44 года,Остальные,Не определено,1918168175770350076,Активные,Страницы каталога,Термопанель Колорадо 1 (32 шт),Термопанели с клинкерной плиткой. Производство в Выборге. Доставка.,https://marmara-pro.ru/termo/tproduct/2229245581-133022576952-termopanel-kolorado-1-32-sht?utm_source=yandex&utm_medium=cpc&utm_campaign=termopaneli_priozersk_cpa_search&utm_content=search&utm_term={PHRASE},-,-,-,-,Текстово-графический,Автоматический,0.00,0,0,-,-,1,-,0.00,0.77,0.00,76.79,5.00,-,-,-
"Приозерский район, Поиск   от 25-07-2026",713047408,22.08.2026,Приозерский район,5776633358,Автотаргетинг,,-,0,-,0,панели для обшивки дома под камень техоснастка леон эко 1,Альтернативные запросы,Запросы без упоминания брендов,-,,,,,Поиск,Спецразмещение,Не определено,Смартфоны,Android,Мобильная связь,Мужской,Старше 55,Остальные,Не определено,1916597733861553174,Активные,Комбинаторное,Термопанели для дома в Приозерске,Клинкерный фасад без мокрых работ. Монтаж зимой до −15 °C. ППС и ППУ. Звоните!,https://marmara-pro.ru?utm_source=yandex&utm_medium=cpc&utm_campaign=termopaneli_priozersk_cpa_search&utm_content=search&utm_term={PHRASE},-,-,-,-,Текстово-графический,Автоматический,0.00,0,0,-,-,1,-,0.00,0.54,0.00,53.73,2.00,-,-,-
"Приозерский район, Поиск   от 25-07-2026",713047408,22.08.2026,Приозерский район,5776633358,Автотаргетинг,,-,0,-,0,пеноплекс размеры,Сопутствующие запросы,Запросы с упоминанием брендов конкурентов,-,,,,,Поиск,Прочее,Не определено,Смартфоны,Android,Wi-Fi,Женский,45-54 года,6–10%,Не определено,1916597733861553174,Активные,Комбинаторное,Термопанели для дома в Приозерске,Срок службы 25–50 лет. Не требуют покраски. Подберём толщину под ваш дом.,https://marmara-pro.ru?utm_source=yandex&utm_medium=cpc&utm_campaign=termopaneli_priozersk_cpa_search&utm_content=search&utm_term={PHRASE},-,-,-,-,Текстово-графический,Оригинальный,0.00,0,0,-,-,1,-,0.00,0.09,0.00,8.50,5.00,-,-,-
"Приозерский район, Поиск   от 25-07-2026",713047408,22.08.2026,Приозерский район,5776633358,Автотаргетинг,,-,0,-,0,пирог цокольного перекрытия в каркасном доме,Сопутствующие запросы,Запросы без упоминания брендов,-,,,,,Поиск,Спецразмещение,Не определено,Смартфоны,Android,Wi-Fi,Мужской,45-54 года,Остальные,Не определено,1916597733861553174,Активные,Комбинаторное,Фасадные термопанели с клинкером,Срок службы 25–50 лет. Не требуют покраски. Подберём толщину под ваш дом.,https://marmara-pro.ru?utm_source=yandex&utm_medium=cpc&utm_campaign=termopaneli_priozersk_cpa_search&utm_content=search&utm_term={PHRASE},-,-,-,-,Текстово-графический,Оригинальный,0.00,0,0,-,-,1,-,0.00,1.00,0.00,100.00,-,-,-,-
"Приозерский район, Поиск   от 25-07-2026",713047408,22.08.2026,Приозерский район,5776633358,Автотаргетинг,,-,0,-,0,плиты для отделки цоколя крепостная стена,Широкие запросы,Запросы без упоминания брендов,-,,,,,Поиск,Спецразмещение,Не определено,Смартфоны,Android,Wi-Fi,Женский,45-54 года,Остальные,Не определено,1916597733861553174,Активные,Комбинаторное,Клинкерные термопанели — КлинкерПрофи,Утепление и фасад за один этап. Производство в Выборге. Доставка по Ленобласти.,https://marmara-pro.ru?utm_source=yandex&utm_medium=cpc&utm_campaign=termopaneli_priozersk_cpa_search&utm_content=search&utm_term={PHRASE},-,-,-,-,Текстово-графический,Автоматический,0.00,0,0,-,-,1,-,0.00,1.01,0.00,100.50,1.00,-,-,-
"Приозерский район, Поиск   от 25-07-2026",713047408,22.08.2026,Приозерский район,5776633358,Автотаргетинг,,-,0,-,0,преимущества пеностекла перед другими теплоизоляторами,Сопутствующие запросы,Запросы без упоминания брендов,-,,,,,Поиск,Спецразмещение,Не определено,Планшеты,Android,Wi-Fi,Женский,Старше 55,Остальные,Не определено,1916597733861553174,Активные,Комбинаторное,Термопанели для дома в Приозерске,Утепление и фасад за один этап. Производство в Выборге. Доставка по Ленобласти.,https://marmara-pro.ru?utm_source=yandex&utm_medium=cpc&utm_campaign=termopaneli_priozersk_cpa_search&utm_content=search&utm_term={PHRASE},-,-,-,-,Текстово-графический,Оригинальный,0.00,0,0,-,-,1,-,0.00,1.00,0.00,100.00,1.00,-,-,-
"Приозерский район, Поиск   от 25-07-2026",713047408,22.08.2026,Приозерский район,5776633358,Автотаргетинг,,-,0,-,0,раздолье база стройматериалов ларионово,Альтернативные запросы,Запросы с упоминанием брендов конкурентов,-,,,,,Поиск,Спецразмещение,Не определено,Смартфоны,Android,Wi-Fi,Женский,35-44 года,Остальные,Не определено,1916597733861553174,Активные,Комбинаторное,Производство в Выборге — доставка в район,Срок службы 25–50 лет. Не требуют покраски. Подберём толщину под ваш дом.,https://marmara-pro.ru?utm_source=yandex&utm_medium=cpc&utm_campaign=termopaneli_priozersk_cpa_search&utm_content=search&utm_term={PHRASE},-,-,-,-,Текстово-графический,Автоматический,0.00,1,0,0.00,-,1,0.00,100.00,1.02,97.83,102.22,1.00,1.00,-,-
"Приозерский район, Поиск   от 25-07-2026",713047408,22.08.2026,Приозерский район,5776633358,Автотаргетинг,,-,0,-,0,раздолье база стройматериалов сосново,Альтернативные запросы,Запросы с упоминанием брендов конкурентов,-,,,,,Поиск,Спецразмещение,Не определено,Десктопы,Не определён,Wi-Fi,Не определен,Не определен,Остальные,Не определено,1916597733861553174,Активные,Комбинаторное,Производство в Выборге — доставка в район,Срок службы 25–50 лет. Не требуют покраски. Подберём толщину под ваш дом.,https://marmara-pro.ru?utm_source=yandex&utm_medium=cpc&utm_campaign=termopaneli_priozersk_cpa_search&utm_content=search&utm_term={PHRASE},-,-,-,-,Текстово-графический,Автоматический,0.00,0,0,-,-,1,-,0.00,0.71,0.00,71.39,1.00,-,-,-
"Приозерский район, Поиск   от 25-07-2026",713047408,22.08.2026,Приозерский район,5776633358,Автотаргетинг,,-,0,-,0,ригель или клинкер что выбрать,Сопутствующие запросы,Запросы без упоминания брендов,-,,Термопанели с клинкерной плиткой — КлинкерПрофи,,,Поиск,Спецразмещение,Не определено,Смартфоны,Android,Wi-Fi,Мужской,Старше 55,2–5%,Не определено,1918168175770350076,Активные,Страницы каталога,Термопанели с клинкерной плиткой. Производство в Выборге,"Фасадные термопанели с клинкером. Производство в Выборге, доставка по СПб...",https://marmara-pro.ru/termo?utm_source=yandex&utm_medium=cpc&utm_campaign=termopaneli_priozersk_cpa_search&utm_content=search&utm_term={PHRASE},-,-,-,-,Текстово-графический,Автоматический,0.00,0,0,-,-,1,-,0.00,0.71,0.00,70.57,2.00,-,-,-
"Приозерский район, Поиск   от 25-07-2026",713047408,22.08.2026,Приозерский район,5776633358,Автотаргетинг,,-,0,-,0,стеновые панели под кирпич,Широкие запросы,Запросы без упоминания брендов,-,,,,,Поиск,Спецразмещение,Не определено,Смартфоны,Android,Wi-Fi,Мужской,45-54 года,Остальные,Не определено,1916597733861553174,Активные,Комбинаторное,"Приозерск, Сосново — термопанели с клинкером",Срок службы 25–50 лет. Не требуют покраски. Подберём толщину под ваш дом.,https://marmara-pro.ru?utm_source=yandex&utm_medium=cpc&utm_campaign=termopaneli_priozersk_cpa_search&utm_content=search&utm_term={PHRASE},-,-,-,-,Текстово-графический,Автоматический,0.00,0,0,-,-,1,-,0.00,0.49,0.00,49.44,4.00,-,-,-
"Приозерский район, Поиск   от 25-07-2026",713047408,22.08.2026,Приозерский район,5776633358,Автотаргетинг,,-,0,-,0,стенофон или ппэ,Сопутствующие запросы,Запросы без упоминания брендов,-,,Термопанели с клинкерной плиткой — КлинкерПрофи,,,Поиск,Прочее,Не определено,Смартфоны,Android,Wi-Fi,Мужской,45-54 года,Остальные,Не определено,1918168175770350076,Активные,Страницы каталога,Термопанели с клинкерной плиткой. Производство в Выборге,"Фасадные термопанели с клинкером. Производство в Выборге, доставка по СПб...",https://marmara-pro.ru/termo?utm_source=yandex&utm_medium=cpc&utm_campaign=termopaneli_priozersk_cpa_search&utm_content=search&utm_term={PHRASE},-,-,-,-,Текстово-графический,Автоматический,0.00,0,0,-,-,1,-,0.00,0.42,0.00,41.63,6.00,-,-,-
"Приозерский район, Поиск   от 25-07-2026",713047408,22.08.2026,Приозерский район,5776633358,Автотаргетинг,,-,0,-,0,строительная база в ларионово,Альтернативные запросы,Запросы без упоминания брендов,-,,,,,Поиск,Спецразмещение,Не определено,Смартфоны,Android,Wi-Fi,Мужской,35-44 года,Остальные,Не определено,1916597733861553174,Активные,Комбинаторное,Производство в Выборге — доставка в район,Утепление и фасад за один этап. Производство в Выборге. Доставка по Ленобласти.,https://marmara-pro.ru?utm_source=yandex&utm_medium=cpc&utm_campaign=termopaneli_priozersk_cpa_search&utm_content=search&utm_term={PHRASE},-,-,-,-,Текстово-графический,Автоматический,0.00,0,0,-,-,2,-,0.00,0.79,0.00,39.63,2.50,-,-,-
"Приозерский район, Поиск   от 25-07-2026",713047408,22.08.2026,Приозерский район,5776633358,Автотаргетинг,,-,0,-,0,утеплитель пеноплекс,Альтернативные запросы,Запросы с упоминанием брендов конкурентов,-,,,,,Поиск,Спецразмещение,Не определено,Смартфоны,Android,Wi-Fi,Мужской,Старше 55,Остальные,Не определено,1916597733861553174,Активные,Комбинаторное,Термопанели для дома в Приозерске,Утепление и фасад за один этап. Производство в Выборге. Доставка по Ленобласти.,https://marmara-pro.ru?utm_source=yandex&utm_medium=cpc&utm_campaign=termopaneli_priozersk_cpa_search&utm_content=search&utm_term={PHRASE},-,-,-,-,Текстово-графический,Автоматический,0.00,0,0,-,-,1,-,0.00,0.91,0.00,90.54,1.00,-,-,-
"Приозерский район, Поиск   от 25-07-2026",713047408,22.08.2026,Приозерский район,5776633358,Автотаргетинг,,-,0,-,0,утеплитель пеноплекс толщиной 100 мм,Альтернативные запросы,Запросы с упоминанием брендов конкурентов,-,,,,,Поиск,Спецразмещение,Не определено,Смартфоны,Android,Wi-Fi,Мужской,Старше 55,Остальные,Не определено,1916597733861553174,Активные,Комбинаторное,Термопанели для дома в Приозерске,Утепление и фасад за один этап. Производство в Выборге. Доставка по Ленобласти.,https://marmara-pro.ru?utm_source=yandex&utm_medium=cpc&utm_campaign=termopaneli_priozersk_cpa_search&utm_content=search&utm_term={PHRASE},-,-,-,-,Текстово-графический,Оригинальный,0.00,0,0,-,-,1,-,0.00,1.00,0.00,100.00,1.00,-,-,-
"Приозерский район, Поиск   от 25-07-2026",713047408,22.08.2026,Приозерский район,5776633358,Автотаргетинг,,-,0,-,0,утеплитель пеноплекс толщиной 100 мм,Альтернативные запросы,Запросы с упоминанием брендов конкурентов,-,,,,,Поиск,Прочее,Не определено,Смартфоны,Android,Wi-Fi,Мужской,Старше 55,Остальные,Не определено,1916597733861553174,Активные,Комбинаторное,Производство в Выборге — доставка в район,Утепление и фасад за один этап. Производство в Выборге. Доставка по Ленобласти.,https://marmara-pro.ru?utm_source=yandex&utm_medium=cpc&utm_campaign=termopaneli_priozersk_cpa_search&utm_content=search&utm_term={PHRASE},-,-,-,-,Текстово-графический,Оригинальный,0.00,0,0,-,-,1,-,0.00,0.09,0.00,8.50,5.00,-,-,-
"Приозерский район, Поиск   от 25-07-2026",713047408,22.08.2026,Приозерский район,5776633358,Автотаргетинг,,-,0,-,0,фаворит фасад затирать термопанели,Альтернативные запросы,Запросы с упоминанием брендов конкурентов,-,,,,,Поиск,Прочее,Не определено,Смартфоны,Android,Wi-Fi,Мужской,45-54 года,6–10%,Не определено,1916597733861553174,Активные,Комбинаторное,Утепление фасада термопанелями,Утепление и фасад за один этап. Производство в Выборге. Доставка по Ленобласти.,https://marmara-pro.ru?utm_source=yandex&utm_medium=cpc&utm_campaign=termopaneli_priozersk_cpa_search&utm_content=search&utm_term={PHRASE},-,-,-,-,Текстово-графический,Оригинальный,0.00,0,0,-,-,1,-,0.00,0.87,0.00,87.00,6.00,-,-,-
"Приозерский район, Поиск   от 25-07-2026",713047408,22.08.2026,Приозерский район,5776633358,Автотаргетинг,,-,0,-,0,фасад из дпк под дерево,Альтернативные запросы,Запросы без упоминания брендов,-,,,,,Поиск,Спецразмещение,Не определено,Смартфоны,Android,Мобильная связь,Не определен,Не определен,Остальные,Не определено,1916597733861553174,Активные,Комбинаторное,Фасадные термопанели с клинкером,Срок службы 25–50 лет. Не требуют покраски. Подберём толщину под ваш дом.,https://marmara-pro.ru?utm_source=yandex&utm_medium=cpc&utm_campaign=termopaneli_priozersk_cpa_search&utm_content=search&utm_term={PHRASE},-,-,-,-,Текстово-графический,Автоматический,0.00,0,0,-,-,1,-,0.00,0.81,0.00,80.51,1.00,-,-,-
"Приозерский район, Поиск   от 25-07-2026",713047408,22.08.2026,Приозерский район,5776633358,Автотаргетинг,,-,0,-,0,фасадная плитка технониколь hauberk,Альтернативные запросы,Запросы с упоминанием брендов конкурентов,-,,,,,Поиск,Спецразмещение,Не определено,Смартфоны,Android,Wi-Fi,Женский,45-54 года,6–10%,Не определено,1916597733861553174,Активные,Комбинаторное,Производство в Выборге — доставка в район,Клинкерный фасад без мокрых работ. Монтаж зимой до −15 °C. ППС и ППУ. Звоните!,https://marmara-pro.ru?utm_source=yandex&utm_medium=cpc&utm_campaign=termopaneli_priozersk_cpa_search&utm_content=search&utm_term={PHRASE},-,-,-,-,Текстово-графический,Автоматический,0.00,0,0,-,-,1,-,0.00,0.31,0.00,31.38,4.00,-,-,-
"Приозерский район, Поиск   от 25-07-2026",713047408,22.08.2026,Приозерский район,5776633358,Автотаргетинг,,-,0,-,0,фасадные панели на каркасный дом,Широкие запросы,Запросы без упоминания брендов,-,,,,,Поиск,Спецразмещение,Не определено,Смартфоны,iOS,Wi-Fi,Мужской,45-54 года,Остальные,Не определено,1916597733861553174,Активные,Комбинаторное,Клинкерные термопанели — КлинкерПрофи,Утепление и фасад за один этап. Производство в Выборге. Доставка по Ленобласти.,https://marmara-pro.ru?utm_source=yandex&utm_medium=cpc&utm_campaign=termopaneli_priozersk_cpa_search&utm_content=search&utm_term={PHRASE},-,-,-,-,Текстово-графический,Автоматический,0.00,0,0,-,-,1,-,0.00,0.90,0.00,90.13,1.00,-,-,-
"Приозерский район, Поиск   от 25-07-2026",713047408,22.08.2026,Приозерский район,5776633358,Автотаргетинг,,-,0,-,0,фасадные реечные панели для наружной отделки купить,Альтернативные запросы,Запросы без упоминания брендов,-,,,,,Поиск,Прочее,Не определено,Смартфоны,iOS,Wi-Fi,Женский,35-44 года,6–10%,Не определено,1916597733861553174,Активные,Комбинаторное,Клинкерные термопанели — КлинкерПрофи,Срок службы 25–50 лет. Не требуют покраски. Подберём толщину под ваш дом.,https://marmara-pro.ru?utm_source=yandex&utm_medium=cpc&utm_campaign=termopaneli_priozersk_cpa_search&utm_content=search&utm_term={PHRASE},-,-,-,-,Текстово-графический,Оригинальный,0.00,0,0,-,-,1,-,0.00,0.09,0.00,8.50,5.00,-,-,-
"Приозерский район, Поиск   от 25-07-2026",713047408,22.08.2026,Приозерский район,5776633358,Автотаргетинг,,-,0,-,0,цена напыляемого утеплителя с монтажом,Широкие запросы,Запросы без упоминания брендов,-,,,,,Поиск,Прочее,Не определено,Смартфоны,Android,Wi-Fi,Мужской,45-54 года,2–5%,Не определено,1916597733861553174,Активные,Комбинаторное,Утепление фасада термопанелями,Клинкерный фасад без мокрых работ. Монтаж зимой до −15 °C. ППС и ППУ. Звоните!,https://marmara-pro.ru?utm_source=yandex&utm_medium=cpc&utm_campaign=termopaneli_priozersk_cpa_search&utm_content=search&utm_term={PHRASE},-,-,-,-,Текстово-графический,Автоматический,0.00,0,0,-,-,1,-,0.00,1.37,0.00,137.04,5.00,-,-,-
Термопанели в Выборге,712773255,22.08.2026,Группа 1 - коммерческая,5773901452,Фраза,купить термопанели для фасада,-,0,-,0,термопанели для наружной отделки купить в гомель беларусь и цены на все,Целевые запросы,Запросы без упоминания брендов,Семантическое,,,,,Поиск,Спецразмещение,Не определено,Смартфоны,Android,Wi-Fi,Мужской,45-54 года,Остальные,Не определено,1915802398259215246,Активные,Комбинаторное,Купить термопанели в Выборге напрямую,Свое производство в Выборге. Приезжайте на образцы. Бесплатная доставка по району.,https://marmara-pro.ru?utm_content=commerce&utm_term={PHRASE},-,-,-,-,Текстово-графический,Автоматический,0.00,0,0,-,-,1,-,0.00,0.91,0.00,90.55,1.00,-,-,-
Термопанели в Выборге,712773255,22.08.2026,Группа 1 - коммерческая,5773901452,Фраза,купить термопанели для фасада,-,0,-,0,термопанели для наружной отделки купить в гомель беларусь и цены на все,Целевые запросы,Запросы без упоминания брендов,Семантическое,,,,,Поиск,Прочее,Не определено,Смартфоны,Android,Wi-Fi,Мужской,45-54 года,Остальные,Не определено,1915802398259215246,Активные,Комбинаторное,Купить термопанели в Выборге напрямую,Свое производство в Выборге. Приезжайте на образцы. Бесплатная доставка по району.,https://marmara-pro.ru?utm_content=commerce&utm_term={PHRASE},-,-,-,-,Текстово-графический,Автоматический,0.00,0,0,-,-,1,-,0.00,0.09,0.00,8.50,5.00,-,-,-
Термопанели в Выборге,712773255,22.08.2026,Группа 1 - коммерческая,5773901452,Фраза,термопанель фасадная купить,-,0,-,0,термопанели для наружного строительства купить в гомель беларусь цена,Целевые запросы,Запросы без упоминания брендов,Семантическое,,,,,Поиск,Спецразмещение,Не определено,Смартфоны,Android,Wi-Fi,Мужской,45-54 года,Остальные,Не определено,1915802398259215246,Активные,Комбинаторное,"Термопанели в Выборге - завод на Ленина, 11",Клинкерная плитка+утеплитель в одной панели. Оплата в два этапа. Звоните!,https://marmara-pro.ru?utm_content=commerce&utm_term={PHRASE},-,-,-,-,Текстово-графический,Автоматический,0.00,0,0,-,-,1,-,0.00,0.85,0.00,85.38,1.00,-,-,-
Термопанели в Выборге,712773255,22.08.2026,Группа 1 - коммерческая,5773901452,Фраза,фасадные панели с утеплением,-,0,-,0,термопанели бакс отзывы,Не определено,-,Семантическое,,,,,Поиск,Спецразмещение,Не определено,Смартфоны,Android,Wi-Fi,Мужской,35-44 года,6–10%,Не определено,1915802398259215246,Активные,Комбинаторное,"Термопанели в Выборге - завод на Ленина, 11",Свое производство в Выборге. Приезжайте на образцы. Бесплатная доставка по району.,https://marmara-pro.ru?utm_content=commerce&utm_term={PHRASE},-,-,-,-,Текстово-графический,Автоматический,0.00,0,0,-,-,1,-,0.00,0.96,0.00,95.96,1.00,-,-,-
Термопанели в Выборге,712773255,22.08.2026,Группа 1 - коммерческая,5773901452,Фраза,фасадные термопанели для наружной отделки цена,-,0,-,0,термопанели для наружной отделки купить в гомель беларусь и цены на все,Целевые запросы,Запросы без упоминания брендов,Семантическое,,,,,Поиск,Спецразмещение,Не определено,Смартфоны,Android,Wi-Fi,Мужской,45-54 года,Остальные,Не определено,1915802398259215246,Активные,Комбинаторное,Купить термопанели в Выборге напрямую,Клинкерная плитка+утеплитель в одной панели. Оплата в два этапа. Звоните!,https://marmara-pro.ru?utm_content=commerce&utm_term={PHRASE},-,-,-,-,Текстово-графический,Автоматический,0.00,0,0,-,-,2,-,0.00,1.93,0.00,96.34,1.50,-,-,-
Термопанели в Выборге,712773255,22.08.2026,Группа 1 - коммерческая,5773901452,Фраза,фасадные термопанели для наружной отделки цена,-,0,-,0,термопанели для наружной отделки купить в гомель беларусь и цены на все,Целевые запросы,Запросы без упоминания брендов,Семантическое,,,,,Поиск,Прочее,Не определено,Смартфоны,Android,Wi-Fi,Мужской,45-54 года,Остальные,Не определено,1915802398259215246,Активные,Комбинаторное,Гарантия до 5 лет на термопанели,Свое производство в Выборге. Приезжайте на образцы. Бесплатная доставка по району.,https://marmara-pro.ru?utm_content=commerce&utm_term={PHRASE},-,-,-,-,Текстово-графический,Автоматический,0.00,0,0,-,-,1,-,0.00,0.09,0.00,8.50,5.00,-,-,-
Термопанели в Выборге,712773255,22.08.2026,Группа 1 - коммерческая,5773901452,Фраза,фасадные термопанели для наружной отделки цена,-,0,-,0,термопанели для наружной отделки купить в гомель беларусь и цены на все,Широкие запросы,Запросы без упоминания брендов,Семантическое,,,,,Поиск,Спецразмещение,Не определено,Смартфоны,Android,Wi-Fi,Мужской,45-54 года,Остальные,Не определено,1915802398259215246,Активные,Комбинаторное,Термопанели с клинкером - собственный завод в Выборге,Свое производство в Выборге. Приезжайте на образцы. Бесплатная доставка по району.,https://marmara-pro.ru?utm_content=commerce&utm_term={PHRASE},-,-,-,-,Текстово-графический,Автоматический,0.00,0,0,-,-,1,-,0.00,0.79,0.00,79.21,2.00,-,-,-
Термопанели в Выборге,712773255,22.08.2026,Группа 1 - коммерческая,5773901452,Автотаргетинг,,-,0,-,0,,Не определено,-,-,,,,,Сети,Прочее,Не определено,Смартфоны,Android,Wi-Fi,Мужской,45-54 года,Остальные,Не определено,1915802398259215246,Активные,Комбинаторное,Термопанели с клинкером - собственный завод в Выборге,Без посредников - завод. 60+ видов декора. Доставка по Ленобласти.,https://marmara-pro.ru?utm_content=commerce&utm_term={PHRASE},http://direct.yandex.ru/images/direct/4298071/skS6Zjow652PazB91P1Ung,плитка 01.jpg,1163321614,https://avatars.mds.yandex.net/get-media-adv-screenshooter/20873747/75477b03-780e-4e10-adff-81a72fc688af/orig,Карусель,Автоматический,0.00,0,0,-,-,1,-,0.00,1.00,0.00,100.00,-,-,-,-
Термопанели в Выборге,712773255,22.08.2026,Группа 1 - коммерческая,5773901452,Автотаргетинг,,-,0,-,0,,Не определено,-,-,,,,,Сети,Прочее,Не определено,Смартфоны,Android,Мобильная связь,Женский,Старше 55,Остальные,Не определено,1915802398259215246,Активные,Комбинаторное,Термопанели с клинкером - собственный завод в Выборге,Клинкерная плитка+утеплитель в одной панели. Оплата в два этапа. Звоните!,https://marmara-pro.ru?utm_content=commerce&utm_term={PHRASE},http://direct.yandex.ru/images/direct/4298071/skS6Zjow652PazB91P1Ung,плитка 01.jpg,1163322157,https://avatars.mds.yandex.net/get-media-adv-screenshooter/20941197/1d06a155-09ca-4034-b8a4-ad411694a4d7/orig,Текстово-графический,Автоматический,0.00,0,0,-,-,1,-,0.00,1.00,0.00,100.00,-,-,-,-
Термопанели в Выборге,712773255,22.08.2026,Группа 1 - коммерческая,5773901452,Автотаргетинг,,-,0,-,0,короб дымохода по фасаду дома чем обшить,Сопутствующие запросы,Запросы без упоминания брендов,-,,,,,Поиск,Прочее,Не определено,Смартфоны,iOS,Wi-Fi,Мужской,45-54 года,Остальные,Не определено,1915802398259215246,Активные,Комбинаторное,Клинкерные термопанели - производство Выборг,Свое производство в Выборге. Приезжайте на образцы. Бесплатная доставка по району.,https://marmara-pro.ru?utm_content=commerce&utm_term={PHRASE},-,-,-,-,Текстово-графический,Автоматический,0.00,0,0,-,-,1,-,0.00,1.00,0.00,100.00,5.00,-,-,-
Термопанели в Выборге,712773255,22.08.2026,Группа 1 - коммерческая,5773901452,Автотаргетинг,,-,0,-,0,обшивка балок в барне,Сопутствующие запросы,Запросы без упоминания брендов,-,,,,,Поиск,Прочее,Не определено,Смартфоны,Android,Wi-Fi,Женский,25-34 года,2–5%,Не определено,1915802398259215246,Активные,Комбинаторное,Термопанели с клинкером - собственный завод в Выборге,Без посредников - завод. 60+ видов декора. Доставка по Ленобласти.,https://marmara-pro.ru?utm_content=commerce&utm_term={PHRASE},-,-,-,-,Текстово-графический,Оригинальный,0.00,0,0,-,-,1,-,0.00,0.09,0.00,8.50,5.00,-,-,-
Термопанели в Выборге,712773255,22.08.2026,Группа 1 - коммерческая,5773901452,Автотаргетинг,,-,0,-,0,теплоизоляция декоративная для дома,Целевые запросы,Запросы без упоминания брендов,-,,,,,Поиск,Прочее,Не определено,Десктопы,Не определён,Wi-Fi,Мужской,Старше 55,2–5%,Не определено,1915802398259215246,Активные,Комбинаторное,Производитель термопанелей в Ленобласти,Клинкерная плитка+утеплитель в одной панели. Оплата в два этапа. Звоните!,https://marmara-pro.ru?utm_content=commerce&utm_term={PHRASE},-,-,-,-,Текстово-графический,Оригинальный,0.00,0,0,-,-,1,-,0.00,0.45,0.00,44.58,8.00,-,-,-
Термопанели в Выборге,712773255,22.08.2026,Группа 1 - коммерческая,5773901452,Автотаргетинг,,-,0,-,0,термопанели для наружного строительства купить в гомель беларусь цена,Целевые запросы,Запросы без упоминания брендов,-,,,,,Поиск,Прочее,Не определено,Смартфоны,Android,Wi-Fi,Мужской,45-54 года,Остальные,Не определено,1915802398259215246,Активные,Комбинаторное,"Термопанели в Выборге - завод на Ленина, 11",Свое производство в Выборге. Приезжайте на образцы. Бесплатная доставка по району.,https://marmara-pro.ru?utm_content=commerce&utm_term={PHRASE},-,-,-,-,Текстово-графический,Оригинальный,0.00,0,0,-,-,1,-,0.00,0.65,0.00,64.58,6.00,-,-,-
Термопанели в Выборге,712773255,22.08.2026,Группа 2 - Гео (ключевая),5773898865,Фраза,"клинкерпрофи выборг",-,0,-,0,,Не определено,-,Пословное,,,,,Сети,Прочее,Не определено,Смартфоны,Android,Wi-Fi,Мужской,45-54 года,Остальные,Не определено,1915800871397818629,Активные,Комбинаторное,Термопанели с клинкером - собственный завод в Выборге,Без посредников - завод. 60+ видов декора. Доставка по Ленобласти.,https://marmara-pro.ru?utm_content=zavod&utm_term={PHRASE},http://direct.yandex.ru/images/direct/4298071/skS6Zjow652PazB91P1Ung,плитка 01.jpg,1163322157,https://avatars.mds.yandex.net/get-media-adv-screenshooter/20941197/1d06a155-09ca-4034-b8a4-ad411694a4d7/orig,Видео,Оригинальный,0.00,0,0,-,-,2,-,0.00,2.00,0.00,100.00,-,-,-,-
Термопанели в Выборге,712773255,22.08.2026,Группа 2 - Гео (ключевая),5773898865,Автотаргетинг,,-,0,-,0,,Не определено,-,-,,,,,Сети,Прочее,Не определено,Смартфоны,Android,Wi-Fi,Мужской,45-54 года,Остальные,Не определено,1915800871397818629,Активные,Комбинаторное,Купить термопанели в Выборге напрямую,Клинкерная плитка+утеплитель в одной панели. Оплата в два этапа. Звоните!,https://marmara-pro.ru?utm_content=zavod&utm_term={PHRASE},http://direct.yandex.ru/images/direct/4298071/skS6Zjow652PazB91P1Ung,плитка 01.jpg,1163322157,https://avatars.mds.yandex.net/get-media-adv-screenshooter/20941197/1d06a155-09ca-4034-b8a4-ad411694a4d7/orig,Текстово-графический,Автоматический,0.00,0,0,-,-,1,-,0.00,1.00,0.00,100.00,-,-,-,-
Термопанели в Выборге,712773255,22.08.2026,Группа 2 - Гео (ключевая),5773898865,Автотаргетинг,,-,0,-,0,,Не определено,-,-,,,,,Сети,Прочее,Не определено,Смартфоны,Android,Wi-Fi,Мужской,45-54 года,Остальные,Не определено,1915800871397818629,Активные,Комбинаторное,Купить термопанели в Выборге напрямую,Клинкерная плитка+утеплитель в одной панели. Оплата в два этапа. Звоните!,https://marmara-pro.ru?utm_content=zavod&utm_term={PHRASE},http://direct.yandex.ru/images/direct/4298071/skS6Zjow652PazB91P1Ung,плитка 01.jpg,1163322157,https://avatars.mds.yandex.net/get-media-adv-screenshooter/20941197/1d06a155-09ca-4034-b8a4-ad411694a4d7/orig,Видео,Оригинальный,0.00,0,0,-,-,1,-,0.00,1.00,0.00,100.00,-,-,-,-
Термопанели в Выборге,712773255,22.08.2026,Группа 2 - Гео (ключевая),5773898865,Автотаргетинг,,-,0,-,0,,Не определено,-,-,,,,,Сети,Прочее,Не определено,Смартфоны,Android,Wi-Fi,Мужской,Старше 55,Остальные,Не определено,1915800871397818629,Активные,Комбинаторное,"Термопанели в Выборге - завод на Ленина, 11",Клинкерная плитка+утеплитель в одной панели. Оплата в два этапа. Звоните!,https://marmara-pro.ru?utm_content=zavod&utm_term={PHRASE},http://direct.yandex.ru/images/direct/5245050/6C6d0cQ-RdpqlPYUtMZQkw,пример 2.jpg,1163321614,https://avatars.mds.yandex.net/get-media-adv-screenshooter/20873747/75477b03-780e-4e10-adff-81a72fc688af/orig,Текстово-графический,Автоматический,0.00,0,0,-,-,1,-,0.00,1.00,0.00,100.00,-,-,-,-
Термопанели в Выборге,712773255,22.08.2026,Группа 2 - Гео (ключевая),5773898865,Автотаргетинг,,-,0,-,0,,Не определено,-,-,,,,,Сети,Прочее,Не определено,Смартфоны,Android,Wi-Fi,Женский,35-44 года,Остальные,Не определено,1915800871397818629,Активные,Комбинаторное,Купить термопанели в Выборге напрямую,Без посредников - завод. 60+ видов декора. Доставка по Ленобласти.,https://marmara-pro.ru?utm_content=zavod&utm_term={PHRASE},http://direct.yandex.ru/images/direct/5250956/5XPY7aqvM1xRQF8e4uTrqg,карусель 4-3_06.jpg,1163321614,https://avatars.mds.yandex.net/get-media-adv-screenshooter/20873747/75477b03-780e-4e10-adff-81a72fc688af/orig,Текстово-графический,Автоматический,0.00,0,0,-,-,1,-,0.00,1.00,0.00,100.00,-,-,-,-
Термопанели в Выборге,712773255,22.08.2026,Группа 2 - Гео (ключевая),5773898865,Автотаргетинг,,-,0,-,0,,Не определено,-,-,,,,,Сети,Прочее,Не определено,Смартфоны,Android,Wi-Fi,Женский,45-54 года,Остальные,Не определено,1915800871397818629,Активные,Комбинаторное,Купить термопанели в Выборге напрямую,Клинкерная плитка+утеплитель в одной панели. Оплата в два этапа. Звоните!,https://marmara-pro.ru?utm_content=zavod&utm_term={PHRASE},http://direct.yandex.ru/images/direct/4298071/skS6Zjow652PazB91P1Ung,плитка 01.jpg,1163322157,https://avatars.mds.yandex.net/get-media-adv-screenshooter/20941197/1d06a155-09ca-4034-b8a4-ad411694a4d7/orig,Видео,Оригинальный,0.00,0,0,-,-,1,-,0.00,1.00,0.00,100.00,-,-,-,-
Термопанели в Выборге,712773255,22.08.2026,Группа 2 - Гео (ключевая),5773898865,Автотаргетинг,,-,0,-,0,,Не определено,-,-,,,,,Сети,Прочее,Не определено,Смартфоны,Android,Wi-Fi,Женский,Старше 55,Остальные,Не определено,1915800871397818629,Активные,Комбинаторное,Купить термопанели в Выборге напрямую,Без посредников - завод. 60+ видов декора. Доставка по Ленобласти.,https://marmara-pro.ru?utm_content=zavod&utm_term={PHRASE},http://direct.yandex.ru/images/direct/5250956/5XPY7aqvM1xRQF8e4uTrqg,карусель 4-3_06.jpg,1163321614,https://avatars.mds.yandex.net/get-media-adv-screenshooter/20873747/75477b03-780e-4e10-adff-81a72fc688af/orig,Текстово-графический,Оригинальный,0.00,0,0,-,-,1,-,0.00,1.00,0.00,100.00,-,-,-,-
Термопанели в Выборге,712773255,22.08.2026,Группа 2 - Гео (ключевая),5773898865,Автотаргетинг,,-,0,-,0,,Не определено,-,-,,,,,Сети,Прочее,Не определено,Смартфоны,Android,Wi-Fi,Женский,Старше 55,Остальные,Не определено,1915800871397818629,Активные,Комбинаторное,Купить термопанели в Выборге напрямую,Клинкерная плитка+утеплитель в одной панели. Оплата в два этапа. Звоните!,https://marmara-pro.ru?utm_content=zavod&utm_term={PHRASE},http://direct.yandex.ru/images/direct/4298071/skS6Zjow652PazB91P1Ung,плитка 01.jpg,1163322157,https://avatars.mds.yandex.net/get-media-adv-screenshooter/20941197/1d06a155-09ca-4034-b8a4-ad411694a4d7/orig,Текстово-графический,Оригинальный,0.00,0,0,-,-,1,-,0.00,1.00,0.00,100.00,-,-,-,-
Термопанели в Выборге,712773255,22.08.2026,Группа 2 - Гео (ключевая),5773898865,Автотаргетинг,,-,0,-,0,,Не определено,-,-,,,,,Сети,Прочее,Не определено,Смартфоны,iOS,Wi-Fi,Женский,45-54 года,Остальные,Не определено,1915800871397818629,Активные,Комбинаторное,Купить термопанели в Выборге напрямую,Без посредников - завод. 60+ видов декора. Доставка по Ленобласти.,https://marmara-pro.ru?utm_content=zavod&utm_term={PHRASE},http://direct.yandex.ru/images/direct/5245050/6C6d0cQ-RdpqlPYUtMZQkw,пример 2.jpg,1163321614,https://avatars.mds.yandex.net/get-media-adv-screenshooter/20873747/75477b03-780e-4e10-adff-81a72fc688af/orig,Текстово-графический,Оригинальный,0.00,0,0,-,-,1,-,0.00,1.00,0.00,100.00,-,-,-,-
Термопанели в Выборге,712773255,22.08.2026,Группа 2 - Гео (ключевая),5773898865,Автотаргетинг,,-,0,-,0,материал для закрытия стен на балконе,Сопутствующие запросы,Запросы без упоминания брендов,-,,,,,Поиск,Прочее,Не определено,Смартфоны,Android,Wi-Fi,Мужской,Старше 55,Остальные,Не определено,1915800871397818629,Активные,Комбинаторное,Купить термопанели в Выборге напрямую,Без посредников - завод. 60+ видов декора. Доставка по Ленобласти.,https://marmara-pro.ru?utm_content=zavod&utm_term={PHRASE},-,-,-,-,Текстово-графический,Оригинальный,0.00,0,0,-,-,1,-,0.00,0.09,0.00,8.50,5.00,-,-,-
Термопанели в Выборге,712773255,22.08.2026,Группа 2 - Гео (ключевая),5773898865,Автотаргетинг,,-,0,-,0,плиты для отделки цоколя крепостная стена,Целевые запросы,Запросы без упоминания брендов,-,,,,,Поиск,Товарная галерея,Не определено,Смартфоны,Android,Wi-Fi,Женский,45-54 года,Остальные,Не определено,1915800871397818629,Активные,Комбинаторное,Клинкерные термопанели - производство Выборг,Свое производство в Выборге. Приезжайте на образцы. Бесплатная доставка по району.,https://marmara-pro.ru?utm_content=zavod&utm_term={PHRASE},http://direct.yandex.ru/images/direct/4298071/skS6Zjow652PazB91P1Ung,плитка 01.jpg,-,-,Текстово-графический,Оригинальный,0.00,0,0,-,-,1,-,0.00,0.49,0.00,48.86,3.00,-,-,-
Термопанели в Выборге,712773255,22.08.2026,Группа 2 - Гео (ключевая),5773898865,Автотаргетинг,,-,0,-,0,строймагазины в выборге,Широкие запросы,Запросы без упоминания брендов,-,,,,,Поиск,Прочее,Не определено,Смартфоны,Android,Wi-Fi,Мужской,Старше 55,Остальные,Не определено,1915800871397818629,Активные,Комбинаторное,Бесплатная доставка по Выборгскому району,Свое производство в Выборге. Приезжайте на образцы. Бесплатная доставка по району.,https://marmara-pro.ru?utm_content=zavod&utm_term={PHRASE},-,-,-,-,Текстово-графический,Оригинальный,0.00,0,0,-,-,1,-,0.00,0.09,0.00,8.50,5.00,-,-,-
Термопанели в Выборге,712773255,22.08.2026,Группа 2 - Гео (ключевая),5773898865,Автотаргетинг,,-,0,-,0,термопанели для наружного строительства купить,Целевые запросы,Запросы без упоминания брендов,-,,,,,Поиск,Прочее,Не определено,Смартфоны,Android,Wi-Fi,Мужской,45-54 года,Остальные,Не определено,1915800871397818629,Активные,Комбинаторное,Производитель термопанелей в Ленобласти,Свое производство в Выборге. Приезжайте на образцы. Бесплатная доставка по району.,https://marmara-pro.ru?utm_content=zavod&utm_term={PHRASE},-,-,-,-,Текстово-графический,Оригинальный,0.00,0,0,-,-,1,-,0.00,0.09,0.00,8.50,5.00,-,-,-
Термопанели в Выборге,712773255,22.08.2026,Группа 3 - клинкер (продуктовая),5773902142,Автотаргетинг,,-,0,-,0,,Не определено,-,-,,,,,Сети,Прочее,Не определено,Десктопы,Не определён,Wi-Fi,Мужской,Старше 55,Остальные,Не определено,1915802914729060647,Активные,Комбинаторное,Термопанели с клинкером - собственный завод в Выборге,Без посредников - завод. 60+ видов декора. Доставка по Ленобласти.,https://marmara-pro.ru?utm_content=product&utm_term={PHRASE},http://direct.yandex.ru/images/direct/5442016/qtxMfdimB3EKymbW9TWLzQ,термопанель.png,1163321614,https://avatars.mds.yandex.net/get-media-adv-screenshooter/20873747/75477b03-780e-4e10-adff-81a72fc688af/orig,Текстово-графический,Оригинальный,0.00,0,0,-,-,1,-,0.00,1.00,0.00,100.00,-,-,-,-
Термопанели в Выборге,712773255,22.08.2026,Группа 3 - клинкер (продуктовая),5773902142,Автотаргетинг,,-,0,-,0,,Не определено,-,-,,,,,Сети,Прочее,Не определено,Смартфоны,Android,Wi-Fi,Мужской,25-34 года,Остальные,Не определено,1915802914729060647,Активные,Комбинаторное,Термопанели с клинкером - собственный завод в Выборге,Без посредников - завод. 60+ видов декора. Доставка по Ленобласти.,https://marmara-pro.ru?utm_content=product&utm_term={PHRASE},http://direct.yandex.ru/images/direct/5442016/qtxMfdimB3EKymbW9TWLzQ,термопанель.png,1163321614,https://avatars.mds.yandex.net/get-media-adv-screenshooter/20873747/75477b03-780e-4e10-adff-81a72fc688af/orig,Текстово-графический,Оригинальный,0.00,0,0,-,-,1,-,0.00,1.00,0.00,100.00,-,-,-,-
Термопанели в Выборге,712773255,22.08.2026,Группа 3 - клинкер (продуктовая),5773902142,Автотаргетинг,,-,0,-,0,,Не определено,-,-,,,,,Сети,Прочее,Не определено,Смартфоны,Android,Wi-Fi,Мужской,35-44 года,Остальные,Не определено,1915802914729060647,Активные,Комбинаторное,"Термопанели в Выборге - завод на Ленина, 11",Свое производство в Выборге. Приезжайте на образцы. Бесплатная доставка по району.,https://marmara-pro.ru?utm_content=product&utm_term={PHRASE},http://direct.yandex.ru/images/direct/6195656/qVbV_RGwHrqBiQiD1NgoCw,бейджик (1).jpg,1163321614,https://avatars.mds.yandex.net/get-media-adv-screenshooter/20873747/75477b03-780e-4e10-adff-81a72fc688af/orig,Текстово-графический,Оригинальный,0.00,0,0,-,-,1,-,0.00,1.00,0.00,100.00,-,-,-,-
Термопанели в Выборге,712773255,22.08.2026,Группа 3 - клинкер (продуктовая),5773902142,Автотаргетинг,,-,0,-,0,,Не определено,-,-,,,,,Сети,Прочее,Не определено,Смартфоны,Android,Wi-Fi,Мужской,45-54 года,Остальные,Не определено,1915802914729060647,Активные,Комбинаторное,"Термопанели в Выборге - завод на Ленина, 11",Без посредников - завод. 60+ видов декора. Доставка по Ленобласти.,https://marmara-pro.ru?utm_content=product&utm_term={PHRASE},http://direct.yandex.ru/images/direct/5250956/5XPY7aqvM1xRQF8e4uTrqg,карусель 4-3_06.jpg,1163322157,https://avatars.mds.yandex.net/get-media-adv-screenshooter/20941197/1d06a155-09ca-4034-b8a4-ad411694a4d7/orig,Текстово-графический,Оригинальный,0.00,0,0,-,-,1,-,0.00,1.00,0.00,100.00,-,-,-,-
Термопанели в Выборге,712773255,22.08.2026,Группа 3 - клинкер (продуктовая),5773902142,Автотаргетинг,,-,0,-,0,,Не определено,-,-,,,,,Сети,Прочее,Не определено,Смартфоны,Android,Wi-Fi,Мужской,45-54 года,Остальные,Не определено,1915802914729060647,Активные,Комбинаторное,"Термопанели в Выборге - завод на Ленина, 11",Без посредников - завод. 60+ видов декора. Доставка по Ленобласти.,https://marmara-pro.ru?utm_content=product&utm_term={PHRASE},http://direct.yandex.ru/images/direct/5250956/5XPY7aqvM1xRQF8e4uTrqg,карусель 4-3_06.jpg,1163322157,https://avatars.mds.yandex.net/get-media-adv-screenshooter/20941197/1d06a155-09ca-4034-b8a4-ad411694a4d7/orig,Видео,Оригинальный,0.00,0,0,-,-,1,-,0.00,1.00,0.00,100.00,-,-,-,-
Термопанели в Выборге,712773255,22.08.2026,Группа 3 - клинкер (продуктовая),5773902142,Автотаргетинг,,-,0,-,0,,Не определено,-,-,,,,,Сети,Прочее,Не определено,Смартфоны,Android,Wi-Fi,Мужской,45-54 года,2–5%,Не определено,1915802914729060647,Активные,Комбинаторное,Термопанели с клинкером - собственный завод в Выборге,Без посредников - завод. 60+ видов декора. Доставка по Ленобласти.,https://marmara-pro.ru?utm_content=product&utm_term={PHRASE},http://direct.yandex.ru/images/direct/5442016/qtxMfdimB3EKymbW9TWLzQ,термопанель.png,1163321614,https://avatars.mds.yandex.net/get-media-adv-screenshooter/20873747/75477b03-780e-4e10-adff-81a72fc688af/orig,Текстово-графический,Оригинальный,0.00,0,0,-,-,1,-,0.00,1.00,0.00,100.00,-,-,-,-
Термопанели в Выборге,712773255,22.08.2026,Группа 3 - клинкер (продуктовая),5773902142,Автотаргетинг,,-,0,-,0,,Не определено,-,-,,,,,Сети,Прочее,Не определено,Смартфоны,Android,Wi-Fi,Мужской,Старше 55,Остальные,Не определено,1915802914729060647,Активные,Комбинаторное,"Термопанели в Выборге - завод на Ленина, 11",Без посредников - завод. 60+ видов декора. Доставка по Ленобласти.,https://marmara-pro.ru?utm_content=product&utm_term={PHRASE},http://direct.yandex.ru/images/direct/5250956/5XPY7aqvM1xRQF8e4uTrqg,карусель 4-3_06.jpg,1163322157,https://avatars.mds.yandex.net/get-media-adv-screenshooter/20941197/1d06a155-09ca-4034-b8a4-ad411694a4d7/orig,Видео,Автоматический,0.00,0,0,-,-,2,-,0.00,2.00,0.00,100.00,-,-,-,-
Термопанели в Выборге,712773255,22.08.2026,Группа 3 - клинкер (продуктовая),5773902142,Автотаргетинг,,-,0,-,0,,Не определено,-,-,,,,,Сети,Прочее,Не определено,Смартфоны,Android,Wi-Fi,Мужской,Старше 55,Остальные,Не определено,1915802914729060647,Активные,Комбинаторное,"Термопанели в Выборге - завод на Ленина, 11",Без посредников - завод. 60+ видов декора. Доставка по Ленобласти.,https://marmara-pro.ru?utm_content=product&utm_term={PHRASE},http://direct.yandex.ru/images/direct/5250956/5XPY7aqvM1xRQF8e4uTrqg,карусель 4-3_06.jpg,1163322157,https://avatars.mds.yandex.net/get-media-adv-screenshooter/20941197/1d06a155-09ca-4034-b8a4-ad411694a4d7/orig,Видео,Оригинальный,0.00,0,0,-,-,1,-,0.00,1.00,0.00,100.00,-,-,-,-
Термопанели в Выборге,712773255,22.08.2026,Группа 3 - клинкер (продуктовая),5773902142,Автотаргетинг,,-,0,-,0,,Не определено,-,-,,,,,Сети,Прочее,Не определено,Смартфоны,Android,Wi-Fi,Мужской,Старше 55,Остальные,Не определено,1915802914729060647,Активные,Комбинаторное,Термопанели с клинкером - собственный завод в Выборге,Без посредников - завод. 60+ видов декора. Доставка по Ленобласти.,https://marmara-pro.ru?utm_content=product&utm_term={PHRASE},http://direct.yandex.ru/images/direct/5442016/qtxMfdimB3EKymbW9TWLzQ,термопанель.png,1163321614,https://avatars.mds.yandex.net/get-media-adv-screenshooter/20873747/75477b03-780e-4e10-adff-81a72fc688af/orig,Текстово-графический,Автоматический,0.00,0,0,-,-,1,-,0.00,1.00,0.00,100.00,-,-,-,-
Термопанели в Выборге,712773255,22.08.2026,Группа 3 - клинкер (продуктовая),5773902142,Автотаргетинг,,-,0,-,0,,Не определено,-,-,,,,,Сети,Прочее,Не определено,Смартфоны,Android,Wi-Fi,Мужской,Старше 55,Остальные,Не определено,1915802914729060647,Активные,Комбинаторное,Термопанели с клинкером - собственный завод в Выборге,Без посредников - завод. 60+ видов декора. Доставка по Ленобласти.,https://marmara-pro.ru?utm_content=product&utm_term={PHRASE},http://direct.yandex.ru/images/direct/5442016/qtxMfdimB3EKymbW9TWLzQ,термопанель.png,1163321614,https://avatars.mds.yandex.net/get-media-adv-screenshooter/20873747/75477b03-780e-4e10-adff-81a72fc688af/orig,Текстово-графический,Оригинальный,0.00,0,0,-,-,3,-,0.00,3.00,0.00,100.00,-,-,-,-
Термопанели в Выборге,712773255,22.08.2026,Группа 3 - клинкер (продуктовая),5773902142,Автотаргетинг,,-,0,-,0,,Не определено,-,-,,,,,Сети,Прочее,Не определено,Смартфоны,Android,Wi-Fi,Мужской,Старше 55,Остальные,Не определено,1915802914729060647,Активные,Комбинаторное,Термопанели с клинкером - собственный завод в Выборге,Без посредников - завод. 60+ видов декора. Доставка по Ленобласти.,https://marmara-pro.ru?utm_content=product&utm_term={PHRASE},http://direct.yandex.ru/images/direct/5442016/qtxMfdimB3EKymbW9TWLzQ,термопанель.png,1163321614,https://avatars.mds.yandex.net/get-media-adv-screenshooter/20873747/75477b03-780e-4e10-adff-81a72fc688af/orig,Видео,Автоматический,0.00,0,0,-,-,1,-,0.00,1.00,0.00,100.00,-,-,-,-
Термопанели в Выборге,712773255,22.08.2026,Группа 3 - клинкер (продуктовая),5773902142,Автотаргетинг,,-,0,-,0,,Не определено,-,-,,,,,Сети,Прочее,Не определено,Смартфоны,Android,Wi-Fi,Мужской,Старше 55,2–5%,Не определено,1915802914729060647,Активные,Комбинаторное,"Термопанели в Выборге - завод на Ленина, 11",Без посредников - завод. 60+ видов декора. Доставка по Ленобласти.,https://marmara-pro.ru?utm_content=product&utm_term={PHRASE},http://direct.yandex.ru/images/direct/5250956/5XPY7aqvM1xRQF8e4uTrqg,карусель 4-3_06.jpg,1163322157,https://avatars.mds.yandex.net/get-media-adv-screenshooter/20941197/1d06a155-09ca-4034-b8a4-ad411694a4d7/orig,Видео,Автоматический,0.00,0,0,-,-,1,-,0.00,1.00,0.00,100.00,-,-,-,-
Термопанели в Выборге,712773255,22.08.2026,Группа 3 - клинкер (продуктовая),5773902142,Автотаргетинг,,-,0,-,0,,Не определено,-,-,,,,,Сети,Прочее,Не определено,Смартфоны,Android,Wi-Fi,Мужской,Старше 55,2–5%,Не определено,1915802914729060647,Активные,Комбинаторное,Термопанели с клинкером - собственный завод в Выборге,Без посредников - завод. 60+ видов декора. Доставка по Ленобласти.,https://marmara-pro.ru?utm_content=product&utm_term={PHRASE},http://direct.yandex.ru/images/direct/5442016/qtxMfdimB3EKymbW9TWLzQ,термопанель.png,1163321614,https://avatars.mds.yandex.net/get-media-adv-screenshooter/20873747/75477b03-780e-4e10-adff-81a72fc688af/orig,Текстово-графический,Оригинальный,0.00,0,0,-,-,1,-,0.00,1.00,0.00,100.00,-,-,-,-
Термопанели в Выборге,712773255,22.08.2026,Группа 3 - клинкер (продуктовая),5773902142,Автотаргетинг,,-,0,-,0,,Не определено,-,-,,,,,Сети,Прочее,Не определено,Смартфоны,Android,Wi-Fi,Мужской,Старше 55,2–5%,Не определено,1915802914729060647,Активные,Комбинаторное,Термопанели с клинкером - собственный завод в Выборге,Без посредников - завод. 60+ видов декора. Доставка по Ленобласти.,https://marmara-pro.ru?utm_content=product&utm_term={PHRASE},http://direct.yandex.ru/images/direct/5442016/qtxMfdimB3EKymbW9TWLzQ,термопанель.png,1163321614,https://avatars.mds.yandex.net/get-media-adv-screenshooter/20873747/75477b03-780e-4e10-adff-81a72fc688af/orig,Видео,Автоматический,0.00,0,0,-,-,1,-,0.00,1.00,0.00,100.00,-,-,-,-
Термопанели в Выборге,712773255,22.08.2026,Группа 3 - клинкер (продуктовая),5773902142,Автотаргетинг,,-,0,-,0,,Не определено,-,-,,,,,Сети,Прочее,Не определено,Смартфоны,Android,Wi-Fi,Мужской,Старше 55,Топ 1%,Не определено,1915802914729060647,Активные,Комбинаторное,Термопанели с клинкером - собственный завод в Выборге,Без посредников - завод. 60+ видов декора. Доставка по Ленобласти.,https://marmara-pro.ru?utm_content=product&utm_term={PHRASE},http://direct.yandex.ru/images/direct/5442016/qtxMfdimB3EKymbW9TWLzQ,термопанель.png,1163321614,https://avatars.mds.yandex.net/get-media-adv-screenshooter/20873747/75477b03-780e-4e10-adff-81a72fc688af/orig,Видео,Автоматический,0.00,0,0,-,-,1,-,0.00,1.00,0.00,100.00,-,-,-,-
Термопанели в Выборге,712773255,22.08.2026,Группа 3 - клинкер (продуктовая),5773902142,Автотаргетинг,,-,0,-,0,,Не определено,-,-,,,,,Сети,Прочее,Не определено,Смартфоны,Android,Wi-Fi,Женский,Не определен,Остальные,Не определено,1915802914729060647,Активные,Комбинаторное,"Термопанели в Выборге - завод на Ленина, 11",Без посредников - завод. 60+ видов декора. Доставка по Ленобласти.,https://marmara-pro.ru?utm_content=product&utm_term={PHRASE},http://direct.yandex.ru/images/direct/5245050/6C6d0cQ-RdpqlPYUtMZQkw,пример 2.jpg,1163321614,https://avatars.mds.yandex.net/get-media-adv-screenshooter/20873747/75477b03-780e-4e10-adff-81a72fc688af/orig,Текстово-графический,Оригинальный,0.00,0,0,-,-,1,-,0.00,1.00,0.00,100.00,-,-,-,-
Термопанели в Выборге,712773255,22.08.2026,Группа 3 - клинкер (продуктовая),5773902142,Автотаргетинг,,-,0,-,0,,Не определено,-,-,,,,,Сети,Прочее,Не определено,Смартфоны,Android,Wi-Fi,Женский,45-54 года,Остальные,Не определено,1915802914729060647,Активные,Комбинаторное,Термопанели с клинкером - собственный завод в Выборге,Без посредников - завод. 60+ видов декора. Доставка по Ленобласти.,https://marmara-pro.ru?utm_content=product&utm_term={PHRASE},http://direct.yandex.ru/images/direct/5442016/qtxMfdimB3EKymbW9TWLzQ,термопанель.png,1163321614,https://avatars.mds.yandex.net/get-media-adv-screenshooter/20873747/75477b03-780e-4e10-adff-81a72fc688af/orig,Текстово-графический,Оригинальный,0.00,0,0,-,-,1,-,0.00,1.00,0.00,100.00,-,-,-,-
Термопанели в Выборге,712773255,22.08.2026,Группа 3 - клинкер (продуктовая),5773902142,Автотаргетинг,,-,0,-,0,,Не определено,-,-,,,,,Сети,Прочее,Не определено,Смартфоны,Android,Wi-Fi,Женский,Старше 55,Остальные,Не определено,1915802914729060647,Активные,Комбинаторное,Термопанели с клинкером - собственный завод в Выборге,Без посредников - завод. 60+ видов декора. Доставка по Ленобласти.,https://marmara-pro.ru?utm_content=product&utm_term={PHRASE},http://direct.yandex.ru/images/direct/5442016/qtxMfdimB3EKymbW9TWLzQ,термопанель.png,1163321614,https://avatars.mds.yandex.net/get-media-adv-screenshooter/20873747/75477b03-780e-4e10-adff-81a72fc688af/orig,Текстово-графический,Оригинальный,0.00,0,0,-,-,2,-,0.00,2.00,0.00,100.00,-,-,-,-
Термопанели в Выборге,712773255,22.08.2026,Группа 3 - клинкер (продуктовая),5773902142,Автотаргетинг,,-,0,-,0,,Не определено,-,-,,,,,Сети,Прочее,Не определено,Смартфоны,Android,Wi-Fi,Женский,Старше 55,Остальные,Не определено,1915802914729060647,Активные,Комбинаторное,Термопанели с клинкером - собственный завод в Выборге,Без посредников - завод. 60+ видов декора. Доставка по Ленобласти.,https://marmara-pro.ru?utm_content=product&utm_term={PHRASE},http://direct.yandex.ru/images/direct/5442016/qtxMfdimB3EKymbW9TWLzQ,термопанель.png,1163321614,https://avatars.mds.yandex.net/get-media-adv-screenshooter/20873747/75477b03-780e-4e10-adff-81a72fc688af/orig,Видео,Оригинальный,0.00,0,0,-,-,2,-,0.00,2.00,0.00,100.00,-,-,-,-
Термопанели в Выборге,712773255,22.08.2026,Группа 3 - клинкер (продуктовая),5773902142,Автотаргетинг,,-,0,-,0,,Не определено,-,-,,,,,Сети,Прочее,Не определено,Смартфоны,Android,Wi-Fi,Женский,Старше 55,2–5%,Не определено,1915802914729060647,Активные,Комбинаторное,Термопанели с клинкером - собственный завод в Выборге,Без посредников - завод. 60+ видов декора. Доставка по Ленобласти.,https://marmara-pro.ru?utm_content=product&utm_term={PHRASE},http://direct.yandex.ru/images/direct/5442016/qtxMfdimB3EKymbW9TWLzQ,термопанель.png,1163321614,https://avatars.mds.yandex.net/get-media-adv-screenshooter/20873747/75477b03-780e-4e10-adff-81a72fc688af/orig,Текстово-графический,Оригинальный,0.00,0,0,-,-,1,-,0.00,1.00,0.00,100.00,-,-,-,-
Термопанели в Выборге,712773255,22.08.2026,Группа 3 - клинкер (продуктовая),5773902142,Автотаргетинг,,-,0,-,0,,Не определено,-,-,,,,,Сети,Прочее,Не определено,Смартфоны,Android,Wi-Fi,Женский,Старше 55,2–5%,Не определено,1915802914729060647,Активные,Комбинаторное,Термопанели с клинкером - собственный завод в Выборге,Без посредников - завод. 60+ видов декора. Доставка по Ленобласти.,https://marmara-pro.ru?utm_content=product&utm_term={PHRASE},http://direct.yandex.ru/images/direct/5442016/qtxMfdimB3EKymbW9TWLzQ,термопанель.png,1163321614,https://avatars.mds.yandex.net/get-media-adv-screenshooter/20873747/75477b03-780e-4e10-adff-81a72fc688af/orig,Видео,Автоматический,0.00,0,0,-,-,1,-,0.00,1.00,0.00,100.00,-,-,-,-
Термопанели в Выборге,712773255,22.08.2026,Группа 3 - клинкер (продуктовая),5773902142,Автотаргетинг,,-,0,-,0,,Не определено,-,-,,,,,Сети,Прочее,Не определено,Смартфоны,Android,Мобильная связь,Мужской,45-54 года,6–10%,Не определено,1915802914729060647,Активные,Комбинаторное,"Термопанели в Выборге - завод на Ленина, 11",Без посредников - завод. 60+ видов декора. Доставка по Ленобласти.,https://marmara-pro.ru?utm_content=product&utm_term={PHRASE},http://direct.yandex.ru/images/direct/5250956/5XPY7aqvM1xRQF8e4uTrqg,карусель 4-3_06.jpg,1163322157,https://avatars.mds.yandex.net/get-media-adv-screenshooter/20941197/1d06a155-09ca-4034-b8a4-ad411694a4d7/orig,Текстово-графический,Автоматический,0.00,0,0,-,-,1,-,0.00,1.00,0.00,100.00,-,-,-,-
Термопанели в Выборге,712773255,22.08.2026,Группа 3 - клинкер (продуктовая),5773902142,Автотаргетинг,,-,0,-,0,,Не определено,-,-,,,,,Сети,Прочее,Не определено,Смартфоны,Android,Мобильная связь,Женский,Старше 55,Остальные,Не определено,1915802914729060647,Активные,Комбинаторное,Термопанели с клинкером - собственный завод в Выборге,Свое производство в Выборге. Приезжайте на образцы. Бесплатная доставка по району.,https://marmara-pro.ru?utm_content=product&utm_term={PHRASE},http://direct.yandex.ru/images/direct/4298071/skS6Zjow652PazB91P1Ung,плитка 01.jpg,1163321614,https://avatars.mds.yandex.net/get-media-adv-screenshooter/20873747/75477b03-780e-4e10-adff-81a72fc688af/orig,Текстово-графический,Автоматический,0.00,0,0,-,-,1,-,0.00,1.00,0.00,100.00,-,-,-,-
Термопанели в Выборге,712773255,22.08.2026,Группа 3 - клинкер (продуктовая),5773902142,Автотаргетинг,,-,0,-,0,,Не определено,-,-,,,,,Сети,Прочее,Не определено,Смартфоны,iOS,Wi-Fi,Мужской,35-44 года,Остальные,Не определено,1915802914729060647,Активные,Комбинаторное,Термопанели с клинкером - собственный завод в Выборге,Без посредников - завод. 60+ видов декора. Доставка по Ленобласти.,https://marmara-pro.ru?utm_content=product&utm_term={PHRASE},http://direct.yandex.ru/images/direct/5442016/qtxMfdimB3EKymbW9TWLzQ,термопанель.png,1163321614,https://avatars.mds.yandex.net/get-media-adv-screenshooter/20873747/75477b03-780e-4e10-adff-81a72fc688af/orig,Видео,Автоматический,0.00,1,0,0.00,-,1,0.00,100.00,1.00,100.00,100.00,-,-,50.00,2.00
Термопанели в Выборге,712773255,22.08.2026,Группа 3 - клинкер (продуктовая),5773902142,Автотаргетинг,,-,0,-,0,,Не определено,-,-,,,,,Сети,Прочее,Не определено,Смартфоны,iOS,Wi-Fi,Мужской,Старше 55,2–5%,Не определено,1915802914729060647,Активные,Комбинаторное,"Термопанели в Выборге - завод на Ленина, 11",Без посредников - завод. 60+ видов декора. Доставка по Ленобласти.,https://marmara-pro.ru?utm_content=product&utm_term={PHRASE},http://direct.yandex.ru/images/direct/5250956/5XPY7aqvM1xRQF8e4uTrqg,карусель 4-3_06.jpg,1163322157,https://avatars.mds.yandex.net/get-media-adv-screenshooter/20941197/1d06a155-09ca-4034-b8a4-ad411694a4d7/orig,Текстово-графический,Оригинальный,0.00,0,0,-,-,2,-,0.00,2.00,0.00,100.00,-,-,-,-
Термопанели в Выборге,712773255,22.08.2026,Группа 3 - клинкер (продуктовая),5773902142,Автотаргетинг,,-,0,-,0,,Не определено,-,-,,,,,Сети,Прочее,Не определено,Смартфоны,iOS,Wi-Fi,Женский,18-24 года,Остальные,Не определено,1915802914729060647,Активные,Комбинаторное,"Термопанели в Выборге - завод на Ленина, 11",Без посредников - завод. 60+ видов декора. Доставка по Ленобласти.,https://marmara-pro.ru?utm_content=product&utm_term={PHRASE},http://direct.yandex.ru/images/direct/5250956/5XPY7aqvM1xRQF8e4uTrqg,карусель 4-3_06.jpg,-,-,Текстово-графический,Оригинальный,0.00,0,0,-,-,1,-,0.00,1.00,0.00,100.00,-,-,-,-
Термопанели в Выборге,712773255,22.08.2026,Группа 3 - клинкер (продуктовая),5773902142,Автотаргетинг,,-,0,-,0,,Не определено,-,-,,,,,Сети,Прочее,Не определено,Смартфоны,iOS,Wi-Fi,Женский,18-24 года,Остальные,Не определено,1915802914729060647,Активные,Комбинаторное,"Термопанели в Выборге - завод на Ленина, 11",Без посредников - завод. 60+ видов декора. Доставка по Ленобласти.,https://marmara-pro.ru?utm_content=product&utm_term={PHRASE},http://direct.yandex.ru/images/direct/5250956/5XPY7aqvM1xRQF8e4uTrqg,карусель 4-3_06.jpg,1163322157,https://avatars.mds.yandex.net/get-media-adv-screenshooter/20941197/1d06a155-09ca-4034-b8a4-ad411694a4d7/orig,Видео,Оригинальный,0.00,0,0,-,-,1,-,0.00,1.00,0.00,100.00,-,-,-,-
Термопанели в Выборге,712773255,22.08.2026,Группа 3 - клинкер (продуктовая),5773902142,Автотаргетинг,,-,0,-,0,,Не определено,-,-,,,,,Сети,Прочее,Не определено,Смартфоны,iOS,Wi-Fi,Женский,18-24 года,Остальные,Не определено,1915802914729060647,Активные,Комбинаторное,Термопанели с клинкером - собственный завод в Выборге,Без посредников - завод. 60+ видов декора. Доставка по Ленобласти.,https://marmara-pro.ru?utm_content=product&utm_term={PHRASE},http://direct.yandex.ru/images/direct/5442016/qtxMfdimB3EKymbW9TWLzQ,термопанель.png,1163321614,https://avatars.mds.yandex.net/get-media-adv-screenshooter/20873747/75477b03-780e-4e10-adff-81a72fc688af/orig,Видео,Оригинальный,0.00,0,0,-,-,1,-,0.00,1.00,0.00,100.00,-,-,-,-
Термопанели в Выборге,712773255,22.08.2026,Группа 3 - клинкер (продуктовая),5773902142,Автотаргетинг,,-,0,-,0,,Не определено,-,-,,,,,Сети,Прочее,Не определено,Смартфоны,iOS,Wi-Fi,Женский,25-34 года,Остальные,Не определено,1915802914729060647,Активные,Комбинаторное,Термопанели с клинкером - собственный завод в Выборге,Без посредников - завод. 60+ видов декора. Доставка по Ленобласти.,https://marmara-pro.ru?utm_content=product&utm_term={PHRASE},http://direct.yandex.ru/images/direct/5442016/qtxMfdimB3EKymbW9TWLzQ,термопанель.png,1163321614,https://avatars.mds.yandex.net/get-media-adv-screenshooter/20873747/75477b03-780e-4e10-adff-81a72fc688af/orig,Видео,Оригинальный,0.00,0,0,-,-,1,-,0.00,1.00,0.00,100.00,-,-,-,-
Термопанели в Выборге,712773255,22.08.2026,Группа 3 - клинкер (продуктовая),5773902142,Автотаргетинг,,-,0,-,0,,Не определено,-,-,,,,,Сети,Прочее,Не определено,Смартфоны,iOS,Wi-Fi,Женский,35-44 года,2–5%,Не определено,1915802914729060647,Активные,Комбинаторное,Термопанели с клинкером - собственный завод в Выборге,Без посредников - завод. 60+ видов декора. Доставка по Ленобласти.,https://marmara-pro.ru?utm_content=product&utm_term={PHRASE},http://direct.yandex.ru/images/direct/5442016/qtxMfdimB3EKymbW9TWLzQ,термопанель.png,1163321614,https://avatars.mds.yandex.net/get-media-adv-screenshooter/20873747/75477b03-780e-4e10-adff-81a72fc688af/orig,Текстово-графический,Оригинальный,0.00,0,0,-,-,1,-,0.00,1.00,0.00,100.00,-,-,-,-
Термопанели в Выборге,712773255,22.08.2026,Группа 3 - клинкер (продуктовая),5773902142,Автотаргетинг,,-,0,-,0,балтермо,Альтернативные запросы,Запросы без упоминания брендов,-,,,,,Поиск,Прочее,Не определено,Смартфоны,Android,Wi-Fi,Мужской,Старше 55,Остальные,Не определено,1915802914729060647,Активные,Комбинаторное,Производитель термопанелей в Ленобласти,Свое производство в Выборге. Приезжайте на образцы. Бесплатная доставка по району.,https://marmara-pro.ru?utm_content=product&utm_term={PHRASE},-,-,-,-,Текстово-графический,Оригинальный,0.00,0,0,-,-,1,-,0.00,0.09,0.00,8.50,5.00,-,-,-
Термопанели в Выборге,712773255,22.08.2026,Группа 3 - клинкер (продуктовая),5773902142,Автотаргетинг,,-,0,-,0,верево строительная база,Альтернативные запросы,Запросы без упоминания брендов,-,,,,,Поиск,Прочее,Не определено,Смартфоны,Android,Wi-Fi,Мужской,35-44 года,6–10%,Не определено,1915802914729060647,Активные,Комбинаторное,Бесплатная доставка по Выборгскому району,Без посредников - завод. 60+ видов декора. Доставка по Ленобласти.,https://marmara-pro.ru?utm_content=product&utm_term={PHRASE},-,-,-,-,Текстово-графический,Оригинальный,0.00,0,0,-,-,1,-,0.00,0.09,0.00,8.50,5.00,-,-,-
Термопанели в Выборге,712773255,22.08.2026,Группа 3 - клинкер (продуктовая),5773902142,Автотаргетинг,,-,0,-,0,имитация кирпича виды панелей,Целевые запросы,Запросы без упоминания брендов,-,,,,,Поиск,Прочее,Не определено,Десктопы,Не определён,Wi-Fi,Мужской,45-54 года,Остальные,Не определено,1915802914729060647,Активные,Комбинаторное,Клинкерные термопанели - производство Выборг,Свое производство в Выборге. Приезжайте на образцы. Бесплатная доставка по району.,https://marmara-pro.ru?utm_content=product&utm_term={PHRASE},-,-,-,-,Текстово-графический,Оригинальный,0.00,0,0,-,-,2,-,0.00,0.83,0.00,41.64,8.00,-,-,-
Термопанели в Выборге,712773255,22.08.2026,Группа 3 - клинкер (продуктовая),5773902142,Автотаргетинг,,-,0,-,0,имитация кирпича виды панелей,Целевые запросы,Запросы без упоминания брендов,-,,,,,Поиск,Товарная галерея,Не определено,Десктопы,Не определён,Wi-Fi,Мужской,45-54 года,Остальные,Не определено,1915802914729060647,Активные,Комбинаторное,Клинкерные термопанели - производство Выборг,Свое производство в Выборге. Приезжайте на образцы. Бесплатная доставка по району.,https://marmara-pro.ru?utm_content=product&utm_term={PHRASE},http://direct.yandex.ru/images/direct/5442016/qtxMfdimB3EKymbW9TWLzQ,термопанель.png,-,-,Текстово-графический,Оригинальный,0.00,0,0,-,-,1,-,0.00,0.05,0.00,4.50,9.00,-,-,-
Термопанели в Выборге,712773255,22.08.2026,Группа 3 - клинкер (продуктовая),5773902142,Автотаргетинг,,-,0,-,0,короб дымохода по фасаду дома чем обшить,Сопутствующие запросы,Запросы без упоминания брендов,-,,,,,Поиск,Прочее,Не определено,Смартфоны,iOS,Wi-Fi,Мужской,45-54 года,Остальные,Не определено,1915802914729060647,Активные,Комбинаторное,Термопанели с клинкером - собственный завод в Выборге,Свое производство в Выборге. Приезжайте на образцы. Бесплатная доставка по району.,https://marmara-pro.ru?utm_content=product&utm_term={PHRASE},-,-,-,-,Текстово-графический,Автоматический,0.00,0,0,-,-,1,-,0.00,1.00,0.00,100.00,5.00,-,-,-
Термопанели в Выборге,712773255,22.08.2026,Группа 3 - клинкер (продуктовая),5773902142,Автотаргетинг,,-,0,-,0,купить фасадную плитку в приозерске,Целевые запросы,Запросы без упоминания брендов,-,,,,,Поиск,Прочее,Не определено,Смартфоны,Android,Wi-Fi,Мужской,35-44 года,Остальные,Не определено,1915802914729060647,Активные,Комбинаторное,"Термопанели в Выборге - завод на Ленина, 11",Без посредников - завод. 60+ видов декора. Доставка по Ленобласти.,https://marmara-pro.ru?utm_content=product&utm_term={PHRASE},-,-,-,-,Текстово-графический,Автоматический,0.00,0,0,-,-,1,-,0.00,0.65,0.00,64.58,6.00,-,-,-
Термопанели в Выборге,712773255,22.08.2026,Группа 3 - клинкер (продуктовая),5773902142,Автотаргетинг,,-,0,-,0,панели клинкер ппс,Целевые запросы,Запросы без упоминания брендов,-,,,,,Поиск,Прочее,Не определено,Десктопы,Не определён,Wi-Fi,Мужской,45-54 года,2–5%,Не определено,1915802914729060647,Активные,Комбинаторное,Термопанели с клинкером - собственный завод в Выборге,Без посредников - завод. 60+ видов декора. Доставка по Ленобласти.,https://marmara-pro.ru?utm_content=product&utm_term={PHRASE},-,-,-,-,Текстово-графический,Оригинальный,0.00,0,0,-,-,1,-,0.00,0.55,0.00,54.58,7.00,-,-,-
Термопанели в Выборге,712773255,22.08.2026,Группа 3 - клинкер (продуктовая),5773902142,Автотаргетинг,,-,0,-,0,панели клинкер ппс,Целевые запросы,Запросы без упоминания брендов,-,,,,,Поиск,Товарная галерея,Не определено,Десктопы,Не определён,Wi-Fi,Мужской,45-54 года,2–5%,Не определено,1915802914729060647,Активные,Комбинаторное,Термопанели с клинкером - собственный завод в Выборге,Без посредников - завод. 60+ видов декора. Доставка по Ленобласти.,https://marmara-pro.ru?utm_content=product&utm_term={PHRASE},http://direct.yandex.ru/images/direct/5442016/qtxMfdimB3EKymbW9TWLzQ,термопанель.png,-,-,Текстово-графический,Оригинальный,0.00,1,0,0.00,-,1,0.00,100.00,0.57,176.02,56.81,4.00,4.00,0.00,1.00
Термопанели в Выборге,712773255,22.08.2026,Группа 3 - клинкер (продуктовая),5773902142,Автотаргетинг,,-,0,-,0,плиты для отделки цоколя крепостная стена,Целевые запросы,Запросы без упоминания брендов,-,,,,,Поиск,Прочее,Не определено,Смартфоны,Android,Wi-Fi,Женский,45-54 года,Остальные,Не определено,1915802914729060647,Активные,Комбинаторное,Гарантия до 5 лет на термопанели,Клинкерная плитка+утеплитель в одной панели. Оплата в два этапа. Звоните!,https://marmara-pro.ru?utm_content=product&utm_term={PHRASE},-,-,-,-,Текстово-графический,Оригинальный,0.00,0,0,-,-,1,-,0.00,0.45,0.00,44.58,8.00,-,-,-
Термопанели в Выборге,712773255,22.08.2026,Группа 3 - клинкер (продуктовая),5773902142,Автотаргетинг,,-,0,-,0,плиты для теплых стен с рисунком,Целевые запросы,Запросы без упоминания брендов,-,,,,,Поиск,Прочее,Не определено,Смартфоны,Android,Wi-Fi,Женский,Старше 55,Остальные,Не определено,1915802914729060647,Активные,Комбинаторное,"Термопанели в Выборге - завод на Ленина, 11",Без посредников - завод. 60+ видов декора. Доставка по Ленобласти.,https://marmara-pro.ru?utm_content=product&utm_term={PHRASE},-,-,-,-,Текстово-графический,Автоматический,0.00,0,0,-,-,1,-,0.00,0.45,0.00,44.58,8.00,-,-,-
Термопанели в Выборге,712773255,22.08.2026,Группа 3 - клинкер (продуктовая),5773902142,Автотаргетинг,,-,0,-,0,сенвич панель в спб и лен обл ппс 100 мм,Альтернативные запросы,Запросы без упоминания брендов,-,,,,,Поиск,Прочее,Не определено,Десктопы,Не определён,Wi-Fi,Мужской,Старше 55,Остальные,Не определено,1915802914729060647,Активные,Комбинаторное,Производитель термопанелей в Ленобласти,Клинкерная плитка+утеплитель в одной панели. Оплата в два этапа. Звоните!,https://marmara-pro.ru?utm_content=product&utm_term={PHRASE},-,-,-,-,Текстово-графический,Оригинальный,0.00,0,0,-,-,1,-,0.00,0.05,0.00,5.19,-,-,-,-
Термопанели в Выборге,712773255,22.08.2026,Группа 3 - клинкер (продуктовая),5773902142,Автотаргетинг,,-,0,-,0,стеновые панели для наружной отделки,Целевые запросы,Запросы без упоминания брендов,-,,,,,Поиск,Прочее,Не определено,Смартфоны,iOS,Wi-Fi,Мужской,45-54 года,2–5%,Не определено,1915802914729060647,Активные,Комбинаторное,"Термопанели в Выборге - завод на Ленина, 11",Без посредников - завод. 60+ видов декора. Доставка по Ленобласти.,https://marmara-pro.ru?utm_content=product&utm_term={PHRASE},-,-,-,-,Текстово-графический,Автоматический,0.00,0,0,-,-,1,-,0.00,0.65,0.00,64.58,6.00,-,-,-
Термопанели в Выборге,712773255,22.08.2026,Группа 3 - клинкер (продуктовая),5773902142,Автотаргетинг,,-,0,-,0,строим наш дом выборг каталог,Широкие запросы,Запросы с упоминанием брендов конкурентов,-,,,,,Поиск,Прочее,Не определено,Смартфоны,iOS,Wi-Fi,Мужской,18-24 года,Остальные,Не определено,1915802914729060647,Активные,Комбинаторное,Бесплатная доставка по Выборгскому району,Свое производство в Выборге. Приезжайте на образцы. Бесплатная доставка по району.,https://marmara-pro.ru?utm_content=product&utm_term={PHRASE},-,-,-,-,Текстово-графический,Оригинальный,0.00,0,0,-,-,1,-,0.00,0.09,0.00,8.50,5.00,-,-,-
Термопанели в Выборге,712773255,22.08.2026,Группа 3 - клинкер (продуктовая),5773902142,Автотаргетинг,,-,0,-,0,стройтовары кириши,Целевые запросы,Запросы без упоминания брендов,-,,,,,Поиск,Прочее,Не определено,Смартфоны,Android,Wi-Fi,Мужской,45-54 года,6–10%,Не определено,1915802914729060647,Активные,Комбинаторное,Бесплатная доставка по Выборгскому району,Без посредников - завод. 60+ видов декора. Доставка по Ленобласти.,https://marmara-pro.ru?utm_content=product&utm_term={PHRASE},-,-,-,-,Текстово-графический,Оригинальный,0.00,0,0,-,-,1,-,0.00,0.85,0.00,84.88,5.00,-,-,-
Термопанели в Выборге,712773255,22.08.2026,Группа 3 - клинкер (продуктовая),5773902142,Автотаргетинг,,-,0,-,0,термопанели для наружной отделки купить в спб,Широкие запросы,Запросы без упоминания брендов,-,,,,,Поиск,Прочее,Не определено,Смартфоны,iOS,Wi-Fi,Мужской,35-44 года,Остальные,Не определено,1915802914729060647,Активные,Комбинаторное,Производитель термопанелей в Ленобласти,Клинкерная плитка+утеплитель в одной панели. Оплата в два этапа. Звоните!,https://marmara-pro.ru?utm_content=product&utm_term={PHRASE},-,-,-,-,Текстово-графический,Оригинальный,0.00,0,0,-,-,1,-,0.00,0.09,0.00,8.50,5.00,-,-,-
Термопанели в Выборге,712773255,22.08.2026,Группа 3 - клинкер (продуктовая),5773902142,Автотаргетинг,,-,0,-,0,термосайдинг,Целевые запросы,Запросы без упоминания брендов,-,,,,,Поиск,Прочее,Не определено,Смартфоны,Android,Wi-Fi,Мужской,35-44 года,2–5%,Не определено,1915802914729060647,Активные,Комбинаторное,Термопанели с клинкером - собственный завод в Выборге,Без посредников - завод. 60+ видов декора. Доставка по Ленобласти.,https://marmara-pro.ru?utm_content=product&utm_term={PHRASE},-,-,-,-,Текстово-графический,Оригинальный,0.00,0,0,-,-,1,-,0.00,0.55,0.00,54.58,7.00,-,-,-
Термопанели в Выборге,712773255,22.08.2026,Группа 3 - клинкер (продуктовая),5773902142,Автотаргетинг,,-,0,-,0,фасад из искусственного камня,Целевые запросы,Запросы без упоминания брендов,-,,,,,Поиск,Прочее,Не определено,Смартфоны,iOS,Wi-Fi,Мужской,25-34 года,Топ 1%,Не определено,1915802914729060647,Активные,Комбинаторное,"Термопанели в Выборге - завод на Ленина, 11",Без посредников - завод. 60+ видов декора. Доставка по Ленобласти.,https://marmara-pro.ru?utm_content=product&utm_term={PHRASE},-,-,-,-,Текстово-графический,Автоматический,0.00,0,0,-,-,1,-,0.00,0.85,0.00,84.88,5.00,-,-,-
Термопанели в Выборге,712773255,22.08.2026,Группа 3 - клинкер (продуктовая),5773902142,Автотаргетинг,,-,0,-,0,фасады с клинкерной плиткой какие размеры бывают,Целевые запросы,Запросы без упоминания брендов,-,,,,,Поиск,Прочее,Не определено,Смартфоны,Android,Wi-Fi,Мужской,45-54 года,2–5%,Не определено,1915802914729060647,Активные,Комбинаторное,Термопанели с клинкером - собственный завод в Выборге,Клинкерная плитка+утеплитель в одной панели. Оплата в два этапа. Звоните!,https://marmara-pro.ru?utm_content=product&utm_term={PHRASE},-,-,-,-,Текстово-графический,Оригинальный,0.00,0,0,-,-,1,-,0.00,0.45,0.00,44.58,8.00,-,-,-
Термопанели в Выборге,712773255,22.08.2026,Группа 3 - клинкер (продуктовая),5773902142,Автотаргетинг,,-,0,-,0,фтп термопанели отзывы,Целевые запросы,Запросы с упоминанием брендов конкурентов,-,,,,,Поиск,Прочее,Не определено,Смартфоны,Android,Wi-Fi,Мужской,Старше 55,Остальные,Не определено,1915802914729060647,Активные,Комбинаторное,"Термопанели в Выборге - завод на Ленина, 11",Без посредников - завод. 60+ видов декора. Доставка по Ленобласти.,https://marmara-pro.ru?utm_content=product&utm_term={PHRASE},-,-,-,-,Текстово-графический,Автоматический,0.00,0,0,-,-,1,-,0.00,0.65,0.00,64.58,6.00,-,-,-
Термопанели в Выборге,712773255,22.08.2026,Группа 3 - клинкер (продуктовая),5773902142,Автотаргетинг,,-,0,-,0,цокольные панели,Целевые запросы,Запросы без упоминания брендов,-,,,,,Поиск,Прочее,Не определено,Смартфоны,Android,Wi-Fi,Женский,45-54 года,Остальные,Не определено,1915802914729060647,Активные,Комбинаторное,"Термопанели в Выборге - завод на Ленина, 11",Без посредников - завод. 60+ видов декора. Доставка по Ленобласти.,https://marmara-pro.ru?utm_content=product&utm_term={PHRASE},-,-,-,-,Текстово-графический,Автоматический,0.00,0,0,-,-,1,-,0.00,0.45,0.00,44.58,8.00,-,-,-
Термопанели в Выборге,712773255,22.08.2026,Термопанели (Лен. область),5773097196,Автотаргетинг,,-,0,-,0,,Не определено,-,-,,,,,Сети,Прочее,Не определено,Смартфоны,Android,Мобильная связь,Женский,Старше 55,Остальные,Не определено,1915608023072927866,Активные,Комбинаторное,Термопанели с клинкером. Свое производство в Выборге,"Термопанели с клинкером. Собственное производство, своя цена, нет посредников.",https://marmara-pro.ru?utm_content=geo&utm_term={PHRASE},http://direct.yandex.ru/images/direct/4298071/skS6Zjow652PazB91P1Ung,плитка 01.jpg,1163321614,https://avatars.mds.yandex.net/get-media-adv-screenshooter/20873747/75477b03-780e-4e10-adff-81a72fc688af/orig,Текстово-графический,Автоматический,0.00,0,0,-,-,1,-,0.00,1.00,0.00,100.00,-,-,-,-
Термопанели в Выборге,712773255,22.08.2026,Термопанели (Лен. область),5773097196,Автотаргетинг,,-,0,-,0,,Не определено,-,-,,Термопанель Колорадо 5 (32 шт),,,Сети,Прочее,Не определено,Смартфоны,Android,Wi-Fi,Женский,Старше 55,Остальные,Не определено,1918167638897563177,Активные,Страницы каталога,Термопанель Колорадо 5 (32 шт),"Фасадная термопанель на основе пенополистирола плотностью 25 кг/м3, с клинкерной...",https://marmara-pro.ru/termo/tproduct/2229245581-936117304142-termopanel-kolorado-5-32-sht?utm_content=catalog&utm_term={PHRASE},-,-,-,-,Текстово-графический,Оригинальный,0.00,0,0,-,-,1,-,0.00,1.00,0.00,100.00,-,-,-,-
Термопанели в Выборге,712773255,22.08.2026,Термопанели (Лен. область),5773097196,Автотаргетинг,,-,0,-,0,бакс термопанели фасадные,Альтернативные запросы,Запросы с упоминанием брендов конкурентов,-,,,,,Поиск,Спецразмещение,Не определено,Смартфоны,Android,Wi-Fi,Женский,45-54 года,Остальные,Не определено,1915608023072927866,Активные,Комбинаторное,Термопанели с клинкером. Свое производство в Выборге,"Термопанели с клинкером. Собственное производство, своя цена, нет посредников.",https://marmara-pro.ru?utm_content=geo&utm_term={PHRASE},-,-,-,-,Текстово-графический,Автоматический,0.00,0,0,-,-,1,-,0.00,0.37,0.00,37.21,3.00,-,-,-
Термопанели в Выборге,712773255,22.08.2026,Термопанели (Лен. область),5773097196,Автотаргетинг,,-,0,-,0,если в загородном доме утеплить только стены будет ли долг дополнительно,Сопутствующие запросы,Запросы без упоминания брендов,-,,,,,Поиск,Прочее,Не определено,Смартфоны,Android,Wi-Fi,Мужской,Старше 55,Остальные,Не определено,1915608023072927866,Активные,Комбинаторное,Термопанели с клинкерной плиткой. Производство в Выборге,"Термопанели с клинкером. Собственное производство, своя цена, нет посредников.",https://marmara-pro.ru?utm_content=geo&utm_term={PHRASE},-,-,-,-,Текстово-графический,Автоматический,0.00,0,0,-,-,1,-,0.00,0.42,0.00,41.63,6.00,-,-,-
Термопанели в Выборге,712773255,22.08.2026,Термопанели (Лен. область),5773097196,Автотаргетинг,,-,0,-,0,как называется панели с имитированной плиткой на дом,Целевые запросы,Запросы без упоминания брендов,-,,,,,Поиск,Прочее,Не определено,Смартфоны,Android,Wi-Fi,Мужской,45-54 года,Остальные,Не определено,1915608023072927866,Активные,Комбинаторное,Термопанели с клинкерной плиткой. Производство в Выборге,"Термопанели с клинкером. Собственное производство, своя цена, нет посредников.",https://marmara-pro.ru?utm_content=geo&utm_term={PHRASE},-,-,-,-,Текстово-графический,Автоматический,0.00,0,0,-,-,1,-,0.00,0.85,0.00,84.88,5.00,-,-,-
Термопанели в Выборге,712773255,22.08.2026,Термопанели (Лен. область),5773097196,Автотаргетинг,,-,0,-,0,как называется панели с имитированной плиткой на дом,Целевые запросы,Запросы без упоминания брендов,-,,,,,Поиск,Товарная галерея,Не определено,Смартфоны,Android,Wi-Fi,Мужской,45-54 года,Остальные,Не определено,1915608023072927866,Активные,Комбинаторное,Термопанели с клинкерной плиткой. Производство в Выборге,"Термопанели с клинкером. Собственное производство, своя цена, нет посредников.",https://marmara-pro.ru?utm_content=geo&utm_term={PHRASE},http://direct.yandex.ru/images/direct/5250956/5XPY7aqvM1xRQF8e4uTrqg,карусель 4-3_06.jpg,-,-,Текстово-графический,Автоматический,0.00,0,0,-,-,1,-,0.00,0.32,0.00,32.27,5.00,-,-,-
Термопанели в Выборге,712773255,22.08.2026,Термопанели (Лен. область),5773097196,Автотаргетинг,,-,0,-,0,кирпич утепленный клинкерный,Целевые запросы,Запросы без упоминания брендов,-,,,,,Поиск,Товарная галерея,Не определено,Смартфоны,Android,Wi-Fi,Мужской,Старше 55,Остальные,Не определено,1915608023072927866,Активные,Комбинаторное,Термопанели с клинкерной плиткой. Производство в Выборге,"Термопанели с клинкером. Собственное производство, своя цена, нет посредников.",https://marmara-pro.ru?utm_content=geo&utm_term={PHRASE},http://direct.yandex.ru/images/direct/5250956/5XPY7aqvM1xRQF8e4uTrqg,карусель 4-3_06.jpg,-,-,Текстово-графический,Автоматический,0.00,0,0,-,-,1,-,0.00,0.14,0.00,13.50,14.00,-,-,-
Термопанели в Выборге,712773255,22.08.2026,Термопанели (Лен. область),5773097196,Автотаргетинг,,-,0,-,0,клинкер,Целевые запросы,Запросы без упоминания брендов,-,,,,,Поиск,Прочее,Не определено,Смартфоны,iOS,Wi-Fi,Мужской,25-34 года,6–10%,Не определено,1915608023072927866,Активные,Комбинаторное,Термопанели с клинкерной плиткой. Производство в Выборге,"Термопанели с клинкером. Собственное производство, своя цена, нет посредников.",https://marmara-pro.ru?utm_content=geo&utm_term={PHRASE},-,-,-,-,Текстово-графический,Автоматический,0.00,0,0,-,-,1,-,0.00,0.55,0.00,54.58,7.00,-,-,-
Термопанели в Выборге,712773255,22.08.2026,Термопанели (Лен. область),5773097196,Автотаргетинг,,-,0,-,0,клинкер,Целевые запросы,Запросы без упоминания брендов,-,,,,,Поиск,Товарная галерея,Не определено,Смартфоны,iOS,Wi-Fi,Мужской,25-34 года,6–10%,Не определено,1915608023072927866,Активные,Комбинаторное,Термопанели с клинкерной плиткой. Производство в Выборге,"Термопанели с клинкером. Собственное производство, своя цена, нет посредников.",https://marmara-pro.ru?utm_content=geo&utm_term={PHRASE},http://direct.yandex.ru/images/direct/5250956/5XPY7aqvM1xRQF8e4uTrqg,карусель 4-3_06.jpg,-,-,Текстово-графический,Автоматический,0.00,0,0,-,-,2,-,0.00,0.51,0.00,25.35,7.00,-,-,-
Термопанели в Выборге,712773255,22.08.2026,Термопанели (Лен. область),5773097196,Автотаргетинг,,-,0,-,0,клинкерная плитка,Целевые запросы,Запросы без упоминания брендов,-,,,,,Поиск,Прочее,Не определено,Смартфоны,Android,Wi-Fi,Женский,Старше 55,Остальные,Не определено,1915608023072927866,Активные,Комбинаторное,Термопанели с клинкерной плиткой. Производство в Выборге,"Термопанели с клинкером. Собственное производство, своя цена, нет посредников.",https://marmara-pro.ru?utm_content=geo&utm_term={PHRASE},-,-,-,-,Текстово-графический,Автоматический,0.00,0,0,-,-,1,-,0.00,0.55,0.00,54.58,7.00,-,-,-
Термопанели в Выборге,712773255,22.08.2026,Термопанели (Лен. область),5773097196,Автотаргетинг,,-,0,-,0,клинкерная плитка,Целевые запросы,Запросы без упоминания брендов,-,,,,,Поиск,Товарная галерея,Не определено,Смартфоны,Android,Wi-Fi,Женский,Старше 55,Остальные,Не определено,1915608023072927866,Активные,Комбинаторное,Термопанели с клинкерной плиткой. Производство в Выборге,"Термопанели с клинкером. Собственное производство, своя цена, нет посредников.",https://marmara-pro.ru?utm_content=geo&utm_term={PHRASE},http://direct.yandex.ru/images/direct/5250956/5XPY7aqvM1xRQF8e4uTrqg,карусель 4-3_06.jpg,-,-,Текстово-графический,Автоматический,0.00,0,0,-,-,2,-,0.00,0.56,0.00,28.21,6.00,-,-,-
Термопанели в Выборге,712773255,22.08.2026,Термопанели (Лен. область),5773097196,Автотаргетинг,,-,0,-,0,клинкерная плитка для фасада,Целевые запросы,Запросы без упоминания брендов,-,,,,,Поиск,Прочее,Не определено,Смартфоны,iOS,Wi-Fi,Мужской,35-44 года,6–10%,Не определено,1915608023072927866,Активные,Комбинаторное,Термопанели с клинкерной плиткой. Производство в Выборге,"Термопанели с клинкером. Собственное производство, своя цена, нет посредников.",https://marmara-pro.ru?utm_content=geo&utm_term={PHRASE},-,-,-,-,Текстово-графический,Автоматический,0.00,0,0,-,-,2,-,0.00,1.09,0.00,54.58,7.00,-,-,-
Термопанели в Выборге,712773255,22.08.2026,Термопанели (Лен. область),5773097196,Автотаргетинг,,-,0,-,0,клинкерная плитка для фасада,Целевые запросы,Запросы без упоминания брендов,-,,,,,Поиск,Товарная галерея,Не определено,Смартфоны,iOS,Wi-Fi,Мужской,35-44 года,6–10%,Не определено,1915608023072927866,Активные,Комбинаторное,Термопанели с клинкерной плиткой. Производство в Выборге,"Термопанели с клинкером. Собственное производство, своя цена, нет посредников.",https://marmara-pro.ru?utm_content=geo&utm_term={PHRASE},http://direct.yandex.ru/images/direct/5250956/5XPY7aqvM1xRQF8e4uTrqg,карусель 4-3_06.jpg,-,-,Текстово-графический,Автоматический,0.00,0,0,-,-,2,-,0.00,0.69,0.00,34.60,4.50,-,-,-
Термопанели в Выборге,712773255,22.08.2026,Термопанели (Лен. область),5773097196,Автотаргетинг,,-,0,-,0,клинкерная плитка для фасада отзывы,Целевые запросы,Запросы без упоминания брендов,-,,,,,Поиск,Прочее,Не определено,Смартфоны,Android,Wi-Fi,Женский,45-54 года,Остальные,Не определено,1915608023072927866,Активные,Комбинаторное,Термопанели с клинкерной плиткой. Производство в Выборге,"Термопанели с клинкером. Собственное производство, своя цена, нет посредников.",https://marmara-pro.ru?utm_content=geo&utm_term={PHRASE},-,-,-,-,Текстово-графический,Автоматический,0.00,0,0,-,-,1,-,0.00,0.85,0.00,84.88,5.00,-,-,-
Термопанели в Выборге,712773255,22.08.2026,Термопанели (Лен. область),5773097196,Автотаргетинг,,-,0,-,0,клинкерная плитка свойства,Целевые запросы,Запросы без упоминания брендов,-,,,,,Поиск,Прочее,Не определено,Смартфоны,Android,Wi-Fi,Женский,45-54 года,Остальные,Не определено,1915608023072927866,Активные,Комбинаторное,Термопанели с клинкерной плиткой в Выборге!,"Термопанели с клинкером. Собственное производство, своя цена, нет посредников.",https://marmara-pro.ru?utm_content=geo&utm_term={PHRASE},-,-,-,-,Текстово-графический,Оригинальный,0.00,0,0,-,-,1,-,0.00,0.55,0.00,54.58,7.00,-,-,-
Термопанели в Выборге,712773255,22.08.2026,Термопанели (Лен. область),5773097196,Автотаргетинг,,-,0,-,0,клинкерная плитка свойства,Целевые запросы,Запросы без упоминания брендов,-,,,,,Поиск,Товарная галерея,Не определено,Смартфоны,Android,Wi-Fi,Женский,45-54 года,Остальные,Не определено,1915608023072927866,Активные,Комбинаторное,Термопанели с клинкерной плиткой в Выборге!,"Термопанели с клинкером. Собственное производство, своя цена, нет посредников.",https://marmara-pro.ru?utm_content=geo&utm_term={PHRASE},http://direct.yandex.ru/images/direct/6195656/qVbV_RGwHrqBiQiD1NgoCw,бейджик (1).jpg,-,-,Текстово-графический,Оригинальный,0.00,0,0,-,-,1,-,0.00,0.36,0.00,36.38,4.00,-,-,-
Термопанели в Выборге,712773255,22.08.2026,Термопанели (Лен. область),5773097196,Автотаргетинг,,-,0,-,0,купить термопанель еврофасад,Целевые запросы,Запросы с упоминанием брендов конкурентов,-,,,,,Поиск,Товарная галерея,Не определено,Смартфоны,Android,Wi-Fi,Мужской,35-44 года,Остальные,Не определено,1915608023072927866,Активные,Комбинаторное,Термопанели с клинкерной плиткой. Производство в Выборге,"Термопанели с клинкером. Собственное производство, своя цена, нет посредников.",https://marmara-pro.ru?utm_content=geo&utm_term={PHRASE},http://direct.yandex.ru/images/direct/5250956/5XPY7aqvM1xRQF8e4uTrqg,карусель 4-3_06.jpg,-,-,Текстово-графический,Автоматический,0.00,0,0,-,-,1,-,0.00,0.14,0.00,13.54,13.00,-,-,-
Термопанели в Выборге,712773255,22.08.2026,Термопанели (Лен. область),5773097196,Автотаргетинг,,-,0,-,0,материал облицовки,Целевые запросы,Запросы без упоминания брендов,-,,,,,Поиск,Прочее,Не определено,Смартфоны,Android,Wi-Fi,Женский,25-34 года,Остальные,Не определено,1915608023072927866,Активные,Комбинаторное,Термопанели с клинкерной плиткой. Производство в Выборге,"Термопанели с клинкером. Собственное производство, своя цена, нет посредников.",https://marmara-pro.ru?utm_content=geo&utm_term={PHRASE},-,-,-,-,Текстово-графический,Автоматический,0.00,0,0,-,-,1,-,0.00,0.55,0.00,54.58,7.00,-,-,-
Термопанели в Выборге,712773255,22.08.2026,Термопанели (Лен. область),5773097196,Автотаргетинг,,-,0,-,0,материал облицовки,Целевые запросы,Запросы без упоминания брендов,-,,,,,Поиск,Товарная галерея,Не определено,Смартфоны,Android,Wi-Fi,Женский,25-34 года,Остальные,Не определено,1915608023072927866,Активные,Комбинаторное,Термопанели с клинкерной плиткой. Производство в Выборге,"Термопанели с клинкером. Собственное производство, своя цена, нет посредников.",https://marmara-pro.ru?utm_content=geo&utm_term={PHRASE},http://direct.yandex.ru/images/direct/5250956/5XPY7aqvM1xRQF8e4uTrqg,карусель 4-3_06.jpg,-,-,Текстово-графический,Автоматический,0.00,0,0,-,-,1,-,0.00,0.25,0.00,25.32,8.00,-,-,-
Термопанели в Выборге,712773255,22.08.2026,Термопанели (Лен. область),5773097196,Автотаргетинг,,-,0,-,0,наружная плитка для фасада дома,Целевые запросы,Запросы без упоминания брендов,-,,,,,Поиск,Прочее,Не определено,Смартфоны,Android,Wi-Fi,Мужской,25-34 года,6–10%,Не определено,1915608023072927866,Активные,Комбинаторное,Термопанели с клинкерной плиткой. Производство в Выборге,"Термопанели с клинкером. Собственное производство, своя цена, нет посредников.",https://marmara-pro.ru?utm_content=geo&utm_term={PHRASE},-,-,-,-,Текстово-графический,Автоматический,0.00,0,0,-,-,1,-,0.00,0.45,0.00,44.58,8.00,-,-,-
Термопанели в Выборге,712773255,22.08.2026,Термопанели (Лен. область),5773097196,Автотаргетинг,,-,0,-,0,отделочный материал с утеплителем для дома,Целевые запросы,Запросы без упоминания брендов,-,,,,,Поиск,Прочее,Не определено,Смартфоны,Android,Wi-Fi,Мужской,45-54 года,Остальные,Не определено,1915608023072927866,Активные,Комбинаторное,Термопанели с клинкерной плиткой. Производство в Выборге,"Термопанели с клинкером. Собственное производство, своя цена, нет посредников.",https://marmara-pro.ru?utm_content=geo&utm_term={PHRASE},-,-,-,-,Текстово-графический,Автоматический,0.00,0,0,-,-,1,-,0.00,0.65,0.00,64.58,6.00,-,-,-
Термопанели в Выборге,712773255,22.08.2026,Термопанели (Лен. область),5773097196,Автотаргетинг,,-,0,-,0,отделочный материал с утеплителем для дома,Целевые запросы,Запросы без упоминания брендов,-,,,,,Поиск,Товарная галерея,Не определено,Смартфоны,Android,Wi-Fi,Мужской,45-54 года,Остальные,Не определено,1915608023072927866,Активные,Комбинаторное,Термопанели с клинкерной плиткой. Производство в Выборге,"Термопанели с клинкером. Собственное производство, своя цена, нет посредников.",https://marmara-pro.ru?utm_content=geo&utm_term={PHRASE},http://direct.yandex.ru/images/direct/5250956/5XPY7aqvM1xRQF8e4uTrqg,карусель 4-3_06.jpg,-,-,Текстово-графический,Автоматический,0.00,0,0,-,-,1,-,0.00,0.99,0.00,98.59,2.00,-,-,-
Термопанели в Выборге,712773255,22.08.2026,Термопанели (Лен. область),5773097196,Автотаргетинг,,-,0,-,0,панели под кирпич,Целевые запросы,Запросы без упоминания брендов,-,,,,,Поиск,Прочее,Не определено,Смартфоны,iOS,Wi-Fi,Женский,18-24 года,6–10%,Не определено,1915608023072927866,Активные,Комбинаторное,Термопанели с клинкерной плиткой. Производство в Выборге,"Термопанели с клинкером. Собственное производство, своя цена, нет посредников.",https://marmara-pro.ru?utm_content=geo&utm_term={PHRASE},-,-,-,-,Текстово-графический,Автоматический,0.00,0,0,-,-,2,-,0.00,1.07,0.00,53.58,7.00,-,-,-
Термопанели в Выборге,712773255,22.08.2026,Термопанели (Лен. область),5773097196,Автотаргетинг,,-,0,-,0,панель стеновая,Целевые запросы,Запросы без упоминания брендов,-,,,,,Поиск,Прочее,Не определено,Смартфоны,Android,Wi-Fi,Мужской,45-54 года,Остальные,Не определено,1915608023072927866,Активные,Комбинаторное,Термопанели с клинкерной плиткой. Производство в Выборге,"Термопанели с клинкером. Собственное производство, своя цена, нет посредников.",https://marmara-pro.ru?utm_content=geo&utm_term={PHRASE},-,-,-,-,Текстово-графический,Автоматический,0.00,0,0,-,-,1,-,0.00,0.85,0.00,84.88,5.00,-,-,-
Термопанели в Выборге,712773255,22.08.2026,Термопанели (Лен. область),5773097196,Автотаргетинг,,-,0,-,0,панель стеновая,Целевые запросы,Запросы без упоминания брендов,-,,,,,Поиск,Товарная галерея,Не определено,Смартфоны,Android,Wi-Fi,Мужской,45-54 года,Остальные,Не определено,1915608023072927866,Активные,Комбинаторное,Термопанели с клинкерной плиткой. Производство в Выборге,"Термопанели с клинкером. Собственное производство, своя цена, нет посредников.",https://marmara-pro.ru?utm_content=geo&utm_term={PHRASE},http://direct.yandex.ru/images/direct/5250956/5XPY7aqvM1xRQF8e4uTrqg,карусель 4-3_06.jpg,-,-,Текстово-графический,Автоматический,0.00,0,0,-,-,1,-,0.00,0.17,0.00,16.68,10.00,-,-,-
Термопанели в Выборге,712773255,22.08.2026,Термопанели (Лен. область),5773097196,Автотаргетинг,,-,0,-,0,размеры термопанелей с клинкерной плиткой,Сопутствующие запросы,Запросы без упоминания брендов,-,,,,,Поиск,Спецразмещение,Не определено,Планшеты,Android,Wi-Fi,Не определен,35-44 года,Остальные,Не определено,1915608023072927866,Активные,Комбинаторное,Термопанели с клинкерной плиткой в Выборге!,"Термопанели с клинкером. Собственное производство, своя цена, нет посредников.",https://marmara-pro.ru?utm_content=geo&utm_term={PHRASE},-,-,-,-,Текстово-графический,Оригинальный,0.00,0,0,-,-,1,-,0.00,0.16,0.00,15.94,2.00,-,-,-
Термопанели в Выборге,712773255,22.08.2026,Термопанели (Лен. область),5773097196,Автотаргетинг,,-,0,-,0,сэндвич панели для фасада,Целевые запросы,Запросы без упоминания брендов,-,,,,,Поиск,Прочее,Не определено,Смартфоны,Android,Wi-Fi,Мужской,35-44 года,Остальные,Не определено,1915608023072927866,Активные,Комбинаторное,Термопанели с клинкерной плиткой. Производство в Выборге,"Термопанели с клинкером. Собственное производство, своя цена, нет посредников.",https://marmara-pro.ru?utm_content=geo&utm_term={PHRASE},-,-,-,-,Текстово-графический,Автоматический,0.00,0,0,-,-,1,-,0.00,0.55,0.00,54.58,7.00,-,-,-
Термопанели в Выборге,712773255,22.08.2026,Термопанели (Лен. область),5773097196,Автотаргетинг,,-,0,-,0,теплый фасад,Целевые запросы,Запросы с упоминанием брендов конкурентов,-,,,,,Поиск,Прочее,Не определено,Смартфоны,Android,Wi-Fi,Мужской,35-44 года,Остальные,Не определено,1915608023072927866,Активные,Комбинаторное,Термопанели с клинкерной плиткой. Производство в Выборге,"Термопанели с клинкером. Собственное производство, своя цена, нет посредников.",https://marmara-pro.ru?utm_content=geo&utm_term={PHRASE},-,-,-,-,Текстово-графический,Автоматический,0.00,0,0,-,-,1,-,0.00,0.45,0.00,44.58,8.00,-,-,-
Термопанели в Выборге,712773255,22.08.2026,Термопанели (Лен. область),5773097196,Автотаргетинг,,-,0,-,0,теплый фасад,Целевые запросы,Запросы с упоминанием брендов конкурентов,-,,,,,Поиск,Товарная галерея,Не определено,Смартфоны,Android,Wi-Fi,Мужской,35-44 года,Остальные,Не определено,1915608023072927866,Активные,Комбинаторное,Термопанели с клинкерной плиткой. Производство в Выборге,"Термопанели с клинкером. Собственное производство, своя цена, нет посредников.",https://marmara-pro.ru?utm_content=geo&utm_term={PHRASE},http://direct.yandex.ru/images/direct/5250956/5XPY7aqvM1xRQF8e4uTrqg,карусель 4-3_06.jpg,-,-,Текстово-графический,Автоматический,0.00,0,0,-,-,1,-,0.00,0.28,0.00,28.21,6.00,-,-,-
Термопанели в Выборге,712773255,22.08.2026,Термопанели (Лен. область),5773097196,Автотаргетинг,,-,0,-,0,термопанели,Целевые запросы,Запросы без упоминания брендов,-,,,,,Поиск,Прочее,Не определено,Смартфоны,Android,Wi-Fi,Мужской,35-44 года,Остальные,Не определено,1915608023072927866,Активные,Комбинаторное,Термопанели с клинкерной плиткой. Производство в Выборге,"Термопанели с клинкером. Собственное производство, своя цена, нет посредников.",https://marmara-pro.ru?utm_content=geo&utm_term={PHRASE},-,-,-,-,Текстово-графический,Автоматический,0.00,0,0,-,-,1,-,0.00,0.45,0.00,44.58,8.00,-,-,-
Термопанели в Выборге,712773255,22.08.2026,Термопанели (Лен. область),5773097196,Автотаргетинг,,-,0,-,0,термопанели,Целевые запросы,Запросы без упоминания брендов,-,,,,,Поиск,Прочее,Не определено,Смартфоны,Android,Wi-Fi,Мужской,Старше 55,Остальные,Не определено,1915608023072927866,Активные,Комбинаторное,Термопанели с клинкерной плиткой. Производство в Выборге,"Термопанели с клинкером. Собственное производство, своя цена, нет посредников.",https://marmara-pro.ru?utm_content=geo&utm_term={PHRASE},-,-,-,-,Текстово-графический,Автоматический,0.00,0,0,-,-,1,-,0.00,0.85,0.00,84.88,5.00,-,-,-
Термопанели в Выборге,712773255,22.08.2026,Термопанели (Лен. область),5773097196,Автотаргетинг,,-,0,-,0,термопанели,Целевые запросы,Запросы без упоминания брендов,-,,,,,Поиск,Прочее,Не определено,Смартфоны,iOS,Wi-Fi,Мужской,25-34 года,2–5%,Не определено,1915608023072927866,Активные,Комбинаторное,Термопанели с клинкерной плиткой. Производство в Выборге,"Термопанели с клинкером. Собственное производство, своя цена, нет посредников.",https://marmara-pro.ru?utm_content=geo&utm_term={PHRASE},-,-,-,-,Текстово-графический,Автоматический,0.00,0,0,-,-,1,-,0.00,0.55,0.00,54.58,7.00,-,-,-
Термопанели в Выборге,712773255,22.08.2026,Термопанели (Лен. область),5773097196,Автотаргетинг,,-,0,-,0,термопанели,Целевые запросы,Запросы без упоминания брендов,-,,,,,Поиск,Товарная галерея,Не определено,Смартфоны,Android,Wi-Fi,Мужской,Старше 55,Остальные,Не определено,1915608023072927866,Активные,Комбинаторное,Термопанели с клинкерной плиткой. Производство в Выборге,"Термопанели с клинкером. Собственное производство, своя цена, нет посредников.",https://marmara-pro.ru?utm_content=geo&utm_term={PHRASE},http://direct.yandex.ru/images/direct/5250956/5XPY7aqvM1xRQF8e4uTrqg,карусель 4-3_06.jpg,-,-,Текстово-графический,Автоматический,0.00,0,0,-,-,2,-,0.00,0.98,0.00,48.86,3.00,-,-,-
Термопанели в Выборге,712773255,22.08.2026,Термопанели (Лен. область),5773097196,Автотаргетинг,,-,0,-,0,термопанели для наружного строительства купить,Целевые запросы,Запросы без упоминания брендов,-,,,,,Поиск,Товарная галерея,Не определено,Смартфоны,Android,Wi-Fi,Мужской,45-54 года,Остальные,Не определено,1915608023072927866,Активные,Комбинаторное,Термопанели с клинкерной плиткой. Производство в Выборге,"Термопанели с клинкером. Собственное производство, своя цена, нет посредников.",https://marmara-pro.ru?utm_content=geo&utm_term={PHRASE},http://direct.yandex.ru/images/direct/5250956/5XPY7aqvM1xRQF8e4uTrqg,карусель 4-3_06.jpg,-,-,Текстово-графический,Автоматический,0.00,0,0,-,-,1,-,0.00,0.21,0.00,21.07,8.00,-,-,-
Термопанели в Выборге,712773255,22.08.2026,Термопанели (Лен. область),5773097196,Автотаргетинг,,-,0,-,0,термопанели для наружного строительства купить,Целевые запросы,Запросы без упоминания брендов,-,,Термопанели с клинкерной плиткой — КлинкерПрофи,,,Поиск,Товарная галерея,Не определено,Смартфоны,Android,Wi-Fi,Мужской,45-54 года,Остальные,Не определено,1918167638897563177,Активные,Страницы каталога,Термопанели с клинкерной плиткой. Производство в Выборге,"Фасадные термопанели с клинкером. Производство в Выборге, доставка по СПб...",https://marmara-pro.ru/termo?utm_content=catalog&utm_term={PHRASE},-,-,-,-,Текстово-графический,Оригинальный,0.00,0,0,-,-,1,-,0.00,0.88,0.00,88.34,2.00,-,-,-
Термопанели в Выборге,712773255,22.08.2026,Термопанели (Лен. область),5773097196,Автотаргетинг,,-,0,-,0,термопанели для наружной,Целевые запросы,Запросы без упоминания брендов,-,,,,,Поиск,Товарная галерея,Не определено,Смартфоны,Android,Wi-Fi,Мужской,45-54 года,Остальные,Не определено,1915608023072927866,Активные,Комбинаторное,Термопанели с клинкерной плиткой. Производство в Выборге,"Термопанели с клинкером. Собственное производство, своя цена, нет посредников.",https://marmara-pro.ru?utm_content=geo&utm_term={PHRASE},http://direct.yandex.ru/images/direct/5250956/5XPY7aqvM1xRQF8e4uTrqg,карусель 4-3_06.jpg,-,-,Текстово-графический,Оригинальный,0.00,0,0,-,-,1,-,0.00,0.25,0.00,25.29,9.00,-,-,-
Термопанели в Выборге,712773255,22.08.2026,Термопанели (Лен. область),5773097196,Автотаргетинг,,-,0,-,0,термопанели для наружной,Целевые запросы,Запросы без упоминания брендов,-,,Термопанели с клинкерной плиткой — КлинкерПрофи,,,Поиск,Товарная галерея,Не определено,Смартфоны,Android,Wi-Fi,Мужской,45-54 года,Остальные,Не определено,1918167638897563177,Активные,Страницы каталога,Термопанели с клинкерной плиткой. Производство в Выборге,"Фасадные термопанели с клинкером. Производство в Выборге, доставка по СПб...",https://marmara-pro.ru/termo?utm_content=catalog&utm_term={PHRASE},-,-,-,-,Текстово-графический,Оригинальный,0.00,0,0,-,-,1,-,0.00,0.32,0.00,32.27,5.00,-,-,-
Термопанели в Выборге,712773255,22.08.2026,Термопанели (Лен. область),5773097196,Автотаргетинг,,-,0,-,0,термопанели для наружной отделки дома,Целевые запросы,Запросы без упоминания брендов,-,,,,,Поиск,Прочее,Не определено,Смартфоны,iOS,Wi-Fi,Женский,45-54 года,2–5%,Не определено,1915608023072927866,Активные,Комбинаторное,Термопанели с клинкерной плиткой. Производство в Выборге,"Термопанели с клинкером. Собственное производство, своя цена, нет посредников.",https://marmara-pro.ru?utm_content=geo&utm_term={PHRASE},-,-,-,-,Текстово-графический,Автоматический,0.00,0,0,-,-,1,-,0.00,0.45,0.00,44.58,8.00,-,-,-
Термопанели в Выборге,712773255,22.08.2026,Термопанели (Лен. область),5773097196,Автотаргетинг,,-,0,-,0,термопанели для наружной отделки дома,Целевые запросы,Запросы без упоминания брендов,-,,,,,Поиск,Прочее,Не определено,Смартфоны,iOS,Wi-Fi,Женский,45-54 года,2–5%,Не определено,1915608023072927866,Активные,Комбинаторное,Термопанели с клинкерной плиткой. Производство в Выборге,"Термопанели с клинкером. Собственное производство, своя цена, нет посредников.",https://marmara-pro.ru?utm_content=geo&utm_term={PHRASE},-,-,-,-,Текстово-графический,Оригинальный,0.00,0,0,-,-,1,-,0.00,0.45,0.00,44.58,8.00,-,-,-
Термопанели в Выборге,712773255,22.08.2026,Термопанели (Лен. область),5773097196,Автотаргетинг,,-,0,-,0,термопанели для наружной отделки дома,Целевые запросы,Запросы без упоминания брендов,-,,,,,Поиск,Товарная галерея,Не определено,Смартфоны,iOS,Wi-Fi,Женский,45-54 года,2–5%,Не определено,1915608023072927866,Активные,Комбинаторное,Термопанели с клинкерной плиткой. Производство в Выборге,"Термопанели с клинкером. Собственное производство, своя цена, нет посредников.",https://marmara-pro.ru?utm_content=geo&utm_term={PHRASE},http://direct.yandex.ru/images/direct/5250956/5XPY7aqvM1xRQF8e4uTrqg,карусель 4-3_06.jpg,-,-,Текстово-графический,Оригинальный,0.00,0,0,-,-,1,-,0.00,0.25,0.00,25.35,7.00,-,-,-
Термопанели в Выборге,712773255,22.08.2026,Термопанели (Лен. область),5773097196,Автотаргетинг,,-,0,-,0,термопанели для наружной отделки дома цена,Целевые запросы,Запросы без упоминания брендов,-,,,,,Поиск,Прочее,Не определено,Смартфоны,Android,Мобильная связь,Мужской,45-54 года,Остальные,Не определено,1915608023072927866,Активные,Комбинаторное,Термопанели с клинкерной плиткой. Производство в Выборге,"Термопанели с клинкером. Собственное производство, своя цена, нет посредников.",https://marmara-pro.ru?utm_content=geo&utm_term={PHRASE},-,-,-,-,Текстово-графический,Автоматический,0.00,0,0,-,-,2,-,0.00,0.99,0.00,49.58,7.50,-,-,-
Термопанели в Выборге,712773255,22.08.2026,Термопанели (Лен. область),5773097196,Автотаргетинг,,-,0,-,0,термопанели для наружной отделки дома цена,Целевые запросы,Запросы без упоминания брендов,-,,,,,Поиск,Товарная галерея,Не определено,Смартфоны,Android,Мобильная связь,Мужской,45-54 года,Остальные,Не определено,1915608023072927866,Активные,Комбинаторное,Термопанели с клинкерной плиткой. Производство в Выборге,"Термопанели с клинкером. Собственное производство, своя цена, нет посредников.",https://marmara-pro.ru?utm_content=geo&utm_term={PHRASE},http://direct.yandex.ru/images/direct/5250956/5XPY7aqvM1xRQF8e4uTrqg,карусель 4-3_06.jpg,-,-,Текстово-графический,Автоматический,0.00,0,0,-,-,1,-,0.00,0.13,0.00,13.34,18.00,-,-,-
Термопанели в Выборге,712773255,22.08.2026,Термопанели (Лен. область),5773097196,Автотаргетинг,,-,0,-,0,термопанели для наружной отделки купить в гомель беларусь и цены на все,Целевые запросы,Запросы без упоминания брендов,-,,,,,Поиск,Прочее,Не определено,Смартфоны,Android,Wi-Fi,Мужской,45-54 года,Остальные,Не определено,1915608023072927866,Активные,Комбинаторное,Термопанели с клинкерной плиткой. Производство в Выборге,"Термопанели с клинкером. Собственное производство, своя цена, нет посредников.",https://marmara-pro.ru?utm_content=geo&utm_term={PHRASE},-,-,-,-,Текстово-графический,Автоматический,0.00,0,0,-,-,1,-,0.00,0.65,0.00,64.58,6.00,-,-,-
Термопанели в Выборге,712773255,22.08.2026,Термопанели (Лен. область),5773097196,Автотаргетинг,,-,0,-,0,термопанели для наружной отделки купить в гомель беларусь и цены на все,Целевые запросы,Запросы без упоминания брендов,-,,,,,Поиск,Товарная галерея,Не определено,Смартфоны,Android,Wi-Fi,Мужской,45-54 года,Остальные,Не определено,1915608023072927866,Активные,Комбинаторное,Термопанели с клинкерной плиткой. Производство в Выборге,"Термопанели с клинкером. Собственное производство, своя цена, нет посредников.",https://marmara-pro.ru?utm_content=geo&utm_term={PHRASE},http://direct.yandex.ru/images/direct/5250956/5XPY7aqvM1xRQF8e4uTrqg,карусель 4-3_06.jpg,-,-,Текстово-графический,Автоматический,0.00,0,0,-,-,4,-,0.00,2.13,0.00,53.20,4.00,-,-,-
Термопанели в Выборге,712773255,22.08.2026,Термопанели (Лен. область),5773097196,Автотаргетинг,,-,0,-,0,термопанели для наружной отделки фасада,Целевые запросы,Запросы без упоминания брендов,-,,,,,Поиск,Прочее,Не определено,Смартфоны,Android,Wi-Fi,Не определен,Не определен,Остальные,Не определено,1915608023072927866,Активные,Комбинаторное,Термопанели с клинкерной плиткой. Производство в Выборге,"Термопанели с клинкером. Собственное производство, своя цена, нет посредников.",https://marmara-pro.ru?utm_content=geo&utm_term={PHRASE},-,-,-,-,Текстово-графический,Автоматический,0.00,0,0,-,-,1,-,0.00,0.65,0.00,64.58,6.00,-,-,-
Термопанели в Выборге,712773255,22.08.2026,Термопанели (Лен. область),5773097196,Автотаргетинг,,-,0,-,0,термопанели для наружной отделки фасада,Целевые запросы,Запросы без упоминания брендов,-,,,,,Поиск,Товарная галерея,Не определено,Смартфоны,Android,Wi-Fi,Не определен,Не определен,Остальные,Не определено,1915608023072927866,Активные,Комбинаторное,Термопанели с клинкерной плиткой. Производство в Выборге,"Термопанели с клинкером. Собственное производство, своя цена, нет посредников.",https://marmara-pro.ru?utm_content=geo&utm_term={PHRASE},http://direct.yandex.ru/images/direct/5250956/5XPY7aqvM1xRQF8e4uTrqg,карусель 4-3_06.jpg,-,-,Текстово-графический,Автоматический,0.00,0,0,-,-,1,-,0.00,0.53,0.00,52.59,3.00,-,-,-
Термопанели в Выборге,712773255,22.08.2026,Термопанели (Лен. область),5773097196,Автотаргетинг,,-,0,-,0,термопанели для наружной отделки фасада,Целевые запросы,Запросы без упоминания брендов,-,,Термопанели с клинкерной плиткой — КлинкерПрофи,,,Поиск,Товарная галерея,Не определено,Смартфоны,Android,Wi-Fi,Не определен,Не определен,Остальные,Не определено,1918167638897563177,Активные,Страницы каталога,Термопанели с клинкерной плиткой. Производство в Выборге,"Фасадные термопанели с клинкером. Производство в Выборге, доставка по СПб...",https://marmara-pro.ru/termo?utm_content=catalog&utm_term={PHRASE},-,-,-,-,Текстово-графический,Оригинальный,0.00,0,0,-,-,1,-,0.00,0.05,0.00,5.38,20.00,-,-,-
Термопанели в Выборге,712773255,22.08.2026,Термопанели (Лен. область),5773097196,Автотаргетинг,,-,0,-,0,термопанели под камень для наружной отделки дома,Целевые запросы,Запросы без упоминания брендов,-,,,,,Поиск,Товарная галерея,Не определено,Смартфоны,Android,Wi-Fi,Мужской,35-44 года,2–5%,Не определено,1915608023072927866,Активные,Комбинаторное,Термопанели с клинкерной плиткой. Производство в Выборге,"Термопанели с клинкером. Собственное производство, своя цена, нет посредников.",https://marmara-pro.ru?utm_content=geo&utm_term={PHRASE},http://direct.yandex.ru/images/direct/5250956/5XPY7aqvM1xRQF8e4uTrqg,карусель 4-3_06.jpg,-,-,Текстово-графический,Автоматический,0.00,0,0,-,-,2,-,0.00,0.27,0.00,13.38,17.00,-,-,-
Термопанели в Выборге,712773255,22.08.2026,Термопанели (Лен. область),5773097196,Автотаргетинг,,-,0,-,0,термопанели с клинкерной плиткой какие размеры бывают,Целевые запросы,Запросы без упоминания брендов,-,,,,,Поиск,Прочее,Не определено,Смартфоны,Android,Wi-Fi,Мужской,45-54 года,2–5%,Не определено,1915608023072927866,Активные,Комбинаторное,Термопанели с клинкерной плиткой в Выборге!,"Термопанели с клинкером. Собственное производство, своя цена, нет посредников.",https://marmara-pro.ru?utm_content=geo&utm_term={PHRASE},-,-,-,-,Текстово-графический,Оригинальный,0.00,0,0,-,-,2,-,0.00,1.09,0.00,54.58,7.00,-,-,-
Термопанели в Выборге,712773255,22.08.2026,Термопанели (Лен. область),5773097196,Автотаргетинг,,-,0,-,0,термопанели с клинкерной плиткой какие размеры бывают,Целевые запросы,Запросы без упоминания брендов,-,,,,,Поиск,Товарная галерея,Не определено,Смартфоны,Android,Wi-Fi,Мужской,45-54 года,2–5%,Не определено,1915608023072927866,Активные,Комбинаторное,Термопанели с клинкерной плиткой в Выборге!,"Термопанели с клинкером. Собственное производство, своя цена, нет посредников.",https://marmara-pro.ru?utm_content=geo&utm_term={PHRASE},http://direct.yandex.ru/images/direct/6195656/qVbV_RGwHrqBiQiD1NgoCw,бейджик (1).jpg,-,-,Текстово-графический,Оригинальный,0.00,0,0,-,-,2,-,0.00,0.51,0.00,25.32,8.00,-,-,-
Термопанели в Выборге,712773255,22.08.2026,Термопанели (Лен. область),5773097196,Автотаргетинг,,-,0,-,0,термопанели фасадные,Целевые запросы,Запросы без упоминания брендов,-,,,,,Поиск,Прочее,Не определено,Смартфоны,Android,Wi-Fi,Женский,35-44 года,Остальные,Не определено,1915608023072927866,Активные,Комбинаторное,Термопанели с клинкерной плиткой. Производство в Выборге,"Термопанели с клинкером. Собственное производство, своя цена, нет посредников.",https://marmara-pro.ru?utm_content=geo&utm_term={PHRASE},-,-,-,-,Текстово-графический,Автоматический,0.00,0,0,-,-,1,-,0.00,0.45,0.00,44.58,8.00,-,-,-
Термопанели в Выборге,712773255,22.08.2026,Термопанели (Лен. область),5773097196,Автотаргетинг,,-,0,-,0,термопанели фасадные с клинкерной плиткой,Целевые запросы,Запросы без упоминания брендов,-,,,,,Поиск,Прочее,Не определено,Смартфоны,Android,Wi-Fi,Женский,35-44 года,Остальные,Не определено,1915608023072927866,Активные,Комбинаторное,Термопанели с клинкерной плиткой. Производство в Выборге,"Термопанели с клинкером. Собственное производство, своя цена, нет посредников.",https://marmara-pro.ru?utm_content=geo&utm_term={PHRASE},-,-,-,-,Текстово-графический,Автоматический,0.00,0,0,-,-,1,-,0.00,0.55,0.00,54.58,7.00,-,-,-
Термопанели в Выборге,712773255,22.08.2026,Термопанели (Лен. область),5773097196,Автотаргетинг,,-,0,-,0,термопанель,Целевые запросы,Запросы без упоминания брендов,-,,,,,Поиск,Прочее,Не определено,Смартфоны,Android,Wi-Fi,Мужской,Старше 55,Остальные,Не определено,1915608023072927866,Активные,Комбинаторное,Термопанели с клинкерной плиткой. Производство в Выборге,"Термопанели с клинкером. Собственное производство, своя цена, нет посредников.",https://marmara-pro.ru?utm_content=geo&utm_term={PHRASE},-,-,-,-,Текстово-графический,Автоматический,0.00,0,0,-,-,1,-,0.00,0.65,0.00,64.58,6.00,-,-,-
Термопанели в Выборге,712773255,22.08.2026,Термопанели (Лен. область),5773097196,Автотаргетинг,,-,0,-,0,термопанель,Целевые запросы,Запросы без упоминания брендов,-,,,,,Поиск,Товарная галерея,Не определено,Смартфоны,Android,Wi-Fi,Мужской,Старше 55,Остальные,Не определено,1915608023072927866,Активные,Комбинаторное,Термопанели с клинкерной плиткой. Производство в Выборге,"Термопанели с клинкером. Собственное производство, своя цена, нет посредников.",https://marmara-pro.ru?utm_content=geo&utm_term={PHRASE},http://direct.yandex.ru/images/direct/5250956/5XPY7aqvM1xRQF8e4uTrqg,карусель 4-3_06.jpg,-,-,Текстово-графический,Автоматический,0.00,0,0,-,-,1,-,0.00,0.99,0.00,98.59,2.00,-,-,-
Термопанели в Выборге,712773255,22.08.2026,Термопанели (Лен. область),5773097196,Автотаргетинг,,-,0,-,0,термопанель для фасада дома,Целевые запросы,Запросы без упоминания брендов,-,,,,,Поиск,Прочее,Не определено,Смартфоны,Android,Wi-Fi,Мужской,35-44 года,Остальные,Не определено,1915608023072927866,Активные,Комбинаторное,Термопанели с клинкерной плиткой. Производство в Выборге,"Термопанели с клинкером. Собственное производство, своя цена, нет посредников.",https://marmara-pro.ru?utm_content=geo&utm_term={PHRASE},-,-,-,-,Текстово-графический,Автоматический,0.00,0,0,-,-,1,-,0.00,0.45,0.00,44.58,8.00,-,-,-
Термопанели в Выборге,712773255,22.08.2026,Термопанели (Лен. область),5773097196,Автотаргетинг,,-,0,-,0,фасад под кирпич с утеплителем толщиной 50 мм,Целевые запросы,Запросы без упоминания брендов,-,,,,,Поиск,Прочее,Не определено,Смартфоны,iOS,Wi-Fi,Мужской,25-34 года,2–5%,Не определено,1915608023072927866,Активные,Комбинаторное,Термопанели с клинкерной плиткой. Производство в Выборге,"Термопанели с клинкером. Собственное производство, своя цена, нет посредников.",https://marmara-pro.ru?utm_content=geo&utm_term={PHRASE},-,-,-,-,Текстово-графический,Автоматический,0.00,0,0,-,-,1,-,0.00,0.45,0.00,44.58,8.00,-,-,-
Термопанели в Выборге,712773255,22.08.2026,Термопанели (Лен. область),5773097196,Автотаргетинг,,-,0,-,0,фасадная панель,Целевые запросы,Запросы без упоминания брендов,-,,,,,Поиск,Прочее,Не определено,Смартфоны,iOS,Wi-Fi,Женский,45-54 года,2–5%,Не определено,1915608023072927866,Активные,Комбинаторное,Термопанели с клинкерной плиткой. Производство в Выборге,"Термопанели с клинкером. Собственное производство, своя цена, нет посредников.",https://marmara-pro.ru?utm_content=geo&utm_term={PHRASE},-,-,-,-,Текстово-графический,Автоматический,0.00,0,0,-,-,1,-,0.00,0.65,0.00,64.58,6.00,-,-,-
Термопанели в Выборге,712773255,22.08.2026,Термопанели (Лен. область),5773097196,Автотаргетинг,,-,0,-,0,фасадная панель fineber дачный кирпич клинкерный асфальт фасайдинг klinker полипропиленовая пластиковая для стен 12 шт заказать,Альтернативные запросы,Запросы без упоминания брендов,-,,Клинкерная плитка фасадная STONE (графитовый),,,Поиск,Спецразмещение,Не определено,Смартфоны,Android,Wi-Fi,Не определен,Не определен,Остальные,Не определено,1918167638897563177,Активные,Страницы каталога,Клинкерная плитка фасадная STONE (графитовый),Размер: 245×65 мм Толщина: 7 мм Cтоимость 1 м2 - 1300 ₽,https://marmara-pro.ru/termo/tproduct/2229245581-730709481672-klinkernaya-plitka-fasadnaya-stone-grafi?utm_content=catalog&utm_term={PHRASE},-,-,-,-,Текстово-графический,Оригинальный,0.00,0,0,-,-,1,-,0.00,0.66,0.00,66.00,-,-,-,-
Термопанели в Выборге,712773255,22.08.2026,Термопанели (Лен. область),5773097196,Автотаргетинг,,-,0,-,0,фасадные панели,Целевые запросы,Запросы без упоминания брендов,-,,,,,Поиск,Товарная галерея,Не определено,Смартфоны,Android,Wi-Fi,Мужской,45-54 года,Остальные,Не определено,1915608023072927866,Активные,Комбинаторное,Термопанели с клинкерной плиткой. Производство в Выборге,"Термопанели с клинкером. Собственное производство, своя цена, нет посредников.",https://marmara-pro.ru?utm_content=geo&utm_term={PHRASE},http://direct.yandex.ru/images/direct/5250956/5XPY7aqvM1xRQF8e4uTrqg,карусель 4-3_06.jpg,-,-,Текстово-графический,Автоматический,0.00,0,0,-,-,1,-,0.00,0.17,0.00,16.68,10.00,-,-,-
Термопанели в Выборге,712773255,22.08.2026,Термопанели (Лен. область),5773097196,Автотаргетинг,,-,0,-,0,фасадные панели для наружной отделки дома,Целевые запросы,Запросы без упоминания брендов,-,,,,,Поиск,Прочее,Не определено,Смартфоны,Android,Wi-Fi,Мужской,45-54 года,2–5%,Не определено,1915608023072927866,Активные,Комбинаторное,Термопанели с клинкерной плиткой. Производство в Выборге,"Термопанели с клинкером. Собственное производство, своя цена, нет посредников.",https://marmara-pro.ru?utm_content=geo&utm_term={PHRASE},-,-,-,-,Текстово-графический,Автоматический,0.00,0,0,-,-,1,-,0.00,0.65,0.00,64.58,6.00,-,-,-
Термопанели в Выборге,712773255,22.08.2026,Термопанели (Лен. область),5773097196,Автотаргетинг,,-,0,-,0,фасадные панели для наружной отделки дома,Целевые запросы,Запросы без упоминания брендов,-,,,,,Поиск,Товарная галерея,Не определено,Смартфоны,Android,Wi-Fi,Мужской,45-54 года,2–5%,Не определено,1915608023072927866,Активные,Комбинаторное,Термопанели с клинкерной плиткой. Производство в Выборге,"Термопанели с клинкером. Собственное производство, своя цена, нет посредников.",https://marmara-pro.ru?utm_content=geo&utm_term={PHRASE},http://direct.yandex.ru/images/direct/5250956/5XPY7aqvM1xRQF8e4uTrqg,карусель 4-3_06.jpg,-,-,Текстово-графический,Автоматический,0.00,0,0,-,-,1,-,0.00,0.13,0.00,13.34,18.00,-,-,-
Термопанели в Выборге,712773255,22.08.2026,Термопанели (Лен. область),5773097196,Автотаргетинг,,-,0,-,0,фасадные термопанели,Целевые запросы,Запросы без упоминания брендов,-,,,,,Поиск,Товарная галерея,Не определено,Смартфоны,iOS,Wi-Fi,Мужской,35-44 года,6–10%,Не определено,1915608023072927866,Активные,Комбинаторное,Термопанели с клинкерной плиткой. Производство в Выборге,"Термопанели с клинкером. Собственное производство, своя цена, нет посредников.",https://marmara-pro.ru?utm_content=geo&utm_term={PHRASE},http://direct.yandex.ru/images/direct/5250956/5XPY7aqvM1xRQF8e4uTrqg,карусель 4-3_06.jpg,-,-,Текстово-графический,Автоматический,0.00,0,0,-,-,1,-,0.00,0.13,0.00,13.38,17.00,-,-,-
"Приозерский район, Поиск   от 25-07-2026",713047408,23.08.2026,Приозерский район,5776633358,Автотаргетинг,,-,0,-,0,база строительных материалов раздолье приозерский район ленинградской области каталог,Широкие запросы,Запросы с упоминанием брендов конкурентов,-,,,,,Поиск,Спецразмещение,Не определено,Смартфоны,iOS,Wi-Fi,Мужской,35-44 года,2–5%,Не определено,1916597733861553174,Активные,Комбинаторное,Производство в Выборге — доставка в район,Утепление и фасад за один этап. Производство в Выборге. Доставка по Ленобласти.,https://marmara-pro.ru?utm_source=yandex&utm_medium=cpc&utm_campaign=termopaneli_priozersk_cpa_search&utm_content=search&utm_term={PHRASE},-,-,-,-,Текстово-графический,Автоматический,0.00,0,0,-,-,1,-,0.00,0.68,0.00,67.76,1.00,-,-,-
"Приозерский район, Поиск   от 25-07-2026",713047408,23.08.2026,Приозерский район,5776633358,Автотаргетинг,,-,0,-,0,база строительных материалов раздолье приозерский район ленинградской области каталог,Широкие запросы,Запросы с упоминанием брендов конкурентов,-,,,,,Поиск,Прочее,Не определено,Смартфоны,iOS,Wi-Fi,Мужской,35-44 года,2–5%,Не определено,1916597733861553174,Активные,Комбинаторное,Производство в Выборге — доставка в район,Утепление и фасад за один этап. Производство в Выборге. Доставка по Ленобласти.,https://marmara-pro.ru?utm_source=yandex&utm_medium=cpc&utm_campaign=termopaneli_priozersk_cpa_search&utm_content=search&utm_term={PHRASE},-,-,-,-,Текстово-графический,Автоматический,0.00,0,0,-,-,1,-,0.00,1.00,0.00,100.00,5.00,-,-,-
"Приозерский район, Поиск   от 25-07-2026",713047408,23.08.2026,Приозерский район,5776633358,Автотаргетинг,,-,0,-,0,ввз утепление,Альтернативные запросы,Запросы без упоминания брендов,-,,,,,Поиск,Спецразмещение,Не определено,Десктопы,Не определён,Wi-Fi,Мужской,45-54 года,2–5%,Не определено,1916597733861553174,Активные,Комбинаторное,Утепление фасада термопанелями,Срок службы 25–50 лет. Не требуют покраски. Подберём толщину под ваш дом.,https://marmara-pro.ru?utm_source=yandex&utm_medium=cpc&utm_campaign=termopaneli_priozersk_cpa_search&utm_content=search&utm_term={PHRASE},-,-,-,-,Текстово-графический,Автоматический,0.00,0,0,-,-,1,-,0.00,0.92,0.00,92.02,1.00,-,-,-
"Приозерский район, Поиск   от 25-07-2026",713047408,23.08.2026,Приозерский район,5776633358,Автотаргетинг,,-,0,-,0,вентилируемый фасад с фиброцементными панелями для наружной отделки дома,Альтернативные запросы,Запросы без упоминания брендов,-,,,,,Поиск,Спецразмещение,Не определено,Планшеты,Android,Wi-Fi,Мужской,45-54 года,2–5%,Не определено,1916597733861553174,Активные,Комбинаторное,Фасадные термопанели с клинкером,Утепление и фасад за один этап. Производство в Выборге. Доставка по Ленобласти.,https://marmara-pro.ru?utm_source=yandex&utm_medium=cpc&utm_campaign=termopaneli_priozersk_cpa_search&utm_content=search&utm_term={PHRASE},-,-,-,-,Текстово-графический,Оригинальный,0.00,0,0,-,-,1,-,0.00,0.16,0.00,15.94,2.00,-,-,-
"Приозерский район, Поиск   от 25-07-2026",713047408,23.08.2026,Приозерский район,5776633358,Автотаргетинг,,-,0,-,0,гибкий камень в тц на ланском,Альтернативные запросы,Запросы без упоминания брендов,-,,Клинкерная плитка фасадная STONE (графитовый),,,Поиск,Прочее,Не определено,Смартфоны,Android,Wi-Fi,Женский,45-54 года,6–10%,Не определено,1918168175770350076,Активные,Страницы каталога,Клинкерная плитка фасадная STONE (графитовый),Размер: 245×65 мм Толщина: 7 мм Cтоимость 1 м2 - 1300 ₽,https://marmara-pro.ru/termo/tproduct/2229245581-730709481672-klinkernaya-plitka-fasadnaya-stone-grafi?utm_source=yandex&utm_medium=cpc&utm_campaign=termopaneli_priozersk_cpa_search&utm_content=search&utm_term={PHRASE},-,-,-,-,Текстово-графический,Оригинальный,0.00,0,0,-,-,1,-,0.00,0.09,0.00,8.50,5.00,-,-,-
"Приозерский район, Поиск   от 25-07-2026",713047408,23.08.2026,Приозерский район,5776633358,Автотаргетинг,,-,0,-,0,гидроизоляционные панели для дома,Широкие запросы,Запросы без упоминания брендов,-,,,,,Поиск,Прочее,Не определено,Смартфоны,iOS,Wi-Fi,Женский,25-34 года,2–5%,Не определено,1916597733861553174,Активные,Комбинаторное,Клинкерные термопанели — КлинкерПрофи,Утепление и фасад за один этап. Производство в Выборге. Доставка по Ленобласти.,https://marmara-pro.ru?utm_source=yandex&utm_medium=cpc&utm_campaign=termopaneli_priozersk_cpa_search&utm_content=search&utm_term={PHRASE},-,-,-,-,Текстово-графический,Оригинальный,0.00,0,0,-,-,1,-,0.00,0.09,0.00,8.50,5.00,-,-,-
"Приозерский район, Поиск   от 25-07-2026",713047408,23.08.2026,Приозерский район,5776633358,Автотаргетинг,,-,0,-,0,декоративный кирпич балтфасад толос 1001 02 03,Альтернативные запросы,Запросы без упоминания брендов,-,,,,,Поиск,Прочее,Не определено,Смартфоны,Android,Wi-Fi,Не определен,Не определен,Остальные,Не определено,1916597733861553174,Активные,Комбинаторное,Термопанели с клинкерной плиткой - КлинкерПрофи,Клинкерный фасад без мокрых работ. Монтаж зимой до −15 °C. ППС и ППУ. Звоните!,https://marmara-pro.ru?utm_source=yandex&utm_medium=cpc&utm_campaign=termopaneli_priozersk_cpa_search&utm_content=search&utm_term={PHRASE},-,-,-,-,Текстово-графический,Автоматический,0.00,0,0,-,-,1,-,0.00,1.00,0.00,100.00,5.00,-,-,-
"Приозерский район, Поиск   от 25-07-2026",713047408,23.08.2026,Приозерский район,5776633358,Автотаргетинг,,-,0,-,0,декоративный кирпич балтфасад толос 1001 02 03,Альтернативные запросы,Запросы без упоминания брендов,-,,Клинкерная плитка фасадная ALARCON,,,Поиск,Спецразмещение,Не определено,Смартфоны,Android,Wi-Fi,Не определен,Не определен,Остальные,Не определено,1918168175770350076,Активные,Страницы каталога,Клинкерная плитка фасадная ALARCON,Размер: 245×65 мм Толщина: 7 мм Cтоимость 1 м2 - 1300 ₽,https://marmara-pro.ru/termo/tproduct/2229245581-968229798762-klinkernaya-plitka-fasadnaya-alarcon?utm_source=yandex&utm_medium=cpc&utm_campaign=termopaneli_priozersk_cpa_search&utm_content=search&utm_term={PHRASE},-,-,-,-,Текстово-графический,Автоматический,0.00,0,0,-,-,1,-,0.00,0.99,0.00,98.63,1.00,-,-,-
"Приозерский район, Поиск   от 25-07-2026",713047408,23.08.2026,Приозерский район,5776633358,Автотаргетинг,,-,0,-,0,декоративный кирпич балтфасад толос 1001 02 03,Альтернативные запросы,Запросы без упоминания брендов,-,,Клинкерная плитка фасадная ALARCON,,,Поиск,Прочее,Не определено,Смартфоны,Android,Wi-Fi,Не определен,Не определен,Остальные,Не определено,1918168175770350076,Активные,Страницы каталога,Клинкерная плитка фасадная ALARCON,Размер: 245×65 мм Толщина: 7 мм Cтоимость 1 м2 - 1300 ₽,https://marmara-pro.ru/termo/tproduct/2229245581-968229798762-klinkernaya-plitka-fasadnaya-alarcon?utm_source=yandex&utm_medium=cpc&utm_campaign=termopaneli_priozersk_cpa_search&utm_content=search&utm_term={PHRASE},-,-,-,-,Текстово-графический,Автоматический,0.00,0,0,-,-,1,-,0.00,1.00,0.00,100.00,5.00,-,-,-
"Приозерский район, Поиск   от 25-07-2026",713047408,23.08.2026,Приозерский район,5776633358,Автотаргетинг,,-,0,-,0,должно ли выгнать доски на фасаде если они окрашены на заводе,Сопутствующие запросы,Запросы без упоминания брендов,-,,,,,Поиск,Прочее,Не определено,Смартфоны,iOS,Wi-Fi,Мужской,35-44 года,Топ 1%,Не определено,1916597733861553174,Активные,Комбинаторное,Производство в Выборге — доставка в район,Утепление и фасад за один этап. Производство в Выборге. Доставка по Ленобласти.,https://marmara-pro.ru?utm_source=yandex&utm_medium=cpc&utm_campaign=termopaneli_priozersk_cpa_search&utm_content=search&utm_term={PHRASE},-,-,-,-,Текстово-графический,Оригинальный,0.00,0,0,-,-,1,-,0.00,0.42,0.00,41.63,6.00,-,-,-
"Приозерский район, Поиск   от 25-07-2026",713047408,23.08.2026,Приозерский район,5776633358,Автотаргетинг,,-,0,-,0,европлит егорбевск,Альтернативные запросы,Запросы с упоминанием брендов конкурентов,-,,,,,Поиск,Прочее,Не определено,Смартфоны,Android,Wi-Fi,Женский,45-54 года,6–10%,Не определено,1916597733861553174,Активные,Комбинаторное,Производство в Выборге — доставка в район,Срок службы 25–50 лет. Не требуют покраски. Подберём толщину под ваш дом.,https://marmara-pro.ru?utm_source=yandex&utm_medium=cpc&utm_campaign=termopaneli_priozersk_cpa_search&utm_content=search&utm_term={PHRASE},-,-,-,-,Текстово-графический,Автоматический,0.00,0,0,-,-,1,-,0.00,1.00,0.00,100.00,5.00,-,-,-
"Приозерский район, Поиск   от 25-07-2026",713047408,23.08.2026,Приозерский район,5776633358,Автотаргетинг,,-,0,-,0,жидкий травертин купить,Альтернативные запросы,Запросы без упоминания брендов,-,,,,,Поиск,Спецразмещение,Не определено,Смартфоны,Android,Wi-Fi,Мужской,45-54 года,2–5%,Не определено,1916597733861553174,Активные,Комбинаторное,Термопанели с клинкерной плиткой - КлинкерПрофи,Срок службы 25–50 лет. Не требуют покраски. Подберём толщину под ваш дом.,https://marmara-pro.ru?utm_source=yandex&utm_medium=cpc&utm_campaign=termopaneli_priozersk_cpa_search&utm_content=search&utm_term={PHRASE},-,-,-,-,Текстово-графический,Автоматический,0.00,0,0,-,-,1,-,0.00,0.98,0.00,98.38,1.00,-,-,-
"Приозерский район, Поиск   от 25-07-2026",713047408,23.08.2026,Приозерский район,5776633358,Автотаргетинг,,-,0,-,0,жидкий травертин купить,Альтернативные запросы,Запросы без упоминания брендов,-,,,,,Поиск,Прочее,Не определено,Смартфоны,Android,Wi-Fi,Мужской,45-54 года,2–5%,Не определено,1916597733861553174,Активные,Комбинаторное,Термопанели с клинкерной плиткой - КлинкерПрофи,Срок службы 25–50 лет. Не требуют покраски. Подберём толщину под ваш дом.,https://marmara-pro.ru?utm_source=yandex&utm_medium=cpc&utm_campaign=termopaneli_priozersk_cpa_search&utm_content=search&utm_term={PHRASE},-,-,-,-,Текстово-графический,Автоматический,0.00,0,0,-,-,1,-,0.00,1.37,0.00,136.89,5.00,-,-,-
"Приозерский район, Поиск   от 25-07-2026",713047408,23.08.2026,Приозерский район,5776633358,Автотаргетинг,,-,0,-,0,как обшить окна снаружи в контенере,Сопутствующие запросы,Запросы без упоминания брендов,-,,,,,Поиск,Спецразмещение,Не определено,Смартфоны,iOS,Wi-Fi,Женский,35-44 года,6–10%,Не определено,1916597733861553174,Активные,Комбинаторное,Клинкерные термопанели — КлинкерПрофи,Срок службы 25–50 лет. Не требуют покраски. Подберём толщину под ваш дом.,https://marmara-pro.ru?utm_source=yandex&utm_medium=cpc&utm_campaign=termopaneli_priozersk_cpa_search&utm_content=search&utm_term={PHRASE},-,-,-,-,Текстово-графический,Оригинальный,0.00,0,0,-,-,1,-,0.00,1.00,0.00,100.00,-,-,-,-
"Приозерский район, Поиск   от 25-07-2026",713047408,23.08.2026,Приозерский район,5776633358,Автотаргетинг,,-,0,-,0,как правильно ставить откосы под панели под кирпич,Сопутствующие запросы,Запросы без упоминания брендов,-,,Термопанель Колорадо 2 (32 шт),,,Поиск,Прочее,Не определено,Смартфоны,Android,Wi-Fi,Мужской,35-44 года,Остальные,Не определено,1918168175770350076,Активные,Страницы каталога,Термопанель Колорадо 2 (32 шт),Термопанели с клинкерной плиткой. Производство в Выборге. Доставка.,https://marmara-pro.ru/termo/tproduct/2229245581-979993457482-termopanel-kolorado-2-32-sht?utm_source=yandex&utm_medium=cpc&utm_campaign=termopaneli_priozersk_cpa_search&utm_content=search&utm_term={PHRASE},-,-,-,-,Текстово-графический,Оригинальный,0.00,0,0,-,-,1,-,0.00,0.09,0.00,8.50,5.00,-,-,-
"Приозерский район, Поиск   от 25-07-2026",713047408,23.08.2026,Приозерский район,5776633358,Автотаргетинг,,-,0,-,0,как правильно ставить откосы под панели под кирпич,Сопутствующие запросы,Запросы без упоминания брендов,-,,Термопанель Колорадо 3 (32 шт),,,Поиск,Прочее,Не определено,Смартфоны,Android,Wi-Fi,Мужской,35-44 года,Остальные,Не определено,1918168175770350076,Активные,Страницы каталога,Термопанель Колорадо 3 (32 шт),Термопанели с клинкерной плиткой. Производство в Выборге. Доставка.,https://marmara-pro.ru/termo/tproduct/2229245581-479543594102-termopanel-kolorado-3-32-sht?utm_source=yandex&utm_medium=cpc&utm_campaign=termopaneli_priozersk_cpa_search&utm_content=search&utm_term={PHRASE},-,-,-,-,Текстово-графический,Автоматический,0.00,0,0,-,-,2,-,0.00,0.83,0.00,41.63,6.00,-,-,-
"Приозерский район, Поиск   от 25-07-2026",713047408,23.08.2026,Приозерский район,5776633358,Автотаргетинг,,-,0,-,0,как утеплить садовый домик снаружи,Сопутствующие запросы,Запросы без упоминания брендов,-,,,,,Поиск,Спецразмещение,Не определено,Смартфоны,Android,Wi-Fi,Мужской,25-34 года,6–10%,Не определено,1916597733861553174,Активные,Комбинаторное,Термопанели для дома в Приозерске,Утепление и фасад за один этап. Производство в Выборге. Доставка по Ленобласти.,https://marmara-pro.ru?utm_source=yandex&utm_medium=cpc&utm_campaign=termopaneli_priozersk_cpa_search&utm_content=search&utm_term={PHRASE},-,-,-,-,Текстово-графический,Автоматический,0.00,0,0,-,-,1,-,0.00,0.71,0.00,71.45,1.00,-,-,-
"Приозерский район, Поиск   от 25-07-2026",713047408,23.08.2026,Приозерский район,5776633358,Автотаргетинг,,-,0,-,0,как утеплить садовый домик снаружи,Сопутствующие запросы,Запросы без упоминания брендов,-,,,,,Поиск,Спецразмещение,Не определено,Смартфоны,Android,Wi-Fi,Мужской,25-34 года,6–10%,Не определено,1916597733861553174,Активные,Комбинаторное,Термопанели для дома в Приозерске,Утепление и фасад за один этап. Производство в Выборге. Доставка по Ленобласти.,https://marmara-pro.ru?utm_source=yandex&utm_medium=cpc&utm_campaign=termopaneli_priozersk_cpa_search&utm_content=search&utm_term={PHRASE},-,-,-,-,Текстово-графический,Оригинальный,0.00,0,0,-,-,1,-,0.00,1.00,0.00,100.00,-,-,-,-
"Приозерский район, Поиск   от 25-07-2026",713047408,23.08.2026,Приозерский район,5776633358,Автотаргетинг,,-,0,-,0,клинкерный кирпич колорадо,Альтернативные запросы,Запросы без упоминания брендов,-,,,,,Поиск,Прочее,Не определено,Смартфоны,Android,Wi-Fi,Не определен,Не определен,Остальные,Не определено,1916597733861553174,Активные,Комбинаторное,Термопанели с клинкерной плиткой - КлинкерПрофи,Утепление и фасад за один этап. Производство в Выборге. Доставка по Ленобласти.,https://marmara-pro.ru?utm_source=yandex&utm_medium=cpc&utm_campaign=termopaneli_priozersk_cpa_search&utm_content=search&utm_term={PHRASE},-,-,-,-,Текстово-графический,Автоматический,0.00,0,0,-,-,1,-,0.00,1.00,0.00,100.00,5.00,-,-,-
"Приозерский район, Поиск   от 25-07-2026",713047408,23.08.2026,Приозерский район,5776633358,Автотаргетинг,,-,0,-,0,клинкерный кирпич колорадо,Альтернативные запросы,Запросы без упоминания брендов,-,,Термопанели с клинкерной плиткой — КлинкерПрофи,,,Поиск,Спецразмещение,Не определено,Смартфоны,Android,Wi-Fi,Не определен,Не определен,Остальные,Не определено,1918168175770350076,Активные,Страницы каталога,Термопанели с клинкерной плиткой. Производство в Выборге,"Фасадные термопанели с клинкером. Производство в Выборге, доставка по СПб...",https://marmara-pro.ru/termo?utm_source=yandex&utm_medium=cpc&utm_campaign=termopaneli_priozersk_cpa_search&utm_content=search&utm_term={PHRASE},-,-,-,-,Текстово-графический,Автоматический,0.00,0,0,-,-,1,-,0.00,0.92,0.00,91.55,1.00,-,-,-
"Приозерский район, Поиск   от 25-07-2026",713047408,23.08.2026,Приозерский район,5776633358,Автотаргетинг,,-,0,-,0,короед,Альтернативные запросы,Запросы без упоминания брендов,-,,,,,Поиск,Спецразмещение,Не определено,Смартфоны,Android,Wi-Fi,Мужской,Старше 55,Остальные,Не определено,1916597733861553174,Активные,Комбинаторное,Фасадные термопанели с клинкером,Клинкерный фасад без мокрых работ. Монтаж зимой до −15 °C. ППС и ППУ. Звоните!,https://marmara-pro.ru?utm_source=yandex&utm_medium=cpc&utm_campaign=termopaneli_priozersk_cpa_search&utm_content=search&utm_term={PHRASE},-,-,-,-,Текстово-графический,Автоматический,0.00,0,0,-,-,1,-,0.00,1.01,0.00,101.37,1.00,-,-,-
"Приозерский район, Поиск   от 25-07-2026",713047408,23.08.2026,Приозерский район,5776633358,Автотаргетинг,,-,0,-,0,кровля фасадная,Альтернативные запросы,Запросы без упоминания брендов,-,,,,,Поиск,Спецразмещение,Не определено,Смартфоны,Android,Wi-Fi,Мужской,45-54 года,Остальные,Не определено,1916597733861553174,Активные,Комбинаторное,Производство в Выборге — доставка в район,Клинкерный фасад без мокрых работ. Монтаж зимой до −15 °C. ППС и ППУ. Звоните!,https://marmara-pro.ru?utm_source=yandex&utm_medium=cpc&utm_campaign=termopaneli_priozersk_cpa_search&utm_content=search&utm_term={PHRASE},-,-,-,-,Текстово-графический,Автоматический,0.00,0,0,-,-,1,-,0.00,0.73,0.00,73.11,3.00,-,-,-
"Приозерский район, Поиск   от 25-07-2026",713047408,23.08.2026,Приозерский район,5776633358,Автотаргетинг,,-,0,-,0,облицовочные панели для фасада дома,Широкие запросы,Запросы без упоминания брендов,-,,,,,Поиск,Спецразмещение,Не определено,Смартфоны,Android,Wi-Fi,Мужской,Старше 55,Остальные,Не определено,1916597733861553174,Активные,Комбинаторное,Фасадные термопанели с клинкером,Утепление и фасад за один этап. Производство в Выборге. Доставка по Ленобласти.,https://marmara-pro.ru?utm_source=yandex&utm_medium=cpc&utm_campaign=termopaneli_priozersk_cpa_search&utm_content=search&utm_term={PHRASE},-,-,-,-,Текстово-графический,Автоматический,0.00,1,0,0.00,-,1,0.00,100.00,0.78,128.99,77.53,2.00,2.00,0.00,2.00
"Приозерский район, Поиск   от 25-07-2026",713047408,23.08.2026,Приозерский район,5776633358,Автотаргетинг,,-,0,-,0,отделка деревянных домов,Сопутствующие запросы,Запросы без упоминания брендов,-,,,,,Поиск,Спецразмещение,Не определено,Смартфоны,Android,Wi-Fi,Мужской,45-54 года,6–10%,Не определено,1916597733861553174,Активные,Комбинаторное,Термопанели для дома в Приозерске,Утепление и фасад за один этап. Производство в Выборге. Доставка по Ленобласти.,https://marmara-pro.ru?utm_source=yandex&utm_medium=cpc&utm_campaign=termopaneli_priozersk_cpa_search&utm_content=search&utm_term={PHRASE},-,-,-,-,Текстово-графический,Оригинальный,0.00,0,0,-,-,1,-,0.00,0.21,0.00,21.28,-,-,-,-
"Приозерский район, Поиск   от 25-07-2026",713047408,23.08.2026,Приозерский район,5776633358,Автотаргетинг,,-,0,-,0,отделка стен в комнате в загородном доме,Сопутствующие запросы,Запросы без упоминания брендов,-,,,,,Поиск,Спецразмещение,Не определено,Смартфоны,Android,Wi-Fi,Мужской,45-54 года,6–10%,Не определено,1916597733861553174,Активные,Комбинаторное,Клинкерные термопанели — КлинкерПрофи,Срок службы 25–50 лет. Не требуют покраски. Подберём толщину под ваш дом.,https://marmara-pro.ru?utm_source=yandex&utm_medium=cpc&utm_campaign=termopaneli_priozersk_cpa_search&utm_content=search&utm_term={PHRASE},-,-,-,-,Текстово-графический,Автоматический,0.00,0,0,-,-,1,-,0.00,0.77,0.00,76.65,4.00,-,-,-
"Приозерский район, Поиск   от 25-07-2026",713047408,23.08.2026,Приозерский район,5776633358,Автотаргетинг,,-,0,-,0,отделка стен в комнате загородного дома,Сопутствующие запросы,Запросы без упоминания брендов,-,,,,,Поиск,Прочее,Не определено,Смартфоны,Android,Wi-Fi,Мужской,45-54 года,6–10%,Не определено,1916597733861553174,Активные,Комбинаторное,Производство в Выборге — доставка в район,Срок службы 25–50 лет. Не требуют покраски. Подберём толщину под ваш дом.,https://marmara-pro.ru?utm_source=yandex&utm_medium=cpc&utm_campaign=termopaneli_priozersk_cpa_search&utm_content=search&utm_term={PHRASE},-,-,-,-,Текстово-графический,Оригинальный,0.00,0,0,-,-,1,-,0.00,0.09,0.00,8.50,5.00,-,-,-
"Приозерский район, Поиск   от 25-07-2026",713047408,23.08.2026,Приозерский район,5776633358,Автотаргетинг,,-,0,-,0,отделка фасада в стиле минимализм с использованием темной клинкерной плитки,Сопутствующие запросы,Запросы без упоминания брендов,-,,,,,Поиск,Спецразмещение,Не определено,Планшеты,Android,Wi-Fi,Мужской,45-54 года,2–5%,Не определено,1916597733861553174,Активные,Комбинаторное,Термопанели с клинкерной плиткой - КлинкерПрофи,Клинкерный фасад без мокрых работ. Монтаж зимой до −15 °C. ППС и ППУ. Звоните!,https://marmara-pro.ru?utm_source=yandex&utm_medium=cpc&utm_campaign=termopaneli_priozersk_cpa_search&utm_content=search&utm_term={PHRASE},-,-,-,-,Текстово-графический,Оригинальный,0.00,0,0,-,-,1,-,0.00,0.15,0.00,14.73,2.00,-,-,-
"Приозерский район, Поиск   от 25-07-2026",713047408,23.08.2026,Приозерский район,5776633358,Автотаргетинг,,-,0,-,0,отделка фасада дома клинкерной серо плиткой вентфасад,Альтернативные запросы,Запросы без упоминания брендов,-,,,,,Поиск,Спецразмещение,Не определено,Планшеты,Android,Wi-Fi,Мужской,45-54 года,2–5%,Не определено,1916597733861553174,Активные,Комбинаторное,Термопанели с клинкерной плиткой - КлинкерПрофи,Клинкерный фасад без мокрых работ. Монтаж зимой до −15 °C. ППС и ППУ. Звоните!,https://marmara-pro.ru?utm_source=yandex&utm_medium=cpc&utm_campaign=termopaneli_priozersk_cpa_search&utm_content=search&utm_term={PHRASE},-,-,-,-,Текстово-графический,Оригинальный,0.00,0,0,-,-,1,-,0.00,0.16,0.00,15.94,2.00,-,-,-
"Приозерский район, Поиск   от 25-07-2026",713047408,23.08.2026,Приозерский район,5776633358,Автотаргетинг,,-,0,-,0,отлив цокольный,Сопутствующие запросы,Запросы без упоминания брендов,-,,,,,Поиск,Спецразмещение,Не определено,Смартфоны,iOS,Wi-Fi,Мужской,35-44 года,6–10%,Не определено,1916597733861553174,Активные,Комбинаторное,Фасадные термопанели с клинкером,Срок службы 25–50 лет. Не требуют покраски. Подберём толщину под ваш дом.,https://marmara-pro.ru?utm_source=yandex&utm_medium=cpc&utm_campaign=termopaneli_priozersk_cpa_search&utm_content=search&utm_term={PHRASE},-,-,-,-,Текстово-графический,Автоматический,0.00,0,0,-,-,1,-,0.00,0.87,0.00,87.11,1.00,-,-,-
"Приозерский район, Поиск   от 25-07-2026",713047408,23.08.2026,Приозерский район,5776633358,Автотаргетинг,,-,0,-,0,панели гибкий мрамор для стен купить,Альтернативные запросы,Запросы без упоминания брендов,-,,Термопанель Колорадо 5 (32 шт),,,Поиск,Спецразмещение,Не определено,Смартфоны,iOS,Wi-Fi,Женский,45-54 года,Остальные,Не определено,1918168175770350076,Активные,Страницы каталога,Термопанель Колорадо 5 (32 шт),Термопанели с клинкерной плиткой. Производство в Выборге. Доставка.,https://marmara-pro.ru/termo/tproduct/2229245581-936117304142-termopanel-kolorado-5-32-sht?utm_source=yandex&utm_medium=cpc&utm_campaign=termopaneli_priozersk_cpa_search&utm_content=search&utm_term={PHRASE},-,-,-,-,Текстово-графический,Автоматический,0.00,0,0,-,-,1,-,0.00,0.37,0.00,37.48,4.00,-,-,-
"Приозерский район, Поиск   от 25-07-2026",713047408,23.08.2026,Приозерский район,5776633358,Автотаргетинг,,-,0,-,0,панели под кирпич для наружной отделки фасадные цена за м2,Широкие запросы,Запросы без упоминания брендов,-,,,,,Поиск,Спецразмещение,Не определено,Смартфоны,Android,Wi-Fi,Мужской,Старше 55,Остальные,Не определено,1916597733861553174,Активные,Комбинаторное,Фасадные термопанели с клинкером,Утепление и фасад за один этап. Производство в Выборге. Доставка по Ленобласти.,https://marmara-pro.ru?utm_source=yandex&utm_medium=cpc&utm_campaign=termopaneli_priozersk_cpa_search&utm_content=search&utm_term={PHRASE},-,-,-,-,Текстово-графический,Автоматический,0.00,0,0,-,-,1,-,0.00,0.95,0.00,94.66,1.00,-,-,-
"Приозерский район, Поиск   от 25-07-2026",713047408,23.08.2026,Приозерский район,5776633358,Автотаргетинг,,-,0,-,0,приозерский район поселок ромашки строительный магазин,Широкие запросы,Запросы без упоминания брендов,-,,,,,Поиск,Спецразмещение,Не определено,Смартфоны,Android,Wi-Fi,Мужской,45-54 года,Остальные,Не определено,1916597733861553174,Активные,Комбинаторное,Производство в Выборге — доставка в район,Срок службы 25–50 лет. Не требуют покраски. Подберём толщину под ваш дом.,https://marmara-pro.ru?utm_source=yandex&utm_medium=cpc&utm_campaign=termopaneli_priozersk_cpa_search&utm_content=search&utm_term={PHRASE},-,-,-,-,Текстово-графический,Автоматический,0.00,0,0,-,-,1,-,0.00,0.91,0.00,91.07,1.00,-,-,-
"Приозерский район, Поиск   от 25-07-2026",713047408,23.08.2026,Приозерский район,5776633358,Автотаргетинг,,-,0,-,0,роквул официальный сайт,Альтернативные запросы,Запросы с упоминанием брендов конкурентов,-,,,,,Поиск,Спецразмещение,Не определено,Планшеты,Android,Wi-Fi,Мужской,45-54 года,2–5%,Не определено,1916597733861553174,Активные,Комбинаторное,Производство в Выборге — доставка в район,Утепление и фасад за один этап. Производство в Выборге. Доставка по Ленобласти.,https://marmara-pro.ru?utm_source=yandex&utm_medium=cpc&utm_campaign=termopaneli_priozersk_cpa_search&utm_content=search&utm_term={PHRASE},-,-,-,-,Текстово-графический,Оригинальный,0.00,1,0,0.00,-,1,0.00,100.00,0.43,231.16,43.26,2.00,2.00,0.00,1.00
"Приозерский район, Поиск   от 25-07-2026",713047408,23.08.2026,Приозерский район,5776633358,Автотаргетинг,,-,0,-,0,сколько стоит утеплить дом,Широкие запросы,Запросы без упоминания брендов,-,,,,,Поиск,Спецразмещение,Не определено,Смартфоны,Android,Wi-Fi,Мужской,35-44 года,Остальные,Не определено,1916597733861553174,Активные,Комбинаторное,Утепление фасада термопанелями,Утепление и фасад за один этап. Производство в Выборге. Доставка по Ленобласти.,https://marmara-pro.ru?utm_source=yandex&utm_medium=cpc&utm_campaign=termopaneli_priozersk_cpa_search&utm_content=search&utm_term={PHRASE},-,-,-,-,Текстово-графический,Автоматический,0.00,1,0,0.00,-,1,0.00,100.00,0.87,115.45,86.62,2.00,2.00,100.00,1.00
"Приозерский район, Поиск   от 25-07-2026",713047408,23.08.2026,Приозерский район,5776633358,Автотаргетинг,,-,0,-,0,строительная база в поселке громово,Альтернативные запросы,Запросы без упоминания брендов,-,,,,,Поиск,Спецразмещение,Не определено,Планшеты,Android,Wi-Fi,Женский,25-34 года,Остальные,Не определено,1916597733861553174,Активные,Комбинаторное,Производство в Выборге — доставка в район,Срок службы 25–50 лет. Не требуют покраски. Подберём толщину под ваш дом.,https://marmara-pro.ru?utm_source=yandex&utm_medium=cpc&utm_campaign=termopaneli_priozersk_cpa_search&utm_content=search&utm_term={PHRASE},-,-,-,-,Текстово-графический,Оригинальный,0.00,0,0,-,-,1,-,0.00,1.00,0.00,100.00,1.00,-,-,-
"Приозерский район, Поиск   от 25-07-2026",713047408,23.08.2026,Приозерский район,5776633358,Автотаргетинг,,-,0,-,0,строительная база в сосново,Широкие запросы,Запросы без упоминания брендов,-,,,,,Поиск,Прочее,Не определено,Смартфоны,Android,Wi-Fi,Мужской,25-34 года,2–5%,Не определено,1916597733861553174,Активные,Комбинаторное,Производство в Выборге — доставка в район,Утепление и фасад за один этап. Производство в Выборге. Доставка по Ленобласти.,https://marmara-pro.ru?utm_source=yandex&utm_medium=cpc&utm_campaign=termopaneli_priozersk_cpa_search&utm_content=search&utm_term={PHRASE},-,-,-,-,Текстово-графический,Оригинальный,0.00,0,0,-,-,1,-,0.00,0.09,0.00,8.50,5.00,-,-,-
"Приозерский район, Поиск   от 25-07-2026",713047408,23.08.2026,Приозерский район,5776633358,Автотаргетинг,,-,0,-,0,строй база аврора,Альтернативные запросы,Запросы с упоминанием брендов конкурентов,-,,,,,Поиск,Прочее,Не определено,Смартфоны,Android,Wi-Fi,Мужской,35-44 года,Остальные,Не определено,1916597733861553174,Активные,Комбинаторное,Производство в Выборге — доставка в район,Утепление и фасад за один этап. Производство в Выборге. Доставка по Ленобласти.,https://marmara-pro.ru?utm_source=yandex&utm_medium=cpc&utm_campaign=termopaneli_priozersk_cpa_search&utm_content=search&utm_term={PHRASE},-,-,-,-,Текстово-графический,Оригинальный,0.00,0,0,-,-,1,-,0.00,0.42,0.00,41.63,6.00,-,-,-
"Приозерский район, Поиск   от 25-07-2026",713047408,23.08.2026,Приозерский район,5776633358,Автотаргетинг,,-,0,-,0,темная клинкерная плитка для фасада варианты отделки,Сопутствующие запросы,Запросы без упоминания брендов,-,,Термопанели с клинкерной плиткой — КлинкерПрофи,,,Поиск,Спецразмещение,Не определено,Планшеты,Android,Wi-Fi,Мужской,45-54 года,2–5%,Не определено,1918168175770350076,Активные,Страницы каталога,Термопанели с клинкерной плиткой. Производство в Выборге,"Фасадные термопанели с клинкером. Производство в Выборге, доставка по СПб...",https://marmara-pro.ru/termo?utm_source=yandex&utm_medium=cpc&utm_campaign=termopaneli_priozersk_cpa_search&utm_content=search&utm_term={PHRASE},-,-,-,-,Текстово-графический,Автоматический,0.00,0,0,-,-,1,-,0.00,1.00,0.00,100.00,1.00,-,-,-
"Приозерский район, Поиск   от 25-07-2026",713047408,23.08.2026,Приозерский район,5776633358,Автотаргетинг,,-,0,-,0,термоизоляционная панель цементно,Альтернативные запросы,Запросы без упоминания брендов,-,,,,,Поиск,Прочее,Не определено,Смартфоны,Android,Wi-Fi,Мужской,35-44 года,Остальные,Не определено,1916597733861553174,Активные,Комбинаторное,Утепление фасада термопанелями,Утепление и фасад за один этап. Производство в Выборге. Доставка по Ленобласти.,https://marmara-pro.ru?utm_source=yandex&utm_medium=cpc&utm_campaign=termopaneli_priozersk_cpa_search&utm_content=search&utm_term={PHRASE},-,-,-,-,Текстово-графический,Оригинальный,0.00,0,0,-,-,1,-,0.00,0.87,0.00,87.00,6.00,-,-,-
"Приозерский район, Поиск   от 25-07-2026",713047408,23.08.2026,Приозерский район,5776633358,Автотаргетинг,,-,0,-,0,термопанель фасадный кирпич венецианский,Альтернативные запросы,Запросы без упоминания брендов,-,,,,,Поиск,Спецразмещение,Не определено,Смартфоны,Android,Wi-Fi,Мужской,35-44 года,Остальные,Не определено,1916597733861553174,Активные,Комбинаторное,Фасадные термопанели с клинкером,Утепление и фасад за один этап. Производство в Выборге. Доставка по Ленобласти.,https://marmara-pro.ru?utm_source=yandex&utm_medium=cpc&utm_campaign=termopaneli_priozersk_cpa_search&utm_content=search&utm_term={PHRASE},-,-,-,-,Текстово-графический,Автоматический,0.00,0,0,-,-,2,-,0.00,1.23,0.00,61.39,2.00,-,-,-
"Приозерский район, Поиск   от 25-07-2026",713047408,23.08.2026,Приозерский район,5776633358,Автотаргетинг,,-,0,-,0,услуги мастера по отделке дома в коробицыно,Сопутствующие запросы,Запросы без упоминания брендов,-,,,,,Поиск,Прочее,Не определено,Смартфоны,Android,Wi-Fi,Мужской,45-54 года,Остальные,Не определено,1916597733861553174,Активные,Комбинаторное,Производство в Выборге — доставка в район,Срок службы 25–50 лет. Не требуют покраски. Подберём толщину под ваш дом.,https://marmara-pro.ru?utm_source=yandex&utm_medium=cpc&utm_campaign=termopaneli_priozersk_cpa_search&utm_content=search&utm_term={PHRASE},-,-,-,-,Текстово-графический,Автоматический,0.00,0,0,-,-,1,-,0.00,0.42,0.00,41.63,6.00,-,-,-
"Приозерский район, Поиск   от 25-07-2026",713047408,23.08.2026,Приозерский район,5776633358,Автотаргетинг,,-,0,-,0,услуги по отделке домов в краснозерном,Сопутствующие запросы,Запросы без упоминания брендов,-,,,,,Поиск,Прочее,Не определено,Смартфоны,Android,Wi-Fi,Мужской,45-54 года,Остальные,Не определено,1916597733861553174,Активные,Комбинаторное,Производство в Выборге — доставка в район,Срок службы 25–50 лет. Не требуют покраски. Подберём толщину под ваш дом.,https://marmara-pro.ru?utm_source=yandex&utm_medium=cpc&utm_campaign=termopaneli_priozersk_cpa_search&utm_content=search&utm_term={PHRASE},-,-,-,-,Текстово-графический,Оригинальный,0.00,0,0,-,-,1,-,0.00,0.77,0.00,76.79,5.00,-,-,-
"Приозерский район, Поиск   от 25-07-2026",713047408,23.08.2026,Приозерский район,5776633358,Автотаргетинг,,-,0,-,0,утепление каркасных домов пеной,Альтернативные запросы,Запросы без упоминания брендов,-,,,,,Поиск,Спецразмещение,Не определено,Смартфоны,Android,Wi-Fi,Мужской,45-54 года,Остальные,Не определено,1916597733861553174,Активные,Комбинаторное,Утепление фасада термопанелями,Утепление и фасад за один этап. Производство в Выборге. Доставка по Ленобласти.,https://marmara-pro.ru?utm_source=yandex&utm_medium=cpc&utm_campaign=termopaneli_priozersk_cpa_search&utm_content=search&utm_term={PHRASE},-,-,-,-,Текстово-графический,Автоматический,0.00,0,0,-,-,1,-,0.00,0.64,0.00,63.89,3.00,-,-,-
"Приозерский район, Поиск   от 25-07-2026",713047408,23.08.2026,Приозерский район,5776633358,Автотаргетинг,,-,0,-,0,фасад под дерево,Широкие запросы,Запросы без упоминания брендов,-,,Термопанели с клинкерной плиткой — КлинкерПрофи,,,Поиск,Спецразмещение,Не определено,Смартфоны,Android,Wi-Fi,Не определен,Не определен,Остальные,Не определено,1918168175770350076,Активные,Страницы каталога,Термопанели с клинкерной плиткой. Производство в Выборге,"Фасадные термопанели с клинкером. Производство в Выборге, доставка по СПб...",https://marmara-pro.ru/termo?utm_source=yandex&utm_medium=cpc&utm_campaign=termopaneli_priozersk_cpa_search&utm_content=search&utm_term={PHRASE},-,-,-,-,Текстово-графический,Автоматический,0.00,0,0,-,-,1,-,0.00,0.77,0.00,77.32,2.00,-,-,-
"Приозерский район, Поиск   от 25-07-2026",713047408,23.08.2026,Приозерский район,5776633358,Автотаргетинг,,-,0,-,0,фасад фальцевый,Альтернативные запросы,Запросы без упоминания брендов,-,,,,,Поиск,Прочее,Не определено,Смартфоны,Android,Wi-Fi,Мужской,35-44 года,Остальные,Не определено,1916597733861553174,Активные,Комбинаторное,Фасадные термопанели с клинкером,Клинкерный фасад без мокрых работ. Монтаж зимой до −15 °C. ППС и ППУ. Звоните!,https://marmara-pro.ru?utm_source=yandex&utm_medium=cpc&utm_campaign=termopaneli_priozersk_cpa_search&utm_content=search&utm_term={PHRASE},-,-,-,-,Текстово-графический,Автоматический,0.00,0,0,-,-,1,-,0.00,0.77,0.00,76.79,5.00,-,-,-
"Приозерский район, Поиск   от 25-07-2026",713047408,23.08.2026,Приозерский район,5776633358,Автотаргетинг,,-,0,-,0,фасадные панели,Широкие запросы,Запросы без упоминания брендов,-,,,,,Поиск,Спецразмещение,Не определено,Смартфоны,Android,Wi-Fi,Мужской,45-54 года,Остальные,Не определено,1916597733861553174,Активные,Комбинаторное,Фасадные термопанели с клинкером,Утепление и фасад за один этап. Производство в Выборге. Доставка по Ленобласти.,https://marmara-pro.ru?utm_source=yandex&utm_medium=cpc&utm_campaign=termopaneli_priozersk_cpa_search&utm_content=search&utm_term={PHRASE},-,-,-,-,Текстово-графический,Автоматический,0.00,0,0,-,-,1,-,0.00,0.95,0.00,95.16,1.00,-,-,-
"Приозерский район, Поиск   от 25-07-2026",713047408,23.08.2026,Приозерский район,5776633358,Автотаргетинг,,-,0,-,0,фибробетонная панель,Альтернативные запросы,Запросы без упоминания брендов,-,,,,,Поиск,Спецразмещение,Не определено,Смартфоны,Android,Wi-Fi,Мужской,35-44 года,Остальные,Не определено,1916597733861553174,Активные,Комбинаторное,Производство в Выборге — доставка в район,Клинкерный фасад без мокрых работ. Монтаж зимой до −15 °C. ППС и ППУ. Звоните!,https://marmara-pro.ru?utm_source=yandex&utm_medium=cpc&utm_campaign=termopaneli_priozersk_cpa_search&utm_content=search&utm_term={PHRASE},-,-,-,-,Текстово-графический,Автоматический,0.00,0,0,-,-,1,-,0.00,0.53,0.00,53.38,4.00,-,-,-
"Приозерский район, Поиск   от 25-07-2026",713047408,23.08.2026,Приозерский район,5776633358,Автотаргетинг,,-,0,-,0,фибросайдинг для фасада купить,Альтернативные запросы,Запросы без упоминания брендов,-,,,,,Поиск,Спецразмещение,Не определено,Смартфоны,Android,Wi-Fi,Мужской,25-34 года,Остальные,Не определено,1916597733861553174,Активные,Комбинаторное,Производство в Выборге — доставка в район,Клинкерный фасад без мокрых работ. Монтаж зимой до −15 °C. ППС и ППУ. Звоните!,https://marmara-pro.ru?utm_source=yandex&utm_medium=cpc&utm_campaign=termopaneli_priozersk_cpa_search&utm_content=search&utm_term={PHRASE},-,-,-,-,Текстово-графический,Автоматический,0.00,0,0,-,-,1,-,0.00,0.82,0.00,82.44,1.00,-,-,-
"Приозерский район, Поиск   от 25-07-2026",713047408,23.08.2026,Приозерский район,5776633358,Автотаргетинг,,-,0,-,0,чем обложить террасу и крыльцо,Сопутствующие запросы,Запросы без упоминания брендов,-,,,,,Поиск,Спецразмещение,Не определено,Смартфоны,iOS,Wi-Fi,Женский,35-44 года,6–10%,Не определено,1916597733861553174,Активные,Комбинаторное,Клинкерные термопанели — КлинкерПрофи,Срок службы 25–50 лет. Не требуют покраски. Подберём толщину под ваш дом.,https://marmara-pro.ru?utm_source=yandex&utm_medium=cpc&utm_campaign=termopaneli_priozersk_cpa_search&utm_content=search&utm_term={PHRASE},-,-,-,-,Текстово-графический,Автоматический,0.00,1,0,0.00,-,1,0.00,100.00,1.12,89.65,111.55,1.00,1.00,0.00,4.00
"Приозерский район, Поиск   от 25-07-2026",713047408,23.08.2026,Приозерский район,5776633358,Автотаргетинг,,-,0,-,0,чем обложить террасу и крыльцо,Сопутствующие запросы,Запросы без упоминания брендов,-,,,,,Поиск,Прочее,Не определено,Смартфоны,iOS,Wi-Fi,Женский,35-44 года,6–10%,Не определено,1916597733861553174,Активные,Комбинаторное,Клинкерные термопанели — КлинкерПрофи,Срок службы 25–50 лет. Не требуют покраски. Подберём толщину под ваш дом.,https://marmara-pro.ru?utm_source=yandex&utm_medium=cpc&utm_campaign=termopaneli_priozersk_cpa_search&utm_content=search&utm_term={PHRASE},-,-,-,-,Текстово-графический,Автоматический,0.00,0,0,-,-,1,-,0.00,0.42,0.00,41.63,6.00,-,-,-
"Приозерский район, Поиск   от 25-07-2026",713047408,23.08.2026,Приозерский район,5776633358,Автотаргетинг,,-,0,-,0,чем отделать цоколь дома снаружи,Сопутствующие запросы,Запросы без упоминания брендов,-,,,,,Поиск,Спецразмещение,Не определено,Смартфоны,iOS,Wi-Fi,Женский,Старше 55,Топ 1%,Не определено,1916597733861553174,Активные,Комбинаторное,Клинкерные термопанели — КлинкерПрофи,Срок службы 25–50 лет. Не требуют покраски. Подберём толщину под ваш дом.,https://marmara-pro.ru?utm_source=yandex&utm_medium=cpc&utm_campaign=termopaneli_priozersk_cpa_search&utm_content=search&utm_term={PHRASE},-,-,-,-,Текстово-графический,Автоматический,0.00,0,0,-,-,1,-,0.00,0.97,0.00,96.68,1.00,-,-,-
"Приозерский район, Поиск   от 25-07-2026",713047408,23.08.2026,Приозерский район,5776633358,Автотаргетинг,,-,0,-,0,что будет если утеплить только первый этаж,Сопутствующие запросы,Запросы без упоминания брендов,-,,,,,Поиск,Прочее,Не определено,Смартфоны,iOS,Wi-Fi,Мужской,25-34 года,Остальные,Не определено,1916597733861553174,Активные,Комбинаторное,Утепление фасада термопанелями,Срок службы 25–50 лет. Не требуют покраски. Подберём толщину под ваш дом.,https://marmara-pro.ru?utm_source=yandex&utm_medium=cpc&utm_campaign=termopaneli_priozersk_cpa_search&utm_content=search&utm_term={PHRASE},-,-,-,-,Текстово-графический,Автоматический,0.00,0,0,-,-,1,-,0.00,0.42,0.00,41.63,6.00,-,-,-
"Приозерский район, Поиск   от 25-07-2026",713047408,23.08.2026,Приозерский район,5776633358,Автотаргетинг,,-,0,-,0,что будет если утеплить только первый этаж,Сопутствующие запросы,Запросы без упоминания брендов,-,,,,,Поиск,Прочее,Не определено,Смартфоны,iOS,Wi-Fi,Мужской,25-34 года,Остальные,Не определено,1916597733861553174,Активные,Комбинаторное,Утепление фасада термопанелями,Срок службы 25–50 лет. Не требуют покраски. Подберём толщину под ваш дом.,https://marmara-pro.ru?utm_source=yandex&utm_medium=cpc&utm_campaign=termopaneli_priozersk_cpa_search&utm_content=search&utm_term={PHRASE},-,-,-,-,Текстово-графический,Оригинальный,0.00,0,0,-,-,1,-,0.00,0.09,0.00,8.50,5.00,-,-,-
Термопанели в Выборге,712773255,23.08.2026,Группа 1 - коммерческая,5773901452,Фраза,фасадные панели с утеплением,-,0,-,0,фтп термопанели отзывы,Сопутствующие запросы,Запросы без упоминания брендов,Семантическое,,,,,Поиск,Спецразмещение,Не определено,Смартфоны,Android,Wi-Fi,Мужской,Старше 55,Остальные,Не определено,1915802398259215246,Активные,Комбинаторное,"Термопанели в Выборге - завод на Ленина, 11",Свое производство в Выборге. Приезжайте на образцы. Бесплатная доставка по району.,https://marmara-pro.ru?utm_content=commerce&utm_term={PHRASE},-,-,-,-,Текстово-графический,Автоматический,0.00,0,0,-,-,1,-,0.00,0.92,0.00,92.05,2.00,-,-,-
Термопанели в Выборге,712773255,23.08.2026,Группа 1 - коммерческая,5773901452,Автотаргетинг,,-,0,-,0,,Не определено,-,-,,,,,Сети,Прочее,Не определено,Десктопы,Не определён,Wi-Fi,Мужской,Старше 55,Остальные,Не определено,1915802398259215246,Активные,Комбинаторное,Купить термопанели в Выборге напрямую,Без посредников - завод. 60+ видов декора. Доставка по Ленобласти.,https://marmara-pro.ru?utm_content=commerce&utm_term={PHRASE},http://direct.yandex.ru/images/direct/5245050/6C6d0cQ-RdpqlPYUtMZQkw,пример 2.jpg,1163321614,https://avatars.mds.yandex.net/get-media-adv-screenshooter/20873747/75477b03-780e-4e10-adff-81a72fc688af/orig,Текстово-графический,Автоматический,0.00,0,0,-,-,1,-,0.00,1.00,0.00,100.00,-,-,-,-
Термопанели в Выборге,712773255,23.08.2026,Группа 1 - коммерческая,5773901452,Автотаргетинг,,-,0,-,0,,Не определено,-,-,,,,,Сети,Прочее,Не определено,Смартфоны,Android,Wi-Fi,Мужской,Старше 55,Остальные,Не определено,1915802398259215246,Активные,Комбинаторное,Термопанели с клинкером - собственный завод в Выборге,Без посредников - завод. 60+ видов декора. Доставка по Ленобласти.,https://marmara-pro.ru?utm_content=commerce&utm_term={PHRASE},http://direct.yandex.ru/images/direct/5442016/qtxMfdimB3EKymbW9TWLzQ,термопанель.png,1163322157,https://avatars.mds.yandex.net/get-media-adv-screenshooter/20941197/1d06a155-09ca-4034-b8a4-ad411694a4d7/orig,Текстово-графический,Оригинальный,0.00,0,0,-,-,1,-,0.00,1.00,0.00,100.00,-,-,-,-
Термопанели в Выборге,712773255,23.08.2026,Группа 1 - коммерческая,5773901452,Автотаргетинг,,-,0,-,0,,Не определено,-,-,,,,,Сети,Прочее,Не определено,Смартфоны,Android,Wi-Fi,Женский,35-44 года,Остальные,Не определено,1915802398259215246,Активные,Комбинаторное,Гарантия до 5 лет на термопанели,Свое производство в Выборге. Приезжайте на образцы. Бесплатная доставка по району.,https://marmara-pro.ru?utm_content=commerce&utm_term={PHRASE},http://direct.yandex.ru/images/direct/5442016/qtxMfdimB3EKymbW9TWLzQ,термопанель.png,1163321614,https://avatars.mds.yandex.net/get-media-adv-screenshooter/20873747/75477b03-780e-4e10-adff-81a72fc688af/orig,Карусель,Оригинальный,0.00,0,0,-,-,1,-,0.00,1.00,0.00,100.00,-,-,-,-
Термопанели в Выборге,712773255,23.08.2026,Группа 1 - коммерческая,5773901452,Автотаргетинг,,-,0,-,0,,Не определено,-,-,,,,,Сети,Прочее,Не определено,Смартфоны,Android,Wi-Fi,Женский,Старше 55,Остальные,Не определено,1915802398259215246,Активные,Комбинаторное,Купить термопанели в Выборге напрямую,Свое производство в Выборге. Приезжайте на образцы. Бесплатная доставка по району.,https://marmara-pro.ru?utm_content=commerce&utm_term={PHRASE},http://direct.yandex.ru/images/direct/5250956/5XPY7aqvM1xRQF8e4uTrqg,карусель 4-3_06.jpg,1163321614,https://avatars.mds.yandex.net/get-media-adv-screenshooter/20873747/75477b03-780e-4e10-adff-81a72fc688af/orig,Текстово-графический,Оригинальный,0.00,0,0,-,-,1,-,0.00,1.00,0.00,100.00,-,-,-,-
Термопанели в Выборге,712773255,23.08.2026,Группа 1 - коммерческая,5773901452,Автотаргетинг,,-,0,-,0,как отличить настоящую термопанель от подделки,Сопутствующие запросы,Запросы без упоминания брендов,-,,,,,Поиск,Спецразмещение,Не определено,Смартфоны,Android,Wi-Fi,Мужской,Старше 55,Остальные,Не определено,1915802398259215246,Активные,Комбинаторное,Гарантия до 5 лет на термопанели,Свое производство в Выборге. Приезжайте на образцы. Бесплатная доставка по району.,https://marmara-pro.ru?utm_content=commerce&utm_term={PHRASE},-,-,-,-,Текстово-графический,Автоматический,0.00,1,0,0.00,-,1,0.00,100.00,1.25,79.76,125.37,1.00,1.00,0.00,1.00
Термопанели в Выборге,712773255,23.08.2026,Группа 1 - коммерческая,5773901452,Автотаргетинг,,-,0,-,0,как утеплить производственное помещение,Сопутствующие запросы,Запросы без упоминания брендов,-,,,,,Поиск,Спецразмещение,Не определено,Планшеты,Android,Wi-Fi,Мужской,45-54 года,Остальные,Не определено,1915802398259215246,Активные,Комбинаторное,Гарантия до 5 лет на термопанели,Свое производство в Выборге. Приезжайте на образцы. Бесплатная доставка по району.,https://marmara-pro.ru?utm_content=commerce&utm_term={PHRASE},-,-,-,-,Текстово-графический,Оригинальный,0.00,0,0,-,-,1,-,0.00,0.07,0.00,7.31,3.00,-,-,-
Термопанели в Выборге,712773255,23.08.2026,Группа 1 - коммерческая,5773901452,Автотаргетинг,,-,0,-,0,как утеплить старый дачный дом,Сопутствующие запросы,Запросы без упоминания брендов,-,,,,,Поиск,Спецразмещение,Не определено,Смартфоны,iOS,Wi-Fi,Женский,18-24 года,Остальные,Не определено,1915802398259215246,Активные,Комбинаторное,Гарантия до 5 лет на термопанели,Свое производство в Выборге. Приезжайте на образцы. Бесплатная доставка по району.,https://marmara-pro.ru?utm_content=commerce&utm_term={PHRASE},-,-,-,-,Текстово-графический,Автоматический,0.00,0,0,-,-,1,-,0.00,0.90,0.00,89.51,3.00,-,-,-
Термопанели в Выборге,712773255,23.08.2026,Группа 1 - коммерческая,5773901452,Автотаргетинг,,-,0,-,0,клинкерная плитка это какая для чего,Целевые запросы,Запросы без упоминания брендов,-,,,,,Поиск,Прочее,Не определено,Смартфоны,Android,Wi-Fi,Женский,Старше 55,Остальные,Не определено,1915802398259215246,Активные,Комбинаторное,Термопанели с клинкером - собственный завод в Выборге,Клинкерная плитка+утеплитель в одной панели. Оплата в два этапа. Звоните!,https://marmara-pro.ru?utm_content=commerce&utm_term={PHRASE},-,-,-,-,Текстово-графический,Оригинальный,0.00,0,0,-,-,1,-,0.00,0.45,0.00,44.58,8.00,-,-,-
Термопанели в Выборге,712773255,23.08.2026,Группа 1 - коммерческая,5773901452,Автотаргетинг,,-,0,-,0,купить фасадные панели для наружной отделки дома дешево,Целевые запросы,Запросы без упоминания брендов,-,,,,,Поиск,Товарная галерея,Не определено,Смартфоны,Android,Wi-Fi,Женский,Старше 55,Остальные,Не определено,1915802398259215246,Активные,Комбинаторное,"Термопанели в Выборге - завод на Ленина, 11",Без посредников - завод. 60+ видов декора. Доставка по Ленобласти.,https://marmara-pro.ru?utm_content=commerce&utm_term={PHRASE},http://direct.yandex.ru/images/direct/4298071/skS6Zjow652PazB91P1Ung,плитка 01.jpg,-,-,Текстово-графический,Автоматический,0.00,0,0,-,-,1,-,0.00,0.09,0.00,9.32,14.00,-,-,-
Термопанели в Выборге,712773255,23.08.2026,Группа 1 - коммерческая,5773901452,Автотаргетинг,,-,0,-,0,маттоне панель облицовочная белый кирпич с серыми швами 600х600,Альтернативные запросы,Запросы без упоминания брендов,-,,,,,Поиск,Спецразмещение,Не определено,Десктопы,Не определён,Wi-Fi,Мужской,Старше 55,Остальные,Не определено,1915802398259215246,Активные,Комбинаторное,"Термопанели в Выборге - завод на Ленина, 11",Свое производство в Выборге. Приезжайте на образцы. Бесплатная доставка по району.,https://marmara-pro.ru?utm_content=commerce&utm_term={PHRASE},-,-,-,-,Текстово-графический,Автоматический,0.00,0,0,-,-,1,-,0.00,0.58,0.00,57.69,4.00,-,-,-
Термопанели в Выборге,712773255,23.08.2026,Группа 1 - коммерческая,5773901452,Автотаргетинг,,-,0,-,0,облицовочные панели для фасада дома,Целевые запросы,Запросы без упоминания брендов,-,,,,,Поиск,Прочее,Не определено,Смартфоны,Android,Wi-Fi,Мужской,Старше 55,Остальные,Не определено,1915802398259215246,Активные,Комбинаторное,Гарантия до 5 лет на термопанели,Свое производство в Выборге. Приезжайте на образцы. Бесплатная доставка по району.,https://marmara-pro.ru?utm_content=commerce&utm_term={PHRASE},-,-,-,-,Текстово-графический,Автоматический,0.00,0,0,-,-,1,-,0.00,0.65,0.00,64.58,6.00,-,-,-
Термопанели в Выборге,712773255,23.08.2026,Группа 1 - коммерческая,5773901452,Автотаргетинг,,-,0,-,0,плитка фасадная технониколь hauberk 3х250х1000мм каталонский кирпич в колпино,Альтернативные запросы,Запросы с упоминанием брендов конкурентов,-,,,,,Поиск,Прочее,Не определено,Смартфоны,Android,Wi-Fi,Мужской,45-54 года,Остальные,Не определено,1915802398259215246,Активные,Комбинаторное,"Термопанели в Выборге - завод на Ленина, 11",Клинкерная плитка+утеплитель в одной панели. Оплата в два этапа. Звоните!,https://marmara-pro.ru?utm_content=commerce&utm_term={PHRASE},-,-,-,-,Текстово-графический,Оригинальный,0.00,0,0,-,-,1,-,0.00,0.09,0.00,8.50,5.00,-,-,-
Термопанели в Выборге,712773255,23.08.2026,Группа 1 - коммерческая,5773901452,Автотаргетинг,,-,0,-,0,самый дешевый фасад,Сопутствующие запросы,Запросы без упоминания брендов,-,,,,,Поиск,Прочее,Не определено,Смартфоны,Android,Wi-Fi,Женский,25-34 года,Остальные,Не определено,1915802398259215246,Активные,Комбинаторное,Купить термопанели в Выборге напрямую,Свое производство в Выборге. Приезжайте на образцы. Бесплатная доставка по району.,https://marmara-pro.ru?utm_content=commerce&utm_term={PHRASE},-,-,-,-,Текстово-графический,Автоматический,0.00,0,0,-,-,1,-,0.00,0.42,0.00,41.63,6.00,-,-,-
Термопанели в Выборге,712773255,23.08.2026,Группа 1 - коммерческая,5773901452,Автотаргетинг,,-,0,-,0,строим наш дом выборг каталог,Широкие запросы,Запросы с упоминанием брендов конкурентов,-,,,,,Поиск,Прочее,Не определено,Смартфоны,Android,Wi-Fi,Мужской,45-54 года,Остальные,Не определено,1915802398259215246,Активные,Комбинаторное,Бесплатная доставка по Выборгскому району,Свое производство в Выборге. Приезжайте на образцы. Бесплатная доставка по району.,https://marmara-pro.ru?utm_content=commerce&utm_term={PHRASE},-,-,-,-,Текстово-графический,Оригинальный,0.00,0,0,-,-,1,-,0.00,0.09,0.00,8.50,5.00,-,-,-
Термопанели в Выборге,712773255,23.08.2026,Группа 1 - коммерческая,5773901452,Автотаргетинг,,-,0,-,0,стройтовары в гатчине,Целевые запросы,Запросы без упоминания брендов,-,,,,,Поиск,Прочее,Не определено,Смартфоны,iOS,Wi-Fi,Мужской,Старше 55,Остальные,Не определено,1915802398259215246,Активные,Комбинаторное,"Термопанели в Выборге - завод на Ленина, 11",Свое производство в Выборге. Приезжайте на образцы. Бесплатная доставка по району.,https://marmara-pro.ru?utm_content=commerce&utm_term={PHRASE},-,-,-,-,Текстово-графический,Оригинальный,0.00,0,0,-,-,1,-,0.00,0.45,0.00,44.58,8.00,-,-,-
Термопанели в Выборге,712773255,23.08.2026,Группа 1 - коммерческая,5773901452,Автотаргетинг,,-,0,-,0,технониколь выборг,Альтернативные запросы,Запросы с упоминанием брендов конкурентов,-,,,,,Поиск,Прочее,Не определено,Смартфоны,Android,Wi-Fi,Женский,35-44 года,Остальные,Не определено,1915802398259215246,Активные,Комбинаторное,"Термопанели в Выборге - завод на Ленина, 11",Свое производство в Выборге. Приезжайте на образцы. Бесплатная доставка по району.,https://marmara-pro.ru?utm_content=commerce&utm_term={PHRASE},-,-,-,-,Текстово-графический,Оригинальный,0.00,0,0,-,-,1,-,0.00,0.09,0.00,8.50,5.00,-,-,-
Термопанели в Выборге,712773255,23.08.2026,Группа 1 - коммерческая,5773901452,Автотаргетинг,,-,0,-,0,чем и как обшить морской контейнер,Сопутствующие запросы,Запросы без упоминания брендов,-,,,,,Поиск,Прочее,Не определено,Смартфоны,Android,Wi-Fi,Женский,Старше 55,Остальные,Не определено,1915802398259215246,Активные,Комбинаторное,Гарантия до 5 лет на термопанели,Свое производство в Выборге. Приезжайте на образцы. Бесплатная доставка по району.,https://marmara-pro.ru?utm_content=commerce&utm_term={PHRASE},-,-,-,-,Текстово-графический,Автоматический,0.00,0,0,-,-,1,-,0.00,0.42,0.00,41.63,6.00,-,-,-
Термопанели в Выборге,712773255,23.08.2026,Группа 2 - Гео (ключевая),5773898865,Автотаргетинг,,-,0,-,0,,Не определено,-,-,,,,,Сети,Прочее,Не определено,Десктопы,Не определён,Wi-Fi,Женский,Старше 55,Остальные,Не определено,1915800871397818629,Активные,Комбинаторное,Купить термопанели в Выборге напрямую,Без посредников - завод. 60+ видов декора. Доставка по Ленобласти.,https://marmara-pro.ru?utm_content=zavod&utm_term={PHRASE},http://direct.yandex.ru/images/direct/5245050/6C6d0cQ-RdpqlPYUtMZQkw,пример 2.jpg,1163321614,https://avatars.mds.yandex.net/get-media-adv-screenshooter/20873747/75477b03-780e-4e10-adff-81a72fc688af/orig,Текстово-графический,Оригинальный,0.00,0,0,-,-,1,-,0.00,1.00,0.00,100.00,-,-,-,-
Термопанели в Выборге,712773255,23.08.2026,Группа 2 - Гео (ключевая),5773898865,Автотаргетинг,,-,0,-,0,,Не определено,-,-,,,,,Сети,Прочее,Не определено,Смартфоны,Android,Wi-Fi,Мужской,45-54 года,Остальные,Не определено,1915800871397818629,Активные,Комбинаторное,Купить термопанели в Выборге напрямую,Без посредников - завод. 60+ видов декора. Доставка по Ленобласти.,https://marmara-pro.ru?utm_content=zavod&utm_term={PHRASE},http://direct.yandex.ru/images/direct/5250956/5XPY7aqvM1xRQF8e4uTrqg,карусель 4-3_06.jpg,1163321614,https://avatars.mds.yandex.net/get-media-adv-screenshooter/20873747/75477b03-780e-4e10-adff-81a72fc688af/orig,Текстово-графический,Оригинальный,0.00,0,0,-,-,2,-,0.00,2.00,0.00,100.00,-,-,-,-
Термопанели в Выборге,712773255,23.08.2026,Группа 2 - Гео (ключевая),5773898865,Автотаргетинг,,-,0,-,0,,Не определено,-,-,,,,,Сети,Прочее,Не определено,Смартфоны,Android,Wi-Fi,Мужской,Старше 55,Остальные,Не определено,1915800871397818629,Активные,Комбинаторное,Купить термопанели в Выборге напрямую,Без посредников - завод. 60+ видов декора. Доставка по Ленобласти.,https://marmara-pro.ru?utm_content=zavod&utm_term={PHRASE},http://direct.yandex.ru/images/direct/5250956/5XPY7aqvM1xRQF8e4uTrqg,карусель 4-3_06.jpg,1163321614,https://avatars.mds.yandex.net/get-media-adv-screenshooter/20873747/75477b03-780e-4e10-adff-81a72fc688af/orig,Текстово-графический,Автоматический,0.00,0,0,-,-,2,-,0.00,2.00,0.00,100.00,-,-,-,-
Термопанели в Выборге,712773255,23.08.2026,Группа 2 - Гео (ключевая),5773898865,Автотаргетинг,,-,0,-,0,,Не определено,-,-,,,,,Сети,Прочее,Не определено,Смартфоны,Android,Wi-Fi,Мужской,Старше 55,Остальные,Не определено,1915800871397818629,Активные,Комбинаторное,Купить термопанели в Выборге напрямую,Без посредников - завод. 60+ видов декора. Доставка по Ленобласти.,https://marmara-pro.ru?utm_content=zavod&utm_term={PHRASE},http://direct.yandex.ru/images/direct/5250956/5XPY7aqvM1xRQF8e4uTrqg,карусель 4-3_06.jpg,1163321614,https://avatars.mds.yandex.net/get-media-adv-screenshooter/20873747/75477b03-780e-4e10-adff-81a72fc688af/orig,Текстово-графический,Оригинальный,0.00,1,0,0.00,-,2,0.00,50.00,2.00,50.00,100.00,-,-,0.00,1.00
Термопанели в Выборге,712773255,23.08.2026,Группа 2 - Гео (ключевая),5773898865,Автотаргетинг,,-,0,-,0,,Не определено,-,-,,,,,Сети,Прочее,Не определено,Смартфоны,Android,Wi-Fi,Мужской,Старше 55,Остальные,Не определено,1915800871397818629,Активные,Комбинаторное,Купить термопанели в Выборге напрямую,Без посредников - завод. 60+ видов декора. Доставка по Ленобласти.,https://marmara-pro.ru?utm_content=zavod&utm_term={PHRASE},http://direct.yandex.ru/images/direct/5250956/5XPY7aqvM1xRQF8e4uTrqg,карусель 4-3_06.jpg,1163321614,https://avatars.mds.yandex.net/get-media-adv-screenshooter/20873747/75477b03-780e-4e10-adff-81a72fc688af/orig,Видео,Оригинальный,0.00,1,0,0.00,-,1,0.00,100.00,1.00,100.00,100.00,-,-,0.00,3.00
Термопанели в Выборге,712773255,23.08.2026,Группа 2 - Гео (ключевая),5773898865,Автотаргетинг,,-,0,-,0,,Не определено,-,-,,,,,Сети,Прочее,Не определено,Смартфоны,Android,Wi-Fi,Мужской,Старше 55,Остальные,Не определено,1915800871397818629,Активные,Комбинаторное,Купить термопанели в Выборге напрямую,Без посредников - завод. 60+ видов декора. Доставка по Ленобласти.,https://marmara-pro.ru?utm_content=zavod&utm_term={PHRASE},http://direct.yandex.ru/images/direct/5250956/5XPY7aqvM1xRQF8e4uTrqg,карусель 4-3_06.jpg,1163321614,https://avatars.mds.yandex.net/get-media-adv-screenshooter/20873747/75477b03-780e-4e10-adff-81a72fc688af/orig,Карусель,Оригинальный,0.00,0,0,-,-,1,-,0.00,1.00,0.00,100.00,-,-,-,-
Термопанели в Выборге,712773255,23.08.2026,Группа 2 - Гео (ключевая),5773898865,Автотаргетинг,,-,0,-,0,,Не определено,-,-,,,,,Сети,Прочее,Не определено,Смартфоны,Android,Wi-Fi,Мужской,Старше 55,Остальные,Не определено,1915800871397818629,Активные,Комбинаторное,Купить термопанели в Выборге напрямую,Клинкерная плитка+утеплитель в одной панели. Оплата в два этапа. Звоните!,https://marmara-pro.ru?utm_content=zavod&utm_term={PHRASE},http://direct.yandex.ru/images/direct/4298071/skS6Zjow652PazB91P1Ung,плитка 01.jpg,1163322157,https://avatars.mds.yandex.net/get-media-adv-screenshooter/20941197/1d06a155-09ca-4034-b8a4-ad411694a4d7/orig,Текстово-графический,Оригинальный,0.00,0,0,-,-,12,-,0.00,12.00,0.00,100.00,-,-,-,-
Термопанели в Выборге,712773255,23.08.2026,Группа 2 - Гео (ключевая),5773898865,Автотаргетинг,,-,0,-,0,,Не определено,-,-,,,,,Сети,Прочее,Не определено,Смартфоны,Android,Wi-Fi,Мужской,Старше 55,Остальные,Не определено,1915800871397818629,Активные,Комбинаторное,"Термопанели в Выборге - завод на Ленина, 11",Клинкерная плитка+утеплитель в одной панели. Оплата в два этапа. Звоните!,https://marmara-pro.ru?utm_content=zavod&utm_term={PHRASE},http://direct.yandex.ru/images/direct/5245050/6C6d0cQ-RdpqlPYUtMZQkw,пример 2.jpg,1163321614,https://avatars.mds.yandex.net/get-media-adv-screenshooter/20873747/75477b03-780e-4e10-adff-81a72fc688af/orig,Текстово-графический,Оригинальный,0.00,0,0,-,-,1,-,0.00,1.00,0.00,100.00,-,-,-,-
Термопанели в Выборге,712773255,23.08.2026,Группа 2 - Гео (ключевая),5773898865,Автотаргетинг,,-,0,-,0,,Не определено,-,-,,,,,Сети,Прочее,Не определено,Смартфоны,Android,Wi-Fi,Женский,35-44 года,Остальные,Не определено,1915800871397818629,Активные,Комбинаторное,Купить термопанели в Выборге напрямую,Без посредников - завод. 60+ видов декора. Доставка по Ленобласти.,https://marmara-pro.ru?utm_content=zavod&utm_term={PHRASE},http://direct.yandex.ru/images/direct/5250956/5XPY7aqvM1xRQF8e4uTrqg,карусель 4-3_06.jpg,1163321614,https://avatars.mds.yandex.net/get-media-adv-screenshooter/20873747/75477b03-780e-4e10-adff-81a72fc688af/orig,Карусель,Автоматический,0.00,1,0,0.00,-,1,0.00,100.00,1.00,100.00,100.00,-,-,0.00,4.00
Термопанели в Выборге,712773255,23.08.2026,Группа 2 - Гео (ключевая),5773898865,Автотаргетинг,,-,0,-,0,,Не определено,-,-,,,,,Сети,Прочее,Не определено,Смартфоны,Android,Wi-Fi,Женский,45-54 года,6–10%,Не определено,1915800871397818629,Активные,Комбинаторное,Купить термопанели в Выборге напрямую,Без посредников - завод. 60+ видов декора. Доставка по Ленобласти.,https://marmara-pro.ru?utm_content=zavod&utm_term={PHRASE},http://direct.yandex.ru/images/direct/5250956/5XPY7aqvM1xRQF8e4uTrqg,карусель 4-3_06.jpg,1163321614,https://avatars.mds.yandex.net/get-media-adv-screenshooter/20873747/75477b03-780e-4e10-adff-81a72fc688af/orig,Видео,Оригинальный,0.00,0,0,-,-,1,-,0.00,1.00,0.00,100.00,-,-,-,-
Термопанели в Выборге,712773255,23.08.2026,Группа 2 - Гео (ключевая),5773898865,Автотаргетинг,,-,0,-,0,,Не определено,-,-,,,,,Сети,Прочее,Не определено,Смартфоны,Android,Wi-Fi,Женский,Старше 55,Остальные,Не определено,1915800871397818629,Активные,Комбинаторное,Купить термопанели в Выборге напрямую,Без посредников - завод. 60+ видов декора. Доставка по Ленобласти.,https://marmara-pro.ru?utm_content=zavod&utm_term={PHRASE},http://direct.yandex.ru/images/direct/5250956/5XPY7aqvM1xRQF8e4uTrqg,карусель 4-3_06.jpg,1163321614,https://avatars.mds.yandex.net/get-media-adv-screenshooter/20873747/75477b03-780e-4e10-adff-81a72fc688af/orig,Текстово-графический,Автоматический,0.00,0,0,-,-,2,-,0.00,2.00,0.00,100.00,-,-,-,-
Термопанели в Выборге,712773255,23.08.2026,Группа 2 - Гео (ключевая),5773898865,Автотаргетинг,,-,0,-,0,,Не определено,-,-,,,,,Сети,Прочее,Не определено,Смартфоны,Android,Wi-Fi,Женский,Старше 55,Остальные,Не определено,1915800871397818629,Активные,Комбинаторное,Купить термопанели в Выборге напрямую,Без посредников - завод. 60+ видов декора. Доставка по Ленобласти.,https://marmara-pro.ru?utm_content=zavod&utm_term={PHRASE},http://direct.yandex.ru/images/direct/5250956/5XPY7aqvM1xRQF8e4uTrqg,карусель 4-3_06.jpg,1163321614,https://avatars.mds.yandex.net/get-media-adv-screenshooter/20873747/75477b03-780e-4e10-adff-81a72fc688af/orig,Видео,Автоматический,0.00,0,0,-,-,1,-,0.00,1.00,0.00,100.00,-,-,-,-
Термопанели в Выборге,712773255,23.08.2026,Группа 2 - Гео (ключевая),5773898865,Автотаргетинг,,-,0,-,0,,Не определено,-,-,,,,,Сети,Прочее,Не определено,Смартфоны,Android,Мобильная связь,Женский,Старше 55,Остальные,Не определено,1915800871397818629,Активные,Комбинаторное,Клинкерные термопанели - производство Выборг,Свое производство в Выборге. Приезжайте на образцы. Бесплатная доставка по району.,https://marmara-pro.ru?utm_content=zavod&utm_term={PHRASE},http://direct.yandex.ru/images/direct/5250956/5XPY7aqvM1xRQF8e4uTrqg,карусель 4-3_06.jpg,1163322157,https://avatars.mds.yandex.net/get-media-adv-screenshooter/20941197/1d06a155-09ca-4034-b8a4-ad411694a4d7/orig,Видео,Автоматический,0.00,0,0,-,-,1,-,0.00,1.00,0.00,100.00,-,-,-,-
Термопанели в Выборге,712773255,23.08.2026,Группа 2 - Гео (ключевая),5773898865,Автотаргетинг,,-,0,-,0,,Не определено,-,-,,,,,Сети,Прочее,Не определено,Смартфоны,iOS,Мобильная связь,Женский,25-34 года,6–10%,Не определено,1915800871397818629,Активные,Комбинаторное,Купить термопанели в Выборге напрямую,Без посредников - завод. 60+ видов декора. Доставка по Ленобласти.,https://marmara-pro.ru?utm_content=zavod&utm_term={PHRASE},http://direct.yandex.ru/images/direct/5250956/5XPY7aqvM1xRQF8e4uTrqg,карусель 4-3_06.jpg,1163321614,https://avatars.mds.yandex.net/get-media-adv-screenshooter/20873747/75477b03-780e-4e10-adff-81a72fc688af/orig,Текстово-графический,Оригинальный,0.00,0,0,-,-,1,-,0.00,1.00,0.00,100.00,-,-,-,-
Термопанели в Выборге,712773255,23.08.2026,Группа 2 - Гео (ключевая),5773898865,Автотаргетинг,,-,0,-,0,,Не определено,-,-,,,,,Сети,Прочее,Не определено,Смартфоны,iOS,Мобильная связь,Женский,25-34 года,6–10%,Не определено,1915800871397818629,Активные,Комбинаторное,Купить термопанели в Выборге напрямую,Клинкерная плитка+утеплитель в одной панели. Оплата в два этапа. Звоните!,https://marmara-pro.ru?utm_content=zavod&utm_term={PHRASE},http://direct.yandex.ru/images/direct/4298071/skS6Zjow652PazB91P1Ung,плитка 01.jpg,1163322157,https://avatars.mds.yandex.net/get-media-adv-screenshooter/20941197/1d06a155-09ca-4034-b8a4-ad411694a4d7/orig,Текстово-графический,Оригинальный,0.00,0,0,-,-,1,-,0.00,1.00,0.00,100.00,-,-,-,-
Термопанели в Выборге,712773255,23.08.2026,Группа 2 - Гео (ключевая),5773898865,Автотаргетинг,,-,0,-,0,,Не определено,-,-,,,,,Сети,Прочее,Не определено,Смартфоны,iOS,Мобильная связь,Женский,25-34 года,6–10%,Не определено,1915800871397818629,Активные,Комбинаторное,"Термопанели в Выборге - завод на Ленина, 11",Клинкерная плитка+утеплитель в одной панели. Оплата в два этапа. Звоните!,https://marmara-pro.ru?utm_content=zavod&utm_term={PHRASE},http://direct.yandex.ru/images/direct/5245050/6C6d0cQ-RdpqlPYUtMZQkw,пример 2.jpg,1163321614,https://avatars.mds.yandex.net/get-media-adv-screenshooter/20873747/75477b03-780e-4e10-adff-81a72fc688af/orig,Текстово-графический,Оригинальный,0.00,0,0,-,-,1,-,0.00,1.00,0.00,100.00,-,-,-,-
Термопанели в Выборге,712773255,23.08.2026,Группа 2 - Гео (ключевая),5773898865,Автотаргетинг,,-,0,-,0,hec gfytkm,Альтернативные запросы,Запросы с упоминанием брендов конкурентов,-,,,,,Поиск,Спецразмещение,Не определено,Десктопы,Не определён,Wi-Fi,Мужской,35-44 года,2–5%,Не определено,1915800871397818629,Активные,Комбинаторное,Производитель термопанелей в Ленобласти,Свое производство в Выборге. Приезжайте на образцы. Бесплатная доставка по району.,https://marmara-pro.ru?utm_content=zavod&utm_term={PHRASE},-,-,-,-,Текстово-графический,Автоматический,0.00,0,0,-,-,1,-,0.00,0.11,0.00,10.80,4.00,-,-,-
Термопанели в Выборге,712773255,23.08.2026,Группа 2 - Гео (ключевая),5773898865,Автотаргетинг,,-,0,-,0,как отличить настоящую термопанель от подделки,Сопутствующие запросы,Запросы без упоминания брендов,-,,,,,Поиск,Прочее,Не определено,Смартфоны,Android,Wi-Fi,Мужской,Старше 55,Остальные,Не определено,1915800871397818629,Активные,Комбинаторное,Гарантия до 5 лет на термопанели,Без посредников - завод. 60+ видов декора. Доставка по Ленобласти.,https://marmara-pro.ru?utm_content=zavod&utm_term={PHRASE},-,-,-,-,Текстово-графический,Оригинальный,0.00,0,0,-,-,1,-,0.00,0.09,0.00,8.50,5.00,-,-,-
Термопанели в Выборге,712773255,23.08.2026,Группа 2 - Гео (ключевая),5773898865,Автотаргетинг,,-,0,-,0,какие есть обшивки для дома материалы,Целевые запросы,Запросы без упоминания брендов,-,,,,,Поиск,Товарная галерея,Не определено,Смартфоны,Android,Wi-Fi,Женский,Старше 55,Остальные,Не определено,1915800871397818629,Активные,Комбинаторное,Производитель термопанелей в Ленобласти,Свое производство в Выборге. Приезжайте на образцы. Бесплатная доставка по району.,https://marmara-pro.ru?utm_content=zavod&utm_term={PHRASE},http://direct.yandex.ru/images/direct/5250956/5XPY7aqvM1xRQF8e4uTrqg,карусель 4-3_06.jpg,-,-,Текстово-графический,Оригинальный,0.00,0,0,-,-,1,-,0.00,0.14,0.00,13.50,14.00,-,-,-
Термопанели в Выборге,712773255,23.08.2026,Группа 2 - Гео (ключевая),5773898865,Автотаргетинг,,-,0,-,0,камень для фасада дома,Целевые запросы,Запросы без упоминания брендов,-,,,,,Поиск,Прочее,Не определено,Смартфоны,Android,Wi-Fi,Мужской,45-54 года,6–10%,Не определено,1915800871397818629,Активные,Комбинаторное,Гарантия до 5 лет на термопанели,Свое производство в Выборге. Приезжайте на образцы. Бесплатная доставка по району.,https://marmara-pro.ru?utm_content=zavod&utm_term={PHRASE},-,-,-,-,Текстово-графический,Оригинальный,0.00,0,0,-,-,1,-,0.00,0.45,0.00,44.58,8.00,-,-,-
Термопанели в Выборге,712773255,23.08.2026,Группа 2 - Гео (ключевая),5773898865,Автотаргетинг,,-,0,-,0,кирпич клинкерный облицовочный faber производитель,Альтернативные запросы,Запросы без упоминания брендов,-,,,,,Поиск,Спецразмещение,Не определено,Смартфоны,Android,Wi-Fi,Мужской,35-44 года,Топ 1%,Не определено,1915800871397818629,Активные,Комбинаторное,Клинкерные термопанели - производство Выборг,Свое производство в Выборге. Приезжайте на образцы. Бесплатная доставка по району.,https://marmara-pro.ru?utm_content=zavod&utm_term={PHRASE},-,-,-,-,Текстово-графический,Автоматический,0.00,0,0,-,-,1,-,0.00,0.84,0.00,83.66,2.00,-,-,-
Термопанели в Выборге,712773255,23.08.2026,Группа 2 - Гео (ключевая),5773898865,Автотаргетинг,,-,0,-,0,маттоне панель облицовочная белый кирпич с серыми швами 600х600,Альтернативные запросы,Запросы без упоминания брендов,-,,,,,Поиск,Спецразмещение,Не определено,Десктопы,Не определён,Wi-Fi,Мужской,Старше 55,Остальные,Не определено,1915800871397818629,Активные,Комбинаторное,Клинкерные термопанели - производство Выборг,Свое производство в Выборге. Приезжайте на образцы. Бесплатная доставка по району.,https://marmara-pro.ru?utm_content=zavod&utm_term={PHRASE},-,-,-,-,Текстово-графический,Автоматический,0.00,1,0,0.00,-,1,0.00,100.00,0.58,172.06,58.12,-,-,0.00,2.00
Термопанели в Выборге,712773255,23.08.2026,Группа 2 - Гео (ключевая),5773898865,Автотаргетинг,,-,0,-,0,маттоне панель облицовочная белый кирпич с серыми швами 600х600,Альтернативные запросы,Запросы без упоминания брендов,-,,,,,Поиск,Спецразмещение,Не определено,Десктопы,Не определён,Wi-Fi,Мужской,Старше 55,Остальные,Не определено,1915800871397818629,Активные,Комбинаторное,Купить термопанели в Выборге напрямую,Клинкерная плитка+утеплитель в одной панели. Оплата в два этапа. Звоните!,https://marmara-pro.ru?utm_content=zavod&utm_term={PHRASE},-,-,-,-,Текстово-графический,Автоматический,0.00,0,0,-,-,1,-,0.00,0.74,0.00,74.32,4.00,-,-,-
Термопанели в Выборге,712773255,23.08.2026,Группа 2 - Гео (ключевая),5773898865,Автотаргетинг,,-,0,-,0,самый дешевый фасад,Сопутствующие запросы,Запросы без упоминания брендов,-,,,,,Поиск,Спецразмещение,Не определено,Смартфоны,Android,Wi-Fi,Женский,25-34 года,Остальные,Не определено,1915800871397818629,Активные,Комбинаторное,Купить термопанели в Выборге напрямую,Без посредников - завод. 60+ видов декора. Доставка по Ленобласти.,https://marmara-pro.ru?utm_content=zavod&utm_term={PHRASE},-,-,-,-,Текстово-графический,Автоматический,0.00,1,0,0.00,-,1,0.00,100.00,0.84,118.34,84.50,2.00,2.00,0.00,1.00
Термопанели в Выборге,712773255,23.08.2026,Группа 2 - Гео (ключевая),5773898865,Автотаргетинг,,-,0,-,0,теплеко в выборге,Альтернативные запросы,Запросы с упоминанием брендов конкурентов,-,,,,,Поиск,Динамические места на поиске,Не определено,Смартфоны,Android,Wi-Fi,Женский,Старше 55,Остальные,Не определено,1915800871397818629,Активные,Комбинаторное,Заголовок из контента поискового сниппета или настроек объявления,Текст из контента поискового сниппета или настроек объявления,https://marmara-pro.ru?utm_content=zavod&utm_term={PHRASE},-,-,-,-,Текстово-графический,Оригинальный,0.00,0,0,-,-,1,-,0.00,0.25,0.00,25.13,4.00,-,-,-
Термопанели в Выборге,712773255,23.08.2026,Группа 2 - Гео (ключевая),5773898865,Автотаргетинг,,-,0,-,0,термопанели для наружной отделки деревянного дома,Узкие запросы,Запросы без упоминания брендов,-,,,,,Поиск,Прочее,Не определено,Смартфоны,Android,Wi-Fi,Женский,45-54 года,Остальные,Не определено,1915800871397818629,Активные,Комбинаторное,Производитель термопанелей в Ленобласти,Свое производство в Выборге. Приезжайте на образцы. Бесплатная доставка по району.,https://marmara-pro.ru?utm_content=zavod&utm_term={PHRASE},-,-,-,-,Текстово-графический,Оригинальный,0.00,0,0,-,-,1,-,0.00,0.09,0.00,8.50,5.00,-,-,-
Термопанели в Выборге,712773255,23.08.2026,Группа 2 - Гео (ключевая),5773898865,Автотаргетинг,,-,0,-,0,термопанель,Целевые запросы,Запросы без упоминания брендов,-,,,,,Поиск,Спецразмещение,Не определено,Планшеты,Android,Wi-Fi,Мужской,35-44 года,Остальные,Не определено,1915800871397818629,Активные,Комбинаторное,Производитель термопанелей в Ленобласти,Свое производство в Выборге. Приезжайте на образцы. Бесплатная доставка по району.,https://marmara-pro.ru?utm_content=zavod&utm_term={PHRASE},-,-,-,-,Текстово-графический,Оригинальный,0.00,0,0,-,-,1,-,0.00,0.07,0.00,7.31,3.00,-,-,-
Термопанели в Выборге,712773255,23.08.2026,Группа 2 - Гео (ключевая),5773898865,Автотаргетинг,,-,0,-,0,термопанель европа орегон 3,Альтернативные запросы,Запросы с упоминанием брендов конкурентов,-,,,,,Поиск,Спецразмещение,Не определено,Десктопы,Не определён,Wi-Fi,Женский,Старше 55,Остальные,Не определено,1915800871397818629,Активные,Комбинаторное,Производитель термопанелей в Ленобласти,Свое производство в Выборге. Приезжайте на образцы. Бесплатная доставка по району.,https://marmara-pro.ru?utm_content=zavod&utm_term={PHRASE},-,-,-,-,Текстово-графический,Автоматический,0.00,0,0,-,-,1,-,0.00,0.46,0.00,46.48,4.00,-,-,-
Термопанели в Выборге,712773255,23.08.2026,Группа 2 - Гео (ключевая),5773898865,Автотаргетинг,,-,0,-,0,фабрика термопанелей адрес,Альтернативные запросы,Запросы с упоминанием брендов конкурентов,-,,,,,Поиск,Прочее,Не определено,Смартфоны,iOS,Wi-Fi,Женский,35-44 года,6–10%,Не определено,1915800871397818629,Активные,Комбинаторное,Производитель термопанелей в Ленобласти,Свое производство в Выборге. Приезжайте на образцы. Бесплатная доставка по району.,https://marmara-pro.ru?utm_content=zavod&utm_term={PHRASE},-,-,-,-,Текстово-графический,Оригинальный,0.00,0,0,-,-,1,-,0.00,0.09,0.00,8.50,5.00,-,-,-
Термопанели в Выборге,712773255,23.08.2026,Группа 3 - клинкер (продуктовая),5773902142,Автотаргетинг,,-,0,-,0,,Не определено,-,-,,,,,Сети,Прочее,Не определено,Десктопы,Не определён,Wi-Fi,Мужской,Старше 55,Остальные,Не определено,1915802914729060647,Активные,Комбинаторное,"Термопанели в Выборге - завод на Ленина, 11",Без посредников - завод. 60+ видов декора. Доставка по Ленобласти.,https://marmara-pro.ru?utm_content=product&utm_term={PHRASE},http://direct.yandex.ru/images/direct/5245050/6C6d0cQ-RdpqlPYUtMZQkw,пример 2.jpg,1163321614,https://avatars.mds.yandex.net/get-media-adv-screenshooter/20873747/75477b03-780e-4e10-adff-81a72fc688af/orig,Текстово-графический,Оригинальный,0.00,0,0,-,-,1,-,0.00,1.00,0.00,100.00,-,-,-,-
Термопанели в Выборге,712773255,23.08.2026,Группа 3 - клинкер (продуктовая),5773902142,Автотаргетинг,,-,0,-,0,,Не определено,-,-,,,,,Сети,Прочее,Не определено,Десктопы,Не определён,Wi-Fi,Мужской,Старше 55,Остальные,Не определено,1915802914729060647,Активные,Комбинаторное,"Термопанели в Выборге - завод на Ленина, 11",Без посредников - завод. 60+ видов декора. Доставка по Ленобласти.,https://marmara-pro.ru?utm_content=product&utm_term={PHRASE},http://direct.yandex.ru/images/direct/5250956/5XPY7aqvM1xRQF8e4uTrqg,карусель 4-3_06.jpg,1163321614,https://avatars.mds.yandex.net/get-media-adv-screenshooter/20873747/75477b03-780e-4e10-adff-81a72fc688af/orig,Текстово-графический,Оригинальный,0.00,0,0,-,-,1,-,0.00,1.00,0.00,100.00,-,-,-,-
Термопанели в Выборге,712773255,23.08.2026,Группа 3 - клинкер (продуктовая),5773902142,Автотаргетинг,,-,0,-,0,,Не определено,-,-,,,,,Сети,Прочее,Не определено,Десктопы,Не определён,Wi-Fi,Мужской,Старше 55,Остальные,Не определено,1915802914729060647,Активные,Комбинаторное,"Термопанели в Выборге - завод на Ленина, 11",Без посредников - завод. 60+ видов декора. Доставка по Ленобласти.,https://marmara-pro.ru?utm_content=product&utm_term={PHRASE},http://direct.yandex.ru/images/direct/5250956/5XPY7aqvM1xRQF8e4uTrqg,карусель 4-3_06.jpg,1163322157,https://avatars.mds.yandex.net/get-media-adv-screenshooter/20941197/1d06a155-09ca-4034-b8a4-ad411694a4d7/orig,Текстово-графический,Оригинальный,0.00,0,0,-,-,1,-,0.00,1.00,0.00,100.00,-,-,-,-
Термопанели в Выборге,712773255,23.08.2026,Группа 3 - клинкер (продуктовая),5773902142,Автотаргетинг,,-,0,-,0,,Не определено,-,-,,,,,Сети,Прочее,Не определено,Смартфоны,Другие,Wi-Fi,Мужской,45-54 года,Остальные,Не определено,1915802914729060647,Активные,Комбинаторное,Термопанели с клинкером - собственный завод в Выборге,Без посредников - завод. 60+ видов декора. Доставка по Ленобласти.,https://marmara-pro.ru?utm_content=product&utm_term={PHRASE},http://direct.yandex.ru/images/direct/5442016/qtxMfdimB3EKymbW9TWLzQ,термопанель.png,1163321614,https://avatars.mds.yandex.net/get-media-adv-screenshooter/20873747/75477b03-780e-4e10-adff-81a72fc688af/orig,Текстово-графический,Оригинальный,0.00,0,0,-,-,1,-,0.00,1.00,0.00,100.00,-,-,-,-
Термопанели в Выборге,712773255,23.08.2026,Группа 3 - клинкер (продуктовая),5773902142,Автотаргетинг,,-,0,-,0,,Не определено,-,-,,,,,Сети,Прочее,Не определено,Смартфоны,Android,Wi-Fi,Мужской,25-34 года,Остальные,Не определено,1915802914729060647,Активные,Комбинаторное,"Термопанели в Выборге - завод на Ленина, 11",Без посредников - завод. 60+ видов декора. Доставка по Ленобласти.,https://marmara-pro.ru?utm_content=product&utm_term={PHRASE},http://direct.yandex.ru/images/direct/5250956/5XPY7aqvM1xRQF8e4uTrqg,карусель 4-3_06.jpg,1163322157,https://avatars.mds.yandex.net/get-media-adv-screenshooter/20941197/1d06a155-09ca-4034-b8a4-ad411694a4d7/orig,Текстово-графический,Оригинальный,0.00,0,0,-,-,1,-,0.00,1.00,0.00,100.00,-,-,-,-
Термопанели в Выборге,712773255,23.08.2026,Группа 3 - клинкер (продуктовая),5773902142,Автотаргетинг,,-,0,-,0,,Не определено,-,-,,,,,Сети,Прочее,Не определено,Смартфоны,Android,Wi-Fi,Мужской,35-44 года,Остальные,Не определено,1915802914729060647,Активные,Комбинаторное,Термопанели с клинкером - собственный завод в Выборге,Без посредников - завод. 60+ видов декора. Доставка по Ленобласти.,https://marmara-pro.ru?utm_content=product&utm_term={PHRASE},http://direct.yandex.ru/images/direct/5442016/qtxMfdimB3EKymbW9TWLzQ,термопанель.png,1163321614,https://avatars.mds.yandex.net/get-media-adv-screenshooter/20873747/75477b03-780e-4e10-adff-81a72fc688af/orig,Текстово-графический,Оригинальный,0.00,0,0,-,-,1,-,0.00,1.00,0.00,100.00,-,-,-,-
Термопанели в Выборге,712773255,23.08.2026,Группа 3 - клинкер (продуктовая),5773902142,Автотаргетинг,,-,0,-,0,,Не определено,-,-,,,,,Сети,Прочее,Не определено,Смартфоны,Android,Wi-Fi,Мужской,35-44 года,Остальные,Не определено,1915802914729060647,Активные,Комбинаторное,Термопанели с клинкером - собственный завод в Выборге,Без посредников - завод. 60+ видов декора. Доставка по Ленобласти.,https://marmara-pro.ru?utm_content=product&utm_term={PHRASE},http://direct.yandex.ru/images/direct/5442016/qtxMfdimB3EKymbW9TWLzQ,термопанель.png,1163321614,https://avatars.mds.yandex.net/get-media-adv-screenshooter/20873747/75477b03-780e-4e10-adff-81a72fc688af/orig,Видео,Оригинальный,0.00,0,0,-,-,1,-,0.00,1.00,0.00,100.00,-,-,-,-
Термопанели в Выборге,712773255,23.08.2026,Группа 3 - клинкер (продуктовая),5773902142,Автотаргетинг,,-,0,-,0,,Не определено,-,-,,,,,Сети,Прочее,Не определено,Смартфоны,Android,Wi-Fi,Мужской,45-54 года,Остальные,Не определено,1915802914729060647,Активные,Комбинаторное,Термопанели с клинкером - собственный завод в Выборге,Без посредников - завод. 60+ видов декора. Доставка по Ленобласти.,https://marmara-pro.ru?utm_content=product&utm_term={PHRASE},http://direct.yandex.ru/images/direct/5442016/qtxMfdimB3EKymbW9TWLzQ,термопанель.png,1163321614,https://avatars.mds.yandex.net/get-media-adv-screenshooter/20873747/75477b03-780e-4e10-adff-81a72fc688af/orig,Текстово-графический,Автоматический,0.00,1,0,0.00,-,2,0.00,50.00,2.00,50.00,100.00,-,-,-,-
Термопанели в Выборге,712773255,23.08.2026,Группа 3 - клинкер (продуктовая),5773902142,Автотаргетинг,,-,0,-,0,,Не определено,-,-,,,,,Сети,Прочее,Не определено,Смартфоны,Android,Wi-Fi,Мужской,45-54 года,Остальные,Не определено,1915802914729060647,Активные,Комбинаторное,Термопанели с клинкером - собственный завод в Выборге,Без посредников - завод. 60+ видов декора. Доставка по Ленобласти.,https://marmara-pro.ru?utm_content=product&utm_term={PHRASE},http://direct.yandex.ru/images/direct/5442016/qtxMfdimB3EKymbW9TWLzQ,термопанель.png,1163321614,https://avatars.mds.yandex.net/get-media-adv-screenshooter/20873747/75477b03-780e-4e10-adff-81a72fc688af/orig,Текстово-графический,Оригинальный,0.00,0,0,-,-,3,-,0.00,3.00,0.00,100.00,-,-,-,-
Термопанели в Выборге,712773255,23.08.2026,Группа 3 - клинкер (продуктовая),5773902142,Автотаргетинг,,-,0,-,0,,Не определено,-,-,,,,,Сети,Прочее,Не определено,Смартфоны,Android,Wi-Fi,Мужской,45-54 года,Остальные,Не определено,1915802914729060647,Активные,Комбинаторное,Термопанели с клинкером - собственный завод в Выборге,Без посредников - завод. 60+ видов декора. Доставка по Ленобласти.,https://marmara-pro.ru?utm_content=product&utm_term={PHRASE},http://direct.yandex.ru/images/direct/5442016/qtxMfdimB3EKymbW9TWLzQ,термопанель.png,1163321614,https://avatars.mds.yandex.net/get-media-adv-screenshooter/20873747/75477b03-780e-4e10-adff-81a72fc688af/orig,Карусель,Автоматический,0.00,0,0,-,-,1,-,0.00,1.00,0.00,100.00,-,-,-,-
Термопанели в Выборге,712773255,23.08.2026,Группа 3 - клинкер (продуктовая),5773902142,Автотаргетинг,,-,0,-,0,,Не определено,-,-,,,,,Сети,Прочее,Не определено,Смартфоны,Android,Wi-Fi,Мужской,45-54 года,6–10%,Не определено,1915802914729060647,Активные,Комбинаторное,"Термопанели в Выборге - завод на Ленина, 11",Без посредников - завод. 60+ видов декора. Доставка по Ленобласти.,https://marmara-pro.ru?utm_content=product&utm_term={PHRASE},http://direct.yandex.ru/images/direct/5250956/5XPY7aqvM1xRQF8e4uTrqg,карусель 4-3_06.jpg,1163322157,https://avatars.mds.yandex.net/get-media-adv-screenshooter/20941197/1d06a155-09ca-4034-b8a4-ad411694a4d7/orig,Текстово-графический,Автоматический,0.00,0,0,-,-,1,-,0.00,1.00,0.00,100.00,-,-,-,-
Термопанели в Выборге,712773255,23.08.2026,Группа 3 - клинкер (продуктовая),5773902142,Автотаргетинг,,-,0,-,0,,Не определено,-,-,,,,,Сети,Прочее,Не определено,Смартфоны,Android,Wi-Fi,Мужской,45-54 года,Топ 1%,Не определено,1915802914729060647,Активные,Комбинаторное,"Термопанели в Выборге - завод на Ленина, 11",Без посредников - завод. 60+ видов декора. Доставка по Ленобласти.,https://marmara-pro.ru?utm_content=product&utm_term={PHRASE},http://direct.yandex.ru/images/direct/5250956/5XPY7aqvM1xRQF8e4uTrqg,карусель 4-3_06.jpg,1163322157,https://avatars.mds.yandex.net/get-media-adv-screenshooter/20941197/1d06a155-09ca-4034-b8a4-ad411694a4d7/orig,Текстово-графический,Автоматический,0.00,0,0,-,-,1,-,0.00,1.00,0.00,100.00,-,-,-,-
Термопанели в Выборге,712773255,23.08.2026,Группа 3 - клинкер (продуктовая),5773902142,Автотаргетинг,,-,0,-,0,,Не определено,-,-,,,,,Сети,Прочее,Не определено,Смартфоны,Android,Wi-Fi,Мужской,Старше 55,Остальные,Не определено,1915802914729060647,Активные,Комбинаторное,"Термопанели в Выборге - завод на Ленина, 11",Без посредников - завод. 60+ видов декора. Доставка по Ленобласти.,https://marmara-pro.ru?utm_content=product&utm_term={PHRASE},http://direct.yandex.ru/images/direct/5250956/5XPY7aqvM1xRQF8e4uTrqg,карусель 4-3_06.jpg,1163322157,https://avatars.mds.yandex.net/get-media-adv-screenshooter/20941197/1d06a155-09ca-4034-b8a4-ad411694a4d7/orig,Текстово-графический,Оригинальный,0.00,0,0,-,-,5,-,0.00,5.00,0.00,100.00,-,-,-,-
Термопанели в Выборге,712773255,23.08.2026,Группа 3 - клинкер (продуктовая),5773902142,Автотаргетинг,,-,0,-,0,,Не определено,-,-,,,,,Сети,Прочее,Не определено,Смартфоны,Android,Wi-Fi,Мужской,Старше 55,Остальные,Не определено,1915802914729060647,Активные,Комбинаторное,"Термопанели в Выборге - завод на Ленина, 11",Без посредников - завод. 60+ видов декора. Доставка по Ленобласти.,https://marmara-pro.ru?utm_content=product&utm_term={PHRASE},http://direct.yandex.ru/images/direct/5250956/5XPY7aqvM1xRQF8e4uTrqg,карусель 4-3_06.jpg,1163322157,https://avatars.mds.yandex.net/get-media-adv-screenshooter/20941197/1d06a155-09ca-4034-b8a4-ad411694a4d7/orig,Видео,Оригинальный,0.00,0,0,-,-,1,-,0.00,1.00,0.00,100.00,-,-,-,-
Термопанели в Выборге,712773255,23.08.2026,Группа 3 - клинкер (продуктовая),5773902142,Автотаргетинг,,-,0,-,0,,Не определено,-,-,,,,,Сети,Прочее,Не определено,Смартфоны,Android,Wi-Fi,Мужской,Старше 55,Остальные,Не определено,1915802914729060647,Активные,Комбинаторное,Термопанели с клинкером - собственный завод в Выборге,Без посредников - завод. 60+ видов декора. Доставка по Ленобласти.,https://marmara-pro.ru?utm_content=product&utm_term={PHRASE},http://direct.yandex.ru/images/direct/5442016/qtxMfdimB3EKymbW9TWLzQ,термопанель.png,1163321614,https://avatars.mds.yandex.net/get-media-adv-screenshooter/20873747/75477b03-780e-4e10-adff-81a72fc688af/orig,Текстово-графический,Автоматический,0.00,0,0,-,-,1,-,0.00,1.00,0.00,100.00,-,-,-,-
Термопанели в Выборге,712773255,23.08.2026,Группа 3 - клинкер (продуктовая),5773902142,Автотаргетинг,,-,0,-,0,,Не определено,-,-,,,,,Сети,Прочее,Не определено,Смартфоны,Android,Wi-Fi,Мужской,Старше 55,Остальные,Не определено,1915802914729060647,Активные,Комбинаторное,Термопанели с клинкером - собственный завод в Выборге,Без посредников - завод. 60+ видов декора. Доставка по Ленобласти.,https://marmara-pro.ru?utm_content=product&utm_term={PHRASE},http://direct.yandex.ru/images/direct/5442016/qtxMfdimB3EKymbW9TWLzQ,термопанель.png,1163321614,https://avatars.mds.yandex.net/get-media-adv-screenshooter/20873747/75477b03-780e-4e10-adff-81a72fc688af/orig,Текстово-графический,Оригинальный,0.00,0,0,-,-,2,-,0.00,2.00,0.00,100.00,-,-,-,-
Термопанели в Выборге,712773255,23.08.2026,Группа 3 - клинкер (продуктовая),5773902142,Автотаргетинг,,-,0,-,0,,Не определено,-,-,,,,,Сети,Прочее,Не определено,Смартфоны,Android,Wi-Fi,Мужской,Старше 55,Остальные,Не определено,1915802914729060647,Активные,Комбинаторное,Термопанели с клинкером - собственный завод в Выборге,Без посредников - завод. 60+ видов декора. Доставка по Ленобласти.,https://marmara-pro.ru?utm_content=product&utm_term={PHRASE},http://direct.yandex.ru/images/direct/5442016/qtxMfdimB3EKymbW9TWLzQ,термопанель.png,1163321614,https://avatars.mds.yandex.net/get-media-adv-screenshooter/20873747/75477b03-780e-4e10-adff-81a72fc688af/orig,Видео,Оригинальный,0.00,0,0,-,-,1,-,0.00,1.00,0.00,100.00,-,-,-,-
Термопанели в Выборге,712773255,23.08.2026,Группа 3 - клинкер (продуктовая),5773902142,Автотаргетинг,,-,0,-,0,,Не определено,-,-,,,,,Сети,Прочее,Не определено,Смартфоны,Android,Wi-Fi,Мужской,Старше 55,6–10%,Не определено,1915802914729060647,Активные,Комбинаторное,"Термопанели в Выборге - завод на Ленина, 11",Свое производство в Выборге. Приезжайте на образцы. Бесплатная доставка по району.,https://marmara-pro.ru?utm_content=product&utm_term={PHRASE},http://direct.yandex.ru/images/direct/5245050/6C6d0cQ-RdpqlPYUtMZQkw,пример 2.jpg,1163321614,https://avatars.mds.yandex.net/get-media-adv-screenshooter/20873747/75477b03-780e-4e10-adff-81a72fc688af/orig,Текстово-графический,Оригинальный,0.00,0,0,-,-,1,-,0.00,1.00,0.00,100.00,-,-,-,-
Термопанели в Выборге,712773255,23.08.2026,Группа 3 - клинкер (продуктовая),5773902142,Автотаргетинг,,-,0,-,0,,Не определено,-,-,,,,,Сети,Прочее,Не определено,Смартфоны,Android,Wi-Fi,Женский,25-34 года,2–5%,Не определено,1915802914729060647,Активные,Комбинаторное,Термопанели с клинкером - собственный завод в Выборге,Клинкерная плитка+утеплитель в одной панели. Оплата в два этапа. Звоните!,https://marmara-pro.ru?utm_content=product&utm_term={PHRASE},http://direct.yandex.ru/images/direct/5245050/6C6d0cQ-RdpqlPYUtMZQkw,пример 2.jpg,1163322157,https://avatars.mds.yandex.net/get-media-adv-screenshooter/20941197/1d06a155-09ca-4034-b8a4-ad411694a4d7/orig,Текстово-графический,Оригинальный,0.00,0,0,-,-,1,-,0.00,1.00,0.00,100.00,-,-,-,-
Термопанели в Выборге,712773255,23.08.2026,Группа 3 - клинкер (продуктовая),5773902142,Автотаргетинг,,-,0,-,0,,Не определено,-,-,,,,,Сети,Прочее,Не определено,Смартфоны,Android,Wi-Fi,Женский,35-44 года,Остальные,Не определено,1915802914729060647,Активные,Комбинаторное,"Термопанели в Выборге - завод на Ленина, 11",Без посредников - завод. 60+ видов декора. Доставка по Ленобласти.,https://marmara-pro.ru?utm_content=product&utm_term={PHRASE},http://direct.yandex.ru/images/direct/5250956/5XPY7aqvM1xRQF8e4uTrqg,карусель 4-3_06.jpg,1163322157,https://avatars.mds.yandex.net/get-media-adv-screenshooter/20941197/1d06a155-09ca-4034-b8a4-ad411694a4d7/orig,Текстово-графический,Оригинальный,0.00,0,0,-,-,1,-,0.00,1.00,0.00,100.00,-,-,-,-
Термопанели в Выборге,712773255,23.08.2026,Группа 3 - клинкер (продуктовая),5773902142,Автотаргетинг,,-,0,-,0,,Не определено,-,-,,,,,Сети,Прочее,Не определено,Смартфоны,Android,Wi-Fi,Женский,35-44 года,Остальные,Не определено,1915802914729060647,Активные,Комбинаторное,"Термопанели в Выборге - завод на Ленина, 11",Без посредников - завод. 60+ видов декора. Доставка по Ленобласти.,https://marmara-pro.ru?utm_content=product&utm_term={PHRASE},http://direct.yandex.ru/images/direct/5250956/5XPY7aqvM1xRQF8e4uTrqg,карусель 4-3_06.jpg,1163322157,https://avatars.mds.yandex.net/get-media-adv-screenshooter/20941197/1d06a155-09ca-4034-b8a4-ad411694a4d7/orig,Видео,Оригинальный,0.00,0,0,-,-,1,-,0.00,1.00,0.00,100.00,-,-,-,-
Термопанели в Выборге,712773255,23.08.2026,Группа 3 - клинкер (продуктовая),5773902142,Автотаргетинг,,-,0,-,0,,Не определено,-,-,,,,,Сети,Прочее,Не определено,Смартфоны,Android,Wi-Fi,Женский,35-44 года,Остальные,Не определено,1915802914729060647,Активные,Комбинаторное,"Термопанели в Выборге - завод на Ленина, 11",Свое производство в Выборге. Приезжайте на образцы. Бесплатная доставка по району.,https://marmara-pro.ru?utm_content=product&utm_term={PHRASE},http://direct.yandex.ru/images/direct/6195656/qVbV_RGwHrqBiQiD1NgoCw,бейджик (1).jpg,1163321614,https://avatars.mds.yandex.net/get-media-adv-screenshooter/20873747/75477b03-780e-4e10-adff-81a72fc688af/orig,Текстово-графический,Оригинальный,0.00,0,0,-,-,1,-,0.00,1.00,0.00,100.00,-,-,-,-
Термопанели в Выборге,712773255,23.08.2026,Группа 3 - клинкер (продуктовая),5773902142,Автотаргетинг,,-,0,-,0,,Не определено,-,-,,,,,Сети,Прочее,Не определено,Смартфоны,Android,Wi-Fi,Женский,45-54 года,Остальные,Не определено,1915802914729060647,Активные,Комбинаторное,Термопанели с клинкером - собственный завод в Выборге,Без посредников - завод. 60+ видов декора. Доставка по Ленобласти.,https://marmara-pro.ru?utm_content=product&utm_term={PHRASE},http://direct.yandex.ru/images/direct/5442016/qtxMfdimB3EKymbW9TWLzQ,термопанель.png,1163321614,https://avatars.mds.yandex.net/get-media-adv-screenshooter/20873747/75477b03-780e-4e10-adff-81a72fc688af/orig,Текстово-графический,Автоматический,0.00,0,0,-,-,1,-,0.00,1.00,0.00,100.00,-,-,-,-
Термопанели в Выборге,712773255,23.08.2026,Группа 3 - клинкер (продуктовая),5773902142,Автотаргетинг,,-,0,-,0,,Не определено,-,-,,,,,Сети,Прочее,Не определено,Смартфоны,Android,Wi-Fi,Женский,Старше 55,Остальные,Не определено,1915802914729060647,Активные,Комбинаторное,Купить термопанели в Выборге напрямую,Без посредников - завод. 60+ видов декора. Доставка по Ленобласти.,https://marmara-pro.ru?utm_content=product&utm_term={PHRASE},http://direct.yandex.ru/images/direct/5442016/qtxMfdimB3EKymbW9TWLzQ,термопанель.png,1163321614,https://avatars.mds.yandex.net/get-media-adv-screenshooter/20873747/75477b03-780e-4e10-adff-81a72fc688af/orig,Видео,Оригинальный,0.00,0,0,-,-,1,-,0.00,1.00,0.00,100.00,-,-,-,-
Термопанели в Выборге,712773255,23.08.2026,Группа 3 - клинкер (продуктовая),5773902142,Автотаргетинг,,-,0,-,0,,Не определено,-,-,,,,,Сети,Прочее,Не определено,Смартфоны,Android,Wi-Fi,Женский,Старше 55,Остальные,Не определено,1915802914729060647,Активные,Комбинаторное,"Термопанели в Выборге - завод на Ленина, 11",Без посредников - завод. 60+ видов декора. Доставка по Ленобласти.,https://marmara-pro.ru?utm_content=product&utm_term={PHRASE},http://direct.yandex.ru/images/direct/5250956/5XPY7aqvM1xRQF8e4uTrqg,карусель 4-3_06.jpg,1163322157,https://avatars.mds.yandex.net/get-media-adv-screenshooter/20941197/1d06a155-09ca-4034-b8a4-ad411694a4d7/orig,Текстово-графический,Оригинальный,0.00,0,0,-,-,1,-,0.00,1.00,0.00,100.00,-,-,-,-
Термопанели в Выборге,712773255,23.08.2026,Группа 3 - клинкер (продуктовая),5773902142,Автотаргетинг,,-,0,-,0,,Не определено,-,-,,,,,Сети,Прочее,Не определено,Смартфоны,Android,Wi-Fi,Женский,Старше 55,Остальные,Не определено,1915802914729060647,Активные,Комбинаторное,Термопанели с клинкером - собственный завод в Выборге,Без посредников - завод. 60+ видов декора. Доставка по Ленобласти.,https://marmara-pro.ru?utm_content=product&utm_term={PHRASE},http://direct.yandex.ru/images/direct/5442016/qtxMfdimB3EKymbW9TWLzQ,термопанель.png,1163321614,https://avatars.mds.yandex.net/get-media-adv-screenshooter/20873747/75477b03-780e-4e10-adff-81a72fc688af/orig,Текстово-графический,Автоматический,0.00,1,0,0.00,-,2,0.00,50.00,2.00,50.00,100.00,-,-,0.00,1.00
Термопанели в Выборге,712773255,23.08.2026,Группа 3 - клинкер (продуктовая),5773902142,Автотаргетинг,,-,0,-,0,,Не определено,-,-,,,,,Сети,Прочее,Не определено,Смартфоны,Android,Мобильная связь,Мужской,35-44 года,Остальные,Не определено,1915802914729060647,Активные,Комбинаторное,Термопанели с клинкером - собственный завод в Выборге,Без посредников - завод. 60+ видов декора. Доставка по Ленобласти.,https://marmara-pro.ru?utm_content=product&utm_term={PHRASE},http://direct.yandex.ru/images/direct/5442016/qtxMfdimB3EKymbW9TWLzQ,термопанель.png,1163321614,https://avatars.mds.yandex.net/get-media-adv-screenshooter/20873747/75477b03-780e-4e10-adff-81a72fc688af/orig,Текстово-графический,Оригинальный,0.00,0,0,-,-,1,-,0.00,1.00,0.00,100.00,-,-,-,-
Термопанели в Выборге,712773255,23.08.2026,Группа 3 - клинкер (продуктовая),5773902142,Автотаргетинг,,-,0,-,0,,Не определено,-,-,,,,,Сети,Прочее,Не определено,Смартфоны,iOS,Wi-Fi,Мужской,35-44 года,2–5%,Не определено,1915802914729060647,Активные,Комбинаторное,Термопанели с клинкером - собственный завод в Выборге,Без посредников - завод. 60+ видов декора. Доставка по Ленобласти.,https://marmara-pro.ru?utm_content=product&utm_term={PHRASE},http://direct.yandex.ru/images/direct/5442016/qtxMfdimB3EKymbW9TWLzQ,термопанель.png,1163321614,https://avatars.mds.yandex.net/get-media-adv-screenshooter/20873747/75477b03-780e-4e10-adff-81a72fc688af/orig,Текстово-графический,Автоматический,0.00,0,0,-,-,1,-,0.00,1.00,0.00,100.00,-,-,-,-
Термопанели в Выборге,712773255,23.08.2026,Группа 3 - клинкер (продуктовая),5773902142,Автотаргетинг,,-,0,-,0,,Не определено,-,-,,,,,Сети,Прочее,Не определено,Смартфоны,iOS,Wi-Fi,Мужской,Старше 55,2–5%,Не определено,1915802914729060647,Активные,Комбинаторное,"Термопанели в Выборге - завод на Ленина, 11",Без посредников - завод. 60+ видов декора. Доставка по Ленобласти.,https://marmara-pro.ru?utm_content=product&utm_term={PHRASE},http://direct.yandex.ru/images/direct/5250956/5XPY7aqvM1xRQF8e4uTrqg,карусель 4-3_06.jpg,1163322157,https://avatars.mds.yandex.net/get-media-adv-screenshooter/20941197/1d06a155-09ca-4034-b8a4-ad411694a4d7/orig,Видео,Оригинальный,0.00,0,0,-,-,1,-,0.00,1.00,0.00,100.00,-,-,-,-
Термопанели в Выборге,712773255,23.08.2026,Группа 3 - клинкер (продуктовая),5773902142,Автотаргетинг,,-,0,-,0,,Не определено,-,-,,,,,Сети,Прочее,Не определено,Смартфоны,iOS,Wi-Fi,Женский,25-34 года,6–10%,Не определено,1915802914729060647,Активные,Комбинаторное,Термопанели с клинкером - собственный завод в Выборге,Без посредников - завод. 60+ видов декора. Доставка по Ленобласти.,https://marmara-pro.ru?utm_content=product&utm_term={PHRASE},http://direct.yandex.ru/images/direct/5442016/qtxMfdimB3EKymbW9TWLzQ,термопанель.png,1163321614,https://avatars.mds.yandex.net/get-media-adv-screenshooter/20873747/75477b03-780e-4e10-adff-81a72fc688af/orig,Текстово-графический,Оригинальный,0.00,0,0,-,-,1,-,0.00,1.00,0.00,100.00,-,-,-,-
Термопанели в Выборге,712773255,23.08.2026,Группа 3 - клинкер (продуктовая),5773902142,Автотаргетинг,,-,0,-,0,,Не определено,-,-,,,,,Сети,Прочее,Не определено,Смартфоны,iOS,Wi-Fi,Женский,35-44 года,Остальные,Не определено,1915802914729060647,Активные,Комбинаторное,Термопанели с клинкером - собственный завод в Выборге,Без посредников - завод. 60+ видов декора. Доставка по Ленобласти.,https://marmara-pro.ru?utm_content=product&utm_term={PHRASE},http://direct.yandex.ru/images/direct/5442016/qtxMfdimB3EKymbW9TWLzQ,термопанель.png,1163321614,https://avatars.mds.yandex.net/get-media-adv-screenshooter/20873747/75477b03-780e-4e10-adff-81a72fc688af/orig,Текстово-графический,Автоматический,0.00,0,0,-,-,1,-,0.00,1.00,0.00,100.00,-,-,-,-
Термопанели в Выборге,712773255,23.08.2026,Группа 3 - клинкер (продуктовая),5773902142,Автотаргетинг,,-,0,-,0,,Не определено,-,-,,,,,Сети,Прочее,Не определено,Смартфоны,iOS,Wi-Fi,Женский,Старше 55,Остальные,Не определено,1915802914729060647,Активные,Комбинаторное,Термопанели с клинкером - собственный завод в Выборге,Без посредников - завод. 60+ видов декора. Доставка по Ленобласти.,https://marmara-pro.ru?utm_content=product&utm_term={PHRASE},http://direct.yandex.ru/images/direct/5442016/qtxMfdimB3EKymbW9TWLzQ,термопанель.png,1163321614,https://avatars.mds.yandex.net/get-media-adv-screenshooter/20873747/75477b03-780e-4e10-adff-81a72fc688af/orig,Видео,Оригинальный,0.00,0,0,-,-,1,-,0.00,1.00,0.00,100.00,-,-,-,-
Термопанели в Выборге,712773255,23.08.2026,Группа 3 - клинкер (продуктовая),5773902142,Автотаргетинг,,-,0,-,0,вмс стройматериалы,Широкие запросы,Запросы с упоминанием брендов конкурентов,-,,,,,Поиск,Прочее,Не определено,Смартфоны,Android,Wi-Fi,Мужской,35-44 года,Остальные,Не определено,1915802914729060647,Активные,Комбинаторное,Бесплатная доставка по Выборгскому району,Свое производство в Выборге. Приезжайте на образцы. Бесплатная доставка по району.,https://marmara-pro.ru?utm_content=product&utm_term={PHRASE},-,-,-,-,Текстово-графический,Оригинальный,0.00,0,0,-,-,1,-,0.00,0.09,0.00,8.50,5.00,-,-,-
Термопанели в Выборге,712773255,23.08.2026,Группа 3 - клинкер (продуктовая),5773902142,Автотаргетинг,,-,0,-,0,кирпич декоративный для наружной отделки,Целевые запросы,Запросы без упоминания брендов,-,,,,,Поиск,Прочее,Не определено,Смартфоны,iOS,Wi-Fi,Мужской,35-44 года,2–5%,Не определено,1915802914729060647,Активные,Комбинаторное,"Термопанели в Выборге - завод на Ленина, 11",Без посредников - завод. 60+ видов декора. Доставка по Ленобласти.,https://marmara-pro.ru?utm_content=product&utm_term={PHRASE},-,-,-,-,Текстово-графический,Автоматический,0.00,0,0,-,-,1,-,0.00,0.65,0.00,64.58,6.00,-,-,-
Термопанели в Выборге,712773255,23.08.2026,Группа 3 - клинкер (продуктовая),5773902142,Автотаргетинг,,-,0,-,0,кирпич клинкерный облицовочный faber,Альтернативные запросы,Запросы без упоминания брендов,-,,,,,Поиск,Спецразмещение,Не определено,Смартфоны,Android,Wi-Fi,Мужской,35-44 года,Топ 1%,Не определено,1915802914729060647,Активные,Комбинаторное,Клинкерные термопанели - производство Выборг,Клинкерная плитка+утеплитель в одной панели. Оплата в два этапа. Звоните!,https://marmara-pro.ru?utm_content=product&utm_term={PHRASE},-,-,-,-,Текстово-графический,Автоматический,0.00,0,0,-,-,2,-,0.00,1.80,0.00,89.91,1.50,-,-,-
Термопанели в Выборге,712773255,23.08.2026,Группа 3 - клинкер (продуктовая),5773902142,Автотаргетинг,,-,0,-,0,клинкерная термостойкая плитка,Целевые запросы,Запросы без упоминания брендов,-,,,,,Поиск,Прочее,Не определено,Смартфоны,Android,Wi-Fi,Мужской,45-54 года,6–10%,Не определено,1915802914729060647,Активные,Комбинаторное,Термопанели с клинкером - собственный завод в Выборге,Клинкерная плитка+утеплитель в одной панели. Оплата в два этапа. Звоните!,https://marmara-pro.ru?utm_content=product&utm_term={PHRASE},-,-,-,-,Текстово-графический,Оригинальный,0.00,0,0,-,-,2,-,0.00,1.09,0.00,54.58,7.00,-,-,-
Термопанели в Выборге,712773255,23.08.2026,Группа 3 - клинкер (продуктовая),5773902142,Автотаргетинг,,-,0,-,0,маттоне панель облицовочная белый кирпич с серыми швами 600х600,Альтернативные запросы,Запросы без упоминания брендов,-,,,,,Поиск,Спецразмещение,Не определено,Десктопы,Не определён,Wi-Fi,Мужской,Старше 55,Остальные,Не определено,1915802914729060647,Активные,Комбинаторное,"Термопанели в Выборге - завод на Ленина, 11",Клинкерная плитка+утеплитель в одной панели. Оплата в два этапа. Звоните!,https://marmara-pro.ru?utm_content=product&utm_term={PHRASE},-,-,-,-,Текстово-графический,Автоматический,0.00,0,0,-,-,1,-,0.00,0.74,0.00,74.06,4.00,-,-,-
Термопанели в Выборге,712773255,23.08.2026,Группа 3 - клинкер (продуктовая),5773902142,Автотаргетинг,,-,0,-,0,панели для цоколя под кирпич,Целевые запросы,Запросы без упоминания брендов,-,,,,,Поиск,Прочее,Не определено,Смартфоны,Android,Wi-Fi,Мужской,45-54 года,Остальные,Не определено,1915802914729060647,Активные,Комбинаторное,"Термопанели в Выборге - завод на Ленина, 11",Без посредников - завод. 60+ видов декора. Доставка по Ленобласти.,https://marmara-pro.ru?utm_content=product&utm_term={PHRASE},-,-,-,-,Текстово-графический,Автоматический,0.00,0,0,-,-,1,-,0.00,0.65,0.00,64.58,6.00,-,-,-
Термопанели в Выборге,712773255,23.08.2026,Группа 3 - клинкер (продуктовая),5773902142,Автотаргетинг,,-,0,-,0,панели фасадные,Целевые запросы,Запросы без упоминания брендов,-,,,,,Поиск,Прочее,Не определено,Смартфоны,Android,Wi-Fi,Мужской,45-54 года,Остальные,Не определено,1915802914729060647,Активные,Комбинаторное,"Термопанели в Выборге - завод на Ленина, 11",Без посредников - завод. 60+ видов декора. Доставка по Ленобласти.,https://marmara-pro.ru?utm_content=product&utm_term={PHRASE},-,-,-,-,Текстово-графический,Автоматический,0.00,0,0,-,-,1,-,0.00,0.65,0.00,64.58,6.00,-,-,-
Термопанели в Выборге,712773255,23.08.2026,Группа 3 - клинкер (продуктовая),5773902142,Автотаргетинг,,-,0,-,0,покрытие для дома снаружи,Целевые запросы,Запросы без упоминания брендов,-,,,,,Поиск,Прочее,Не определено,Смартфоны,Android,Wi-Fi,Женский,25-34 года,2–5%,Не определено,1915802914729060647,Активные,Комбинаторное,"Термопанели в Выборге - завод на Ленина, 11",Без посредников - завод. 60+ видов декора. Доставка по Ленобласти.,https://marmara-pro.ru?utm_content=product&utm_term={PHRASE},-,-,-,-,Текстово-графический,Автоматический,0.00,0,0,-,-,1,-,0.00,0.45,0.00,44.58,8.00,-,-,-
Термопанели в Выборге,712773255,23.08.2026,Группа 3 - клинкер (продуктовая),5773902142,Автотаргетинг,,-,0,-,0,самый дешевый фасад,Целевые запросы,Запросы без упоминания брендов,-,,,,,Поиск,Прочее,Не определено,Смартфоны,Android,Wi-Fi,Женский,25-34 года,Остальные,Не определено,1915802914729060647,Активные,Комбинаторное,"Термопанели в Выборге - завод на Ленина, 11",Без посредников - завод. 60+ видов декора. Доставка по Ленобласти.,https://marmara-pro.ru?utm_content=product&utm_term={PHRASE},-,-,-,-,Текстово-графический,Автоматический,0.00,0,0,-,-,1,-,0.00,0.85,0.00,84.88,5.00,-,-,-
Термопанели в Выборге,712773255,23.08.2026,Группа 3 - клинкер (продуктовая),5773902142,Автотаргетинг,,-,0,-,0,самый дешевый фасад,Целевые запросы,Запросы без упоминания брендов,-,,,,,Поиск,Товарная галерея,Не определено,Смартфоны,Android,Wi-Fi,Женский,25-34 года,Остальные,Не определено,1915802914729060647,Активные,Комбинаторное,"Термопанели в Выборге - завод на Ленина, 11",Без посредников - завод. 60+ видов декора. Доставка по Ленобласти.,https://marmara-pro.ru?utm_content=product&utm_term={PHRASE},http://direct.yandex.ru/images/direct/5250956/5XPY7aqvM1xRQF8e4uTrqg,карусель 4-3_06.jpg,-,-,Текстово-графический,Автоматический,0.00,0,0,-,-,1,-,0.00,0.88,0.00,88.34,2.00,-,-,-
Термопанели в Выборге,712773255,23.08.2026,Группа 3 - клинкер (продуктовая),5773902142,Автотаргетинг,,-,0,-,0,термопанели,Целевые запросы,Запросы без упоминания брендов,-,,,,,Поиск,Прочее,Не определено,Смартфоны,Android,Wi-Fi,Мужской,35-44 года,Остальные,Не определено,1915802914729060647,Активные,Комбинаторное,"Термопанели в Выборге - завод на Ленина, 11",Без посредников - завод. 60+ видов декора. Доставка по Ленобласти.,https://marmara-pro.ru?utm_content=product&utm_term={PHRASE},-,-,-,-,Текстово-графический,Автоматический,0.00,0,0,-,-,1,-,0.00,0.45,0.00,44.58,8.00,-,-,-
Термопанели в Выборге,712773255,23.08.2026,Группа 3 - клинкер (продуктовая),5773902142,Автотаргетинг,,-,0,-,0,термопанели для фундамента,Целевые запросы,Запросы без упоминания брендов,-,,,,,Поиск,Прочее,Не определено,Десктопы,Не определён,Wi-Fi,Женский,Старше 55,Остальные,Не определено,1915802914729060647,Активные,Комбинаторное,Производитель термопанелей в Ленобласти,Свое производство в Выборге. Приезжайте на образцы. Бесплатная доставка по району.,https://marmara-pro.ru?utm_content=product&utm_term={PHRASE},-,-,-,-,Текстово-графический,Оригинальный,0.00,0,0,-,-,1,-,0.00,0.55,0.00,54.58,7.00,-,-,-
Термопанели в Выборге,712773255,23.08.2026,Группа 3 - клинкер (продуктовая),5773902142,Автотаргетинг,,-,0,-,0,термопанели от завода изготовителя в выборге на ленина 11,Целевые запросы,Запросы с упоминанием брендов конкурентов,-,,,,,Поиск,Прочее,Не определено,Смартфоны,Android,Wi-Fi,Женский,35-44 года,Остальные,Не определено,1915802914729060647,Активные,Комбинаторное,"Термопанели в Выборге - завод на Ленина, 11",Свое производство в Выборге. Приезжайте на образцы. Бесплатная доставка по району.,https://marmara-pro.ru?utm_content=product&utm_term={PHRASE},-,-,-,-,Текстово-графический,Оригинальный,0.00,0,0,-,-,1,-,0.00,0.85,0.00,84.88,5.00,-,-,-
Термопанели в Выборге,712773255,23.08.2026,Группа 3 - клинкер (продуктовая),5773902142,Автотаргетинг,,-,0,-,0,термопанель фасадная купить в сосновом бору ленинградской,Целевые запросы,Запросы без упоминания брендов,-,,,,,Поиск,Прочее,Не определено,Смартфоны,Android,Wi-Fi,Мужской,45-54 года,Остальные,Не определено,1915802914729060647,Активные,Комбинаторное,"Термопанели в Выборге - завод на Ленина, 11",Без посредников - завод. 60+ видов декора. Доставка по Ленобласти.,https://marmara-pro.ru?utm_content=product&utm_term={PHRASE},-,-,-,-,Текстово-графический,Оригинальный,0.00,0,0,-,-,1,-,0.00,0.85,0.00,84.88,5.00,-,-,-
Термопанели в Выборге,712773255,23.08.2026,Группа 3 - клинкер (продуктовая),5773902142,Автотаргетинг,,-,0,-,0,толщина декоративного камня,Целевые запросы,Запросы без упоминания брендов,-,,,,,Поиск,Прочее,Не определено,Смартфоны,Android,Wi-Fi,Мужской,Старше 55,6–10%,Не определено,1915802914729060647,Активные,Комбинаторное,"Термопанели в Выборге - завод на Ленина, 11",Без посредников - завод. 60+ видов декора. Доставка по Ленобласти.,https://marmara-pro.ru?utm_content=product&utm_term={PHRASE},-,-,-,-,Текстово-графический,Автоматический,0.00,0,0,-,-,1,-,0.00,0.45,0.00,44.58,8.00,-,-,-
Термопанели в Выборге,712773255,23.08.2026,Группа 3 - клинкер (продуктовая),5773902142,Автотаргетинг,,-,0,-,0,фасадные панели для наружной отделки дома,Целевые запросы,Запросы без упоминания брендов,-,,,,,Поиск,Прочее,Не определено,Десктопы,Не определён,Wi-Fi,Мужской,18-24 года,Остальные,Не определено,1915802914729060647,Активные,Комбинаторное,Производитель термопанелей в Ленобласти,Свое производство в Выборге. Приезжайте на образцы. Бесплатная доставка по району.,https://marmara-pro.ru?utm_content=product&utm_term={PHRASE},-,-,-,-,Текстово-графический,Оригинальный,0.00,0,0,-,-,1,-,0.00,0.45,0.00,44.58,8.00,-,-,-
Термопанели в Выборге,712773255,23.08.2026,Группа 3 - клинкер (продуктовая),5773902142,Автотаргетинг,,-,0,-,0,фасадные панели для отмостки,Целевые запросы,Запросы без упоминания брендов,-,,,,,Поиск,Прочее,Не определено,Смартфоны,Android,Wi-Fi,Женский,Старше 55,Остальные,Не определено,1915802914729060647,Активные,Комбинаторное,"Термопанели в Выборге - завод на Ленина, 11",Без посредников - завод. 60+ видов декора. Доставка по Ленобласти.,https://marmara-pro.ru?utm_content=product&utm_term={PHRASE},-,-,-,-,Текстово-графический,Автоматический,0.00,0,0,-,-,1,-,0.00,0.55,0.00,54.58,7.00,-,-,-
Термопанели в Выборге,712773255,23.08.2026,Группа 3 - клинкер (продуктовая),5773902142,Автотаргетинг,,-,0,-,0,флексистон отделка,Альтернативные запросы,Запросы без упоминания брендов,-,,,,,Поиск,Прочее,Не определено,Смартфоны,Android,Wi-Fi,Мужской,45-54 года,6–10%,Не определено,1915802914729060647,Активные,Комбинаторное,"Термопанели в Выборге - завод на Ленина, 11",Без посредников - завод. 60+ видов декора. Доставка по Ленобласти.,https://marmara-pro.ru?utm_content=product&utm_term={PHRASE},-,-,-,-,Текстово-графический,Автоматический,0.00,0,0,-,-,1,-,0.00,0.42,0.00,41.63,6.00,-,-,-
Термопанели в Выборге,712773255,23.08.2026,Группа 3 - клинкер (продуктовая),5773902142,Автотаргетинг,,-,0,-,0,фтп термопанели отзывы,Целевые запросы,Запросы с упоминанием брендов конкурентов,-,,,,,Поиск,Прочее,Не определено,Смартфоны,Android,Wi-Fi,Мужской,Старше 55,Остальные,Не определено,1915802914729060647,Активные,Комбинаторное,"Термопанели в Выборге - завод на Ленина, 11",Без посредников - завод. 60+ видов декора. Доставка по Ленобласти.,https://marmara-pro.ru?utm_content=product&utm_term={PHRASE},-,-,-,-,Текстово-графический,Автоматический,0.00,0,0,-,-,1,-,0.00,0.85,0.00,84.88,5.00,-,-,-
Термопанели в Выборге,712773255,23.08.2026,Группа 3 - клинкер (продуктовая),5773902142,Автотаргетинг,,-,0,-,0,фтп термопанели отзывы,Целевые запросы,Запросы с упоминанием брендов конкурентов,-,,,,,Поиск,Товарная галерея,Не определено,Смартфоны,Android,Wi-Fi,Мужской,Старше 55,Остальные,Не определено,1915802914729060647,Активные,Комбинаторное,"Термопанели в Выборге - завод на Ленина, 11",Без посредников - завод. 60+ видов декора. Доставка по Ленобласти.,https://marmara-pro.ru?utm_content=product&utm_term={PHRASE},http://direct.yandex.ru/images/direct/5250956/5XPY7aqvM1xRQF8e4uTrqg,карусель 4-3_06.jpg,-,-,Текстово-графический,Автоматический,0.00,0,0,-,-,2,-,0.00,3.82,0.00,190.80,1.00,-,-,-
Термопанели в Выборге,712773255,23.08.2026,Термопанели (Лен. область),5773097196,Автотаргетинг,,-,0,-,0,,Не определено,-,-,,,,,Сети,Прочее,Не определено,Десктопы,Не определён,Wi-Fi,Женский,Старше 55,Остальные,Не определено,1915608023072927866,Активные,Комбинаторное,Термопанели с клинкерной плиткой в Выборге!,"Термопанели с клинкером. Собственное производство, своя цена, нет посредников.",https://marmara-pro.ru?utm_content=geo&utm_term={PHRASE},http://direct.yandex.ru/images/direct/6195656/qVbV_RGwHrqBiQiD1NgoCw,бейджик (1).jpg,1163321614,https://avatars.mds.yandex.net/get-media-adv-screenshooter/20873747/75477b03-780e-4e10-adff-81a72fc688af/orig,Текстово-графический,Оригинальный,0.00,0,0,-,-,1,-,0.00,1.00,0.00,100.00,-,-,-,-
Термопанели в Выборге,712773255,23.08.2026,Термопанели (Лен. область),5773097196,Автотаргетинг,,-,0,-,0,,Не определено,-,-,,,,,Сети,Прочее,Не определено,Десктопы,Не определён,Wi-Fi,Женский,Старше 55,Остальные,Не определено,1915608023072927866,Активные,Комбинаторное,Термопанели с клинкерной плиткой. Производство в Выборге,"Термопанели с клинкером. Собственное производство, своя цена, нет посредников.",https://marmara-pro.ru?utm_content=geo&utm_term={PHRASE},http://direct.yandex.ru/images/direct/5250956/5XPY7aqvM1xRQF8e4uTrqg,карусель 4-3_06.jpg,1163322157,https://avatars.mds.yandex.net/get-media-adv-screenshooter/20941197/1d06a155-09ca-4034-b8a4-ad411694a4d7/orig,Текстово-графический,Оригинальный,0.00,0,0,-,-,1,-,0.00,1.00,0.00,100.00,-,-,-,-
Термопанели в Выборге,712773255,23.08.2026,Термопанели (Лен. область),5773097196,Автотаргетинг,,-,0,-,0,,Не определено,-,-,,,,,Сети,Прочее,Не определено,Смартфоны,iOS,Wi-Fi,Женский,45-54 года,6–10%,Не определено,1915608023072927866,Активные,Комбинаторное,Термопанели с клинкерной плиткой. Производство в Выборге,"Термопанели с клинкером. Собственное производство, своя цена, нет посредников.",https://marmara-pro.ru?utm_content=geo&utm_term={PHRASE},http://direct.yandex.ru/images/direct/5250956/5XPY7aqvM1xRQF8e4uTrqg,карусель 4-3_06.jpg,1163322157,https://avatars.mds.yandex.net/get-media-adv-screenshooter/20941197/1d06a155-09ca-4034-b8a4-ad411694a4d7/orig,Видео,Автоматический,0.00,0,0,-,-,1,-,0.00,1.00,0.00,100.00,-,-,-,-
Термопанели в Выборге,712773255,23.08.2026,Термопанели (Лен. область),5773097196,Автотаргетинг,,-,0,-,0,3 слойные панели стеновые цена в спб и ленобласти,Целевые запросы,Запросы без упоминания брендов,-,,,,,Поиск,Товарная галерея,Не определено,Десктопы,Не определён,Wi-Fi,Мужской,45-54 года,Остальные,Не определено,1915608023072927866,Активные,Комбинаторное,Термопанели с клинкерной плиткой в Выборге!,"Термопанели с клинкером. Собственное производство, своя цена, нет посредников.",https://marmara-pro.ru?utm_content=geo&utm_term={PHRASE},http://direct.yandex.ru/images/direct/5245050/6C6d0cQ-RdpqlPYUtMZQkw,пример 2.jpg,-,-,Текстово-графический,Оригинальный,0.00,0,0,-,-,1,-,0.00,0.04,0.00,3.83,32.00,-,-,-
Термопанели в Выборге,712773255,23.08.2026,Термопанели (Лен. область),5773097196,Автотаргетинг,,-,0,-,0,искусственный камень для отделки цоколя частного дома,Целевые запросы,Запросы без упоминания брендов,-,,,,,Поиск,Прочее,Не определено,Смартфоны,iOS,Wi-Fi,Женский,Старше 55,Остальные,Не определено,1915608023072927866,Активные,Комбинаторное,Термопанели с клинкерной плиткой. Производство в Выборге,"Термопанели с клинкером. Собственное производство, своя цена, нет посредников.",https://marmara-pro.ru?utm_content=geo&utm_term={PHRASE},-,-,-,-,Текстово-графический,Автоматический,0.00,0,0,-,-,1,-,0.00,0.65,0.00,64.58,6.00,-,-,-
Термопанели в Выборге,712773255,23.08.2026,Термопанели (Лен. область),5773097196,Автотаргетинг,,-,0,-,0,искусственный камень для отделки цоколя частного дома,Целевые запросы,Запросы без упоминания брендов,-,,,,,Поиск,Товарная галерея,Не определено,Смартфоны,iOS,Wi-Fi,Женский,Старше 55,Остальные,Не определено,1915608023072927866,Активные,Комбинаторное,Термопанели с клинкерной плиткой. Производство в Выборге,"Термопанели с клинкером. Собственное производство, своя цена, нет посредников.",https://marmara-pro.ru?utm_content=geo&utm_term={PHRASE},http://direct.yandex.ru/images/direct/5250956/5XPY7aqvM1xRQF8e4uTrqg,карусель 4-3_06.jpg,-,-,Текстово-графический,Автоматический,0.00,0,0,-,-,2,-,0.00,0.27,0.00,13.57,12.00,-,-,-
Термопанели в Выборге,712773255,23.08.2026,Термопанели (Лен. область),5773097196,Автотаргетинг,,-,0,-,0,клинкер,Целевые запросы,Запросы без упоминания брендов,-,,,,,Поиск,Прочее,Не определено,Смартфоны,Android,Wi-Fi,Мужской,35-44 года,Остальные,Не определено,1915608023072927866,Активные,Комбинаторное,Термопанели с клинкерной плиткой. Производство в Выборге,"Термопанели с клинкером. Собственное производство, своя цена, нет посредников.",https://marmara-pro.ru?utm_content=geo&utm_term={PHRASE},-,-,-,-,Текстово-графический,Автоматический,0.00,0,0,-,-,1,-,0.00,0.55,0.00,54.58,7.00,-,-,-
Термопанели в Выборге,712773255,23.08.2026,Термопанели (Лен. область),5773097196,Автотаргетинг,,-,0,-,0,клинкер,Целевые запросы,Запросы без упоминания брендов,-,,,,,Поиск,Прочее,Не определено,Смартфоны,iOS,Wi-Fi,Мужской,18-24 года,Остальные,Не определено,1915608023072927866,Активные,Комбинаторное,Термопанели с клинкерной плиткой. Производство в Выборге,"Термопанели с клинкером. Собственное производство, своя цена, нет посредников.",https://marmara-pro.ru?utm_content=geo&utm_term={PHRASE},-,-,-,-,Текстово-графический,Автоматический,0.00,0,0,-,-,1,-,0.00,0.45,0.00,44.58,8.00,-,-,-
Термопанели в Выборге,712773255,23.08.2026,Термопанели (Лен. область),5773097196,Автотаргетинг,,-,0,-,0,клинкерная плитка для термопанелей,Целевые запросы,Запросы без упоминания брендов,-,,,,,Поиск,Прочее,Не определено,Смартфоны,Android,Wi-Fi,Мужской,35-44 года,6–10%,Не определено,1915608023072927866,Активные,Комбинаторное,Термопанели с клинкерной плиткой. Производство в Выборге,"Термопанели с клинкером. Собственное производство, своя цена, нет посредников.",https://marmara-pro.ru?utm_content=geo&utm_term={PHRASE},-,-,-,-,Текстово-графический,Автоматический,0.00,0,0,-,-,1,-,0.00,0.55,0.00,54.58,7.00,-,-,-
Термопанели в Выборге,712773255,23.08.2026,Термопанели (Лен. область),5773097196,Автотаргетинг,,-,0,-,0,клинкерная плитка для термопанелей,Целевые запросы,Запросы без упоминания брендов,-,,,,,Поиск,Товарная галерея,Не определено,Смартфоны,Android,Wi-Fi,Мужской,35-44 года,6–10%,Не определено,1915608023072927866,Активные,Комбинаторное,Термопанели с клинкерной плиткой. Производство в Выборге,"Термопанели с клинкером. Собственное производство, своя цена, нет посредников.",https://marmara-pro.ru?utm_content=geo&utm_term={PHRASE},http://direct.yandex.ru/images/direct/5250956/5XPY7aqvM1xRQF8e4uTrqg,карусель 4-3_06.jpg,-,-,Текстово-графический,Автоматический,0.00,0,0,-,-,1,-,0.00,0.31,0.00,30.50,5.00,-,-,-
Термопанели в Выборге,712773255,23.08.2026,Термопанели (Лен. область),5773097196,Автотаргетинг,,-,0,-,0,клинкерная плитка для фасада чтотща материал,Целевые запросы,Запросы без упоминания брендов,-,,,,,Поиск,Прочее,Не определено,Смартфоны,Android,Wi-Fi,Мужской,35-44 года,6–10%,Не определено,1915608023072927866,Активные,Комбинаторное,Термопанели с клинкерной плиткой. Производство в Выборге,"Термопанели с клинкером. Собственное производство, своя цена, нет посредников.",https://marmara-pro.ru?utm_content=geo&utm_term={PHRASE},-,-,-,-,Текстово-графический,Автоматический,0.00,0,0,-,-,1,-,0.00,0.85,0.00,84.88,5.00,-,-,-
Термопанели в Выборге,712773255,23.08.2026,Термопанели (Лен. область),5773097196,Автотаргетинг,,-,0,-,0,клинкерная плитка для фасада чтотща материал,Целевые запросы,Запросы без упоминания брендов,-,,,,,Поиск,Товарная галерея,Не определено,Смартфоны,Android,Wi-Fi,Мужской,35-44 года,6–10%,Не определено,1915608023072927866,Активные,Комбинаторное,Термопанели с клинкерной плиткой. Производство в Выборге,"Термопанели с клинкером. Собственное производство, своя цена, нет посредников.",https://marmara-pro.ru?utm_content=geo&utm_term={PHRASE},http://direct.yandex.ru/images/direct/5250956/5XPY7aqvM1xRQF8e4uTrqg,карусель 4-3_06.jpg,-,-,Текстово-графический,Автоматический,0.00,0,0,-,-,2,-,0.00,0.53,0.00,26.50,6.00,-,-,-
Термопанели в Выборге,712773255,23.08.2026,Термопанели (Лен. область),5773097196,Автотаргетинг,,-,0,-,0,клинкерная плитка идеи раскладки,Целевые запросы,Запросы без упоминания брендов,-,,,,,Поиск,Товарная галерея,Не определено,Смартфоны,Android,Wi-Fi,Мужской,45-54 года,Остальные,Не определено,1915608023072927866,Активные,Комбинаторное,Термопанели с клинкерной плиткой. Производство в Выборге,"Термопанели с клинкером. Собственное производство, своя цена, нет посредников.",https://marmara-pro.ru?utm_content=geo&utm_term={PHRASE},http://direct.yandex.ru/images/direct/5442016/qtxMfdimB3EKymbW9TWLzQ,термопанель.png,-,-,Текстово-графический,Оригинальный,0.00,0,0,-,-,1,-,0.00,0.66,0.00,66.10,2.00,-,-,-
Термопанели в Выборге,712773255,23.08.2026,Термопанели (Лен. область),5773097196,Автотаргетинг,,-,0,-,0,клинкерная плитка на пенопласте для фасада,Целевые запросы,Запросы без упоминания брендов,-,,,,,Поиск,Прочее,Не определено,Смартфоны,iOS,Wi-Fi,Мужской,35-44 года,Остальные,Не определено,1915608023072927866,Активные,Комбинаторное,Термопанели с клинкерной плиткой. Производство в Выборге,"Термопанели с клинкером. Собственное производство, своя цена, нет посредников.",https://marmara-pro.ru?utm_content=geo&utm_term={PHRASE},-,-,-,-,Текстово-графический,Автоматический,0.00,0,0,-,-,1,-,0.00,0.55,0.00,54.58,7.00,-,-,-
Термопанели в Выборге,712773255,23.08.2026,Термопанели (Лен. область),5773097196,Автотаргетинг,,-,0,-,0,клинкерная плитка на пенопласте для фасада,Целевые запросы,Запросы без упоминания брендов,-,,,,,Поиск,Товарная галерея,Не определено,Смартфоны,iOS,Wi-Fi,Мужской,35-44 года,Остальные,Не определено,1915608023072927866,Активные,Комбинаторное,Термопанели с клинкерной плиткой. Производство в Выборге,"Термопанели с клинкером. Собственное производство, своя цена, нет посредников.",https://marmara-pro.ru?utm_content=geo&utm_term={PHRASE},http://direct.yandex.ru/images/direct/5250956/5XPY7aqvM1xRQF8e4uTrqg,карусель 4-3_06.jpg,-,-,Текстово-графический,Автоматический,0.00,0,0,-,-,1,-,0.00,1.24,0.00,124.49,1.00,-,-,-
Термопанели в Выборге,712773255,23.08.2026,Термопанели (Лен. область),5773097196,Автотаргетинг,,-,0,-,0,клинкерная плитка под кирпич панель,Целевые запросы,Запросы без упоминания брендов,-,,,,,Поиск,Прочее,Не определено,Смартфоны,iOS,Wi-Fi,Мужской,25-34 года,2–5%,Не определено,1915608023072927866,Активные,Комбинаторное,Термопанели с клинкерной плиткой. Производство в Выборге,"Термопанели с клинкером. Собственное производство, своя цена, нет посредников.",https://marmara-pro.ru?utm_content=geo&utm_term={PHRASE},-,-,-,-,Текстово-графический,Автоматический,0.00,0,0,-,-,1,-,0.00,0.65,0.00,64.58,6.00,-,-,-
Термопанели в Выборге,712773255,23.08.2026,Термопанели (Лен. область),5773097196,Автотаргетинг,,-,0,-,0,клинкерная плитка под кирпич панель,Целевые запросы,Запросы без упоминания брендов,-,,,,,Поиск,Товарная галерея,Не определено,Смартфоны,iOS,Wi-Fi,Мужской,25-34 года,2–5%,Не определено,1915608023072927866,Активные,Комбинаторное,Термопанели с клинкерной плиткой. Производство в Выборге,"Термопанели с клинкером. Собственное производство, своя цена, нет посредников.",https://marmara-pro.ru?utm_content=geo&utm_term={PHRASE},http://direct.yandex.ru/images/direct/5250956/5XPY7aqvM1xRQF8e4uTrqg,карусель 4-3_06.jpg,-,-,Текстово-графический,Автоматический,0.00,0,0,-,-,1,-,0.00,0.17,0.00,16.68,10.00,-,-,-
Термопанели в Выборге,712773255,23.08.2026,Термопанели (Лен. область),5773097196,Автотаргетинг,,-,0,-,0,клинкерные панели для фасада дома,Целевые запросы,Запросы без упоминания брендов,-,,,,,Поиск,Прочее,Не определено,Смартфоны,Android,Wi-Fi,Женский,45-54 года,Остальные,Не определено,1915608023072927866,Активные,Комбинаторное,Термопанели с клинкерной плиткой. Производство в Выборге,"Термопанели с клинкером. Собственное производство, своя цена, нет посредников.",https://marmara-pro.ru?utm_content=geo&utm_term={PHRASE},-,-,-,-,Текстово-графический,Автоматический,0.00,0,0,-,-,2,-,0.00,0.73,0.00,36.54,5.50,-,-,-
Термопанели в Выборге,712773255,23.08.2026,Термопанели (Лен. область),5773097196,Автотаргетинг,,-,0,-,0,клинкерные панели для фасада дома,Целевые запросы,Запросы без упоминания брендов,-,,,,,Поиск,Товарная галерея,Не определено,Смартфоны,Android,Wi-Fi,Женский,45-54 года,Остальные,Не определено,1915608023072927866,Активные,Комбинаторное,Термопанели с клинкерной плиткой. Производство в Выборге,"Термопанели с клинкером. Собственное производство, своя цена, нет посредников.",https://marmara-pro.ru?utm_content=geo&utm_term={PHRASE},http://direct.yandex.ru/images/direct/5250956/5XPY7aqvM1xRQF8e4uTrqg,карусель 4-3_06.jpg,-,-,Текстово-графический,Автоматический,0.00,0,0,-,-,2,-,0.00,1.41,0.00,70.58,5.50,-,-,-
Термопанели в Выборге,712773255,23.08.2026,Термопанели (Лен. область),5773097196,Автотаргетинг,,-,0,-,0,клинкерные термопанели,Целевые запросы,Запросы без упоминания брендов,-,,,,,Поиск,Прочее,Не определено,Смартфоны,Android,Wi-Fi,Женский,45-54 года,Остальные,Не определено,1915608023072927866,Активные,Комбинаторное,Термопанели с клинкерной плиткой. Производство в Выборге,"Термопанели с клинкером. Собственное производство, своя цена, нет посредников.",https://marmara-pro.ru?utm_content=geo&utm_term={PHRASE},-,-,-,-,Текстово-графический,Автоматический,0.00,0,0,-,-,1,-,0.00,0.55,0.00,54.58,7.00,-,-,-
Термопанели в Выборге,712773255,23.08.2026,Термопанели (Лен. область),5773097196,Автотаргетинг,,-,0,-,0,клинкерные термопанели,Целевые запросы,Запросы без упоминания брендов,-,,,,,Поиск,Товарная галерея,Не определено,Смартфоны,Android,Wi-Fi,Женский,45-54 года,Остальные,Не определено,1915608023072927866,Активные,Комбинаторное,Термопанели с клинкерной плиткой. Производство в Выборге,"Термопанели с клинкером. Собственное производство, своя цена, нет посредников.",https://marmara-pro.ru?utm_content=geo&utm_term={PHRASE},http://direct.yandex.ru/images/direct/5250956/5XPY7aqvM1xRQF8e4uTrqg,карусель 4-3_06.jpg,-,-,Текстово-графический,Автоматический,0.00,0,0,-,-,1,-,0.00,0.99,0.00,98.59,2.00,-,-,-
Термопанели в Выборге,712773255,23.08.2026,Термопанели (Лен. область),5773097196,Автотаргетинг,,-,0,-,0,негорючая термопанель,Целевые запросы,Запросы без упоминания брендов,-,,,,,Поиск,Прочее,Не определено,Смартфоны,Android,Wi-Fi,Мужской,45-54 года,6–10%,Не определено,1915608023072927866,Активные,Комбинаторное,Термопанели с клинкерной плиткой. Производство в Выборге,"Термопанели с клинкером. Собственное производство, своя цена, нет посредников.",https://marmara-pro.ru?utm_content=geo&utm_term={PHRASE},-,-,-,-,Текстово-графический,Автоматический,0.00,0,0,-,-,1,-,0.00,0.65,0.00,64.58,6.00,-,-,-
Термопанели в Выборге,712773255,23.08.2026,Термопанели (Лен. область),5773097196,Автотаргетинг,,-,0,-,0,негорючая термопанель,Целевые запросы,Запросы без упоминания брендов,-,,,,,Поиск,Товарная галерея,Не определено,Смартфоны,Android,Wi-Fi,Мужской,45-54 года,6–10%,Не определено,1915608023072927866,Активные,Комбинаторное,Термопанели с клинкерной плиткой. Производство в Выборге,"Термопанели с клинкером. Собственное производство, своя цена, нет посредников.",https://marmara-pro.ru?utm_content=geo&utm_term={PHRASE},http://direct.yandex.ru/images/direct/5250956/5XPY7aqvM1xRQF8e4uTrqg,карусель 4-3_06.jpg,-,-,Текстово-графический,Автоматический,0.00,0,0,-,-,1,-,0.00,0.99,0.00,98.59,2.00,-,-,-
Термопанели в Выборге,712773255,23.08.2026,Термопанели (Лен. область),5773097196,Автотаргетинг,,-,0,-,0,облицовочные панели для фасада дома,Целевые запросы,Запросы без упоминания брендов,-,,,,,Поиск,Товарная галерея,Не определено,Смартфоны,Android,Wi-Fi,Мужской,45-54 года,Остальные,Не определено,1915608023072927866,Активные,Комбинаторное,Термопанели с клинкерной плиткой. Производство в Выборге,"Термопанели с клинкером. Собственное производство, своя цена, нет посредников.",https://marmara-pro.ru?utm_content=geo&utm_term={PHRASE},http://direct.yandex.ru/images/direct/5250956/5XPY7aqvM1xRQF8e4uTrqg,карусель 4-3_06.jpg,-,-,Текстово-графический,Автоматический,0.00,0,0,-,-,1,-,0.00,0.04,0.00,3.88,31.00,-,-,-
Термопанели в Выборге,712773255,23.08.2026,Термопанели (Лен. область),5773097196,Автотаргетинг,,-,0,-,0,отмостка из защитно декоративных панелей отзывы,Сопутствующие запросы,Запросы без упоминания брендов,-,,,,,Поиск,Прочее,Не определено,Смартфоны,Android,Wi-Fi,Мужской,35-44 года,Остальные,Не определено,1915608023072927866,Активные,Комбинаторное,Термопанели с клинкерной плиткой. Производство в Выборге,"Термопанели с клинкером. Собственное производство, своя цена, нет посредников.",https://marmara-pro.ru?utm_content=geo&utm_term={PHRASE},-,-,-,-,Текстово-графический,Автоматический,0.00,0,0,-,-,1,-,0.00,0.77,0.00,76.79,5.00,-,-,-
Термопанели в Выборге,712773255,23.08.2026,Термопанели (Лен. область),5773097196,Автотаргетинг,,-,0,-,0,панели для утепления дома,Целевые запросы,Запросы без упоминания брендов,-,,,,,Поиск,Прочее,Не определено,Смартфоны,iOS,Мобильная связь,Женский,45-54 года,6–10%,Не определено,1915608023072927866,Активные,Комбинаторное,Термопанели с клинкерной плиткой. Производство в Выборге,"Термопанели с клинкером. Собственное производство, своя цена, нет посредников.",https://marmara-pro.ru?utm_content=geo&utm_term={PHRASE},-,-,-,-,Текстово-графический,Автоматический,0.00,0,0,-,-,2,-,0.00,0.99,0.00,49.58,7.50,-,-,-
Термопанели в Выборге,712773255,23.08.2026,Термопанели (Лен. область),5773097196,Автотаргетинг,,-,0,-,0,панели для цоколя под кирпич,Целевые запросы,Запросы без упоминания брендов,-,,,,,Поиск,Прочее,Не определено,Смартфоны,Android,Wi-Fi,Мужской,45-54 года,Остальные,Не определено,1915608023072927866,Активные,Комбинаторное,Термопанели с клинкерной плиткой. Производство в Выборге,"Термопанели с клинкером. Собственное производство, своя цена, нет посредников.",https://marmara-pro.ru?utm_content=geo&utm_term={PHRASE},-,-,-,-,Текстово-графический,Автоматический,0.00,0,0,-,-,1,-,0.00,0.45,0.00,44.58,8.00,-,-,-
Термопанели в Выборге,712773255,23.08.2026,Термопанели (Лен. область),5773097196,Автотаргетинг,,-,0,-,0,панели из пенополистирола для стен фасада,Целевые запросы,Запросы без упоминания брендов,-,,,,,Поиск,Прочее,Не определено,Смартфоны,Android,Wi-Fi,Мужской,35-44 года,Остальные,Не определено,1915608023072927866,Активные,Комбинаторное,Термопанели с клинкерной плиткой. Производство в Выборге,"Термопанели с клинкером. Собственное производство, своя цена, нет посредников.",https://marmara-pro.ru?utm_content=geo&utm_term={PHRASE},-,-,-,-,Текстово-графический,Автоматический,0.00,0,0,-,-,1,-,0.00,0.45,0.00,44.58,8.00,-,-,-
Термопанели в Выборге,712773255,23.08.2026,Термопанели (Лен. область),5773097196,Автотаргетинг,,-,0,-,0,панели под кирпич с клинкерной плиткой,Целевые запросы,Запросы без упоминания брендов,-,,,,,Поиск,Прочее,Не определено,Смартфоны,iOS,Wi-Fi,Мужской,25-34 года,2–5%,Не определено,1915608023072927866,Активные,Комбинаторное,Термопанели с клинкерной плиткой. Производство в Выборге,"Термопанели с клинкером. Собственное производство, своя цена, нет посредников.",https://marmara-pro.ru?utm_content=geo&utm_term={PHRASE},-,-,-,-,Текстово-графический,Автоматический,0.00,0,0,-,-,1,-,0.00,0.55,0.00,54.58,7.00,-,-,-
Термопанели в Выборге,712773255,23.08.2026,Термопанели (Лен. область),5773097196,Автотаргетинг,,-,0,-,0,панели под кирпич с клинкерной плиткой,Целевые запросы,Запросы без упоминания брендов,-,,,,,Поиск,Товарная галерея,Не определено,Смартфоны,iOS,Wi-Fi,Мужской,25-34 года,2–5%,Не определено,1915608023072927866,Активные,Комбинаторное,Термопанели с клинкерной плиткой. Производство в Выборге,"Термопанели с клинкером. Собственное производство, своя цена, нет посредников.",https://marmara-pro.ru?utm_content=geo&utm_term={PHRASE},http://direct.yandex.ru/images/direct/5250956/5XPY7aqvM1xRQF8e4uTrqg,карусель 4-3_06.jpg,-,-,Текстово-графический,Автоматический,0.00,0,0,-,-,1,-,0.00,0.13,0.00,13.46,15.00,-,-,-
Термопанели в Выборге,712773255,23.08.2026,Термопанели (Лен. область),5773097196,Автотаргетинг,,-,0,-,0,панели стеновые под кирпич с утеплением 40 мм,Целевые запросы,Запросы без упоминания брендов,-,,,,,Поиск,Прочее,Не определено,Смартфоны,Android,Wi-Fi,Не определен,Не определен,Остальные,Не определено,1915608023072927866,Активные,Комбинаторное,Термопанели с клинкерной плиткой. Производство в Выборге,"Термопанели с клинкером. Собственное производство, своя цена, нет посредников.",https://marmara-pro.ru?utm_content=geo&utm_term={PHRASE},-,-,-,-,Текстово-графический,Автоматический,0.00,0,0,-,-,1,-,0.00,0.85,0.00,84.88,5.00,-,-,-
Термопанели в Выборге,712773255,23.08.2026,Термопанели (Лен. область),5773097196,Автотаргетинг,,-,0,-,0,панели стеновые под кирпич с утеплением 40 мм,Целевые запросы,Запросы без упоминания брендов,-,,,,,Поиск,Товарная галерея,Не определено,Смартфоны,Android,Wi-Fi,Не определен,Не определен,Остальные,Не определено,1915608023072927866,Активные,Комбинаторное,Термопанели с клинкерной плиткой. Производство в Выборге,"Термопанели с клинкером. Собственное производство, своя цена, нет посредников.",https://marmara-pro.ru?utm_content=geo&utm_term={PHRASE},http://direct.yandex.ru/images/direct/5250956/5XPY7aqvM1xRQF8e4uTrqg,карусель 4-3_06.jpg,-,-,Текстово-графический,Автоматический,0.00,1,0,0.00,-,1,0.00,100.00,2.57,38.89,257.11,1.00,1.00,0.00,1.00
Термопанели в Выборге,712773255,23.08.2026,Термопанели (Лен. область),5773097196,Автотаргетинг,,-,0,-,0,панель фасадная для наружной отделки дома,Целевые запросы,Запросы без упоминания брендов,-,,,,,Поиск,Прочее,Не определено,Смартфоны,Android,Wi-Fi,Женский,Старше 55,Остальные,Не определено,1915608023072927866,Активные,Комбинаторное,Термопанели с клинкерной плиткой. Производство в Выборге,"Термопанели с клинкером. Собственное производство, своя цена, нет посредников.",https://marmara-pro.ru?utm_content=geo&utm_term={PHRASE},-,-,-,-,Текстово-графический,Оригинальный,0.00,0,0,-,-,1,-,0.00,0.55,0.00,54.58,7.00,-,-,-
Термопанели в Выборге,712773255,23.08.2026,Термопанели (Лен. область),5773097196,Автотаргетинг,,-,0,-,0,пир панели,Альтернативные запросы,Запросы без упоминания брендов,-,,,,,Поиск,Прочее,Не определено,Смартфоны,Android,Wi-Fi,Мужской,45-54 года,6–10%,Не определено,1915608023072927866,Активные,Комбинаторное,Термопанели с клинкером. Свое производство в Выборге,Собственное производство в Выборге. Экономия на отоплении до 30%. Гарантия 5 лет.,https://marmara-pro.ru?utm_content=geo&utm_term={PHRASE},-,-,-,-,Текстово-графический,Оригинальный,0.00,0,0,-,-,1,-,0.00,0.09,0.00,8.50,5.00,-,-,-
Термопанели в Выборге,712773255,23.08.2026,Термопанели (Лен. область),5773097196,Автотаргетинг,,-,0,-,0,свесы клинкер,Сопутствующие запросы,Запросы без упоминания брендов,-,,,,,Поиск,Прочее,Не определено,Смартфоны,iOS,Wi-Fi,Мужской,45-54 года,6–10%,Не определено,1915608023072927866,Активные,Комбинаторное,Термопанели с клинкерной плиткой в Выборге!,"Термопанели с клинкером. Собственное производство, своя цена, нет посредников.",https://marmara-pro.ru?utm_content=geo&utm_term={PHRASE},-,-,-,-,Текстово-графический,Оригинальный,0.00,0,0,-,-,1,-,0.00,0.09,0.00,8.50,5.00,-,-,-
Термопанели в Выборге,712773255,23.08.2026,Термопанели (Лен. область),5773097196,Автотаргетинг,,-,0,-,0,стеновая панель,Целевые запросы,Запросы без упоминания брендов,-,,,,,Поиск,Прочее,Не определено,Смартфоны,Android,Wi-Fi,Мужской,45-54 года,Остальные,Не определено,1915608023072927866,Активные,Комбинаторное,Термопанели с клинкерной плиткой. Производство в Выборге,"Термопанели с клинкером. Собственное производство, своя цена, нет посредников.",https://marmara-pro.ru?utm_content=geo&utm_term={PHRASE},-,-,-,-,Текстово-графический,Оригинальный,0.00,0,0,-,-,1,-,0.00,0.55,0.00,54.58,7.00,-,-,-
Термопанели в Выборге,712773255,23.08.2026,Термопанели (Лен. область),5773097196,Автотаргетинг,,-,0,-,0,стеновые панели,Целевые запросы,Запросы без упоминания брендов,-,,,,,Поиск,Прочее,Не определено,Смартфоны,iOS,Wi-Fi,Мужской,35-44 года,2–5%,Не определено,1915608023072927866,Активные,Комбинаторное,Термопанели с клинкерной плиткой. Производство в Выборге,"Термопанели с клинкером. Собственное производство, своя цена, нет посредников.",https://marmara-pro.ru?utm_content=geo&utm_term={PHRASE},-,-,-,-,Текстово-графический,Автоматический,0.00,0,0,-,-,1,-,0.00,0.85,0.00,84.88,5.00,-,-,-
Термопанели в Выборге,712773255,23.08.2026,Термопанели (Лен. область),5773097196,Автотаргетинг,,-,0,-,0,стеновые панели,Целевые запросы,Запросы без упоминания брендов,-,,,,,Поиск,Прочее,Не определено,Смартфоны,iOS,Wi-Fi,Женский,45-54 года,Топ 1%,Не определено,1915608023072927866,Активные,Комбинаторное,Термопанели с клинкерной плиткой. Производство в Выборге,"Термопанели с клинкером. Собственное производство, своя цена, нет посредников.",https://marmara-pro.ru?utm_content=geo&utm_term={PHRASE},-,-,-,-,Текстово-графический,Автоматический,0.00,0,0,-,-,1,-,0.00,0.55,0.00,54.58,7.00,-,-,-
Термопанели в Выборге,712773255,23.08.2026,Термопанели (Лен. область),5773097196,Автотаргетинг,,-,0,-,0,стеновые панели,Целевые запросы,Запросы без упоминания брендов,-,,,,,Поиск,Товарная галерея,Не определено,Смартфоны,iOS,Wi-Fi,Женский,45-54 года,Топ 1%,Не определено,1915608023072927866,Активные,Комбинаторное,Термопанели с клинкерной плиткой. Производство в Выборге,"Термопанели с клинкером. Собственное производство, своя цена, нет посредников.",https://marmara-pro.ru?utm_content=geo&utm_term={PHRASE},http://direct.yandex.ru/images/direct/5250956/5XPY7aqvM1xRQF8e4uTrqg,карусель 4-3_06.jpg,-,-,Текстово-графический,Автоматический,0.00,0,0,-,-,1,-,0.00,0.21,0.00,21.07,8.00,-,-,-
Термопанели в Выборге,712773255,23.08.2026,Термопанели (Лен. область),5773097196,Автотаргетинг,,-,0,-,0,теплый фасад термопанели цена,Целевые запросы,Запросы с упоминанием брендов конкурентов,-,,,,,Поиск,Прочее,Не определено,Смартфоны,Android,Wi-Fi,Мужской,45-54 года,6–10%,Не определено,1915608023072927866,Активные,Комбинаторное,Термопанели с клинкерной плиткой. Производство в Выборге,"Термопанели с клинкером. Собственное производство, своя цена, нет посредников.",https://marmara-pro.ru?utm_content=geo&utm_term={PHRASE},-,-,-,-,Текстово-графический,Автоматический,0.00,0,0,-,-,2,-,0.00,1.09,0.00,54.58,7.00,-,-,-
Термопанели в Выборге,712773255,23.08.2026,Термопанели (Лен. область),5773097196,Автотаргетинг,,-,0,-,0,термо панели для стен фасада огнеопасны,Целевые запросы,Запросы без упоминания брендов,-,,,,,Поиск,Прочее,Не определено,Смартфоны,Android,Wi-Fi,Мужской,Старше 55,Остальные,Не определено,1915608023072927866,Активные,Комбинаторное,Термопанели с клинкерной плиткой. Производство в Выборге,"Термопанели с клинкером. Собственное производство, своя цена, нет посредников.",https://marmara-pro.ru?utm_content=geo&utm_term={PHRASE},-,-,-,-,Текстово-графический,Автоматический,0.00,0,0,-,-,1,-,0.00,0.55,0.00,54.58,7.00,-,-,-
Термопанели в Выборге,712773255,23.08.2026,Термопанели (Лен. область),5773097196,Автотаргетинг,,-,0,-,0,термопанели,Целевые запросы,Запросы без упоминания брендов,-,,,,,Поиск,Прочее,Не определено,Смартфоны,Android,Wi-Fi,Мужской,35-44 года,Остальные,Не определено,1915608023072927866,Активные,Комбинаторное,Термопанели с клинкерной плиткой. Производство в Выборге,"Термопанели с клинкером. Собственное производство, своя цена, нет посредников.",https://marmara-pro.ru?utm_content=geo&utm_term={PHRASE},-,-,-,-,Текстово-графический,Оригинальный,0.00,0,0,-,-,1,-,0.00,0.45,0.00,44.58,8.00,-,-,-
Термопанели в Выборге,712773255,23.08.2026,Термопанели (Лен. область),5773097196,Автотаргетинг,,-,0,-,0,термопанели,Целевые запросы,Запросы без упоминания брендов,-,,,,,Поиск,Прочее,Не определено,Смартфоны,Android,Wi-Fi,Женский,35-44 года,Остальные,Не определено,1915608023072927866,Активные,Комбинаторное,Термопанели с клинкерной плиткой. Производство в Выборге,"Термопанели с клинкером. Собственное производство, своя цена, нет посредников.",https://marmara-pro.ru?utm_content=geo&utm_term={PHRASE},-,-,-,-,Текстово-графический,Автоматический,0.00,0,0,-,-,1,-,0.00,0.65,0.00,64.58,6.00,-,-,-
Термопанели в Выборге,712773255,23.08.2026,Термопанели (Лен. область),5773097196,Автотаргетинг,,-,0,-,0,термопанели,Целевые запросы,Запросы без упоминания брендов,-,,,,,Поиск,Прочее,Не определено,Смартфоны,iOS,Wi-Fi,Мужской,45-54 года,Остальные,Не определено,1915608023072927866,Активные,Комбинаторное,Термопанели с клинкерной плиткой. Производство в Выборге,"Термопанели с клинкером. Собственное производство, своя цена, нет посредников.",https://marmara-pro.ru?utm_content=geo&utm_term={PHRASE},-,-,-,-,Текстово-графический,Автоматический,0.00,0,0,-,-,1,-,0.00,0.55,0.00,54.58,7.00,-,-,-
Термопанели в Выборге,712773255,23.08.2026,Термопанели (Лен. область),5773097196,Автотаргетинг,,-,0,-,0,термопанели 100мм,Целевые запросы,Запросы без упоминания брендов,-,,,,,Поиск,Прочее,Не определено,Смартфоны,iOS,Wi-Fi,Мужской,25-34 года,2–5%,Не определено,1915608023072927866,Активные,Комбинаторное,Термопанели с клинкерной плиткой. Производство в Выборге,"Термопанели с клинкером. Собственное производство, своя цена, нет посредников.",https://marmara-pro.ru?utm_content=geo&utm_term={PHRASE},-,-,-,-,Текстово-графический,Автоматический,0.00,0,0,-,-,1,-,0.00,0.55,0.00,54.58,7.00,-,-,-
Термопанели в Выборге,712773255,23.08.2026,Термопанели (Лен. область),5773097196,Автотаргетинг,,-,0,-,0,термопанели бакс,Альтернативные запросы,Запросы с упоминанием брендов конкурентов,-,,Термопанели с клинкерной плиткой — КлинкерПрофи,,,Поиск,Спецразмещение,Не определено,Смартфоны,iOS,Wi-Fi,Женский,45-54 года,Остальные,Не определено,1918167638897563177,Активные,Страницы каталога,Термопанели с клинкерной плиткой. Производство в Выборге,"Фасадные термопанели с клинкером. Производство в Выборге, доставка по СПб...",https://marmara-pro.ru/termo?utm_content=catalog&utm_term={PHRASE},-,-,-,-,Текстово-графический,Автоматический,0.00,0,0,-,-,1,-,0.00,0.50,0.00,49.91,2.00,-,-,-
Термопанели в Выборге,712773255,23.08.2026,Термопанели (Лен. область),5773097196,Автотаргетинг,,-,0,-,0,термопанели для каркасного дома наружной отделки,Целевые запросы,Запросы без упоминания брендов,-,,,,,Поиск,Прочее,Не определено,Смартфоны,Android,Wi-Fi,Мужской,35-44 года,Остальные,Не определено,1915608023072927866,Активные,Комбинаторное,Термопанели с клинкерной плиткой. Производство в Выборге,"Термопанели с клинкером. Собственное производство, своя цена, нет посредников.",https://marmara-pro.ru?utm_content=geo&utm_term={PHRASE},-,-,-,-,Текстово-графический,Оригинальный,0.00,0,0,-,-,1,-,0.00,0.45,0.00,44.58,8.00,-,-,-
Термопанели в Выборге,712773255,23.08.2026,Термопанели (Лен. область),5773097196,Автотаргетинг,,-,0,-,0,термопанели для наружной отделки,Целевые запросы,Запросы без упоминания брендов,-,,,,,Поиск,Прочее,Не определено,Смартфоны,Android,Wi-Fi,Мужской,45-54 года,Остальные,Не определено,1915608023072927866,Активные,Комбинаторное,Термопанели с клинкерной плиткой. Производство в Выборге,"Термопанели с клинкером. Собственное производство, своя цена, нет посредников.",https://marmara-pro.ru?utm_content=geo&utm_term={PHRASE},-,-,-,-,Текстово-графический,Автоматический,0.00,0,0,-,-,1,-,0.00,0.65,0.00,64.58,6.00,-,-,-
Термопанели в Выборге,712773255,23.08.2026,Термопанели (Лен. область),5773097196,Автотаргетинг,,-,0,-,0,термопанели для наружной отделки,Целевые запросы,Запросы без упоминания брендов,-,,,,,Поиск,Товарная галерея,Не определено,Смартфоны,Android,Wi-Fi,Мужской,45-54 года,Остальные,Не определено,1915608023072927866,Активные,Комбинаторное,Термопанели с клинкерной плиткой. Производство в Выборге,"Термопанели с клинкером. Собственное производство, своя цена, нет посредников.",https://marmara-pro.ru?utm_content=geo&utm_term={PHRASE},http://direct.yandex.ru/images/direct/5250956/5XPY7aqvM1xRQF8e4uTrqg,карусель 4-3_06.jpg,-,-,Текстово-графический,Автоматический,0.00,0,0,-,-,1,-,0.00,0.53,0.00,52.59,3.00,-,-,-
Термопанели в Выборге,712773255,23.08.2026,Термопанели (Лен. область),5773097196,Автотаргетинг,,-,0,-,0,термопанели для наружной отделки,Целевые запросы,Запросы без упоминания брендов,-,,,,,Поиск,Товарная галерея,Не определено,Смартфоны,Android,Wi-Fi,Мужской,Старше 55,Остальные,Не определено,1915608023072927866,Активные,Комбинаторное,Термопанели с клинкерной плиткой. Производство в Выборге,"Термопанели с клинкером. Собственное производство, своя цена, нет посредников.",https://marmara-pro.ru?utm_content=geo&utm_term={PHRASE},http://direct.yandex.ru/images/direct/5250956/5XPY7aqvM1xRQF8e4uTrqg,карусель 4-3_06.jpg,-,-,Текстово-графический,Автоматический,0.00,0,0,-,-,2,-,0.00,0.27,0.00,13.52,13.50,-,-,-
Термопанели в Выборге,712773255,23.08.2026,Термопанели (Лен. область),5773097196,Автотаргетинг,,-,0,-,0,термопанели для наружной отделки деревянного дома,Целевые запросы,Запросы без упоминания брендов,-,,,,,Поиск,Прочее,Не определено,Смартфоны,iOS,Wi-Fi,Мужской,45-54 года,6–10%,Не определено,1915608023072927866,Активные,Комбинаторное,Термопанели с клинкерной плиткой в Выборге!,"Термопанели с клинкером. Собственное производство, своя цена, нет посредников.",https://marmara-pro.ru?utm_content=geo&utm_term={PHRASE},-,-,-,-,Текстово-графический,Оригинальный,0.00,0,0,-,-,1,-,0.00,0.45,0.00,44.58,8.00,-,-,-
Термопанели в Выборге,712773255,23.08.2026,Термопанели (Лен. область),5773097196,Автотаргетинг,,-,0,-,0,термопанели для наружной отделки дома,Целевые запросы,Запросы без упоминания брендов,-,,,,,Поиск,Прочее,Не определено,Смартфоны,Android,Wi-Fi,Женский,45-54 года,Остальные,Не определено,1915608023072927866,Активные,Комбинаторное,Термопанели с клинкерной плиткой. Производство в Выборге,"Термопанели с клинкером. Собственное производство, своя цена, нет посредников.",https://marmara-pro.ru?utm_content=geo&utm_term={PHRASE},-,-,-,-,Текстово-графический,Автоматический,0.00,0,0,-,-,1,-,0.00,0.85,0.00,84.88,5.00,-,-,-
Термопанели в Выборге,712773255,23.08.2026,Термопанели (Лен. область),5773097196,Автотаргетинг,,-,0,-,0,термопанели для наружной отделки дома,Целевые запросы,Запросы без упоминания брендов,-,,,,,Поиск,Прочее,Не определено,Смартфоны,iOS,Wi-Fi,Женский,45-54 года,6–10%,Не определено,1915608023072927866,Активные,Комбинаторное,Термопанели с клинкерной плиткой. Производство в Выборге,"Термопанели с клинкером. Собственное производство, своя цена, нет посредников.",https://marmara-pro.ru?utm_content=geo&utm_term={PHRASE},-,-,-,-,Текстово-графический,Автоматический,0.00,0,0,-,-,1,-,0.00,0.65,0.00,64.58,6.00,-,-,-
Термопанели в Выборге,712773255,23.08.2026,Термопанели (Лен. область),5773097196,Автотаргетинг,,-,0,-,0,термопанели для наружной отделки дома,Целевые запросы,Запросы без упоминания брендов,-,,,,,Поиск,Товарная галерея,Не определено,Смартфоны,Android,Wi-Fi,Женский,45-54 года,Остальные,Не определено,1915608023072927866,Активные,Комбинаторное,Термопанели с клинкерной плиткой. Производство в Выборге,"Термопанели с клинкером. Собственное производство, своя цена, нет посредников.",https://marmara-pro.ru?utm_content=geo&utm_term={PHRASE},http://direct.yandex.ru/images/direct/5250956/5XPY7aqvM1xRQF8e4uTrqg,карусель 4-3_06.jpg,-,-,Текстово-графический,Автоматический,0.00,0,0,-,-,2,-,0.00,1.77,0.00,88.54,2.00,-,-,-
Термопанели в Выборге,712773255,23.08.2026,Термопанели (Лен. область),5773097196,Автотаргетинг,,-,0,-,0,термопанели для наружной отделки дома под кирпич фасадные,Целевые запросы,Запросы без упоминания брендов,-,,,,,Поиск,Прочее,Не определено,Смартфоны,Android,Wi-Fi,Мужской,Старше 55,Остальные,Не определено,1915608023072927866,Активные,Комбинаторное,Термопанели с клинкерной плиткой. Производство в Выборге,"Термопанели с клинкером. Собственное производство, своя цена, нет посредников.",https://marmara-pro.ru?utm_content=geo&utm_term={PHRASE},-,-,-,-,Текстово-графический,Автоматический,0.00,0,0,-,-,1,-,0.00,0.85,0.00,84.88,5.00,-,-,-
Термопанели в Выборге,712773255,23.08.2026,Термопанели (Лен. область),5773097196,Автотаргетинг,,-,0,-,0,термопанели для наружной отделки дома под кирпич фасадные,Целевые запросы,Запросы без упоминания брендов,-,,,,,Поиск,Товарная галерея,Не определено,Смартфоны,Android,Wi-Fi,Мужской,Старше 55,Остальные,Не определено,1915608023072927866,Активные,Комбинаторное,Термопанели с клинкерной плиткой. Производство в Выборге,"Термопанели с клинкером. Собственное производство, своя цена, нет посредников.",https://marmara-pro.ru?utm_content=geo&utm_term={PHRASE},http://direct.yandex.ru/images/direct/5250956/5XPY7aqvM1xRQF8e4uTrqg,карусель 4-3_06.jpg,-,-,Текстово-графический,Автоматический,0.00,0,0,-,-,2,-,0.00,1.51,0.00,75.59,2.50,-,-,-
Термопанели в Выборге,712773255,23.08.2026,Термопанели (Лен. область),5773097196,Автотаргетинг,,-,0,-,0,термопанели для наружной отделки дома цена,Целевые запросы,Запросы без упоминания брендов,-,,,,,Поиск,Прочее,Не определено,Смартфоны,Android,Wi-Fi,Женский,45-54 года,Остальные,Не определено,1915608023072927866,Активные,Комбинаторное,Термопанели с клинкерной плиткой. Производство в Выборге,"Термопанели с клинкером. Собственное производство, своя цена, нет посредников.",https://marmara-pro.ru?utm_content=geo&utm_term={PHRASE},-,-,-,-,Текстово-графический,Автоматический,0.00,0,0,-,-,1,-,0.00,0.85,0.00,84.88,5.00,-,-,-
Термопанели в Выборге,712773255,23.08.2026,Термопанели (Лен. область),5773097196,Автотаргетинг,,-,0,-,0,термопанели для наружной отделки дома цена,Целевые запросы,Запросы без упоминания брендов,-,,,,,Поиск,Товарная галерея,Не определено,Смартфоны,Android,Wi-Fi,Женский,45-54 года,Остальные,Не определено,1915608023072927866,Активные,Комбинаторное,Термопанели с клинкерной плиткой. Производство в Выборге,"Термопанели с клинкером. Собственное производство, своя цена, нет посредников.",https://marmara-pro.ru?utm_content=geo&utm_term={PHRASE},http://direct.yandex.ru/images/direct/5250956/5XPY7aqvM1xRQF8e4uTrqg,карусель 4-3_06.jpg,-,-,Текстово-графический,Автоматический,0.00,0,0,-,-,1,-,0.00,0.99,0.00,98.59,2.00,-,-,-
Термопанели в Выборге,712773255,23.08.2026,Термопанели (Лен. область),5773097196,Автотаргетинг,,-,0,-,0,термопанели для наружной отделки с клинкерной плиткой,Целевые запросы,Запросы без упоминания брендов,-,,,,,Поиск,Прочее,Не определено,Смартфоны,Android,Wi-Fi,Женский,45-54 года,Остальные,Не определено,1915608023072927866,Активные,Комбинаторное,Термопанели с клинкерной плиткой в Выборге!,"Термопанели с клинкером. Собственное производство, своя цена, нет посредников.",https://marmara-pro.ru?utm_content=geo&utm_term={PHRASE},-,-,-,-,Текстово-графический,Оригинальный,0.00,0,0,-,-,1,-,0.00,0.65,0.00,64.58,6.00,-,-,-
Термопанели в Выборге,712773255,23.08.2026,Термопанели (Лен. область),5773097196,Автотаргетинг,,-,0,-,0,термопанели для наружной отделки с клинкерной плиткой,Целевые запросы,Запросы без упоминания брендов,-,,Термопанели с клинкерной плиткой — КлинкерПрофи,,,Поиск,Прочее,Не определено,Смартфоны,Android,Wi-Fi,Женский,45-54 года,Остальные,Не определено,1918167638897563177,Активные,Страницы каталога,Термопанели с клинкерной плиткой. Производство в Выборге,"Фасадные термопанели с клинкером. Производство в Выборге, доставка по СПб...",https://marmara-pro.ru/termo?utm_content=catalog&utm_term={PHRASE},-,-,-,-,Текстово-графический,Оригинальный,0.00,0,0,-,-,1,-,0.00,0.09,0.00,8.50,5.00,-,-,-
Термопанели в Выборге,712773255,23.08.2026,Термопанели (Лен. область),5773097196,Автотаргетинг,,-,0,-,0,термопанели для обшивки дома,Целевые запросы,Запросы без упоминания брендов,-,,,,,Поиск,Прочее,Не определено,Смартфоны,Android,Wi-Fi,Мужской,Старше 55,Остальные,Не определено,1915608023072927866,Активные,Комбинаторное,Термопанели с клинкерной плиткой в Выборге!,"Термопанели с клинкером. Собственное производство, своя цена, нет посредников.",https://marmara-pro.ru?utm_content=geo&utm_term={PHRASE},-,-,-,-,Текстово-графический,Оригинальный,0.00,0,0,-,-,1,-,0.00,0.85,0.00,84.88,5.00,-,-,-
Термопанели в Выборге,712773255,23.08.2026,Термопанели (Лен. область),5773097196,Автотаргетинг,,-,0,-,0,термопанели для обшивки дома,Целевые запросы,Запросы без упоминания брендов,-,,,,,Поиск,Товарная галерея,Не определено,Смартфоны,Android,Wi-Fi,Мужской,Старше 55,Остальные,Не определено,1915608023072927866,Активные,Комбинаторное,Термопанели с клинкерной плиткой. Производство в Выборге,"Термопанели с клинкером. Собственное производство, своя цена, нет посредников.",https://marmara-pro.ru?utm_content=geo&utm_term={PHRASE},http://direct.yandex.ru/images/direct/5250956/5XPY7aqvM1xRQF8e4uTrqg,карусель 4-3_06.jpg,-,-,Текстово-графический,Оригинальный,0.00,0,0,-,-,2,-,0.00,0.91,0.00,45.64,3.50,-,-,-
Термопанели в Выборге,712773255,23.08.2026,Термопанели (Лен. область),5773097196,Автотаргетинг,,-,0,-,0,термопанели для обшивки домов,Целевые запросы,Запросы без упоминания брендов,-,,,,,Поиск,Товарная галерея,Не определено,Смартфоны,iOS,Wi-Fi,Мужской,45-54 года,2–5%,Не определено,1915608023072927866,Активные,Комбинаторное,Термопанели с клинкерной плиткой. Производство в Выборге,"Термопанели с клинкером. Собственное производство, своя цена, нет посредников.",https://marmara-pro.ru?utm_content=geo&utm_term={PHRASE},http://direct.yandex.ru/images/direct/5250956/5XPY7aqvM1xRQF8e4uTrqg,карусель 4-3_06.jpg,-,-,Текстово-графический,Автоматический,0.00,0,0,-,-,2,-,0.00,0.27,0.00,13.46,15.00,-,-,-
Термопанели в Выборге,712773255,23.08.2026,Термопанели (Лен. область),5773097196,Автотаргетинг,,-,0,-,0,термопанели для фасада дома под кирпич цена,Целевые запросы,Запросы без упоминания брендов,-,,,,,Поиск,Прочее,Не определено,Смартфоны,Android,Wi-Fi,Мужской,Старше 55,Остальные,Не определено,1915608023072927866,Активные,Комбинаторное,Термопанели с клинкерной плиткой. Производство в Выборге,"Термопанели с клинкером. Собственное производство, своя цена, нет посредников.",https://marmara-pro.ru?utm_content=geo&utm_term={PHRASE},-,-,-,-,Текстово-графический,Автоматический,0.00,0,0,-,-,1,-,0.00,0.65,0.00,64.58,6.00,-,-,-
Термопанели в Выборге,712773255,23.08.2026,Термопанели (Лен. область),5773097196,Автотаргетинг,,-,0,-,0,термопанели для цоколя дома,Целевые запросы,Запросы без упоминания брендов,-,,,,,Поиск,Прочее,Не определено,Смартфоны,Android,Wi-Fi,Мужской,45-54 года,Остальные,Не определено,1915608023072927866,Активные,Комбинаторное,Термопанели с клинкерной плиткой. Производство в Выборге,"Термопанели с клинкером. Собственное производство, своя цена, нет посредников.",https://marmara-pro.ru?utm_content=geo&utm_term={PHRASE},-,-,-,-,Текстово-графический,Автоматический,0.00,0,0,-,-,1,-,0.00,0.65,0.00,64.58,6.00,-,-,-
Термопанели в Выборге,712773255,23.08.2026,Термопанели (Лен. область),5773097196,Автотаргетинг,,-,0,-,0,термопанели для цоколя дома,Целевые запросы,Запросы без упоминания брендов,-,,,,,Поиск,Товарная галерея,Не определено,Смартфоны,Android,Wi-Fi,Мужской,45-54 года,Остальные,Не определено,1915608023072927866,Активные,Комбинаторное,Термопанели с клинкерной плиткой. Производство в Выборге,"Термопанели с клинкером. Собственное производство, своя цена, нет посредников.",https://marmara-pro.ru?utm_content=geo&utm_term={PHRASE},http://direct.yandex.ru/images/direct/5250956/5XPY7aqvM1xRQF8e4uTrqg,карусель 4-3_06.jpg,-,-,Текстово-графический,Автоматический,0.00,0,0,-,-,2,-,0.00,0.42,0.00,20.86,10.00,-,-,-
Термопанели в Выборге,712773255,23.08.2026,Термопанели (Лен. область),5773097196,Автотаргетинг,,-,0,-,0,термопанель,Целевые запросы,Запросы без упоминания брендов,-,,,,,Поиск,Прочее,Не определено,Смартфоны,Android,Wi-Fi,Мужской,35-44 года,Остальные,Не определено,1915608023072927866,Активные,Комбинаторное,Термопанели с клинкерной плиткой. Производство в Выборге,"Термопанели с клинкером. Собственное производство, своя цена, нет посредников.",https://marmara-pro.ru?utm_content=geo&utm_term={PHRASE},-,-,-,-,Текстово-графический,Автоматический,0.00,0,0,-,-,1,-,0.00,0.85,0.00,84.88,5.00,-,-,-
Термопанели в Выборге,712773255,23.08.2026,Термопанели (Лен. область),5773097196,Автотаргетинг,,-,0,-,0,термопанель с клинкерной плиткой колорадо 4 40 мм,Альтернативные запросы,Запросы без упоминания брендов,-,,Термопанели с клинкерной плиткой — КлинкерПрофи,,,Поиск,Спецразмещение,Не определено,Десктопы,Не определён,Wi-Fi,Женский,Старше 55,Остальные,Не определено,1918167638897563177,Активные,Страницы каталога,Термопанели с клинкерной плиткой. Производство в Выборге,"Фасадные термопанели с клинкером. Производство в Выборге, доставка по СПб...",https://marmara-pro.ru/termo?utm_content=catalog&utm_term={PHRASE},-,-,-,-,Текстово-графический,Автоматический,0.00,0,0,-,-,1,-,0.00,0.73,0.00,73.45,4.00,-,-,-
Термопанели в Выборге,712773255,23.08.2026,Термопанели (Лен. область),5773097196,Автотаргетинг,,-,0,-,0,термопанель фасадная,Целевые запросы,Запросы без упоминания брендов,-,,,,,Поиск,Прочее,Не определено,Смартфоны,Android,Wi-Fi,Женский,45-54 года,Остальные,Не определено,1915608023072927866,Активные,Комбинаторное,Термопанели с клинкерной плиткой. Производство в Выборге,"Термопанели с клинкером. Собственное производство, своя цена, нет посредников.",https://marmara-pro.ru?utm_content=geo&utm_term={PHRASE},-,-,-,-,Текстово-графический,Автоматический,0.00,0,0,-,-,1,-,0.00,0.45,0.00,44.58,8.00,-,-,-
Термопанели в Выборге,712773255,23.08.2026,Термопанели (Лен. область),5773097196,Автотаргетинг,,-,0,-,0,термопанель фасадная,Целевые запросы,Запросы без упоминания брендов,-,,,,,Поиск,Товарная галерея,Не определено,Смартфоны,Android,Wi-Fi,Женский,45-54 года,Остальные,Не определено,1915608023072927866,Активные,Комбинаторное,Термопанели с клинкерной плиткой. Производство в Выборге,"Термопанели с клинкером. Собственное производство, своя цена, нет посредников.",https://marmara-pro.ru?utm_content=geo&utm_term={PHRASE},http://direct.yandex.ru/images/direct/5250956/5XPY7aqvM1xRQF8e4uTrqg,карусель 4-3_06.jpg,-,-,Текстово-графический,Автоматический,0.00,0,0,-,-,1,-,0.00,0.14,0.00,13.50,14.00,-,-,-
Термопанели в Выборге,712773255,23.08.2026,Термопанели (Лен. область),5773097196,Автотаргетинг,,-,0,-,0,термопанель фасадная,Целевые запросы,Запросы без упоминания брендов,-,,Термопанели с клинкерной плиткой — КлинкерПрофи,,,Поиск,Товарная галерея,Не определено,Смартфоны,Android,Wi-Fi,Женский,45-54 года,Остальные,Не определено,1918167638897563177,Активные,Страницы каталога,Термопанели с клинкерной плиткой. Производство в Выборге,"Фасадные термопанели с клинкером. Производство в Выборге, доставка по СПб...",https://marmara-pro.ru/termo?utm_content=catalog&utm_term={PHRASE},-,-,-,-,Текстово-графический,Оригинальный,0.00,0,0,-,-,1,-,0.00,0.88,0.00,88.34,2.00,-,-,-
Термопанели в Выборге,712773255,23.08.2026,Термопанели (Лен. область),5773097196,Автотаргетинг,,-,0,-,0,утеплитель для стен снаружи фасада деревянного дома,Целевые запросы,Запросы без упоминания брендов,-,,,,,Поиск,Прочее,Не определено,Смартфоны,Android,Wi-Fi,Мужской,45-54 года,6–10%,Не определено,1915608023072927866,Активные,Комбинаторное,Термопанели с клинкерной плиткой. Производство в Выборге,"Термопанели с клинкером. Собственное производство, своя цена, нет посредников.",https://marmara-pro.ru?utm_content=geo&utm_term={PHRASE},-,-,-,-,Текстово-графический,Автоматический,0.00,0,0,-,-,1,-,0.00,0.55,0.00,54.58,7.00,-,-,-
Термопанели в Выборге,712773255,23.08.2026,Термопанели (Лен. область),5773097196,Автотаргетинг,,-,0,-,0,фабрика термопанелей,Целевые запросы,Запросы с упоминанием брендов конкурентов,-,,,,,Поиск,Прочее,Не определено,Смартфоны,Android,Wi-Fi,Мужской,Старше 55,2–5%,Не определено,1915608023072927866,Активные,Комбинаторное,Термопанели с клинкерной плиткой. Производство в Выборге,"Термопанели с клинкером. Собственное производство, своя цена, нет посредников.",https://marmara-pro.ru?utm_content=geo&utm_term={PHRASE},-,-,-,-,Текстово-графический,Автоматический,0.00,0,0,-,-,1,-,0.00,0.45,0.00,44.58,8.00,-,-,-
Термопанели в Выборге,712773255,23.08.2026,Термопанели (Лен. область),5773097196,Автотаргетинг,,-,0,-,0,фабрика термопанелей,Целевые запросы,Запросы с упоминанием брендов конкурентов,-,,,,,Поиск,Товарная галерея,Не определено,Смартфоны,Android,Wi-Fi,Мужской,Старше 55,2–5%,Не определено,1915608023072927866,Активные,Комбинаторное,Термопанели с клинкерной плиткой. Производство в Выборге,"Термопанели с клинкером. Собственное производство, своя цена, нет посредников.",https://marmara-pro.ru?utm_content=geo&utm_term={PHRASE},http://direct.yandex.ru/images/direct/5250956/5XPY7aqvM1xRQF8e4uTrqg,карусель 4-3_06.jpg,-,-,Текстово-графический,Автоматический,0.00,0,0,-,-,1,-,0.00,0.25,0.00,25.29,9.00,-,-,-
Термопанели в Выборге,712773255,23.08.2026,Термопанели (Лен. область),5773097196,Автотаргетинг,,-,0,-,0,фасад для деревянного дома,Целевые запросы,Запросы без упоминания брендов,-,,,,,Поиск,Прочее,Не определено,Смартфоны,Android,Wi-Fi,Мужской,45-54 года,Остальные,Не определено,1915608023072927866,Активные,Комбинаторное,Термопанели с клинкерной плиткой. Производство в Выборге,"Термопанели с клинкером. Собственное производство, своя цена, нет посредников.",https://marmara-pro.ru?utm_content=geo&utm_term={PHRASE},-,-,-,-,Текстово-графический,Автоматический,0.00,0,0,-,-,1,-,0.00,0.45,0.00,44.58,8.00,-,-,-
Термопанели в Выборге,712773255,23.08.2026,Термопанели (Лен. область),5773097196,Автотаргетинг,,-,0,-,0,фасад кровля полоцк,Целевые запросы,Запросы с упоминанием брендов конкурентов,-,,,,,Поиск,Прочее,Не определено,Смартфоны,Android,Wi-Fi,Женский,35-44 года,Остальные,Не определено,1915608023072927866,Активные,Комбинаторное,Термопанели с клинкерной плиткой. Производство в Выборге,"Термопанели с клинкером. Собственное производство, своя цена, нет посредников.",https://marmara-pro.ru?utm_content=geo&utm_term={PHRASE},-,-,-,-,Текстово-графический,Оригинальный,0.00,0,0,-,-,2,-,0.00,1.19,0.00,59.58,6.50,-,-,-
Термопанели в Выборге,712773255,23.08.2026,Термопанели (Лен. область),5773097196,Автотаргетинг,,-,0,-,0,фасадная термопанель vsb 01,Альтернативные запросы,Запросы без упоминания брендов,-,,Термопанели с клинкерной плиткой — КлинкерПрофи,,,Поиск,Спецразмещение,Не определено,Смартфоны,Android,Wi-Fi,Мужской,45-54 года,6–10%,Не определено,1918167638897563177,Активные,Страницы каталога,Термопанели с клинкерной плиткой. Производство в Выборге,"Фасадные термопанели с клинкером. Производство в Выборге, доставка по СПб...",https://marmara-pro.ru/termo?utm_content=catalog&utm_term={PHRASE},-,-,-,-,Текстово-графический,Автоматический,0.00,1,0,0.00,-,1,0.00,100.00,0.74,135.02,74.06,2.00,2.00,100.00,1.00
Термопанели в Выборге,712773255,23.08.2026,Термопанели (Лен. область),5773097196,Автотаргетинг,,-,0,-,0,фасадная термопанель не под кирпич,Целевые запросы,Запросы без упоминания брендов,-,,,,,Поиск,Прочее,Не определено,Смартфоны,Android,Wi-Fi,Мужской,45-54 года,6–10%,Не определено,1915608023072927866,Активные,Комбинаторное,Термопанели с клинкерной плиткой. Производство в Выборге,"Термопанели с клинкером. Собственное производство, своя цена, нет посредников.",https://marmara-pro.ru?utm_content=geo&utm_term={PHRASE},-,-,-,-,Текстово-графический,Оригинальный,0.00,0,0,-,-,1,-,0.00,0.85,0.00,84.88,5.00,-,-,-
Термопанели в Выборге,712773255,23.08.2026,Термопанели (Лен. область),5773097196,Автотаргетинг,,-,0,-,0,фасадные панели,Целевые запросы,Запросы без упоминания брендов,-,,,,,Поиск,Прочее,Не определено,Смартфоны,iOS,Wi-Fi,Женский,45-54 года,2–5%,Не определено,1915608023072927866,Активные,Комбинаторное,Термопанели с клинкерной плиткой. Производство в Выборге,"Термопанели с клинкером. Собственное производство, своя цена, нет посредников.",https://marmara-pro.ru?utm_content=geo&utm_term={PHRASE},-,-,-,-,Текстово-графический,Автоматический,0.00,0,0,-,-,1,-,0.00,0.55,0.00,54.58,7.00,-,-,-
Термопанели в Выборге,712773255,23.08.2026,Термопанели (Лен. область),5773097196,Автотаргетинг,,-,0,-,0,фасадные панели для наружной отделки дома,Целевые запросы,Запросы без упоминания брендов,-,,,,,Поиск,Прочее,Не определено,Смартфоны,Android,Wi-Fi,Мужской,Старше 55,Остальные,Не определено,1915608023072927866,Активные,Комбинаторное,Термопанели с клинкерной плиткой. Производство в Выборге,"Термопанели с клинкером. Собственное производство, своя цена, нет посредников.",https://marmara-pro.ru?utm_content=geo&utm_term={PHRASE},-,-,-,-,Текстово-графический,Автоматический,0.00,0,0,-,-,1,-,0.00,0.65,0.00,64.58,6.00,-,-,-
Термопанели в Выборге,712773255,23.08.2026,Термопанели (Лен. область),5773097196,Автотаргетинг,,-,0,-,0,фасадные панели для наружной отделки дома,Целевые запросы,Запросы без упоминания брендов,-,,,,,Поиск,Прочее,Не определено,Смартфоны,Android,Wi-Fi,Мужской,Старше 55,6–10%,Не определено,1915608023072927866,Активные,Комбинаторное,Термопанели с клинкерной плиткой. Производство в Выборге,"Термопанели с клинкером. Собственное производство, своя цена, нет посредников.",https://marmara-pro.ru?utm_content=geo&utm_term={PHRASE},-,-,-,-,Текстово-графический,Автоматический,0.00,0,0,-,-,1,-,0.00,0.55,0.00,54.58,7.00,-,-,-
Термопанели в Выборге,712773255,23.08.2026,Термопанели (Лен. область),5773097196,Автотаргетинг,,-,0,-,0,фасадные панели для наружной отделки дома,Целевые запросы,Запросы без упоминания брендов,-,,,,,Поиск,Товарная галерея,Не определено,Смартфоны,Android,Wi-Fi,Мужской,Старше 55,6–10%,Не определено,1915608023072927866,Активные,Комбинаторное,Термопанели с клинкерной плиткой. Производство в Выборге,"Термопанели с клинкером. Собственное производство, своя цена, нет посредников.",https://marmara-pro.ru?utm_content=geo&utm_term={PHRASE},http://direct.yandex.ru/images/direct/5250956/5XPY7aqvM1xRQF8e4uTrqg,карусель 4-3_06.jpg,-,-,Текстово-графический,Автоматический,0.00,0,0,-,-,1,-,0.00,0.13,0.00,13.46,15.00,-,-,-
Термопанели в Выборге,712773255,23.08.2026,Термопанели (Лен. область),5773097196,Автотаргетинг,,-,0,-,0,фасадные панели для наружной отделки дома размер и цена,Целевые запросы,Запросы без упоминания брендов,-,,,,,Поиск,Прочее,Не определено,Смартфоны,Android,Wi-Fi,Мужской,Старше 55,Остальные,Не определено,1915608023072927866,Активные,Комбинаторное,Термопанели с клинкерной плиткой. Производство в Выборге,"Термопанели с клинкером. Собственное производство, своя цена, нет посредников.",https://marmara-pro.ru?utm_content=geo&utm_term={PHRASE},-,-,-,-,Текстово-графический,Автоматический,0.00,0,0,-,-,1,-,0.00,0.45,0.00,44.58,8.00,-,-,-
Термопанели в Выборге,712773255,23.08.2026,Термопанели (Лен. область),5773097196,Автотаргетинг,,-,0,-,0,фасадные покрытия,Целевые запросы,Запросы без упоминания брендов,-,,,,,Поиск,Прочее,Не определено,Смартфоны,Android,Wi-Fi,Женский,Старше 55,Остальные,Не определено,1915608023072927866,Активные,Комбинаторное,Термопанели с клинкерной плиткой. Производство в Выборге,"Термопанели с клинкером. Собственное производство, своя цена, нет посредников.",https://marmara-pro.ru?utm_content=geo&utm_term={PHRASE},-,-,-,-,Текстово-графический,Автоматический,0.00,0,0,-,-,1,-,0.00,0.45,0.00,44.58,8.00,-,-,-
Термопанели в Выборге,712773255,23.08.2026,Термопанели (Лен. область),5773097196,Автотаргетинг,,-,0,-,0,фасадные покрытия,Целевые запросы,Запросы без упоминания брендов,-,,,,,Поиск,Товарная галерея,Не определено,Смартфоны,Android,Wi-Fi,Женский,Старше 55,Остальные,Не определено,1915608023072927866,Активные,Комбинаторное,Термопанели с клинкерной плиткой. Производство в Выборге,"Термопанели с клинкером. Собственное производство, своя цена, нет посредников.",https://marmara-pro.ru?utm_content=geo&utm_term={PHRASE},http://direct.yandex.ru/images/direct/5250956/5XPY7aqvM1xRQF8e4uTrqg,карусель 4-3_06.jpg,-,-,Текстово-графический,Автоматический,0.00,0,0,-,-,2,-,0.00,0.27,0.00,13.51,13.50,-,-,-
Термопанели в Выборге,712773255,23.08.2026,Термопанели (Лен. область),5773097196,Автотаргетинг,,-,0,-,0,фасадный клинкер,Целевые запросы,Запросы без упоминания брендов,-,,,,,Поиск,Прочее,Не определено,Смартфоны,Android,Wi-Fi,Мужской,35-44 года,6–10%,Не определено,1915608023072927866,Активные,Комбинаторное,Термопанели с клинкерной плиткой. Производство в Выборге,"Термопанели с клинкером. Собственное производство, своя цена, нет посредников.",https://marmara-pro.ru?utm_content=geo&utm_term={PHRASE},-,-,-,-,Текстово-графический,Автоматический,0.00,0,0,-,-,2,-,0.00,1.09,0.00,54.58,7.00,-,-,-
Термопанели в Выборге,712773255,23.08.2026,Термопанели (Лен. область),5773097196,Автотаргетинг,,-,0,-,0,фиброцементные плиты 400 × 3000,Альтернативные запросы,Запросы без упоминания брендов,-,,Термопанель Колорадо 4 (32 шт),,,Поиск,Прочее,Не определено,Смартфоны,Android,Wi-Fi,Женский,45-54 года,Топ 1%,Не определено,1918167638897563177,Активные,Страницы каталога,Термопанель Колорадо 4 (32 шт),"Фасадная термопанель на основе пенополистирола плотностью 25 кг/м3, с клинкерной...",https://marmara-pro.ru/termo/tproduct/2229245581-395566131472-termopanel-kolorado-4-32-sht?utm_content=catalog&utm_term={PHRASE},-,-,-,-,Текстово-графический,Оригинальный,0.00,0,0,-,-,1,-,0.00,0.09,0.00,8.50,5.00,-,-,-
